296	287	CardEffect/AD1/Black/AD1_023.cs
181	172	CardEffect/AD1/Blue/AD1_010.cs
296	158	CardEffect/AD1/Blue/AD1_011.cs
571	353	CardEffect/AD1/Blue/AD1_012.cs
365	218	CardEffect/AD1/Blue/AD1_013.cs
338	329	CardEffect/AD1/Blue/AD1_014.cs
129	119	CardEffect/AD1/Blue/AD1_019.cs
325	316	CardEffect/AD1/Blue/AD1_020.cs
282	273	CardEffect/AD1/Blue/AD1_024.cs
138	128	CardEffect/AD1/Green/AD1_022.cs
265	256	CardEffect/AD1/Purple/AD1_018.cs
202	193	CardEffect/AD1/Red/AD1_001.cs
275	266	CardEffect/AD1/Red/AD1_002.cs
343	334	CardEffect/AD1/Red/AD1_003.cs
358	349	CardEffect/AD1/Red/AD1_004.cs
283	274	CardEffect/AD1/Red/AD1_005.cs
593	351	CardEffect/AD1/Red/AD1_006.cs
362	353	CardEffect/AD1/Red/AD1_007.cs
289	280	CardEffect/AD1/Red/AD1_008.cs
304	295	CardEffect/AD1/Red/AD1_009.cs
462	265	CardEffect/AD1/Red/AD1_025.cs
341	332	CardEffect/AD1/Yellow/AD1_015.cs
297	288	CardEffect/AD1/Yellow/AD1_016.cs
271	262	CardEffect/AD1/Yellow/AD1_017.cs
263	254	CardEffect/AD1/Yellow/AD1_021.cs
34	54	CardEffect/BT1/Blue/BT1_003.cs
30	42	CardEffect/BT1/Blue/BT1_004.cs
31	52	CardEffect/BT1/Blue/BT1_029.cs
31	54	CardEffect/BT1/Blue/BT1_030.cs
19	25	CardEffect/BT1/Blue/BT1_031.cs
28	41	CardEffect/BT1/Blue/BT1_033.cs
14	45	CardEffect/BT1/Blue/BT1_034.cs
25	53	CardEffect/BT1/Blue/BT1_035.cs
35	77	CardEffect/BT1/Blue/BT1_036.cs
38	76	CardEffect/BT1/Blue/BT1_039.cs
92	58	CardEffect/BT1/Blue/BT1_040.cs
41	93	CardEffect/BT1/Blue/BT1_041.cs
45	91	CardEffect/BT1/Blue/BT1_043.cs
48	112	CardEffect/BT1/Blue/BT1_044.cs
67	130	CardEffect/BT1/Blue/BT1_086.cs
50	96	CardEffect/BT1/Blue/BT1_096.cs
30	63	CardEffect/BT1/Blue/BT1_097.cs
52	92	CardEffect/BT1/Blue/BT1_098.cs
36	79	CardEffect/BT1/Blue/BT1_099.cs
43	109	CardEffect/BT1/Blue/BT1_100.cs
36	51	CardEffect/BT1/Blue/BT1_101.cs
34	78	CardEffect/BT1/Blue/BT1_115.cs
27	53	CardEffect/BT1/Green/BT1_007.cs
26	42	CardEffect/BT1/Green/BT1_008.cs
34	83	CardEffect/BT1/Green/BT1_066.cs
34	83	CardEffect/BT1/Green/BT1_067.cs
27	46	CardEffect/BT1/Green/BT1_068.cs
30	74	CardEffect/BT1/Green/BT1_070.cs
44	45	CardEffect/BT1/Green/BT1_073.cs
37	84	CardEffect/BT1/Green/BT1_074.cs
26	56	CardEffect/BT1/Green/BT1_076.cs
35	73	CardEffect/BT1/Green/BT1_077.cs
78	116	CardEffect/BT1/Green/BT1_078.cs
35	83	CardEffect/BT1/Green/BT1_079.cs
39	64	CardEffect/BT1/Green/BT1_081.cs
44	104	CardEffect/BT1/Green/BT1_082.cs
19	48	CardEffect/BT1/Green/BT1_083.cs
67	73	CardEffect/BT1/Green/BT1_088.cs
84	70	CardEffect/BT1/Green/BT1_089.cs
48	122	CardEffect/BT1/Green/BT1_108.cs
183	155	CardEffect/BT1/Green/BT1_109.cs
48	109	CardEffect/BT1/Green/BT1_110.cs
46	111	CardEffect/BT1/Green/BT1_111.cs
53	143	CardEffect/BT1/Green/BT1_112.cs
	115	CardEffect/BT1/Green/BT1_113.cs
30	60	CardEffect/BT1/Red/BT1_001.cs
23	44	CardEffect/BT1/Red/BT1_002.cs
36	66	CardEffect/BT1/Red/BT1_010.cs
50	91	CardEffect/BT1/Red/BT1_011.cs
24	43	CardEffect/BT1/Red/BT1_012.cs
24	37	CardEffect/BT1/Red/BT1_015.cs
18	26	CardEffect/BT1/Red/BT1_016.cs
59	84	CardEffect/BT1/Red/BT1_017.cs
33	41	CardEffect/BT1/Red/BT1_018.cs
35	54	CardEffect/BT1/Red/BT1_021.cs
30	70	CardEffect/BT1/Red/BT1_022.cs
41	86	CardEffect/BT1/Red/BT1_023.cs
57	90	CardEffect/BT1/Red/BT1_025.cs
19	25	CardEffect/BT1/Red/BT1_026.cs
26	66	CardEffect/BT1/Red/BT1_085.cs
35	64	CardEffect/BT1/Red/BT1_090.cs
41	77	CardEffect/BT1/Red/BT1_091.cs
53	74	CardEffect/BT1/Red/BT1_092.cs
48	102	CardEffect/BT1/Red/BT1_093.cs
56	81	CardEffect/BT1/Red/BT1_094.cs
52	135	CardEffect/BT1/Red/BT1_095.cs
41	81	CardEffect/BT1/Red/BT1_114.cs
71	163	CardEffect/BT1/White/BT1_084.cs
30	42	CardEffect/BT1/Yellow/BT1_005.cs
32	57	CardEffect/BT1/Yellow/BT1_006.cs
32	56	CardEffect/BT1/Yellow/BT1_046.cs
53	77	CardEffect/BT1/Yellow/BT1_048.cs
	73	CardEffect/BT1/Yellow/BT1_049.cs
40	86	CardEffect/BT1/Yellow/BT1_053.cs
	84	CardEffect/BT1/Yellow/BT1_054.cs
40	88	CardEffect/BT1/Yellow/BT1_055.cs
46	178	CardEffect/BT1/Yellow/BT1_056.cs
92	83	CardEffect/BT1/Yellow/BT1_060.cs
41	82	CardEffect/BT1/Yellow/BT1_061.cs
38	82	CardEffect/BT1/Yellow/BT1_062.cs
90	81	CardEffect/BT1/Yellow/BT1_063.cs
75	124	CardEffect/BT1/Yellow/BT1_087.cs
29	48	CardEffect/BT1/Yellow/BT1_102.cs
53	100	CardEffect/BT1/Yellow/BT1_103.cs
80	164	CardEffect/BT1/Yellow/BT1_104.cs
40	75	CardEffect/BT1/Yellow/BT1_105.cs
34	73	CardEffect/BT1/Yellow/BT1_106.cs
28	46	CardEffect/BT1/Yellow/BT1_107.cs
47	37	CardEffect/BT10/Black/BT10_005.cs
102	92	CardEffect/BT10/Black/BT10_058.cs
244	234	CardEffect/BT10/Black/BT10_059.cs
92	82	CardEffect/BT10/Black/BT10_060.cs
253	243	CardEffect/BT10/Black/BT10_061.cs
83	73	CardEffect/BT10/Black/BT10_063.cs
369	359	CardEffect/BT10/Black/BT10_066.cs
224	214	CardEffect/BT10/Black/BT10_067.cs
250	240	CardEffect/BT10/Black/BT10_068.cs
246	236	CardEffect/BT10/Black/BT10_069.cs
190	180	CardEffect/BT10/Black/BT10_070.cs
176	166	CardEffect/BT10/Black/BT10_092.cs
198	188	CardEffect/BT10/Black/BT10_104.cs
194	184	CardEffect/BT10/Black/BT10_105.cs
303	293	CardEffect/BT10/Black/BT10_106.cs
67	57	CardEffect/BT10/Blue/BT10_002.cs
128	118	CardEffect/BT10/Blue/BT10_018.cs
199	189	CardEffect/BT10/Blue/BT10_019.cs
90	80	CardEffect/BT10/Blue/BT10_020.cs
242	232	CardEffect/BT10/Blue/BT10_021.cs
130	120	CardEffect/BT10/Blue/BT10_023.cs
195	185	CardEffect/BT10/Blue/BT10_024.cs
139	129	CardEffect/BT10/Blue/BT10_025.cs
666	656	CardEffect/BT10/Blue/BT10_026.cs
268	258	CardEffect/BT10/Blue/BT10_027.cs
122	112	CardEffect/BT10/Blue/BT10_028.cs
141	131	CardEffect/BT10/Blue/BT10_088.cs
162	153	CardEffect/BT10/Blue/BT10_097.cs
202	192	CardEffect/BT10/Blue/BT10_098.cs
91	81	CardEffect/BT10/Green/BT10_004.cs
141	131	CardEffect/BT10/Green/BT10_044.cs
78	68	CardEffect/BT10/Green/BT10_045.cs
96	86	CardEffect/BT10/Green/BT10_046.cs
255	245	CardEffect/BT10/Green/BT10_048.cs
86	76	CardEffect/BT10/Green/BT10_049.cs
44	34	CardEffect/BT10/Green/BT10_050.cs
80	70	CardEffect/BT10/Green/BT10_051.cs
399	389	CardEffect/BT10/Green/BT10_052.cs
245	235	CardEffect/BT10/Green/BT10_053.cs
176	166	CardEffect/BT10/Green/BT10_054.cs
241	231	CardEffect/BT10/Green/BT10_056.cs
148	138	CardEffect/BT10/Green/BT10_057.cs
324	314	CardEffect/BT10/Green/BT10_090.cs
139	129	CardEffect/BT10/Green/BT10_091.cs
165	155	CardEffect/BT10/Green/BT10_102.cs
176	166	CardEffect/BT10/Green/BT10_103.cs
77	67	CardEffect/BT10/Purple/BT10_006.cs
44	34	CardEffect/BT10/Purple/BT10_071.cs
228	218	CardEffect/BT10/Purple/BT10_072.cs
172	162	CardEffect/BT10/Purple/BT10_073.cs
34	24	CardEffect/BT10/Purple/BT10_074.cs
250	240	CardEffect/BT10/Purple/BT10_075.cs
208	198	CardEffect/BT10/Purple/BT10_076.cs
271	261	CardEffect/BT10/Purple/BT10_077.cs
151	141	CardEffect/BT10/Purple/BT10_078.cs
281	271	CardEffect/BT10/Purple/BT10_080.cs
177	167	CardEffect/BT10/Purple/BT10_081.cs
280	270	CardEffect/BT10/Purple/BT10_082.cs
246	236	CardEffect/BT10/Purple/BT10_083.cs
348	222	CardEffect/BT10/Purple/BT10_084.cs
512	502	CardEffect/BT10/Purple/BT10_093.cs
312	302	CardEffect/BT10/Purple/BT10_107.cs
146	136	CardEffect/BT10/Purple/BT10_108.cs
50	40	CardEffect/BT10/Red/BT10_001.cs
39	29	CardEffect/BT10/Red/BT10_007.cs
148	139	CardEffect/BT10/Red/BT10_008.cs
382	372	CardEffect/BT10/Red/BT10_009.cs
208	198	CardEffect/BT10/Red/BT10_011.cs
657	648	CardEffect/BT10/Red/BT10_012.cs
177	167	CardEffect/BT10/Red/BT10_013.cs
52	42	CardEffect/BT10/Red/BT10_014.cs
736	726	CardEffect/BT10/Red/BT10_015.cs
234	224	CardEffect/BT10/Red/BT10_016.cs
226	216	CardEffect/BT10/Red/BT10_087.cs
328	318	CardEffect/BT10/Red/BT10_094.cs
	212	CardEffect/BT10/Red/BT10_095.cs
252	242	CardEffect/BT10/Red/BT10_096.cs
379	245	CardEffect/BT10/Red/BT10_111.cs
361	351	CardEffect/BT10/Red/BT10_112.cs
200	190	CardEffect/BT10/White/BT10_085.cs
849	577	CardEffect/BT10/White/BT10_086.cs
140	130	CardEffect/BT10/White/BT10_109.cs
219	209	CardEffect/BT10/White/BT10_110.cs
69	59	CardEffect/BT10/Yellow/BT10_003.cs
84	74	CardEffect/BT10/Yellow/BT10_029.cs
114	104	CardEffect/BT10/Yellow/BT10_030.cs
60	50	CardEffect/BT10/Yellow/BT10_031.cs
190	180	CardEffect/BT10/Yellow/BT10_032.cs
143	133	CardEffect/BT10/Yellow/BT10_034.cs
96	86	CardEffect/BT10/Yellow/BT10_035.cs
181	171	CardEffect/BT10/Yellow/BT10_036.cs
168	158	CardEffect/BT10/Yellow/BT10_038.cs
166	156	CardEffect/BT10/Yellow/BT10_039.cs
148	138	CardEffect/BT10/Yellow/BT10_040.cs
225	215	CardEffect/BT10/Yellow/BT10_041.cs
163	153	CardEffect/BT10/Yellow/BT10_042.cs
324	314	CardEffect/BT10/Yellow/BT10_089.cs
110	100	CardEffect/BT10/Yellow/BT10_099.cs
141	131	CardEffect/BT10/Yellow/BT10_100.cs
175	165	CardEffect/BT10/Yellow/BT10_101.cs
78	68	CardEffect/BT11/Black/BT11_005.cs
91	81	CardEffect/BT11/Black/BT11_060.cs
271	261	CardEffect/BT11/Black/BT11_061.cs
338	328	CardEffect/BT11/Black/BT11_062.cs
147	137	CardEffect/BT11/Black/BT11_063.cs
246	236	CardEffect/BT11/Black/BT11_064.cs
186	176	CardEffect/BT11/Black/BT11_065.cs
33	23	CardEffect/BT11/Black/BT11_067.cs
291	281	CardEffect/BT11/Black/BT11_068.cs
226	216	CardEffect/BT11/Black/BT11_069.cs
299	289	CardEffect/BT11/Black/BT11_070.cs
643	633	CardEffect/BT11/Black/BT11_071.cs
382	372	CardEffect/BT11/Black/BT11_072.cs
203	193	CardEffect/BT11/Black/BT11_073.cs
179	169	CardEffect/BT11/Black/BT11_074.cs
236	226	CardEffect/BT11/Black/BT11_092.cs
162	152	CardEffect/BT11/Black/BT11_093.cs
367	357	CardEffect/BT11/Black/BT11_105.cs
293	283	CardEffect/BT11/Black/BT11_106.cs
346	336	CardEffect/BT11/Black/BT11_107.cs
196	186	CardEffect/BT11/Black/BT11_108.cs
336	327	CardEffect/BT11/Black/BT11_111.cs
62	52	CardEffect/BT11/Blue/BT11_002.cs
182	172	CardEffect/BT11/Blue/BT11_020.cs
167	157	CardEffect/BT11/Blue/BT11_022.cs
169	159	CardEffect/BT11/Blue/BT11_023.cs
130	120	CardEffect/BT11/Blue/BT11_024.cs
136	126	CardEffect/BT11/Blue/BT11_025.cs
147	137	CardEffect/BT11/Blue/BT11_027.cs
115	105	CardEffect/BT11/Blue/BT11_028.cs
249	239	CardEffect/BT11/Blue/BT11_029.cs
784	774	CardEffect/BT11/Blue/BT11_030.cs
411	401	CardEffect/BT11/Blue/BT11_031.cs
264	254	CardEffect/BT11/Blue/BT11_032.cs
207	197	CardEffect/BT11/Blue/BT11_033.cs
165	155	CardEffect/BT11/Blue/BT11_090.cs
212	202	CardEffect/BT11/Blue/BT11_098.cs
191	181	CardEffect/BT11/Blue/BT11_099.cs
307	297	CardEffect/BT11/Blue/BT11_112.cs
86	76	CardEffect/BT11/Green/BT11_004.cs
100	90	CardEffect/BT11/Green/BT11_046.cs
77	67	CardEffect/BT11/Green/BT11_047.cs
77	67	CardEffect/BT11/Green/BT11_049.cs
109	99	CardEffect/BT11/Green/BT11_050.cs
226	216	CardEffect/BT11/Green/BT11_052.cs
236	226	CardEffect/BT11/Green/BT11_054.cs
330	320	CardEffect/BT11/Green/BT11_055.cs
243	233	CardEffect/BT11/Green/BT11_056.cs
194	184	CardEffect/BT11/Green/BT11_057.cs
113	103	CardEffect/BT11/Green/BT11_058.cs
110	100	CardEffect/BT11/Green/BT11_059.cs
203	193	CardEffect/BT11/Green/BT11_091.cs
237	227	CardEffect/BT11/Green/BT11_102.cs
199	189	CardEffect/BT11/Green/BT11_103.cs
235	225	CardEffect/BT11/Green/BT11_104.cs
65	55	CardEffect/BT11/Purple/BT11_006.cs
207	197	CardEffect/BT11/Purple/BT11_076.cs
147	137	CardEffect/BT11/Purple/BT11_077.cs
62	52	CardEffect/BT11/Purple/BT11_078.cs
93	83	CardEffect/BT11/Purple/BT11_079.cs
65	55	CardEffect/BT11/Purple/BT11_080.cs
251	241	CardEffect/BT11/Purple/BT11_081.cs
237	227	CardEffect/BT11/Purple/BT11_082.cs
306	296	CardEffect/BT11/Purple/BT11_083.cs
147	137	CardEffect/BT11/Purple/BT11_084.cs
356	346	CardEffect/BT11/Purple/BT11_085.cs
407	397	CardEffect/BT11/Purple/BT11_086.cs
451	441	CardEffect/BT11/Purple/BT11_087.cs
582	572	CardEffect/BT11/Purple/BT11_088.cs
213	203	CardEffect/BT11/Purple/BT11_094.cs
258	248	CardEffect/BT11/Purple/BT11_109.cs
156	146	CardEffect/BT11/Purple/BT11_110.cs
64	54	CardEffect/BT11/Red/BT11_001.cs
150	140	CardEffect/BT11/Red/BT11_007.cs
70	60	CardEffect/BT11/Red/BT11_008.cs
246	236	CardEffect/BT11/Red/BT11_009.cs
75	65	CardEffect/BT11/Red/BT11_010.cs
127	117	CardEffect/BT11/Red/BT11_011.cs
244	234	CardEffect/BT11/Red/BT11_012.cs
79	69	CardEffect/BT11/Red/BT11_014.cs
155	145	CardEffect/BT11/Red/BT11_015.cs
267	257	CardEffect/BT11/Red/BT11_016.cs
86	76	CardEffect/BT11/Red/BT11_017.cs
288	278	CardEffect/BT11/Red/BT11_018.cs
293	283	CardEffect/BT11/Red/BT11_019.cs
176	166	CardEffect/BT11/Red/BT11_089.cs
141	131	CardEffect/BT11/Red/BT11_096.cs
234	224	CardEffect/BT11/Red/BT11_097.cs
293	283	CardEffect/BT11/White/BT11_095.cs
93	83	CardEffect/BT11/Yellow/BT11_003.cs
265	255	CardEffect/BT11/Yellow/BT11_034.cs
159	149	CardEffect/BT11/Yellow/BT11_036.cs
123	113	CardEffect/BT11/Yellow/BT11_038.cs
118	108	CardEffect/BT11/Yellow/BT11_039.cs
197	187	CardEffect/BT11/Yellow/BT11_040.cs
562	552	CardEffect/BT11/Yellow/BT11_041.cs
252	242	CardEffect/BT11/Yellow/BT11_042.cs
508	498	CardEffect/BT11/Yellow/BT11_043.cs
315	305	CardEffect/BT11/Yellow/BT11_044.cs
143	133	CardEffect/BT11/Yellow/BT11_045.cs
154	144	CardEffect/BT11/Yellow/BT11_100.cs
156	146	CardEffect/BT11/Yellow/BT11_101.cs
83	73	CardEffect/BT12/Black/BT12_005.cs
33	23	CardEffect/BT12/Black/BT12_058.cs
145	135	CardEffect/BT12/Black/BT12_059.cs
59	49	CardEffect/BT12/Black/BT12_060.cs
38	28	CardEffect/BT12/Black/BT12_061.cs
151	141	CardEffect/BT12/Black/BT12_062.cs
408	398	CardEffect/BT12/Black/BT12_063.cs
306	296	CardEffect/BT12/Black/BT12_064.cs
218	208	CardEffect/BT12/Black/BT12_065.cs
180	170	CardEffect/BT12/Black/BT12_066.cs
48	38	CardEffect/BT12/Black/BT12_067.cs
165	155	CardEffect/BT12/Black/BT12_068.cs
113	103	CardEffect/BT12/Black/BT12_070.cs
223	213	CardEffect/BT12/Black/BT12_071.cs
250	240	CardEffect/BT12/Black/BT12_072.cs
437	427	CardEffect/BT12/Black/BT12_094.cs
305	295	CardEffect/BT12/Black/BT12_095.cs
188	178	CardEffect/BT12/Black/BT12_107.cs
65	55	CardEffect/BT12/Blue/BT12_002.cs
110	100	CardEffect/BT12/Blue/BT12_019.cs
199	189	CardEffect/BT12/Blue/BT12_021.cs
114	104	CardEffect/BT12/Blue/BT12_022.cs
215	205	CardEffect/BT12/Blue/BT12_024.cs
218	208	CardEffect/BT12/Blue/BT12_025.cs
220	210	CardEffect/BT12/Blue/BT12_026.cs
209	199	CardEffect/BT12/Blue/BT12_027.cs
218	208	CardEffect/BT12/Blue/BT12_028.cs
185	176	CardEffect/BT12/Blue/BT12_029.cs
179	169	CardEffect/BT12/Blue/BT12_030.cs
392	382	CardEffect/BT12/Blue/BT12_031.cs
285	275	CardEffect/BT12/Blue/BT12_032.cs
163	153	CardEffect/BT12/Blue/BT12_090.cs
180	170	CardEffect/BT12/Blue/BT12_101.cs
470	460	CardEffect/BT12/Blue/BT12_102.cs
78	68	CardEffect/BT12/Green/BT12_004.cs
84	74	CardEffect/BT12/Green/BT12_045.cs
199	189	CardEffect/BT12/Green/BT12_047.cs
220	210	CardEffect/BT12/Green/BT12_048.cs
114	104	CardEffect/BT12/Green/BT12_050.cs
423	413	CardEffect/BT12/Green/BT12_051.cs
83	73	CardEffect/BT12/Green/BT12_053.cs
139	129	CardEffect/BT12/Green/BT12_054.cs
284	274	CardEffect/BT12/Green/BT12_055.cs
	162	CardEffect/BT12/Green/BT12_056.cs
248	238	CardEffect/BT12/Green/BT12_057.cs
486	476	CardEffect/BT12/Green/BT12_093.cs
227	217	CardEffect/BT12/Green/BT12_105.cs
157	147	CardEffect/BT12/Green/BT12_106.cs
64	54	CardEffect/BT12/Purple/BT12_006.cs
348	338	CardEffect/BT12/Purple/BT12_073.cs
299	289	CardEffect/BT12/Purple/BT12_074.cs
261	251	CardEffect/BT12/Purple/BT12_075.cs
38	28	CardEffect/BT12/Purple/BT12_076.cs
241	231	CardEffect/BT12/Purple/BT12_077.cs
114	105	CardEffect/BT12/Purple/BT12_078.cs
165	155	CardEffect/BT12/Purple/BT12_080.cs
592	582	CardEffect/BT12/Purple/BT12_081.cs
245	235	CardEffect/BT12/Purple/BT12_082.cs
318	308	CardEffect/BT12/Purple/BT12_083.cs
686	676	CardEffect/BT12/Purple/BT12_084.cs
187	177	CardEffect/BT12/Purple/BT12_085.cs
326	316	CardEffect/BT12/Purple/BT12_096.cs
445	435	CardEffect/BT12/Purple/BT12_097.cs
318	308	CardEffect/BT12/Purple/BT12_109.cs
164	155	CardEffect/BT12/Purple/BT12_110.cs
666	656	CardEffect/BT12/Purple/BT12_111.cs
65	55	CardEffect/BT12/Red/BT12_001.cs
112	102	CardEffect/BT12/Red/BT12_007.cs
111	101	CardEffect/BT12/Red/BT12_008.cs
155	145	CardEffect/BT12/Red/BT12_009.cs
144	134	CardEffect/BT12/Red/BT12_010.cs
473	463	CardEffect/BT12/Red/BT12_011.cs
224	214	CardEffect/BT12/Red/BT12_012.cs
115	105	CardEffect/BT12/Red/BT12_013.cs
250	240	CardEffect/BT12/Red/BT12_014.cs
479	469	CardEffect/BT12/Red/BT12_015.cs
199	189	CardEffect/BT12/Red/BT12_016.cs
276	267	CardEffect/BT12/Red/BT12_017.cs
195	185	CardEffect/BT12/Red/BT12_018.cs
441	431	CardEffect/BT12/Red/BT12_087.cs
101	91	CardEffect/BT12/Red/BT12_088.cs
291	281	CardEffect/BT12/Red/BT12_089.cs
209	199	CardEffect/BT12/Red/BT12_099.cs
194	184	CardEffect/BT12/Red/BT12_100.cs
337	327	CardEffect/BT12/Red/BT12_108.cs
152	142	CardEffect/BT12/White/BT12_086.cs
179	169	CardEffect/BT12/White/BT12_098.cs
489	480	CardEffect/BT12/White/BT12_112.cs
124	114	CardEffect/BT12/Yellow/BT12_003.cs
219	209	CardEffect/BT12/Yellow/BT12_034.cs
105	95	CardEffect/BT12/Yellow/BT12_035.cs
462	452	CardEffect/BT12/Yellow/BT12_037.cs
225	215	CardEffect/BT12/Yellow/BT12_038.cs
178	168	CardEffect/BT12/Yellow/BT12_039.cs
245	235	CardEffect/BT12/Yellow/BT12_041.cs
312	302	CardEffect/BT12/Yellow/BT12_042.cs
206	196	CardEffect/BT12/Yellow/BT12_043.cs
321	199	CardEffect/BT12/Yellow/BT12_044.cs
486	476	CardEffect/BT12/Yellow/BT12_091.cs
204	194	CardEffect/BT12/Yellow/BT12_092.cs
145	135	CardEffect/BT12/Yellow/BT12_103.cs
149	139	CardEffect/BT12/Yellow/BT12_104.cs
64	54	CardEffect/BT13/Black/BT13_005.cs
87	77	CardEffect/BT13/Black/BT13_061.cs
268	258	CardEffect/BT13/Black/BT13_062.cs
41	31	CardEffect/BT13/Black/BT13_063.cs
144	134	CardEffect/BT13/Black/BT13_064.cs
213	203	CardEffect/BT13/Black/BT13_065.cs
33	23	CardEffect/BT13/Black/BT13_067.cs
142	132	CardEffect/BT13/Black/BT13_068.cs
237	227	CardEffect/BT13/Black/BT13_069.cs
142	132	CardEffect/BT13/Black/BT13_070.cs
84	74	CardEffect/BT13/Black/BT13_071.cs
196	186	CardEffect/BT13/Black/BT13_072.cs
98	88	CardEffect/BT13/Black/BT13_073.cs
262	252	CardEffect/BT13/Black/BT13_074.cs
436	426	CardEffect/BT13/Black/BT13_075.cs
275	265	CardEffect/BT13/Black/BT13_076.cs
288	279	CardEffect/BT13/Black/BT13_077.cs
304	294	CardEffect/BT13/Black/BT13_108.cs
44	34	CardEffect/BT13/Blue/BT13_002.cs
79	69	CardEffect/BT13/Blue/BT13_021.cs
143	93	CardEffect/BT13/Blue/BT13_023.cs
136	126	CardEffect/BT13/Blue/BT13_025.cs
134	124	CardEffect/BT13/Blue/BT13_026.cs
150	140	CardEffect/BT13/Blue/BT13_027.cs
471	314	CardEffect/BT13/Blue/BT13_028.cs
141	131	CardEffect/BT13/Blue/BT13_029.cs
291	281	CardEffect/BT13/Blue/BT13_030.cs
211	202	CardEffect/BT13/Blue/BT13_031.cs
152	142	CardEffect/BT13/Blue/BT13_032.cs
456	303	CardEffect/BT13/Blue/BT13_033.cs
365	355	CardEffect/BT13/Blue/BT13_096.cs
107	97	CardEffect/BT13/Blue/BT13_097.cs
132	122	CardEffect/BT13/Blue/BT13_105.cs
44	34	CardEffect/BT13/Green/BT13_004.cs
47	37	CardEffect/BT13/Green/BT13_047.cs
132	122	CardEffect/BT13/Green/BT13_048.cs
250	240	CardEffect/BT13/Green/BT13_049.cs
264	254	CardEffect/BT13/Green/BT13_050.cs
125	115	CardEffect/BT13/Green/BT13_051.cs
47	37	CardEffect/BT13/Green/BT13_052.cs
285	275	CardEffect/BT13/Green/BT13_053.cs
136	126	CardEffect/BT13/Green/BT13_054.cs
307	297	CardEffect/BT13/Green/BT13_055.cs
578	568	CardEffect/BT13/Green/BT13_056.cs
221	212	CardEffect/BT13/Green/BT13_057.cs
325	315	CardEffect/BT13/Green/BT13_058.cs
371	361	CardEffect/BT13/Green/BT13_059.cs
280	270	CardEffect/BT13/Green/BT13_060.cs
88	78	CardEffect/BT13/Green/BT13_100.cs
274	264	CardEffect/BT13/Green/BT13_107.cs
136	126	CardEffect/BT13/Purple/BT13_006.cs
154	145	CardEffect/BT13/Purple/BT13_078.cs
168	158	CardEffect/BT13/Purple/BT13_079.cs
541	531	CardEffect/BT13/Purple/BT13_080.cs
235	226	CardEffect/BT13/Purple/BT13_081.cs
91	81	CardEffect/BT13/Purple/BT13_082.cs
536	526	CardEffect/BT13/Purple/BT13_083.cs
339	329	CardEffect/BT13/Purple/BT13_084.cs
177	167	CardEffect/BT13/Purple/BT13_085.cs
513	503	CardEffect/BT13/Purple/BT13_086.cs
237	227	CardEffect/BT13/Purple/BT13_087.cs
450	440	CardEffect/BT13/Purple/BT13_088.cs
345	335	CardEffect/BT13/Purple/BT13_089.cs
227	217	CardEffect/BT13/Purple/BT13_090.cs
	314	CardEffect/BT13/Purple/BT13_091.cs
300	290	CardEffect/BT13/Purple/BT13_092.cs
198	188	CardEffect/BT13/Purple/BT13_102.cs
498	488	CardEffect/BT13/Purple/BT13_103.cs
273	263	CardEffect/BT13/Purple/BT13_109.cs
95	85	CardEffect/BT13/Red/BT13_001.cs
213	203	CardEffect/BT13/Red/BT13_008.cs
130	120	CardEffect/BT13/Red/BT13_009.cs
184	174	CardEffect/BT13/Red/BT13_010.cs
200	190	CardEffect/BT13/Red/BT13_011.cs
259	249	CardEffect/BT13/Red/BT13_012.cs
130	120	CardEffect/BT13/Red/BT13_013.cs
275	265	CardEffect/BT13/Red/BT13_014.cs
362	352	CardEffect/BT13/Red/BT13_015.cs
241	231	CardEffect/BT13/Red/BT13_016.cs
294	284	CardEffect/BT13/Red/BT13_017.cs
305	295	CardEffect/BT13/Red/BT13_018.cs
469	459	CardEffect/BT13/Red/BT13_019.cs
278	268	CardEffect/BT13/Red/BT13_020.cs
338	328	CardEffect/BT13/Red/BT13_094.cs
160	150	CardEffect/BT13/Red/BT13_095.cs
142	132	CardEffect/BT13/Red/BT13_104.cs
490	480	CardEffect/BT13/Red/BT13_111.cs
544	534	CardEffect/BT13/White/BT13_007.cs
185	175	CardEffect/BT13/White/BT13_093.cs
280	270	CardEffect/BT13/White/BT13_110.cs
554	544	CardEffect/BT13/White/BT13_112.cs
103	93	CardEffect/BT13/Yellow/BT13_003.cs
181	171	CardEffect/BT13/Yellow/BT13_034.cs
138	128	CardEffect/BT13/Yellow/BT13_035.cs
140	131	CardEffect/BT13/Yellow/BT13_036.cs
169	159	CardEffect/BT13/Yellow/BT13_037.cs
173	163	CardEffect/BT13/Yellow/BT13_038.cs
142	132	CardEffect/BT13/Yellow/BT13_039.cs
216	206	CardEffect/BT13/Yellow/BT13_040.cs
193	183	CardEffect/BT13/Yellow/BT13_041.cs
142	132	CardEffect/BT13/Yellow/BT13_042.cs
33	23	CardEffect/BT13/Yellow/BT13_043.cs
206	196	CardEffect/BT13/Yellow/BT13_044.cs
381	371	CardEffect/BT13/Yellow/BT13_045.cs
267	257	CardEffect/BT13/Yellow/BT13_046.cs
222	212	CardEffect/BT13/Yellow/BT13_098.cs
166	156	CardEffect/BT13/Yellow/BT13_099.cs
180	170	CardEffect/BT13/Yellow/BT13_101.cs
138	128	CardEffect/BT13/Yellow/BT13_106.cs
125	115	CardEffect/BT14/Black/BT14_005.cs
203	193	CardEffect/BT14/Black/BT14_056.cs
33	23	CardEffect/BT14/Black/BT14_057.cs
289	279	CardEffect/BT14/Black/BT14_058.cs
38	28	CardEffect/BT14/Black/BT14_059.cs
252	242	CardEffect/BT14/Black/BT14_060.cs
187	177	CardEffect/BT14/Black/BT14_061.cs
52	42	CardEffect/BT14/Black/BT14_062.cs
133	123	CardEffect/BT14/Black/BT14_063.cs
306	296	CardEffect/BT14/Black/BT14_064.cs
218	208	CardEffect/BT14/Black/BT14_065.cs
292	282	CardEffect/BT14/Black/BT14_066.cs
341	331	CardEffect/BT14/Black/BT14_067.cs
320	310	CardEffect/BT14/Black/BT14_068.cs
307	297	CardEffect/BT14/Black/BT14_086.cs
429	273	CardEffect/BT14/Black/BT14_097.cs
229	219	CardEffect/BT14/Black/BT14_098.cs
45	35	CardEffect/BT14/Blue/BT14_002.cs
81	71	CardEffect/BT14/Blue/BT14_019.cs
214	204	CardEffect/BT14/Blue/BT14_020.cs
28	18	CardEffect/BT14/Blue/BT14_021.cs
133	123	CardEffect/BT14/Blue/BT14_022.cs
256	246	CardEffect/BT14/Blue/BT14_023.cs
225	215	CardEffect/BT14/Blue/BT14_026.cs
158	148	CardEffect/BT14/Blue/BT14_027.cs
90	80	CardEffect/BT14/Blue/BT14_028.cs
130	121	CardEffect/BT14/Blue/BT14_029.cs
540	354	CardEffect/BT14/Blue/BT14_030.cs
125	115	CardEffect/BT14/Blue/BT14_083.cs
170	160	CardEffect/BT14/Blue/BT14_091.cs
187	177	CardEffect/BT14/Blue/BT14_092.cs
102	92	CardEffect/BT14/Green/BT14_004.cs
81	71	CardEffect/BT14/Green/BT14_042.cs
154	144	CardEffect/BT14/Green/BT14_043.cs
301	292	CardEffect/BT14/Green/BT14_044.cs
481	471	CardEffect/BT14/Green/BT14_046.cs
187	177	CardEffect/BT14/Green/BT14_047.cs
120	110	CardEffect/BT14/Green/BT14_048.cs
238	228	CardEffect/BT14/Green/BT14_049.cs
171	161	CardEffect/BT14/Green/BT14_050.cs
164	154	CardEffect/BT14/Green/BT14_051.cs
130	120	CardEffect/BT14/Green/BT14_052.cs
238	228	CardEffect/BT14/Green/BT14_053.cs
179	169	CardEffect/BT14/Green/BT14_054.cs
159	149	CardEffect/BT14/Green/BT14_085.cs
149	139	CardEffect/BT14/Green/BT14_095.cs
141	131	CardEffect/BT14/Green/BT14_096.cs
131	121	CardEffect/BT14/Purple/BT14_006.cs
70	60	CardEffect/BT14/Purple/BT14_070.cs
249	239	CardEffect/BT14/Purple/BT14_071.cs
246	236	CardEffect/BT14/Purple/BT14_072.cs
115	105	CardEffect/BT14/Purple/BT14_073.cs
185	175	CardEffect/BT14/Purple/BT14_074.cs
223	213	CardEffect/BT14/Purple/BT14_075.cs
285	275	CardEffect/BT14/Purple/BT14_076.cs
178	168	CardEffect/BT14/Purple/BT14_077.cs
217	207	CardEffect/BT14/Purple/BT14_078.cs
268	258	CardEffect/BT14/Purple/BT14_079.cs
137	127	CardEffect/BT14/Purple/BT14_080.cs
380	245	CardEffect/BT14/Purple/BT14_081.cs
307	297	CardEffect/BT14/Purple/BT14_087.cs
99	89	CardEffect/BT14/Purple/BT14_099.cs
130	120	CardEffect/BT14/Purple/BT14_100.cs
70	60	CardEffect/BT14/Red/BT14_001.cs
134	124	CardEffect/BT14/Red/BT14_007.cs
93	83	CardEffect/BT14/Red/BT14_008.cs
117	107	CardEffect/BT14/Red/BT14_012.cs
183	173	CardEffect/BT14/Red/BT14_013.cs
178	168	CardEffect/BT14/Red/BT14_014.cs
93	84	CardEffect/BT14/Red/BT14_015.cs
27	17	CardEffect/BT14/Red/BT14_016.cs
89	79	CardEffect/BT14/Red/BT14_017.cs
439	292	CardEffect/BT14/Red/BT14_018.cs
168	158	CardEffect/BT14/Red/BT14_082.cs
96	86	CardEffect/BT14/Red/BT14_089.cs
411	401	CardEffect/BT14/Red/BT14_090.cs
199	189	CardEffect/BT14/Red/BT14_101.cs
182	172	CardEffect/BT14/White/BT14_088.cs
70	60	CardEffect/BT14/Yellow/BT14_003.cs
96	86	CardEffect/BT14/Yellow/BT14_031.cs
203	193	CardEffect/BT14/Yellow/BT14_032.cs
261	251	CardEffect/BT14/Yellow/BT14_033.cs
103	93	CardEffect/BT14/Yellow/BT14_034.cs
36	18	CardEffect/BT14/Yellow/BT14_035.cs
161	151	CardEffect/BT14/Yellow/BT14_036.cs
222	212	CardEffect/BT14/Yellow/BT14_037.cs
275	265	CardEffect/BT14/Yellow/BT14_038.cs
171	161	CardEffect/BT14/Yellow/BT14_039.cs
313	303	CardEffect/BT14/Yellow/BT14_040.cs
144	134	CardEffect/BT14/Yellow/BT14_041.cs
178	168	CardEffect/BT14/Yellow/BT14_084.cs
356	346	CardEffect/BT14/Yellow/BT14_093.cs
201	191	CardEffect/BT14/Yellow/BT14_094.cs
341	331	CardEffect/BT14/Yellow/BT14_102.cs
75	65	CardEffect/BT15/Black/BT15_005.cs
95	85	CardEffect/BT15/Black/BT15_055.cs
271	261	CardEffect/BT15/Black/BT15_056.cs
246	236	CardEffect/BT15/Black/BT15_057.cs
322	312	CardEffect/BT15/Black/BT15_058.cs
328	318	CardEffect/BT15/Black/BT15_059.cs
310	301	CardEffect/BT15/Black/BT15_060.cs
317	307	CardEffect/BT15/Black/BT15_061.cs
244	234	CardEffect/BT15/Black/BT15_062.cs
217	207	CardEffect/BT15/Black/BT15_063.cs
359	349	CardEffect/BT15/Black/BT15_064.cs
553	543	CardEffect/BT15/Black/BT15_065.cs
231	222	CardEffect/BT15/Black/BT15_066.cs
232	222	CardEffect/BT15/Black/BT15_067.cs
362	352	CardEffect/BT15/Black/BT15_086.cs
250	240	CardEffect/BT15/Black/BT15_087.cs
359	349	CardEffect/BT15/Black/BT15_096.cs
144	134	CardEffect/BT15/Black/BT15_097.cs
84	74	CardEffect/BT15/Blue/BT15_002.cs
97	87	CardEffect/BT15/Blue/BT15_019.cs
178	169	CardEffect/BT15/Blue/BT15_020.cs
252	242	CardEffect/BT15/Blue/BT15_021.cs
113	103	CardEffect/BT15/Blue/BT15_022.cs
102	92	CardEffect/BT15/Blue/BT15_023.cs
323	314	CardEffect/BT15/Blue/BT15_024.cs
33	23	CardEffect/BT15/Blue/BT15_025.cs
307	297	CardEffect/BT15/Blue/BT15_026.cs
248	238	CardEffect/BT15/Blue/BT15_027.cs
148	138	CardEffect/BT15/Blue/BT15_028.cs
354	344	CardEffect/BT15/Blue/BT15_029.cs
213	203	CardEffect/BT15/Blue/BT15_030.cs
265	256	CardEffect/BT15/Blue/BT15_031.cs
230	220	CardEffect/BT15/Blue/BT15_032.cs
199	155	CardEffect/BT15/Blue/BT15_083.cs
100	90	CardEffect/BT15/Blue/BT15_090.cs
415	405	CardEffect/BT15/Blue/BT15_091.cs
278	268	CardEffect/BT15/Blue/BT15_101.cs
91	81	CardEffect/BT15/Green/BT15_004.cs
236	226	CardEffect/BT15/Green/BT15_043.cs
98	88	CardEffect/BT15/Green/BT15_044.cs
223	213	CardEffect/BT15/Green/BT15_045.cs
74	64	CardEffect/BT15/Green/BT15_046.cs
126	116	CardEffect/BT15/Green/BT15_047.cs
183	173	CardEffect/BT15/Green/BT15_048.cs
308	298	CardEffect/BT15/Green/BT15_049.cs
253	243	CardEffect/BT15/Green/BT15_050.cs
174	164	CardEffect/BT15/Green/BT15_051.cs
257	248	CardEffect/BT15/Green/BT15_052.cs
271	261	CardEffect/BT15/Green/BT15_053.cs
302	293	CardEffect/BT15/Green/BT15_054.cs
141	131	CardEffect/BT15/Green/BT15_085.cs
149	139	CardEffect/BT15/Green/BT15_094.cs
219	209	CardEffect/BT15/Green/BT15_095.cs
116	106	CardEffect/BT15/Purple/BT15_006.cs
194	184	CardEffect/BT15/Purple/BT15_068.cs
79	69	CardEffect/BT15/Purple/BT15_069.cs
126	116	CardEffect/BT15/Purple/BT15_070.cs
218	209	CardEffect/BT15/Purple/BT15_071.cs
139	129	CardEffect/BT15/Purple/BT15_072.cs
149	139	CardEffect/BT15/Purple/BT15_073.cs
286	276	CardEffect/BT15/Purple/BT15_074.cs
262	252	CardEffect/BT15/Purple/BT15_075.cs
260	250	CardEffect/BT15/Purple/BT15_076.cs
253	243	CardEffect/BT15/Purple/BT15_077.cs
433	308	CardEffect/BT15/Purple/BT15_078.cs
266	257	CardEffect/BT15/Purple/BT15_079.cs
229	219	CardEffect/BT15/Purple/BT15_080.cs
421	411	CardEffect/BT15/Purple/BT15_081.cs
	275	CardEffect/BT15/Purple/BT15_098.cs
147	137	CardEffect/BT15/Purple/BT15_099.cs
330	320	CardEffect/BT15/Purple/BT15_100.cs
101	91	CardEffect/BT15/Red/BT15_001.cs
183	173	CardEffect/BT15/Red/BT15_007.cs
85	75	CardEffect/BT15/Red/BT15_008.cs
105	95	CardEffect/BT15/Red/BT15_009.cs
111	101	CardEffect/BT15/Red/BT15_010.cs
169	159	CardEffect/BT15/Red/BT15_011.cs
270	260	CardEffect/BT15/Red/BT15_012.cs
147	137	CardEffect/BT15/Red/BT15_013.cs
305	295	CardEffect/BT15/Red/BT15_014.cs
81	71	CardEffect/BT15/Red/BT15_015.cs
363	353	CardEffect/BT15/Red/BT15_016.cs
286	277	CardEffect/BT15/Red/BT15_017.cs
179	169	CardEffect/BT15/Red/BT15_018.cs
235	139	CardEffect/BT15/Red/BT15_082.cs
300	290	CardEffect/BT15/Red/BT15_088.cs
90	80	CardEffect/BT15/Red/BT15_089.cs
825	602	CardEffect/BT15/White/BT15_102.cs
86	76	CardEffect/BT15/Yellow/BT15_003.cs
28	18	CardEffect/BT15/Yellow/BT15_033.cs
271	261	CardEffect/BT15/Yellow/BT15_034.cs
396	386	CardEffect/BT15/Yellow/BT15_035.cs
238	228	CardEffect/BT15/Yellow/BT15_036.cs
156	100	CardEffect/BT15/Yellow/BT15_037.cs
283	273	CardEffect/BT15/Yellow/BT15_038.cs
412	402	CardEffect/BT15/Yellow/BT15_039.cs
227	217	CardEffect/BT15/Yellow/BT15_040.cs
344	334	CardEffect/BT15/Yellow/BT15_041.cs
382	372	CardEffect/BT15/Yellow/BT15_042.cs
215	205	CardEffect/BT15/Yellow/BT15_084.cs
227	217	CardEffect/BT15/Yellow/BT15_092.cs
155	145	CardEffect/BT15/Yellow/BT15_093.cs
103	93	CardEffect/BT16/Black/BT16_005.cs
123	113	CardEffect/BT16/Black/BT16_049.cs
88	78	CardEffect/BT16/Black/BT16_050.cs
196	187	CardEffect/BT16/Black/BT16_051.cs
127	75	CardEffect/BT16/Black/BT16_052.cs
67	57	CardEffect/BT16/Black/BT16_052_token.cs
219	209	CardEffect/BT16/Black/BT16_053.cs
262	252	CardEffect/BT16/Black/BT16_054.cs
227	218	CardEffect/BT16/Black/BT16_055.cs
306	296	CardEffect/BT16/Black/BT16_056.cs
191	181	CardEffect/BT16/Black/BT16_057.cs
503	493	CardEffect/BT16/Black/BT16_058.cs
313	303	CardEffect/BT16/Black/BT16_059.cs
350	341	CardEffect/BT16/Black/BT16_060.cs
357	348	CardEffect/BT16/Black/BT16_061.cs
380	370	CardEffect/BT16/Black/BT16_062.cs
223	214	CardEffect/BT16/Black/BT16_063.cs
215	205	CardEffect/BT16/Black/BT16_064.cs
627	617	CardEffect/BT16/Black/BT16_065.cs
249	239	CardEffect/BT16/Black/BT16_087.cs
307	297	CardEffect/BT16/Black/BT16_088.cs
197	187	CardEffect/BT16/Black/BT16_096.cs
311	301	CardEffect/BT16/Black/BT16_097.cs
122	112	CardEffect/BT16/Black/BT16_098.cs
40	30	CardEffect/BT16/Blue/BT16_002.cs
337	327	CardEffect/BT16/Blue/BT16_016.cs
108	98	CardEffect/BT16/Blue/BT16_017.cs
227	217	CardEffect/BT16/Blue/BT16_018.cs
262	252	CardEffect/BT16/Blue/BT16_019.cs
93	83	CardEffect/BT16/Blue/BT16_020.cs
182	172	CardEffect/BT16/Blue/BT16_021.cs
150	140	CardEffect/BT16/Blue/BT16_022.cs
332	322	CardEffect/BT16/Blue/BT16_023.cs
462	452	CardEffect/BT16/Blue/BT16_024.cs
348	277	CardEffect/BT16/Blue/BT16_025.cs
272	262	CardEffect/BT16/Blue/BT16_026.cs
248	238	CardEffect/BT16/Blue/BT16_027.cs
272	263	CardEffect/BT16/Blue/BT16_028.cs
307	297	CardEffect/BT16/Blue/BT16_085.cs
321	311	CardEffect/BT16/Blue/BT16_092.cs
89	79	CardEffect/BT16/Green/BT16_004.cs
109	99	CardEffect/BT16/Green/BT16_037.cs
243	233	CardEffect/BT16/Green/BT16_038.cs
142	132	CardEffect/BT16/Green/BT16_039.cs
354	344	CardEffect/BT16/Green/BT16_040.cs
253	243	CardEffect/BT16/Green/BT16_041.cs
195	185	CardEffect/BT16/Green/BT16_042.cs
227	217	CardEffect/BT16/Green/BT16_043.cs
303	293	CardEffect/BT16/Green/BT16_044.cs
413	403	CardEffect/BT16/Green/BT16_045.cs
369	359	CardEffect/BT16/Green/BT16_046.cs
212	202	CardEffect/BT16/Green/BT16_047.cs
	428	CardEffect/BT16/Green/BT16_048.cs
198	188	CardEffect/BT16/Green/BT16_095.cs
103	93	CardEffect/BT16/Purple/BT16_006.cs
254	244	CardEffect/BT16/Purple/BT16_066.cs
345	335	CardEffect/BT16/Purple/BT16_067.cs
241	231	CardEffect/BT16/Purple/BT16_068.cs
462	452	CardEffect/BT16/Purple/BT16_069.cs
271	261	CardEffect/BT16/Purple/BT16_070.cs
259	249	CardEffect/BT16/Purple/BT16_071.cs
203	193	CardEffect/BT16/Purple/BT16_072.cs
220	210	CardEffect/BT16/Purple/BT16_073.cs
345	335	CardEffect/BT16/Purple/BT16_074.cs
292	282	CardEffect/BT16/Purple/BT16_075.cs
362	352	CardEffect/BT16/Purple/BT16_076.cs
298	288	CardEffect/BT16/Purple/BT16_077.cs
338	328	CardEffect/BT16/Purple/BT16_078.cs
497	487	CardEffect/BT16/Purple/BT16_079.cs
292	282	CardEffect/BT16/Purple/BT16_080.cs
443	433	CardEffect/BT16/Purple/BT16_081.cs
386	376	CardEffect/BT16/Purple/BT16_089.cs
399	389	CardEffect/BT16/Purple/BT16_099.cs
336	326	CardEffect/BT16/Purple/BT16_100.cs
96	87	CardEffect/BT16/Red/BT16_001.cs
179	169	CardEffect/BT16/Red/BT16_007.cs
260	250	CardEffect/BT16/Red/BT16_008.cs
141	131	CardEffect/BT16/Red/BT16_009.cs
236	226	CardEffect/BT16/Red/BT16_010.cs
456	446	CardEffect/BT16/Red/BT16_011.cs
365	355	CardEffect/BT16/Red/BT16_012.cs
248	238	CardEffect/BT16/Red/BT16_013.cs
201	191	CardEffect/BT16/Red/BT16_014.cs
254	244	CardEffect/BT16/Red/BT16_015.cs
315	306	CardEffect/BT16/Red/BT16_084.cs
358	348	CardEffect/BT16/Red/BT16_091.cs
126	116	CardEffect/BT16/White/BT16_082.cs
380	370	CardEffect/BT16/White/BT16_083.cs
237	227	CardEffect/BT16/White/BT16_090.cs
48	38	CardEffect/BT16/Yellow/BT16_003.cs
187	177	CardEffect/BT16/Yellow/BT16_029.cs
330	321	CardEffect/BT16/Yellow/BT16_030.cs
332	322	CardEffect/BT16/Yellow/BT16_031.cs
103	93	CardEffect/BT16/Yellow/BT16_032.cs
164	114	CardEffect/BT16/Yellow/BT16_033.cs
347	337	CardEffect/BT16/Yellow/BT16_034.cs
89	79	CardEffect/BT16/Yellow/BT16_035.cs
322	312	CardEffect/BT16/Yellow/BT16_036.cs
283	273	CardEffect/BT16/Yellow/BT16_086.cs
323	313	CardEffect/BT16/Yellow/BT16_093.cs
380	370	CardEffect/BT16/Yellow/BT16_094.cs
275	265	CardEffect/BT16/Yellow/BT16_101.cs
277	268	CardEffect/BT16/Yellow/BT16_102.cs
61	51	CardEffect/BT17/Black/BT17_005.cs
80	70	CardEffect/BT17/Black/BT17_052.cs
137	127	CardEffect/BT17/Black/BT17_053.cs
99	89	CardEffect/BT17/Black/BT17_054.cs
	221	CardEffect/BT17/Black/BT17_055.cs
190	180	CardEffect/BT17/Black/BT17_056.cs
552	542	CardEffect/BT17/Black/BT17_057.cs
270	260	CardEffect/BT17/Black/BT17_058.cs
286	277	CardEffect/BT17/Black/BT17_059.cs
521	511	CardEffect/BT17/Black/BT17_060.cs
361	352	CardEffect/BT17/Black/BT17_100.cs
84	74	CardEffect/BT17/Blue/BT17_002.cs
205	195	CardEffect/BT17/Blue/BT17_019.cs
260	250	CardEffect/BT17/Blue/BT17_020.cs
166	156	CardEffect/BT17/Blue/BT17_021.cs
239	230	CardEffect/BT17/Blue/BT17_022.cs
228	219	CardEffect/BT17/Blue/BT17_023.cs
284	274	CardEffect/BT17/Blue/BT17_024.cs
362	353	CardEffect/BT17/Blue/BT17_025.cs
955	646	CardEffect/BT17/Blue/BT17_026.cs
608	598	CardEffect/BT17/Blue/BT17_027.cs
477	467	CardEffect/BT17/Blue/BT17_028.cs
341	331	CardEffect/BT17/Blue/BT17_082.cs
92	82	CardEffect/BT17/Blue/BT17_083.cs
317	307	CardEffect/BT17/Blue/BT17_084.cs
380	370	CardEffect/BT17/Blue/BT17_097.cs
45	35	CardEffect/BT17/Green/BT17_004.cs
144	134	CardEffect/BT17/Green/BT17_042.cs
142	132	CardEffect/BT17/Green/BT17_043.cs
145	135	CardEffect/BT17/Green/BT17_044.cs
172	162	CardEffect/BT17/Green/BT17_045.cs
128	118	CardEffect/BT17/Green/BT17_046.cs
222	212	CardEffect/BT17/Green/BT17_047.cs
416	406	CardEffect/BT17/Green/BT17_048.cs
268	258	CardEffect/BT17/Green/BT17_049.cs
	386	CardEffect/BT17/Green/BT17_050.cs
	387	CardEffect/BT17/Green/BT17_051.cs
299	289	CardEffect/BT17/Green/BT17_088.cs
153	143	CardEffect/BT17/Green/BT17_089.cs
83	73	CardEffect/BT17/Purple/BT17_006.cs
141	131	CardEffect/BT17/Purple/BT17_061.cs
110	100	CardEffect/BT17/Purple/BT17_062.cs
149	139	CardEffect/BT17/Purple/BT17_063.cs
163	153	CardEffect/BT17/Purple/BT17_064.cs
259	249	CardEffect/BT17/Purple/BT17_065.cs
136	126	CardEffect/BT17/Purple/BT17_066.cs
355	345	CardEffect/BT17/Purple/BT17_067.cs
686	420	CardEffect/BT17/Purple/BT17_068.cs
289	279	CardEffect/BT17/Purple/BT17_069.cs
451	441	CardEffect/BT17/Purple/BT17_070.cs
257	247	CardEffect/BT17/Purple/BT17_071.cs
163	153	CardEffect/BT17/Purple/BT17_072.cs
282	272	CardEffect/BT17/Purple/BT17_073.cs
171	161	CardEffect/BT17/Purple/BT17_090.cs
247	237	CardEffect/BT17/Purple/BT17_091.cs
318	308	CardEffect/BT17/Purple/BT17_101.cs
97	87	CardEffect/BT17/Red/BT17_001.cs
248	238	CardEffect/BT17/Red/BT17_007.cs
196	186	CardEffect/BT17/Red/BT17_008.cs
201	191	CardEffect/BT17/Red/BT17_009.cs
166	156	CardEffect/BT17/Red/BT17_010.cs
211	201	CardEffect/BT17/Red/BT17_011.cs
173	163	CardEffect/BT17/Red/BT17_012.cs
198	188	CardEffect/BT17/Red/BT17_013.cs
559	549	CardEffect/BT17/Red/BT17_014.cs
532	522	CardEffect/BT17/Red/BT17_015.cs
274	264	CardEffect/BT17/Red/BT17_016.cs
419	409	CardEffect/BT17/Red/BT17_017.cs
348	339	CardEffect/BT17/Red/BT17_018.cs
128	118	CardEffect/BT17/Red/BT17_079.cs
359	349	CardEffect/BT17/Red/BT17_080.cs
226	216	CardEffect/BT17/Red/BT17_081.cs
380	370	CardEffect/BT17/Red/BT17_094.cs
998	637	CardEffect/BT17/Red/BT17_095.cs
306	296	CardEffect/BT17/Red/BT17_096.cs
273	263	CardEffect/BT17/White/BT17_074.cs
584	574	CardEffect/BT17/White/BT17_075.cs
332	323	CardEffect/BT17/White/BT17_076.cs
346	336	CardEffect/BT17/White/BT17_077.cs
502	492	CardEffect/BT17/White/BT17_078.cs
280	270	CardEffect/BT17/White/BT17_092.cs
198	188	CardEffect/BT17/White/BT17_093.cs
381	371	CardEffect/BT17/White/BT17_102.cs
75	65	CardEffect/BT17/Yellow/BT17_003.cs
161	151	CardEffect/BT17/Yellow/BT17_029.cs
172	162	CardEffect/BT17/Yellow/BT17_030.cs
191	181	CardEffect/BT17/Yellow/BT17_031.cs
197	187	CardEffect/BT17/Yellow/BT17_032.cs
161	151	CardEffect/BT17/Yellow/BT17_033.cs
216	206	CardEffect/BT17/Yellow/BT17_034.cs
398	388	CardEffect/BT17/Yellow/BT17_035.cs
245	235	CardEffect/BT17/Yellow/BT17_036.cs
439	429	CardEffect/BT17/Yellow/BT17_037.cs
253	243	CardEffect/BT17/Yellow/BT17_038.cs
234	224	CardEffect/BT17/Yellow/BT17_039.cs
343	333	CardEffect/BT17/Yellow/BT17_040.cs
414	404	CardEffect/BT17/Yellow/BT17_041.cs
370	360	CardEffect/BT17/Yellow/BT17_085.cs
297	287	CardEffect/BT17/Yellow/BT17_086.cs
220	210	CardEffect/BT17/Yellow/BT17_087.cs
238	228	CardEffect/BT17/Yellow/BT17_098.cs
	457	CardEffect/BT17/Yellow/BT17_099.cs
72	62	CardEffect/BT18/Black/BT18_005.cs
133	123	CardEffect/BT18/Black/BT18_057.cs
118	108	CardEffect/BT18/Black/BT18_058.cs
70	60	CardEffect/BT18/Black/BT18_059.cs
	275	CardEffect/BT18/Black/BT18_060.cs
233	223	CardEffect/BT18/Black/BT18_061.cs
293	283	CardEffect/BT18/Black/BT18_062.cs
285	275	CardEffect/BT18/Black/BT18_063.cs
167	157	CardEffect/BT18/Black/BT18_064.cs
466	302	CardEffect/BT18/Black/BT18_065.cs
554	544	CardEffect/BT18/Black/BT18_066.cs
211	201	CardEffect/BT18/Black/BT18_067.cs
183	173	CardEffect/BT18/Black/BT18_068.cs
176	167	CardEffect/BT18/Black/BT18_069.cs
385	375	CardEffect/BT18/Black/BT18_070.cs
296	286	CardEffect/BT18/Black/BT18_071.cs
323	313	CardEffect/BT18/Black/BT18_072.cs
667	657	CardEffect/BT18/Black/BT18_073.cs
452	442	CardEffect/BT18/Black/BT18_074.cs
177	167	CardEffect/BT18/Black/BT18_091.cs
300	291	CardEffect/BT18/Black/BT18_092.cs
43	33	CardEffect/BT18/Blue/BT18_002.cs
133	123	CardEffect/BT18/Blue/BT18_021.cs
319	310	CardEffect/BT18/Blue/BT18_022.cs
406	396	CardEffect/BT18/Blue/BT18_023.cs
392	382	CardEffect/BT18/Blue/BT18_024.cs
253	244	CardEffect/BT18/Blue/BT18_025.cs
352	342	CardEffect/BT18/Blue/BT18_026.cs
134	124	CardEffect/BT18/Blue/BT18_027.cs
292	282	CardEffect/BT18/Blue/BT18_028.cs
429	419	CardEffect/BT18/Blue/BT18_029.cs
178	168	CardEffect/BT18/Blue/BT18_089.cs
103	93	CardEffect/BT18/Green/BT18_004.cs
133	123	CardEffect/BT18/Green/BT18_043.cs
172	162	CardEffect/BT18/Green/BT18_044.cs
68	58	CardEffect/BT18/Green/BT18_045.cs
137	127	CardEffect/BT18/Green/BT18_046.cs
267	257	CardEffect/BT18/Green/BT18_047.cs
308	299	CardEffect/BT18/Green/BT18_048.cs
222	213	CardEffect/BT18/Green/BT18_049.cs
218	208	CardEffect/BT18/Green/BT18_050.cs
59	49	CardEffect/BT18/Green/BT18_051.cs
223	213	CardEffect/BT18/Green/BT18_052.cs
368	358	CardEffect/BT18/Green/BT18_053.cs
269	260	CardEffect/BT18/Green/BT18_054.cs
329	319	CardEffect/BT18/Green/BT18_055.cs
243	233	CardEffect/BT18/Green/BT18_056.cs
182	172	CardEffect/BT18/Green/BT18_090.cs
74	64	CardEffect/BT18/Purple/BT18_006.cs
130	120	CardEffect/BT18/Purple/BT18_075.cs
302	292	CardEffect/BT18/Purple/BT18_076.cs
198	188	CardEffect/BT18/Purple/BT18_077.cs
482	472	CardEffect/BT18/Purple/BT18_078.cs
289	279	CardEffect/BT18/Purple/BT18_079.cs
210	200	CardEffect/BT18/Purple/BT18_080.cs
430	420	CardEffect/BT18/Purple/BT18_081.cs
291	281	CardEffect/BT18/Purple/BT18_082.cs
187	177	CardEffect/BT18/Purple/BT18_083.cs
298	288	CardEffect/BT18/Purple/BT18_084.cs
116	106	CardEffect/BT18/Purple/BT18_085.cs
113	103	CardEffect/BT18/Purple/BT18_093.cs
161	151	CardEffect/BT18/Purple/BT18_094.cs
341	331	CardEffect/BT18/Purple/BT18_099.cs
235	225	CardEffect/BT18/Purple/BT18_100.cs
262	252	CardEffect/BT18/Purple/BT18_101.cs
100	90	CardEffect/BT18/Red/BT18_001.cs
129	120	CardEffect/BT18/Red/BT18_007.cs
98	89	CardEffect/BT18/Red/BT18_008.cs
70	61	CardEffect/BT18/Red/BT18_009.cs
146	136	CardEffect/BT18/Red/BT18_010.cs
149	140	CardEffect/BT18/Red/BT18_011.cs
267	257	CardEffect/BT18/Red/BT18_012.cs
301	292	CardEffect/BT18/Red/BT18_013.cs
253	244	CardEffect/BT18/Red/BT18_014.cs
434	425	CardEffect/BT18/Red/BT18_015.cs
70	61	CardEffect/BT18/Red/BT18_016.cs
351	342	CardEffect/BT18/Red/BT18_017.cs
204	194	CardEffect/BT18/Red/BT18_018.cs
609	600	CardEffect/BT18/Red/BT18_019.cs
124	115	CardEffect/BT18/Red/BT18_087.cs
232	222	CardEffect/BT18/Red/BT18_088.cs
480	470	CardEffect/BT18/Red/BT18_095.cs
410	400	CardEffect/BT18/Red/BT18_096.cs
186	176	CardEffect/BT18/White/BT18_086.cs
267	257	CardEffect/BT18/White/BT18_102.cs
103	93	CardEffect/BT18/Yellow/BT18_003.cs
163	153	CardEffect/BT18/Yellow/BT18_030.cs
131	121	CardEffect/BT18/Yellow/BT18_031.cs
148	138	CardEffect/BT18/Yellow/BT18_032.cs
146	136	CardEffect/BT18/Yellow/BT18_033.cs
635	410	CardEffect/BT18/Yellow/BT18_034.cs
93	83	CardEffect/BT18/Yellow/BT18_035.cs
150	140	CardEffect/BT18/Yellow/BT18_036.cs
208	199	CardEffect/BT18/Yellow/BT18_037.cs
253	243	CardEffect/BT18/Yellow/BT18_038.cs
245	235	CardEffect/BT18/Yellow/BT18_039.cs
307	297	CardEffect/BT18/Yellow/BT18_040.cs
447	437	CardEffect/BT18/Yellow/BT18_041.cs
467	252	CardEffect/BT18/Yellow/BT18_042.cs
480	470	CardEffect/BT18/Yellow/BT18_097.cs
392	225	CardEffect/BT18/Yellow/BT18_098.cs
49	39	CardEffect/BT19/Black/BT19_005.cs
158	148	CardEffect/BT19/Black/BT19_055.cs
131	121	CardEffect/BT19/Black/BT19_056.cs
184	174	CardEffect/BT19/Black/BT19_057.cs
38	28	CardEffect/BT19/Black/BT19_058.cs
44	34	CardEffect/BT19/Black/BT19_059.cs
114	104	CardEffect/BT19/Black/BT19_060.cs
566	351	CardEffect/BT19/Black/BT19_061.cs
177	167	CardEffect/BT19/Black/BT19_062.cs
515	505	CardEffect/BT19/Black/BT19_063.cs
362	352	CardEffect/BT19/Black/BT19_064.cs
402	392	CardEffect/BT19/Black/BT19_065.cs
319	309	CardEffect/BT19/Black/BT19_086.cs
160	150	CardEffect/BT19/Black/BT19_087.cs
100	90	CardEffect/BT19/Blue/BT19_002.cs
249	239	CardEffect/BT19/Blue/BT19_016.cs
124	114	CardEffect/BT19/Blue/BT19_017.cs
47	37	CardEffect/BT19/Blue/BT19_018.cs
131	121	CardEffect/BT19/Blue/BT19_019.cs
137	127	CardEffect/BT19/Blue/BT19_020.cs
144	134	CardEffect/BT19/Blue/BT19_021.cs
172	162	CardEffect/BT19/Blue/BT19_022.cs
217	207	CardEffect/BT19/Blue/BT19_023.cs
376	331	CardEffect/BT19/Blue/BT19_024.cs
426	416	CardEffect/BT19/Blue/BT19_025.cs
355	345	CardEffect/BT19/Blue/BT19_026.cs
236	226	CardEffect/BT19/Blue/BT19_027.cs
156	146	CardEffect/BT19/Blue/BT19_028.cs
342	219	CardEffect/BT19/Blue/BT19_081.cs
137	127	CardEffect/BT19/Blue/BT19_082.cs
145	135	CardEffect/BT19/Blue/BT19_092.cs
50	40	CardEffect/BT19/Green/BT19_004.cs
144	134	CardEffect/BT19/Green/BT19_044.cs
248	238	CardEffect/BT19/Green/BT19_045.cs
207	197	CardEffect/BT19/Green/BT19_046.cs
168	158	CardEffect/BT19/Green/BT19_047.cs
160	150	CardEffect/BT19/Green/BT19_048.cs
172	163	CardEffect/BT19/Green/BT19_049.cs
246	236	CardEffect/BT19/Green/BT19_050.cs
446	436	CardEffect/BT19/Green/BT19_051.cs
235	225	CardEffect/BT19/Green/BT19_052.cs
286	276	CardEffect/BT19/Green/BT19_053.cs
168	158	CardEffect/BT19/Green/BT19_054.cs
242	232	CardEffect/BT19/Green/BT19_084.cs
169	159	CardEffect/BT19/Green/BT19_085.cs
253	243	CardEffect/BT19/Green/BT19_095.cs
186	176	CardEffect/BT19/Green/BT19_096.cs
86	76	CardEffect/BT19/Purple/BT19_006.cs
113	103	CardEffect/BT19/Purple/BT19_066.cs
101	91	CardEffect/BT19/Purple/BT19_067.cs
252	242	CardEffect/BT19/Purple/BT19_068.cs
313	303	CardEffect/BT19/Purple/BT19_069.cs
533	523	CardEffect/BT19/Purple/BT19_070.cs
210	172	CardEffect/BT19/Purple/BT19_071.cs
263	253	CardEffect/BT19/Purple/BT19_072.cs
282	272	CardEffect/BT19/Purple/BT19_073.cs
336	326	CardEffect/BT19/Purple/BT19_074.cs
360	350	CardEffect/BT19/Purple/BT19_075.cs
189	179	CardEffect/BT19/Purple/BT19_088.cs
	195	CardEffect/BT19/Purple/BT19_097.cs
273	263	CardEffect/BT19/Purple/BT19_098.cs
413	403	CardEffect/BT19/Purple/BT19_099.cs
141	131	CardEffect/BT19/Red/BT19_001.cs
114	104	CardEffect/BT19/Red/BT19_007.cs
264	254	CardEffect/BT19/Red/BT19_008.cs
141	131	CardEffect/BT19/Red/BT19_009.cs
263	253	CardEffect/BT19/Red/BT19_010.cs
313	303	CardEffect/BT19/Red/BT19_011.cs
449	439	CardEffect/BT19/Red/BT19_012.cs
403	394	CardEffect/BT19/Red/BT19_013.cs
387	377	CardEffect/BT19/Red/BT19_014.cs
175	165	CardEffect/BT19/Red/BT19_015.cs
121	111	CardEffect/BT19/Red/BT19_079.cs
126	116	CardEffect/BT19/Red/BT19_080.cs
308	182	CardEffect/BT19/Red/BT19_089.cs
387	377	CardEffect/BT19/Red/BT19_090.cs
375	233	CardEffect/BT19/Red/BT19_091.cs
481	471	CardEffect/BT19/Red/BT19_101.cs
159	149	CardEffect/BT19/White/BT19_076.cs
263	253	CardEffect/BT19/White/BT19_077.cs
341	331	CardEffect/BT19/White/BT19_078.cs
261	251	CardEffect/BT19/White/BT19_100.cs
485	476	CardEffect/BT19/White/BT19_102.cs
110	100	CardEffect/BT19/Yellow/BT19_003.cs
135	125	CardEffect/BT19/Yellow/BT19_029.cs
155	145	CardEffect/BT19/Yellow/BT19_030.cs
364	354	CardEffect/BT19/Yellow/BT19_031.cs
107	97	CardEffect/BT19/Yellow/BT19_032.cs
168	158	CardEffect/BT19/Yellow/BT19_033.cs
176	166	CardEffect/BT19/Yellow/BT19_034.cs
608	398	CardEffect/BT19/Yellow/BT19_035.cs
325	315	CardEffect/BT19/Yellow/BT19_036.cs
434	424	CardEffect/BT19/Yellow/BT19_037.cs
517	507	CardEffect/BT19/Yellow/BT19_038.cs
255	245	CardEffect/BT19/Yellow/BT19_039.cs
189	179	CardEffect/BT19/Yellow/BT19_040.cs
33	23	CardEffect/BT19/Yellow/BT19_040_token.cs
240	230	CardEffect/BT19/Yellow/BT19_041.cs
216	206	CardEffect/BT19/Yellow/BT19_042.cs
237	227	CardEffect/BT19/Yellow/BT19_043.cs
163	153	CardEffect/BT19/Yellow/BT19_083.cs
319	309	CardEffect/BT19/Yellow/BT19_093.cs
266	256	CardEffect/BT19/Yellow/BT19_094.cs
24	38	CardEffect/BT2/Black/BT2_005.cs
42	39	CardEffect/BT2/Black/BT2_006.cs
87	80	CardEffect/BT2/Black/BT2_053.cs
21	22	CardEffect/BT2/Black/BT2_055.cs
28	39	CardEffect/BT2/Black/BT2_057.cs
23	36	CardEffect/BT2/Black/BT2_058.cs
90	81	CardEffect/BT2/Black/BT2_059.cs
33	50	CardEffect/BT2/Black/BT2_062.cs
25	43	CardEffect/BT2/Black/BT2_063.cs
22	26	CardEffect/BT2/Black/BT2_065.cs
	146	CardEffect/BT2/Black/BT2_066.cs
73	64	CardEffect/BT2/Black/BT2_089.cs
139	130	CardEffect/BT2/Black/BT2_103.cs
132	123	CardEffect/BT2/Black/BT2_104.cs
89	80	CardEffect/BT2/Black/BT2_105.cs
86	77	CardEffect/BT2/Black/BT2_106.cs
52	139	CardEffect/BT2/Black/BT2_112.cs
32	66	CardEffect/BT2/Blue/BT2_002.cs
74	65	CardEffect/BT2/Blue/BT2_021.cs
28	102	CardEffect/BT2/Blue/BT2_023.cs
47	94	CardEffect/BT2/Blue/BT2_025.cs
40	38	CardEffect/BT2/Blue/BT2_026.cs
136	127	CardEffect/BT2/Blue/BT2_028.cs
15	44	CardEffect/BT2/Blue/BT2_029.cs
125	116	CardEffect/BT2/Blue/BT2_030.cs
28	59	CardEffect/BT2/Blue/BT2_031.cs
139	130	CardEffect/BT2/Blue/BT2_032.cs
37	73	CardEffect/BT2/Blue/BT2_085.cs
155	146	CardEffect/BT2/Blue/BT2_086.cs
124	115	CardEffect/BT2/Blue/BT2_094.cs
36	86	CardEffect/BT2/Blue/BT2_095.cs
121	112	CardEffect/BT2/Blue/BT2_096.cs
76	67	CardEffect/BT2/Green/BT2_004.cs
54	103	CardEffect/BT2/Green/BT2_044.cs
288	280	CardEffect/BT2/Green/BT2_045.cs
	77	CardEffect/BT2/Green/BT2_046.cs
111	386	CardEffect/BT2/Green/BT2_047.cs
	126	CardEffect/BT2/Green/BT2_049.cs
318	305	CardEffect/BT2/Green/BT2_050.cs
46	145	CardEffect/BT2/Green/BT2_051.cs
260	251	CardEffect/BT2/Green/BT2_088.cs
108	99	CardEffect/BT2/Green/BT2_100.cs
69	60	CardEffect/BT2/Green/BT2_101.cs
49	79	CardEffect/BT2/Green/BT2_102.cs
63	54	CardEffect/BT2/Purple/BT2_007.cs
39	37	CardEffect/BT2/Purple/BT2_008.cs
61	52	CardEffect/BT2/Purple/BT2_068.cs
91	81	CardEffect/BT2/Purple/BT2_069.cs
37	53	CardEffect/BT2/Purple/BT2_070.cs
80	70	CardEffect/BT2/Purple/BT2_071.cs
35	75	CardEffect/BT2/Purple/BT2_073.cs
17	26	CardEffect/BT2/Purple/BT2_074.cs
144	135	CardEffect/BT2/Purple/BT2_077.cs
117	108	CardEffect/BT2/Purple/BT2_078.cs
83	74	CardEffect/BT2/Purple/BT2_079.cs
62	138	CardEffect/BT2/Purple/BT2_080.cs
61	132	CardEffect/BT2/Purple/BT2_081.cs
43	110	CardEffect/BT2/Purple/BT2_090.cs
104	95	CardEffect/BT2/Purple/BT2_107.cs
121	112	CardEffect/BT2/Purple/BT2_108.cs
155	146	CardEffect/BT2/Purple/BT2_109.cs
42	77	CardEffect/BT2/Purple/BT2_110.cs
125	116	CardEffect/BT2/Purple/BT2_111.cs
44	38	CardEffect/BT2/Red/BT2_001.cs
31	57	CardEffect/BT2/Red/BT2_010.cs
31	62	CardEffect/BT2/Red/BT2_012.cs
44	86	CardEffect/BT2/Red/BT2_013.cs
65	61	CardEffect/BT2/Red/BT2_015.cs
119	110	CardEffect/BT2/Red/BT2_017.cs
81	72	CardEffect/BT2/Red/BT2_018.cs
61	60	CardEffect/BT2/Red/BT2_019.cs
161	152	CardEffect/BT2/Red/BT2_020.cs
95	93	CardEffect/BT2/Red/BT2_084.cs
43	79	CardEffect/BT2/Red/BT2_091.cs
41	79	CardEffect/BT2/Red/BT2_092.cs
100	91	CardEffect/BT2/Red/BT2_093.cs
91	158	CardEffect/BT2/White/BT2_082.cs
109	100	CardEffect/BT2/White/BT2_083.cs
25	47	CardEffect/BT2/Yellow/BT2_003.cs
58	57	CardEffect/BT2/Yellow/BT2_033.cs
42	59	CardEffect/BT2/Yellow/BT2_034.cs
88	86	CardEffect/BT2/Yellow/BT2_035.cs
146	137	CardEffect/BT2/Yellow/BT2_036.cs
141	132	CardEffect/BT2/Yellow/BT2_038.cs
170	161	CardEffect/BT2/Yellow/BT2_039.cs
62	57	CardEffect/BT2/Yellow/BT2_040.cs
150	141	CardEffect/BT2/Yellow/BT2_041.cs
41	78	CardEffect/BT2/Yellow/BT2_087.cs
42	92	CardEffect/BT2/Yellow/BT2_097.cs
96	87	CardEffect/BT2/Yellow/BT2_098.cs
52	138	CardEffect/BT2/Yellow/BT2_099.cs
65	55	CardEffect/BT20/Black/BT20_005.cs
96	87	CardEffect/BT20/Black/BT20_046.cs
41	31	CardEffect/BT20/Black/BT20_047.cs
131	121	CardEffect/BT20/Black/BT20_048.cs
193	183	CardEffect/BT20/Black/BT20_049.cs
125	115	CardEffect/BT20/Black/BT20_050.cs
145	135	CardEffect/BT20/Black/BT20_051.cs
181	171	CardEffect/BT20/Black/BT20_052.cs
427	417	CardEffect/BT20/Black/BT20_053.cs
201	192	CardEffect/BT20/Black/BT20_054.cs
300	291	CardEffect/BT20/Black/BT20_055.cs
402	392	CardEffect/BT20/Black/BT20_056.cs
588	579	CardEffect/BT20/Black/BT20_057.cs
323	314	CardEffect/BT20/Black/BT20_058.cs
233	223	CardEffect/BT20/Black/BT20_059.cs
301	291	CardEffect/BT20/Black/BT20_060.cs
216	206	CardEffect/BT20/Black/BT20_086.cs
180	170	CardEffect/BT20/Black/BT20_087.cs
335	326	CardEffect/BT20/Black/BT20_095.cs
60	50	CardEffect/BT20/Blue/BT20_002.cs
222	212	CardEffect/BT20/Blue/BT20_022.cs
127	117	CardEffect/BT20/Blue/BT20_023.cs
380	370	CardEffect/BT20/Blue/BT20_024.cs
352	216	CardEffect/BT20/Blue/BT20_025.cs
362	352	CardEffect/BT20/Blue/BT20_026.cs
338	328	CardEffect/BT20/Blue/BT20_027.cs
319	309	CardEffect/BT20/Blue/BT20_028.cs
424	414	CardEffect/BT20/Blue/BT20_102.cs
84	74	CardEffect/BT20/Green/BT20_004.cs
194	184	CardEffect/BT20/Green/BT20_038.cs
152	142	CardEffect/BT20/Green/BT20_039.cs
127	117	CardEffect/BT20/Green/BT20_040.cs
375	365	CardEffect/BT20/Green/BT20_041.cs
330	320	CardEffect/BT20/Green/BT20_042.cs
440	430	CardEffect/BT20/Green/BT20_043.cs
406	396	CardEffect/BT20/Green/BT20_044.cs
222	212	CardEffect/BT20/Green/BT20_045.cs
247	237	CardEffect/BT20/Green/BT20_085.cs
293	283	CardEffect/BT20/Green/BT20_101.cs
98	88	CardEffect/BT20/Purple/BT20_006.cs
126	117	CardEffect/BT20/Purple/BT20_061.cs
130	120	CardEffect/BT20/Purple/BT20_062.cs
123	113	CardEffect/BT20/Purple/BT20_063.cs
118	108	CardEffect/BT20/Purple/BT20_064.cs
187	177	CardEffect/BT20/Purple/BT20_065.cs
260	250	CardEffect/BT20/Purple/BT20_066.cs
275	265	CardEffect/BT20/Purple/BT20_067.cs
135	125	CardEffect/BT20/Purple/BT20_068.cs
255	245	CardEffect/BT20/Purple/BT20_069.cs
241	231	CardEffect/BT20/Purple/BT20_070.cs
379	369	CardEffect/BT20/Purple/BT20_071.cs
340	189	CardEffect/BT20/Purple/BT20_072.cs
325	316	CardEffect/BT20/Purple/BT20_073.cs
333	323	CardEffect/BT20/Purple/BT20_074.cs
276	266	CardEffect/BT20/Purple/BT20_075.cs
389	380	CardEffect/BT20/Purple/BT20_076.cs
371	361	CardEffect/BT20/Purple/BT20_077.cs
179	169	CardEffect/BT20/Purple/BT20_078.cs
527	297	CardEffect/BT20/Purple/BT20_079.cs
326	316	CardEffect/BT20/Purple/BT20_080.cs
408	398	CardEffect/BT20/Purple/BT20_081.cs
179	169	CardEffect/BT20/Purple/BT20_082.cs
215	205	CardEffect/BT20/Purple/BT20_088.cs
286	276	CardEffect/BT20/Purple/BT20_089.cs
141	132	CardEffect/BT20/Purple/BT20_090.cs
266	256	CardEffect/BT20/Purple/BT20_096.cs
	439	CardEffect/BT20/Purple/BT20_097.cs
296	286	CardEffect/BT20/Purple/BT20_098.cs
50	40	CardEffect/BT20/Red/BT20_001.cs
129	119	CardEffect/BT20/Red/BT20_007.cs
133	123	CardEffect/BT20/Red/BT20_008.cs
123	114	CardEffect/BT20/Red/BT20_009.cs
102	92	CardEffect/BT20/Red/BT20_010.cs
260	250	CardEffect/BT20/Red/BT20_011.cs
115	105	CardEffect/BT20/Red/BT20_012.cs
253	243	CardEffect/BT20/Red/BT20_013.cs
254	245	CardEffect/BT20/Red/BT20_014.cs
365	355	CardEffect/BT20/Red/BT20_015.cs
362	353	CardEffect/BT20/Red/BT20_016.cs
418	250	CardEffect/BT20/Red/BT20_017.cs
71	61	CardEffect/BT20/Red/BT20_017_token.cs
447	438	CardEffect/BT20/Red/BT20_018.cs
423	413	CardEffect/BT20/Red/BT20_019.cs
188	179	CardEffect/BT20/Red/BT20_020.cs
754	744	CardEffect/BT20/Red/BT20_021.cs
374	364	CardEffect/BT20/Red/BT20_093.cs
	479	CardEffect/BT20/Red/BT20_094.cs
271	261	CardEffect/BT20/White/BT20_083.cs
413	403	CardEffect/BT20/White/BT20_084.cs
185	175	CardEffect/BT20/White/BT20_091.cs
230	220	CardEffect/BT20/White/BT20_092.cs
328	318	CardEffect/BT20/White/BT20_099.cs
	317	CardEffect/BT20/White/BT20_100.cs
109	99	CardEffect/BT20/Yellow/BT20_003.cs
236	226	CardEffect/BT20/Yellow/BT20_029.cs
106	96	CardEffect/BT20/Yellow/BT20_030.cs
160	150	CardEffect/BT20/Yellow/BT20_031.cs
214	204	CardEffect/BT20/Yellow/BT20_032.cs
316	306	CardEffect/BT20/Yellow/BT20_033.cs
216	206	CardEffect/BT20/Yellow/BT20_034.cs
343	333	CardEffect/BT20/Yellow/BT20_035.cs
375	365	CardEffect/BT20/Yellow/BT20_036.cs
199	189	CardEffect/BT20/Yellow/BT20_037.cs
46	36	CardEffect/BT21/Black/BT21_006.cs
220	210	CardEffect/BT21/Black/BT21_053.cs
253	243	CardEffect/BT21/Black/BT21_054.cs
124	114	CardEffect/BT21/Black/BT21_055.cs
292	282	CardEffect/BT21/Black/BT21_056.cs
401	391	CardEffect/BT21/Black/BT21_057.cs
392	231	CardEffect/BT21/Black/BT21_058.cs
364	264	CardEffect/BT21/Black/BT21_059.cs
312	302	CardEffect/BT21/Black/BT21_060.cs
372	363	CardEffect/BT21/Black/BT21_061.cs
453	444	CardEffect/BT21/Black/BT21_062.cs
149	139	CardEffect/BT21/Black/BT21_087.cs
346	337	CardEffect/BT21/Black/BT21_098.cs
67	57	CardEffect/BT21/Blue/BT21_003.cs
97	87	CardEffect/BT21/Blue/BT21_031.cs
102	92	CardEffect/BT21/Blue/BT21_032.cs
122	112	CardEffect/BT21/Blue/BT21_033.cs
90	80	CardEffect/BT21/Blue/BT21_034.cs
125	115	CardEffect/BT21/Blue/BT21_035.cs
143	134	CardEffect/BT21/Blue/BT21_036.cs
127	117	CardEffect/BT21/Blue/BT21_037.cs
188	178	CardEffect/BT21/Blue/BT21_038.cs
270	260	CardEffect/BT21/Blue/BT21_039.cs
154	144	CardEffect/BT21/Blue/BT21_085.cs
202	192	CardEffect/BT21/Blue/BT21_094.cs
174	164	CardEffect/BT21/Blue/BT21_095.cs
67	57	CardEffect/BT21/Green/BT21_005.cs
217	207	CardEffect/BT21/Green/BT21_046.cs
135	125	CardEffect/BT21/Green/BT21_047.cs
104	94	CardEffect/BT21/Green/BT21_048.cs
235	225	CardEffect/BT21/Green/BT21_049.cs
321	311	CardEffect/BT21/Green/BT21_050.cs
274	264	CardEffect/BT21/Green/BT21_051.cs
181	171	CardEffect/BT21/Green/BT21_052.cs
238	228	CardEffect/BT21/Green/BT21_097.cs
122	112	CardEffect/BT21/Purple/BT21_063.cs
153	143	CardEffect/BT21/Purple/BT21_064.cs
212	202	CardEffect/BT21/Purple/BT21_065.cs
428	418	CardEffect/BT21/Purple/BT21_066.cs
207	197	CardEffect/BT21/Purple/BT21_067.cs
239	230	CardEffect/BT21/Purple/BT21_068.cs
383	373	CardEffect/BT21/Purple/BT21_069.cs
216	206	CardEffect/BT21/Purple/BT21_070.cs
448	438	CardEffect/BT21/Purple/BT21_071.cs
144	134	CardEffect/BT21/Purple/BT21_072.cs
550	540	CardEffect/BT21/Purple/BT21_073.cs
693	683	CardEffect/BT21/Purple/BT21_074.cs
339	329	CardEffect/BT21/Purple/BT21_075.cs
204	194	CardEffect/BT21/Purple/BT21_076.cs
680	419	CardEffect/BT21/Purple/BT21_077.cs
373	364	CardEffect/BT21/Purple/BT21_078.cs
191	181	CardEffect/BT21/Purple/BT21_079.cs
450	440	CardEffect/BT21/Purple/BT21_088.cs
174	164	CardEffect/BT21/Purple/BT21_089.cs
391	382	CardEffect/BT21/Purple/BT21_099.cs
	242	CardEffect/BT21/Purple/BT21_100.cs
123	113	CardEffect/BT21/Red/BT21_001.cs
66	56	CardEffect/BT21/Red/BT21_002.cs
120	110	CardEffect/BT21/Red/BT21_007.cs
166	156	CardEffect/BT21/Red/BT21_008.cs
193	183	CardEffect/BT21/Red/BT21_009.cs
110	100	CardEffect/BT21/Red/BT21_010.cs
218	208	CardEffect/BT21/Red/BT21_011.cs
135	125	CardEffect/BT21/Red/BT21_012.cs
357	347	CardEffect/BT21/Red/BT21_013.cs
260	250	CardEffect/BT21/Red/BT21_014.cs
151	141	CardEffect/BT21/Red/BT21_015.cs
322	312	CardEffect/BT21/Red/BT21_016.cs
172	162	CardEffect/BT21/Red/BT21_017.cs
221	211	CardEffect/BT21/Red/BT21_018.cs
158	148	CardEffect/BT21/Red/BT21_019.cs
494	484	CardEffect/BT21/Red/BT21_020.cs
546	536	CardEffect/BT21/Red/BT21_021.cs
307	298	CardEffect/BT21/Red/BT21_022.cs
414	404	CardEffect/BT21/Red/BT21_023.cs
140	130	CardEffect/BT21/Red/BT21_024.cs
198	188	CardEffect/BT21/Red/BT21_025.cs
134	124	CardEffect/BT21/Red/BT21_026.cs
453	443	CardEffect/BT21/Red/BT21_027.cs
276	266	CardEffect/BT21/Red/BT21_028.cs
380	259	CardEffect/BT21/Red/BT21_029.cs
87	77	CardEffect/BT21/Red/BT21_029_token.cs
778	554	CardEffect/BT21/Red/BT21_030.cs
117	107	CardEffect/BT21/Red/BT21_080.cs
171	161	CardEffect/BT21/Red/BT21_081.cs
214	204	CardEffect/BT21/Red/BT21_082.cs
253	243	CardEffect/BT21/Red/BT21_083.cs
198	188	CardEffect/BT21/Red/BT21_084.cs
369	360	CardEffect/BT21/Red/BT21_090.cs
396	386	CardEffect/BT21/Red/BT21_091.cs
352	343	CardEffect/BT21/Red/BT21_092.cs
415	405	CardEffect/BT21/Red/BT21_093.cs
320	311	CardEffect/BT21/White/BT21_101.cs
152	142	CardEffect/BT21/White/BT21_102.cs
88	78	CardEffect/BT21/Yellow/BT21_004.cs
106	96	CardEffect/BT21/Yellow/BT21_040.cs
86	76	CardEffect/BT21/Yellow/BT21_041.cs
124	115	CardEffect/BT21/Yellow/BT21_042.cs
277	267	CardEffect/BT21/Yellow/BT21_043.cs
517	507	CardEffect/BT21/Yellow/BT21_044.cs
292	283	CardEffect/BT21/Yellow/BT21_045.cs
253	243	CardEffect/BT21/Yellow/BT21_086.cs
296	286	CardEffect/BT21/Yellow/BT21_096.cs
63	53	CardEffect/BT22/Black/BT22_005.cs
192	182	CardEffect/BT22/Black/BT22_053.cs
162	152	CardEffect/BT22/Black/BT22_054.cs
150	140	CardEffect/BT22/Black/BT22_055.cs
268	258	CardEffect/BT22/Black/BT22_056.cs
206	196	CardEffect/BT22/Black/BT22_057.cs
222	212	CardEffect/BT22/Black/BT22_058.cs
260	250	CardEffect/BT22/Black/BT22_059.cs
253	243	CardEffect/BT22/Black/BT22_060.cs
	546	CardEffect/BT22/Black/BT22_061.cs
274	264	CardEffect/BT22/Black/BT22_062.cs
211	201	CardEffect/BT22/Black/BT22_063.cs
201	192	CardEffect/BT22/Black/BT22_064.cs
255	245	CardEffect/BT22/Black/BT22_065.cs
275	265	CardEffect/BT22/Black/BT22_066.cs
336	326	CardEffect/BT22/Black/BT22_067.cs
149	139	CardEffect/BT22/Black/BT22_090.cs
190	180	CardEffect/BT22/Black/BT22_091.cs
110	100	CardEffect/BT22/Black/BT22_099.cs
159	149	CardEffect/BT22/Black/BT22_100.cs
175	165	CardEffect/BT22/Black/BT22_101.cs
66	56	CardEffect/BT22/Blue/BT22_001.cs
180	170	CardEffect/BT22/Blue/BT22_016.cs
197	187	CardEffect/BT22/Blue/BT22_017.cs
135	125	CardEffect/BT22/Blue/BT22_018.cs
242	232	CardEffect/BT22/Blue/BT22_019.cs
128	118	CardEffect/BT22/Blue/BT22_020.cs
286	276	CardEffect/BT22/Blue/BT22_021.cs
164	154	CardEffect/BT22/Blue/BT22_022.cs
272	262	CardEffect/BT22/Blue/BT22_023.cs
276	267	CardEffect/BT22/Blue/BT22_024.cs
369	359	CardEffect/BT22/Blue/BT22_025.cs
327	318	CardEffect/BT22/Blue/BT22_026.cs
383	373	CardEffect/BT22/Blue/BT22_027.cs
426	416	CardEffect/BT22/Blue/BT22_028.cs
184	174	CardEffect/BT22/Blue/BT22_085.cs
243	233	CardEffect/BT22/Blue/BT22_086.cs
277	267	CardEffect/BT22/Blue/BT22_096.cs
86	76	CardEffect/BT22/Green/BT22_004.cs
169	159	CardEffect/BT22/Green/BT22_043.cs
157	120	CardEffect/BT22/Green/BT22_044.cs
220	210	CardEffect/BT22/Green/BT22_045.cs
135	125	CardEffect/BT22/Green/BT22_046.cs
290	280	CardEffect/BT22/Green/BT22_047.cs
169	159	CardEffect/BT22/Green/BT22_048.cs
187	177	CardEffect/BT22/Green/BT22_049.cs
235	225	CardEffect/BT22/Green/BT22_050.cs
267	257	CardEffect/BT22/Green/BT22_051.cs
279	269	CardEffect/BT22/Green/BT22_052.cs
75	65	CardEffect/BT22/Purple/BT22_006.cs
186	176	CardEffect/BT22/Purple/BT22_068.cs
145	135	CardEffect/BT22/Purple/BT22_069.cs
191	181	CardEffect/BT22/Purple/BT22_070.cs
186	176	CardEffect/BT22/Purple/BT22_071.cs
308	298	CardEffect/BT22/Purple/BT22_072.cs
375	365	CardEffect/BT22/Purple/BT22_073.cs
272	262	CardEffect/BT22/Purple/BT22_074.cs
428	418	CardEffect/BT22/Purple/BT22_075.cs
304	294	CardEffect/BT22/Purple/BT22_076.cs
272	262	CardEffect/BT22/Purple/BT22_077.cs
246	236	CardEffect/BT22/Purple/BT22_078.cs
248	239	CardEffect/BT22/Purple/BT22_092.cs
122	112	CardEffect/BT22/Purple/BT22_102.cs
201	191	CardEffect/BT22/Red/BT22_008.cs
191	181	CardEffect/BT22/Red/BT22_009.cs
96	86	CardEffect/BT22/Red/BT22_010.cs
151	141	CardEffect/BT22/Red/BT22_011.cs
151	141	CardEffect/BT22/Red/BT22_012.cs
352	343	CardEffect/BT22/Red/BT22_013.cs
194	184	CardEffect/BT22/Red/BT22_014.cs
352	342	CardEffect/BT22/Red/BT22_015.cs
299	289	CardEffect/BT22/Red/BT22_083.cs
178	168	CardEffect/BT22/Red/BT22_084.cs
324	315	CardEffect/BT22/White/BT22_007.cs
318	308	CardEffect/BT22/White/BT22_079.cs
457	447	CardEffect/BT22/White/BT22_080.cs
520	510	CardEffect/BT22/White/BT22_081.cs
434	424	CardEffect/BT22/White/BT22_082.cs
173	163	CardEffect/BT22/White/BT22_093.cs
238	229	CardEffect/BT22/White/BT22_094.cs
183	173	CardEffect/BT22/White/BT22_095.cs
63	53	CardEffect/BT22/Yellow/BT22_002.cs
140	80	CardEffect/BT22/Yellow/BT22_003.cs
221	211	CardEffect/BT22/Yellow/BT22_029.cs
226	216	CardEffect/BT22/Yellow/BT22_030.cs
326	316	CardEffect/BT22/Yellow/BT22_031.cs
182	172	CardEffect/BT22/Yellow/BT22_032.cs
355	345	CardEffect/BT22/Yellow/BT22_033.cs
308	298	CardEffect/BT22/Yellow/BT22_034.cs
550	414	CardEffect/BT22/Yellow/BT22_035.cs
257	248	CardEffect/BT22/Yellow/BT22_036.cs
250	240	CardEffect/BT22/Yellow/BT22_037.cs
473	463	CardEffect/BT22/Yellow/BT22_038.cs
344	334	CardEffect/BT22/Yellow/BT22_039.cs
333	199	CardEffect/BT22/Yellow/BT22_040.cs
322	312	CardEffect/BT22/Yellow/BT22_041.cs
294	284	CardEffect/BT22/Yellow/BT22_042.cs
348	230	CardEffect/BT22/Yellow/BT22_087.cs
221	211	CardEffect/BT22/Yellow/BT22_088.cs
214	204	CardEffect/BT22/Yellow/BT22_089.cs
245	235	CardEffect/BT22/Yellow/BT22_097.cs
286	276	CardEffect/BT22/Yellow/BT22_098.cs
75	65	CardEffect/BT23/Black/BT23_003.cs
153	143	CardEffect/BT23/Black/BT23_049.cs
188	179	CardEffect/BT23/Black/BT23_050.cs
149	139	CardEffect/BT23/Black/BT23_051.cs
274	264	CardEffect/BT23/Black/BT23_052.cs
115	105	CardEffect/BT23/Black/BT23_053.cs
187	177	CardEffect/BT23/Black/BT23_054.cs
297	287	CardEffect/BT23/Black/BT23_055.cs
326	317	CardEffect/BT23/Black/BT23_056.cs
601	410	CardEffect/BT23/Black/BT23_057.cs
47	37	CardEffect/BT23/Black/BT23_057_token.cs
180	170	CardEffect/BT23/Black/BT23_058.cs
304	294	CardEffect/BT23/Black/BT23_059.cs
427	417	CardEffect/BT23/Black/BT23_060.cs
271	261	CardEffect/BT23/Black/BT23_085.cs
276	266	CardEffect/BT23/Black/BT23_086.cs
213	203	CardEffect/BT23/Black/BT23_096.cs
60	50	CardEffect/BT23/Blue/BT23_001.cs
191	181	CardEffect/BT23/Blue/BT23_016.cs
263	253	CardEffect/BT23/Blue/BT23_017.cs
169	159	CardEffect/BT23/Blue/BT23_018.cs
141	131	CardEffect/BT23/Blue/BT23_019.cs
93	83	CardEffect/BT23/Blue/BT23_020.cs
651	427	CardEffect/BT23/Blue/BT23_021.cs
389	379	CardEffect/BT23/Blue/BT23_022.cs
177	167	CardEffect/BT23/Blue/BT23_023.cs
370	360	CardEffect/BT23/Blue/BT23_024.cs
289	280	CardEffect/BT23/Blue/BT23_025.cs
207	197	CardEffect/BT23/Blue/BT23_079.cs
138	128	CardEffect/BT23/Blue/BT23_080.cs
254	244	CardEffect/BT23/Blue/BT23_092.cs
252	242	CardEffect/BT23/Blue/BT23_093.cs
60	50	CardEffect/BT23/Green/BT23_002.cs
203	193	CardEffect/BT23/Green/BT23_037.cs
161	151	CardEffect/BT23/Green/BT23_038.cs
192	182	CardEffect/BT23/Green/BT23_039.cs
216	206	CardEffect/BT23/Green/BT23_040.cs
141	131	CardEffect/BT23/Green/BT23_041.cs
180	170	CardEffect/BT23/Green/BT23_042.cs
252	242	CardEffect/BT23/Green/BT23_043.cs
458	448	CardEffect/BT23/Green/BT23_044.cs
327	317	CardEffect/BT23/Green/BT23_045.cs
279	270	CardEffect/BT23/Green/BT23_046.cs
338	328	CardEffect/BT23/Green/BT23_047.cs
104	94	CardEffect/BT23/Green/BT23_083.cs
228	218	CardEffect/BT23/Green/BT23_084.cs
207	197	CardEffect/BT23/Green/BT23_095.cs
399	390	CardEffect/BT23/Green/BT23_101.cs
101	91	CardEffect/BT23/Purple/BT23_004.cs
176	166	CardEffect/BT23/Purple/BT23_061.cs
257	247	CardEffect/BT23/Purple/BT23_062.cs
234	224	CardEffect/BT23/Purple/BT23_063.cs
196	186	CardEffect/BT23/Purple/BT23_064.cs
273	263	CardEffect/BT23/Purple/BT23_065.cs
329	319	CardEffect/BT23/Purple/BT23_066.cs
359	349	CardEffect/BT23/Purple/BT23_067.cs
375	365	CardEffect/BT23/Purple/BT23_068.cs
297	287	CardEffect/BT23/Purple/BT23_069.cs
180	170	CardEffect/BT23/Purple/BT23_070.cs
262	252	CardEffect/BT23/Purple/BT23_071.cs
217	207	CardEffect/BT23/Purple/BT23_087.cs
207	197	CardEffect/BT23/Purple/BT23_088.cs
141	131	CardEffect/BT23/Purple/BT23_097.cs
286	276	CardEffect/BT23/Purple/BT23_098.cs
190	180	CardEffect/BT23/Red/BT23_005.cs
155	145	CardEffect/BT23/Red/BT23_006.cs
94	84	CardEffect/BT23/Red/BT23_007.cs
172	162	CardEffect/BT23/Red/BT23_008.cs
184	174	CardEffect/BT23/Red/BT23_009.cs
84	74	CardEffect/BT23/Red/BT23_010.cs
214	204	CardEffect/BT23/Red/BT23_011.cs
264	254	CardEffect/BT23/Red/BT23_012.cs
	361	CardEffect/BT23/Red/BT23_013.cs
265	255	CardEffect/BT23/Red/BT23_014.cs
438	428	CardEffect/BT23/Red/BT23_015.cs
232	222	CardEffect/BT23/Red/BT23_048.cs
183	173	CardEffect/BT23/Red/BT23_078.cs
202	192	CardEffect/BT23/Red/BT23_091.cs
270	260	CardEffect/BT23/White/BT23_072.cs
491	481	CardEffect/BT23/White/BT23_073.cs
246	236	CardEffect/BT23/White/BT23_074.cs
305	295	CardEffect/BT23/White/BT23_075.cs
207	197	CardEffect/BT23/White/BT23_076.cs
185	175	CardEffect/BT23/White/BT23_077.cs
281	271	CardEffect/BT23/White/BT23_089.cs
209	199	CardEffect/BT23/White/BT23_090.cs
391	381	CardEffect/BT23/White/BT23_099.cs
	321	CardEffect/BT23/White/BT23_100.cs
169	160	CardEffect/BT23/Yellow/BT23_026.cs
161	152	CardEffect/BT23/Yellow/BT23_027.cs
284	274	CardEffect/BT23/Yellow/BT23_028.cs
254	245	CardEffect/BT23/Yellow/BT23_029.cs
197	188	CardEffect/BT23/Yellow/BT23_030.cs
340	330	CardEffect/BT23/Yellow/BT23_031.cs
394	385	CardEffect/BT23/Yellow/BT23_032.cs
407	397	CardEffect/BT23/Yellow/BT23_033.cs
441	431	CardEffect/BT23/Yellow/BT23_034.cs
187	177	CardEffect/BT23/Yellow/BT23_035.cs
479	470	CardEffect/BT23/Yellow/BT23_036.cs
366	216	CardEffect/BT23/Yellow/BT23_081.cs
140	130	CardEffect/BT23/Yellow/BT23_082.cs
292	282	CardEffect/BT23/Yellow/BT23_094.cs
423	413	CardEffect/BT23/Yellow/BT23_102.cs
75	66	CardEffect/BT24/Black/BT24_005.cs
180	171	CardEffect/BT24/Black/BT24_052.cs
93	84	CardEffect/BT24/Black/BT24_053.cs
158	149	CardEffect/BT24/Black/BT24_054.cs
273	264	CardEffect/BT24/Black/BT24_055.cs
230	221	CardEffect/BT24/Black/BT24_056.cs
240	231	CardEffect/BT24/Black/BT24_057.cs
195	186	CardEffect/BT24/Black/BT24_058.cs
289	280	CardEffect/BT24/Black/BT24_059.cs
305	296	CardEffect/BT24/Black/BT24_060.cs
198	189	CardEffect/BT24/Black/BT24_061.cs
401	228	CardEffect/BT24/Black/BT24_062.cs
157	148	CardEffect/BT24/Black/BT24_063.cs
209	200	CardEffect/BT24/Black/BT24_064.cs
278	268	CardEffect/BT24/Black/BT24_065.cs
276	267	CardEffect/BT24/Black/BT24_086.cs
69	60	CardEffect/BT24/Blue/BT24_002.cs
89	80	CardEffect/BT24/Blue/BT24_019.cs
141	131	CardEffect/BT24/Blue/BT24_020.cs
196	187	CardEffect/BT24/Blue/BT24_021.cs
226	217	CardEffect/BT24/Blue/BT24_022.cs
210	201	CardEffect/BT24/Blue/BT24_023.cs
227	217	CardEffect/BT24/Blue/BT24_024.cs
181	172	CardEffect/BT24/Blue/BT24_025.cs
275	265	CardEffect/BT24/Blue/BT24_026.cs
254	245	CardEffect/BT24/Blue/BT24_027.cs
317	308	CardEffect/BT24/Blue/BT24_028.cs
379	370	CardEffect/BT24/Blue/BT24_029.cs
231	221	CardEffect/BT24/Blue/BT24_030.cs
374	364	CardEffect/BT24/Blue/BT24_090.cs
285	276	CardEffect/BT24/Blue/BT24_091.cs
63	54	CardEffect/BT24/Green/BT24_004.cs
136	127	CardEffect/BT24/Green/BT24_042.cs
168	159	CardEffect/BT24/Green/BT24_043.cs
179	170	CardEffect/BT24/Green/BT24_044.cs
279	269	CardEffect/BT24/Green/BT24_045.cs
189	180	CardEffect/BT24/Green/BT24_046.cs
230	221	CardEffect/BT24/Green/BT24_047.cs
226	217	CardEffect/BT24/Green/BT24_048.cs
200	191	CardEffect/BT24/Green/BT24_049.cs
274	265	CardEffect/BT24/Green/BT24_050.cs
347	338	CardEffect/BT24/Green/BT24_051.cs
206	197	CardEffect/BT24/Green/BT24_085.cs
381	372	CardEffect/BT24/Green/BT24_094.cs
254	245	CardEffect/BT24/Green/BT24_095.cs
92	83	CardEffect/BT24/Purple/BT24_006.cs
114	105	CardEffect/BT24/Purple/BT24_007.cs
186	177	CardEffect/BT24/Purple/BT24_066.cs
179	170	CardEffect/BT24/Purple/BT24_067.cs
157	148	CardEffect/BT24/Purple/BT24_068.cs
207	198	CardEffect/BT24/Purple/BT24_069.cs
185	176	CardEffect/BT24/Purple/BT24_070.cs
254	245	CardEffect/BT24/Purple/BT24_071.cs
264	255	CardEffect/BT24/Purple/BT24_072.cs
211	202	CardEffect/BT24/Purple/BT24_073.cs
316	307	CardEffect/BT24/Purple/BT24_074.cs
221	212	CardEffect/BT24/Purple/BT24_075.cs
274	265	CardEffect/BT24/Purple/BT24_076.cs
409	400	CardEffect/BT24/Purple/BT24_077.cs
218	209	CardEffect/BT24/Purple/BT24_078.cs
404	395	CardEffect/BT24/Purple/BT24_079.cs
216	207	CardEffect/BT24/Purple/BT24_080.cs
312	303	CardEffect/BT24/Purple/BT24_081.cs
231	221	CardEffect/BT24/Purple/BT24_087.cs
199	190	CardEffect/BT24/Purple/BT24_088.cs
172	163	CardEffect/BT24/Purple/BT24_096.cs
264	255	CardEffect/BT24/Purple/BT24_097.cs
316	307	CardEffect/BT24/Purple/BT24_098.cs
288	278	CardEffect/BT24/Purple/BT24_099.cs
102	92	CardEffect/BT24/Red/BT24_001.cs
149	140	CardEffect/BT24/Red/BT24_008.cs
184	175	CardEffect/BT24/Red/BT24_009.cs
131	122	CardEffect/BT24/Red/BT24_010.cs
62	52	CardEffect/BT24/Red/BT24_011.cs
157	148	CardEffect/BT24/Red/BT24_012.cs
265	255	CardEffect/BT24/Red/BT24_013.cs
192	183	CardEffect/BT24/Red/BT24_014.cs
211	202	CardEffect/BT24/Red/BT24_015.cs
385	376	CardEffect/BT24/Red/BT24_016.cs
171	162	CardEffect/BT24/Red/BT24_017.cs
398	357	CardEffect/BT24/Red/BT24_018.cs
242	232	CardEffect/BT24/Red/BT24_082.cs
168	158	CardEffect/BT24/Red/BT24_083.cs
286	277	CardEffect/BT24/Red/BT24_089.cs
110	101	CardEffect/BT24/White/BT24_100.cs
282	273	CardEffect/BT24/White/BT24_102.cs
78	69	CardEffect/BT24/Yellow/BT24_003.cs
172	163	CardEffect/BT24/Yellow/BT24_031.cs
195	186	CardEffect/BT24/Yellow/BT24_032.cs
81	71	CardEffect/BT24/Yellow/BT24_033.cs
196	186	CardEffect/BT24/Yellow/BT24_034.cs
153	143	CardEffect/BT24/Yellow/BT24_035.cs
228	219	CardEffect/BT24/Yellow/BT24_036.cs
481	472	CardEffect/BT24/Yellow/BT24_037.cs
371	362	CardEffect/BT24/Yellow/BT24_038.cs
161	152	CardEffect/BT24/Yellow/BT24_039.cs
333	324	CardEffect/BT24/Yellow/BT24_040.cs
235	226	CardEffect/BT24/Yellow/BT24_041.cs
146	137	CardEffect/BT24/Yellow/BT24_084.cs
233	224	CardEffect/BT24/Yellow/BT24_092.cs
299	290	CardEffect/BT24/Yellow/BT24_093.cs
272	262	CardEffect/BT24/Yellow/BT24_101.cs
91	81	CardEffect/BT25/Black/BT25_005.cs
320	195	CardEffect/BT25/Black/BT25_061.cs
103	94	CardEffect/BT25/Black/BT25_062.cs
108	99	CardEffect/BT25/Black/BT25_063.cs
107	97	CardEffect/BT25/Black/BT25_064.cs
117	108	CardEffect/BT25/Black/BT25_065.cs
136	127	CardEffect/BT25/Black/BT25_066.cs
109	100	CardEffect/BT25/Black/BT25_067.cs
115	106	CardEffect/BT25/Black/BT25_068.cs
161	152	CardEffect/BT25/Black/BT25_069.cs
534	332	CardEffect/BT25/Black/BT25_070.cs
181	172	CardEffect/BT25/Black/BT25_071.cs
618	377	CardEffect/BT25/Black/BT25_072.cs
286	277	CardEffect/BT25/Black/BT25_073.cs
278	269	CardEffect/BT25/Black/BT25_074.cs
497	299	CardEffect/BT25/Black/BT25_075.cs
339	330	CardEffect/BT25/Black/BT25_076.cs
218	209	CardEffect/BT25/Black/BT25_077.cs
197	188	CardEffect/BT25/Black/BT25_091.cs
176	167	CardEffect/BT25/Black/BT25_100.cs
603	370	CardEffect/BT25/Black/BT25_101.cs
441	253	CardEffect/BT25/Black/BT25_102.cs
71	62	CardEffect/BT25/Blue/BT25_002.cs
149	140	CardEffect/BT25/Blue/BT25_021.cs
106	97	CardEffect/BT25/Blue/BT25_022.cs
131	122	CardEffect/BT25/Blue/BT25_023.cs
139	130	CardEffect/BT25/Blue/BT25_024.cs
211	201	CardEffect/BT25/Blue/BT25_025.cs
219	210	CardEffect/BT25/Blue/BT25_026.cs
279	270	CardEffect/BT25/Blue/BT25_027.cs
282	273	CardEffect/BT25/Blue/BT25_028.cs
240	231	CardEffect/BT25/Blue/BT25_029.cs
249	240	CardEffect/BT25/Blue/BT25_087.cs
745	469	CardEffect/BT25/Blue/BT25_096.cs
139	73	CardEffect/BT25/Green/BT25_004.cs
162	153	CardEffect/BT25/Green/BT25_045.cs
111	102	CardEffect/BT25/Green/BT25_046.cs
117	108	CardEffect/BT25/Green/BT25_047.cs
118	109	CardEffect/BT25/Green/BT25_048.cs
277	268	CardEffect/BT25/Green/BT25_049.cs
148	138	CardEffect/BT25/Green/BT25_050.cs
150	141	CardEffect/BT25/Green/BT25_051.cs
533	332	CardEffect/BT25/Green/BT25_052.cs
217	207	CardEffect/BT25/Green/BT25_053.cs
266	257	CardEffect/BT25/Green/BT25_054.cs
292	283	CardEffect/BT25/Green/BT25_055.cs
549	335	CardEffect/BT25/Green/BT25_056.cs
322	313	CardEffect/BT25/Green/BT25_057.cs
221	212	CardEffect/BT25/Green/BT25_058.cs
199	190	CardEffect/BT25/Green/BT25_059.cs
291	282	CardEffect/BT25/Green/BT25_060.cs
606	378	CardEffect/BT25/Green/BT25_089.cs
303	294	CardEffect/BT25/Green/BT25_090.cs
304	295	CardEffect/BT25/Green/BT25_099.cs
122	113	CardEffect/BT25/Purple/BT25_006.cs
131	121	CardEffect/BT25/Purple/BT25_078.cs
59	50	CardEffect/BT25/Purple/BT25_079.cs
200	191	CardEffect/BT25/Purple/BT25_080.cs
114	105	CardEffect/BT25/Purple/BT25_081.cs
255	246	CardEffect/BT25/Purple/BT25_082.cs
467	458	CardEffect/BT25/Purple/BT25_083.cs
268	259	CardEffect/BT25/Purple/BT25_084.cs
467	458	CardEffect/BT25/Purple/BT25_085.cs
467	268	CardEffect/BT25/Purple/BT25_092.cs
71	62	CardEffect/BT25/Red/BT25_001.cs
176	167	CardEffect/BT25/Red/BT25_007.cs
114	105	CardEffect/BT25/Red/BT25_008.cs
103	94	CardEffect/BT25/Red/BT25_009.cs
100	91	CardEffect/BT25/Red/BT25_010.cs
135	126	CardEffect/BT25/Red/BT25_011.cs
119	110	CardEffect/BT25/Red/BT25_012.cs
203	194	CardEffect/BT25/Red/BT25_013.cs
218	209	CardEffect/BT25/Red/BT25_014.cs
141	132	CardEffect/BT25/Red/BT25_015.cs
182	173	CardEffect/BT25/Red/BT25_016.cs
187	178	CardEffect/BT25/Red/BT25_017.cs
227	218	CardEffect/BT25/Red/BT25_018.cs
218	134	CardEffect/BT25/Red/BT25_019.cs
225	216	CardEffect/BT25/Red/BT25_020.cs
168	158	CardEffect/BT25/Red/BT25_086.cs
232	222	CardEffect/BT25/Red/BT25_093.cs
448	258	CardEffect/BT25/Red/BT25_094.cs
275	266	CardEffect/BT25/Red/BT25_095.cs
216	207	CardEffect/BT25/Red/BT25_103.cs
631	351	CardEffect/BT25/Red/BT25_104.cs
89	80	CardEffect/BT25/Yellow/BT25_002.cs
150	140	CardEffect/BT25/Yellow/BT25_030.cs
109	100	CardEffect/BT25/Yellow/BT25_031.cs
107	98	CardEffect/BT25/Yellow/BT25_032.cs
114	104	CardEffect/BT25/Yellow/BT25_033.cs
187	99	CardEffect/BT25/Yellow/BT25_034.cs
171	162	CardEffect/BT25/Yellow/BT25_035.cs
166	157	CardEffect/BT25/Yellow/BT25_036.cs
140	131	CardEffect/BT25/Yellow/BT25_037.cs
423	414	CardEffect/BT25/Yellow/BT25_038.cs
505	284	CardEffect/BT25/Yellow/BT25_039.cs
450	268	CardEffect/BT25/Yellow/BT25_040.cs
361	352	CardEffect/BT25/Yellow/BT25_041.cs
225	216	CardEffect/BT25/Yellow/BT25_042.cs
446	263	CardEffect/BT25/Yellow/BT25_043.cs
260	251	CardEffect/BT25/Yellow/BT25_044.cs
297	288	CardEffect/BT25/Yellow/BT25_088.cs
303	294	CardEffect/BT25/Yellow/BT25_097.cs
146	137	CardEffect/BT25/Yellow/BT25_098.cs
67	58	CardEffect/BT3/Black/BT3_005.cs
107	98	CardEffect/BT3/Black/BT3_063.cs
114	105	CardEffect/BT3/Black/BT3_064.cs
44	35	CardEffect/BT3/Black/BT3_066.cs
118	109	CardEffect/BT3/Black/BT3_070.cs
123	114	CardEffect/BT3/Black/BT3_071.cs
132	123	CardEffect/BT3/Black/BT3_073.cs
63	54	CardEffect/BT3/Black/BT3_074.cs
78	69	CardEffect/BT3/Black/BT3_075.cs
84	75	CardEffect/BT3/Black/BT3_095.cs
148	139	CardEffect/BT3/Black/BT3_105.cs
94	85	CardEffect/BT3/Black/BT3_106.cs
117	108	CardEffect/BT3/Black/BT3_107.cs
64	55	CardEffect/BT3/Blue/BT3_002.cs
94	85	CardEffect/BT3/Blue/BT3_025.cs
72	63	CardEffect/BT3/Blue/BT3_027.cs
86	77	CardEffect/BT3/Blue/BT3_029.cs
217	208	CardEffect/BT3/Blue/BT3_030.cs
150	141	CardEffect/BT3/Blue/BT3_031.cs
119	110	CardEffect/BT3/Blue/BT3_093.cs
99	90	CardEffect/BT3/Blue/BT3_099.cs
136	127	CardEffect/BT3/Blue/BT3_100.cs
68	59	CardEffect/BT3/Green/BT3_004.cs
69	60	CardEffect/BT3/Green/BT3_046.cs
96	87	CardEffect/BT3/Green/BT3_047.cs
76	67	CardEffect/BT3/Green/BT3_050.cs
116	107	CardEffect/BT3/Green/BT3_051.cs
287	278	CardEffect/BT3/Green/BT3_054.cs
36	27	CardEffect/BT3/Green/BT3_055.cs
129	486	CardEffect/BT3/Green/BT3_056.cs
120	111	CardEffect/BT3/Green/BT3_057.cs
89	80	CardEffect/BT3/Green/BT3_058.cs
107	98	CardEffect/BT3/Green/BT3_094.cs
105	260	CardEffect/BT3/Green/BT3_103.cs
239	230	CardEffect/BT3/Green/BT3_104.cs
130	121	CardEffect/BT3/Green/BT3_111.cs
90	80	CardEffect/BT3/Purple/BT3_006.cs
31	21	CardEffect/BT3/Purple/BT3_080.cs
81	72	CardEffect/BT3/Purple/BT3_084.cs
132	123	CardEffect/BT3/Purple/BT3_086.cs
135	126	CardEffect/BT3/Purple/BT3_087.cs
172	163	CardEffect/BT3/Purple/BT3_088.cs
137	128	CardEffect/BT3/Purple/BT3_090.cs
154	145	CardEffect/BT3/Purple/BT3_091.cs
104	95	CardEffect/BT3/Purple/BT3_092.cs
79	70	CardEffect/BT3/Purple/BT3_096.cs
104	95	CardEffect/BT3/Purple/BT3_108.cs
151	142	CardEffect/BT3/Purple/BT3_109.cs
125	116	CardEffect/BT3/Purple/BT3_110.cs
97	88	CardEffect/BT3/Red/BT3_001.cs
342	333	CardEffect/BT3/Red/BT3_008.cs
51	42	CardEffect/BT3/Red/BT3_010.cs
31	22	CardEffect/BT3/Red/BT3_011.cs
203	194	CardEffect/BT3/Red/BT3_014.cs
123	114	CardEffect/BT3/Red/BT3_015.cs
32	23	CardEffect/BT3/Red/BT3_016.cs
164	155	CardEffect/BT3/Red/BT3_017.cs
116	107	CardEffect/BT3/Red/BT3_018.cs
140	131	CardEffect/BT3/Red/BT3_019.cs
147	138	CardEffect/BT3/Red/BT3_097.cs
88	79	CardEffect/BT3/Red/BT3_098.cs
182	172	CardEffect/BT3/White/BT3_112.cs
63	54	CardEffect/BT3/Yellow/BT3_003.cs
101	92	CardEffect/BT3/Yellow/BT3_034.cs
197	188	CardEffect/BT3/Yellow/BT3_039.cs
94	85	CardEffect/BT3/Yellow/BT3_040.cs
136	127	CardEffect/BT3/Yellow/BT3_041.cs
97	88	CardEffect/BT3/Yellow/BT3_042.cs
174	165	CardEffect/BT3/Yellow/BT3_043.cs
163	153	CardEffect/BT3/Yellow/BT3_101.cs
82	73	CardEffect/BT3/Yellow/BT3_102.cs
46	37	CardEffect/BT4/Black/BT4_005.cs
106	97	CardEffect/BT4/Black/BT4_063.cs
60	51	CardEffect/BT4/Black/BT4_066.cs
100	90	CardEffect/BT4/Black/BT4_068.cs
31	22	CardEffect/BT4/Black/BT4_070.cs
133	124	CardEffect/BT4/Black/BT4_071.cs
106	97	CardEffect/BT4/Black/BT4_072.cs
51	42	CardEffect/BT4/Black/BT4_073.cs
142	133	CardEffect/BT4/Black/BT4_074.cs
117	108	CardEffect/BT4/Black/BT4_075.cs
91	82	CardEffect/BT4/Black/BT4_096.cs
112	103	CardEffect/BT4/Black/BT4_109.cs
92	83	CardEffect/BT4/Black/BT4_110.cs
108	99	CardEffect/BT4/Blue/BT4_002.cs
107	98	CardEffect/BT4/Blue/BT4_023.cs
41	32	CardEffect/BT4/Blue/BT4_025.cs
59	50	CardEffect/BT4/Blue/BT4_026.cs
114	105	CardEffect/BT4/Blue/BT4_027.cs
73	64	CardEffect/BT4/Blue/BT4_030.cs
174	165	CardEffect/BT4/Blue/BT4_031.cs
117	108	CardEffect/BT4/Blue/BT4_032.cs
99	90	CardEffect/BT4/Blue/BT4_033.cs
124	115	CardEffect/BT4/Blue/BT4_034.cs
86	77	CardEffect/BT4/Blue/BT4_035.cs
138	129	CardEffect/BT4/Blue/BT4_093.cs
177	168	CardEffect/BT4/Blue/BT4_101.cs
180	171	CardEffect/BT4/Blue/BT4_102.cs
97	88	CardEffect/BT4/Blue/BT4_103.cs
204	195	CardEffect/BT4/Blue/BT4_114.cs
46	37	CardEffect/BT4/Green/BT4_004.cs
88	79	CardEffect/BT4/Green/BT4_051.cs
104	95	CardEffect/BT4/Green/BT4_054.cs
92	83	CardEffect/BT4/Green/BT4_055.cs
61	52	CardEffect/BT4/Green/BT4_057.cs
94	85	CardEffect/BT4/Green/BT4_058.cs
145	136	CardEffect/BT4/Green/BT4_059.cs
109	100	CardEffect/BT4/Green/BT4_060.cs
96	87	CardEffect/BT4/Green/BT4_061.cs
178	169	CardEffect/BT4/Green/BT4_062.cs
264	255	CardEffect/BT4/Green/BT4_095.cs
109	99	CardEffect/BT4/Green/BT4_107.cs
106	97	CardEffect/BT4/Green/BT4_108.cs
47	37	CardEffect/BT4/Purple/BT4_006.cs
96	87	CardEffect/BT4/Purple/BT4_078.cs
96	87	CardEffect/BT4/Purple/BT4_079.cs
94	85	CardEffect/BT4/Purple/BT4_081.cs
91	81	CardEffect/BT4/Purple/BT4_083.cs
146	137	CardEffect/BT4/Purple/BT4_084.cs
118	109	CardEffect/BT4/Purple/BT4_086.cs
191	182	CardEffect/BT4/Purple/BT4_087.cs
132	122	CardEffect/BT4/Purple/BT4_088.cs
135	126	CardEffect/BT4/Purple/BT4_089.cs
77	68	CardEffect/BT4/Purple/BT4_097.cs
82	72	CardEffect/BT4/Purple/BT4_111.cs
109	100	CardEffect/BT4/Purple/BT4_112.cs
73	64	CardEffect/BT4/Red/BT4_008.cs
108	99	CardEffect/BT4/Red/BT4_009.cs
157	148	CardEffect/BT4/Red/BT4_011.cs
93	84	CardEffect/BT4/Red/BT4_012.cs
51	42	CardEffect/BT4/Red/BT4_013.cs
52	43	CardEffect/BT4/Red/BT4_016.cs
231	222	CardEffect/BT4/Red/BT4_017.cs
43	34	CardEffect/BT4/Red/BT4_018.cs
105	96	CardEffect/BT4/Red/BT4_019.cs
86	77	CardEffect/BT4/Red/BT4_020.cs
98	89	CardEffect/BT4/Red/BT4_092.cs
190	181	CardEffect/BT4/Red/BT4_098.cs
91	82	CardEffect/BT4/Red/BT4_099.cs
147	138	CardEffect/BT4/Red/BT4_100.cs
168	159	CardEffect/BT4/Red/BT4_113.cs
154	145	CardEffect/BT4/White/BT4_090.cs
140	131	CardEffect/BT4/White/BT4_091.cs
96	87	CardEffect/BT4/Yellow/BT4_003.cs
100	91	CardEffect/BT4/Yellow/BT4_037.cs
31	22	CardEffect/BT4/Yellow/BT4_038.cs
46	37	CardEffect/BT4/Yellow/BT4_039.cs
97	88	CardEffect/BT4/Yellow/BT4_041.cs
102	93	CardEffect/BT4/Yellow/BT4_044.cs
57	48	CardEffect/BT4/Yellow/BT4_045.cs
122	113	CardEffect/BT4/Yellow/BT4_046.cs
117	108	CardEffect/BT4/Yellow/BT4_047.cs
114	105	CardEffect/BT4/Yellow/BT4_048.cs
68	59	CardEffect/BT4/Yellow/BT4_049.cs
127	118	CardEffect/BT4/Yellow/BT4_094.cs
54	44	CardEffect/BT4/Yellow/BT4_104.cs
118	109	CardEffect/BT4/Yellow/BT4_105.cs
63	54	CardEffect/BT4/Yellow/BT4_106.cs
172	163	CardEffect/BT4/Yellow/BT4_115.cs
63	54	CardEffect/BT5/Black/BT5_005.cs
113	104	CardEffect/BT5/Black/BT5_059.cs
164	155	CardEffect/BT5/Black/BT5_060.cs
93	84	CardEffect/BT5/Black/BT5_062.cs
159	150	CardEffect/BT5/Black/BT5_063.cs
46	37	CardEffect/BT5/Black/BT5_065.cs
86	77	CardEffect/BT5/Black/BT5_067.cs
51	42	CardEffect/BT5/Black/BT5_068.cs
36	27	CardEffect/BT5/Black/BT5_069.cs
137	128	CardEffect/BT5/Black/BT5_070.cs
132	123	CardEffect/BT5/Black/BT5_090.cs
115	106	CardEffect/BT5/Black/BT5_103.cs
113	104	CardEffect/BT5/Black/BT5_104.cs
109	100	CardEffect/BT5/Black/BT5_105.cs
48	39	CardEffect/BT5/Blue/BT5_002.cs
109	100	CardEffect/BT5/Blue/BT5_020.cs
80	71	CardEffect/BT5/Blue/BT5_021.cs
77	68	CardEffect/BT5/Blue/BT5_022.cs
83	74	CardEffect/BT5/Blue/BT5_024.cs
119	110	CardEffect/BT5/Blue/BT5_025.cs
110	101	CardEffect/BT5/Blue/BT5_028.cs
65	56	CardEffect/BT5/Blue/BT5_029.cs
50	41	CardEffect/BT5/Blue/BT5_030.cs
134	125	CardEffect/BT5/Blue/BT5_031.cs
166	157	CardEffect/BT5/Blue/BT5_032.cs
196	187	CardEffect/BT5/Blue/BT5_088.cs
103	94	CardEffect/BT5/Blue/BT5_096.cs
128	119	CardEffect/BT5/Blue/BT5_097.cs
100	91	CardEffect/BT5/Green/BT5_004.cs
84	75	CardEffect/BT5/Green/BT5_046.cs
172	163	CardEffect/BT5/Green/BT5_047.cs
86	77	CardEffect/BT5/Green/BT5_049.cs
71	62	CardEffect/BT5/Green/BT5_050.cs
52	43	CardEffect/BT5/Green/BT5_053.cs
95	86	CardEffect/BT5/Green/BT5_055.cs
86	149	CardEffect/BT5/Green/BT5_056.cs
68	59	CardEffect/BT5/Green/BT5_057.cs
373	364	CardEffect/BT5/Green/BT5_058.cs
205	196	CardEffect/BT5/Green/BT5_089.cs
99	90	CardEffect/BT5/Green/BT5_100.cs
107	98	CardEffect/BT5/Green/BT5_101.cs
173	164	CardEffect/BT5/Green/BT5_102.cs
80	71	CardEffect/BT5/Purple/BT5_006.cs
66	57	CardEffect/BT5/Purple/BT5_071.cs
109	100	CardEffect/BT5/Purple/BT5_072.cs
116	107	CardEffect/BT5/Purple/BT5_074.cs
80	71	CardEffect/BT5/Purple/BT5_076.cs
132	123	CardEffect/BT5/Purple/BT5_078.cs
223	214	CardEffect/BT5/Purple/BT5_079.cs
30	20	CardEffect/BT5/Purple/BT5_080.cs
259	250	CardEffect/BT5/Purple/BT5_081.cs
	217	CardEffect/BT5/Purple/BT5_082.cs
248	239	CardEffect/BT5/Purple/BT5_083.cs
211	202	CardEffect/BT5/Purple/BT5_106.cs
175	166	CardEffect/BT5/Purple/BT5_107.cs
162	153	CardEffect/BT5/Purple/BT5_108.cs
63	54	CardEffect/BT5/Red/BT5_001.cs
108	99	CardEffect/BT5/Red/BT5_007.cs
116	107	CardEffect/BT5/Red/BT5_008.cs
129	120	CardEffect/BT5/Red/BT5_009.cs
91	82	CardEffect/BT5/Red/BT5_010.cs
108	99	CardEffect/BT5/Red/BT5_011.cs
70	61	CardEffect/BT5/Red/BT5_014.cs
119	110	CardEffect/BT5/Red/BT5_015.cs
168	159	CardEffect/BT5/Red/BT5_016.cs
91	82	CardEffect/BT5/Red/BT5_017.cs
118	109	CardEffect/BT5/Red/BT5_018.cs
159	150	CardEffect/BT5/Red/BT5_019.cs
182	173	CardEffect/BT5/Red/BT5_094.cs
99	90	CardEffect/BT5/Red/BT5_095.cs
62	53	CardEffect/BT5/White/BT5_084.cs
358	349	CardEffect/BT5/White/BT5_085.cs
115	176	CardEffect/BT5/White/BT5_086.cs
259	250	CardEffect/BT5/White/BT5_087.cs
178	169	CardEffect/BT5/White/BT5_091.cs
287	278	CardEffect/BT5/White/BT5_092.cs
129	120	CardEffect/BT5/White/BT5_093.cs
289	280	CardEffect/BT5/White/BT5_109.cs
166	157	CardEffect/BT5/White/BT5_110.cs
247	238	CardEffect/BT5/White/BT5_111.cs
228	219	CardEffect/BT5/White/BT5_112.cs
104	95	CardEffect/BT5/Yellow/BT5_003.cs
113	104	CardEffect/BT5/Yellow/BT5_034.cs
98	89	CardEffect/BT5/Yellow/BT5_035.cs
101	92	CardEffect/BT5/Yellow/BT5_036.cs
139	130	CardEffect/BT5/Yellow/BT5_037.cs
54	45	CardEffect/BT5/Yellow/BT5_038.cs
94	85	CardEffect/BT5/Yellow/BT5_039.cs
101	92	CardEffect/BT5/Yellow/BT5_042.cs
65	56	CardEffect/BT5/Yellow/BT5_043.cs
119	110	CardEffect/BT5/Yellow/BT5_044.cs
151	142	CardEffect/BT5/Yellow/BT5_045.cs
113	104	CardEffect/BT5/Yellow/BT5_098.cs
96	87	CardEffect/BT5/Yellow/BT5_099.cs
88	78	CardEffect/BT6/Black/BT6_005.cs
136	127	CardEffect/BT6/Black/BT6_056.cs
44	35	CardEffect/BT6/Black/BT6_057.cs
55	46	CardEffect/BT6/Black/BT6_059.cs
147	138	CardEffect/BT6/Black/BT6_060.cs
78	69	CardEffect/BT6/Black/BT6_061.cs
47	38	CardEffect/BT6/Black/BT6_062.cs
128	119	CardEffect/BT6/Black/BT6_064.cs
146	137	CardEffect/BT6/Black/BT6_065.cs
122	113	CardEffect/BT6/Black/BT6_066.cs
51	88	CardEffect/BT6/Black/BT6_067.cs
140	131	CardEffect/BT6/Black/BT6_090.cs
164	155	CardEffect/BT6/Black/BT6_104.cs
126	117	CardEffect/BT6/Black/BT6_105.cs
37	59	CardEffect/BT6/Black/BT6_106.cs
308	298	CardEffect/BT6/Black/BT6_111.cs
76	67	CardEffect/BT6/Blue/BT6_002.cs
127	118	CardEffect/BT6/Blue/BT6_019.cs
47	38	CardEffect/BT6/Blue/BT6_020.cs
75	66	CardEffect/BT6/Blue/BT6_022.cs
132	123	CardEffect/BT6/Blue/BT6_024.cs
61	52	CardEffect/BT6/Blue/BT6_025.cs
101	92	CardEffect/BT6/Blue/BT6_026.cs
143	134	CardEffect/BT6/Blue/BT6_027.cs
76	67	CardEffect/BT6/Blue/BT6_028.cs
123	114	CardEffect/BT6/Blue/BT6_029.cs
139	130	CardEffect/BT6/Blue/BT6_030.cs
255	246	CardEffect/BT6/Blue/BT6_088.cs
220	211	CardEffect/BT6/Blue/BT6_096.cs
168	159	CardEffect/BT6/Blue/BT6_097.cs
117	108	CardEffect/BT6/Blue/BT6_098.cs
69	60	CardEffect/BT6/Green/BT6_004.cs
65	56	CardEffect/BT6/Green/BT6_045.cs
101	92	CardEffect/BT6/Green/BT6_047.cs
41	32	CardEffect/BT6/Green/BT6_049.cs
47	38	CardEffect/BT6/Green/BT6_050.cs
93	84	CardEffect/BT6/Green/BT6_051.cs
78	69	CardEffect/BT6/Green/BT6_052.cs
68	59	CardEffect/BT6/Green/BT6_053.cs
213	204	CardEffect/BT6/Green/BT6_054.cs
129	120	CardEffect/BT6/Green/BT6_102.cs
109	100	CardEffect/BT6/Green/BT6_103.cs
88	79	CardEffect/BT6/Purple/BT6_006.cs
165	156	CardEffect/BT6/Purple/BT6_068.cs
72	63	CardEffect/BT6/Purple/BT6_069.cs
98	89	CardEffect/BT6/Purple/BT6_070.cs
138	129	CardEffect/BT6/Purple/BT6_071.cs
153	144	CardEffect/BT6/Purple/BT6_072.cs
88	79	CardEffect/BT6/Purple/BT6_073.cs
205	196	CardEffect/BT6/Purple/BT6_075.cs
139	130	CardEffect/BT6/Purple/BT6_077.cs
213	204	CardEffect/BT6/Purple/BT6_078.cs
128	118	CardEffect/BT6/Purple/BT6_079.cs
103	94	CardEffect/BT6/Purple/BT6_080.cs
225	216	CardEffect/BT6/Purple/BT6_081.cs
174	165	CardEffect/BT6/Purple/BT6_091.cs
128	119	CardEffect/BT6/Purple/BT6_107.cs
161	152	CardEffect/BT6/Purple/BT6_108.cs
119	110	CardEffect/BT6/Purple/BT6_109.cs
239	230	CardEffect/BT6/Purple/BT6_112.cs
70	61	CardEffect/BT6/Red/BT6_001.cs
105	96	CardEffect/BT6/Red/BT6_007.cs
63	54	CardEffect/BT6/Red/BT6_008.cs
110	101	CardEffect/BT6/Red/BT6_009.cs
58	49	CardEffect/BT6/Red/BT6_010.cs
97	88	CardEffect/BT6/Red/BT6_011.cs
79	70	CardEffect/BT6/Red/BT6_013.cs
31	22	CardEffect/BT6/Red/BT6_014.cs
153	144	CardEffect/BT6/Red/BT6_015.cs
244	235	CardEffect/BT6/Red/BT6_016.cs
168	159	CardEffect/BT6/Red/BT6_017.cs
152	142	CardEffect/BT6/Red/BT6_018.cs
258	249	CardEffect/BT6/Red/BT6_087.cs
309	300	CardEffect/BT6/Red/BT6_093.cs
100	91	CardEffect/BT6/Red/BT6_094.cs
40	69	CardEffect/BT6/Red/BT6_095.cs
93	84	CardEffect/BT6/White/BT6_082.cs
280	271	CardEffect/BT6/White/BT6_083.cs
97	88	CardEffect/BT6/White/BT6_084.cs
140	131	CardEffect/BT6/White/BT6_085.cs
212	203	CardEffect/BT6/White/BT6_086.cs
177	168	CardEffect/BT6/White/BT6_092.cs
157	148	CardEffect/BT6/White/BT6_110.cs
64	55	CardEffect/BT6/Yellow/BT6_003.cs
94	85	CardEffect/BT6/Yellow/BT6_031.cs
71	62	CardEffect/BT6/Yellow/BT6_032.cs
123	114	CardEffect/BT6/Yellow/BT6_033.cs
72	63	CardEffect/BT6/Yellow/BT6_034.cs
64	55	CardEffect/BT6/Yellow/BT6_035.cs
71	62	CardEffect/BT6/Yellow/BT6_036.cs
47	38	CardEffect/BT6/Yellow/BT6_037.cs
43	34	CardEffect/BT6/Yellow/BT6_039.cs
103	94	CardEffect/BT6/Yellow/BT6_040.cs
100	91	CardEffect/BT6/Yellow/BT6_041.cs
206	197	CardEffect/BT6/Yellow/BT6_042.cs
48	39	CardEffect/BT6/Yellow/BT6_043.cs
154	145	CardEffect/BT6/Yellow/BT6_044.cs
185	176	CardEffect/BT6/Yellow/BT6_089.cs
110	101	CardEffect/BT6/Yellow/BT6_099.cs
109	100	CardEffect/BT6/Yellow/BT6_100.cs
85	76	CardEffect/BT6/Yellow/BT6_101.cs
76	67	CardEffect/BT7/Black/BT7_005.cs
142	133	CardEffect/BT7/Black/BT7_056.cs
91	82	CardEffect/BT7/Black/BT7_057.cs
84	167	CardEffect/BT7/Black/BT7_058.cs
121	112	CardEffect/BT7/Black/BT7_059.cs
42	33	CardEffect/BT7/Black/BT7_060.cs
47	38	CardEffect/BT7/Black/BT7_061.cs
69	60	CardEffect/BT7/Black/BT7_062.cs
630	621	CardEffect/BT7/Black/BT7_063.cs
155	146	CardEffect/BT7/Black/BT7_064.cs
183	174	CardEffect/BT7/Black/BT7_065.cs
221	212	CardEffect/BT7/Black/BT7_066.cs
92	83	CardEffect/BT7/Black/BT7_090.cs
122	113	CardEffect/BT7/Black/BT7_104.cs
137	128	CardEffect/BT7/Black/BT7_105.cs
99	90	CardEffect/BT7/Black/BT7_106.cs
84	75	CardEffect/BT7/Blue/BT7_002.cs
70	61	CardEffect/BT7/Blue/BT7_018.cs
193	184	CardEffect/BT7/Blue/BT7_019.cs
123	114	CardEffect/BT7/Blue/BT7_021.cs
77	68	CardEffect/BT7/Blue/BT7_022.cs
129	120	CardEffect/BT7/Blue/BT7_023.cs
104	95	CardEffect/BT7/Blue/BT7_024.cs
173	164	CardEffect/BT7/Blue/BT7_025.cs
167	158	CardEffect/BT7/Blue/BT7_026.cs
269	260	CardEffect/BT7/Blue/BT7_027.cs
230	221	CardEffect/BT7/Blue/BT7_028.cs
336	327	CardEffect/BT7/Blue/BT7_029.cs
203	194	CardEffect/BT7/Blue/BT7_030.cs
185	176	CardEffect/BT7/Blue/BT7_086.cs
117	325	CardEffect/BT7/Blue/BT7_087.cs
157	148	CardEffect/BT7/Blue/BT7_095.cs
316	307	CardEffect/BT7/Blue/BT7_096.cs
172	163	CardEffect/BT7/Blue/BT7_097.cs
74	65	CardEffect/BT7/Green/BT7_004.cs
87	78	CardEffect/BT7/Green/BT7_043.cs
100	91	CardEffect/BT7/Green/BT7_044.cs
118	109	CardEffect/BT7/Green/BT7_046.cs
110	101	CardEffect/BT7/Green/BT7_047.cs
109	100	CardEffect/BT7/Green/BT7_051.cs
90	81	CardEffect/BT7/Green/BT7_052.cs
124	115	CardEffect/BT7/Green/BT7_053.cs
194	185	CardEffect/BT7/Green/BT7_054.cs
194	258	CardEffect/BT7/Green/BT7_055.cs
88	79	CardEffect/BT7/Green/BT7_089.cs
100	91	CardEffect/BT7/Green/BT7_101.cs
108	99	CardEffect/BT7/Green/BT7_102.cs
135	126	CardEffect/BT7/Green/BT7_103.cs
82	73	CardEffect/BT7/Purple/BT7_006.cs
127	118	CardEffect/BT7/Purple/BT7_045.cs
85	76	CardEffect/BT7/Purple/BT7_068.cs
97	88	CardEffect/BT7/Purple/BT7_069.cs
137	128	CardEffect/BT7/Purple/BT7_070.cs
41	32	CardEffect/BT7/Purple/BT7_071.cs
119	110	CardEffect/BT7/Purple/BT7_072.cs
76	67	CardEffect/BT7/Purple/BT7_073.cs
121	111	CardEffect/BT7/Purple/BT7_074.cs
179	170	CardEffect/BT7/Purple/BT7_075.cs
154	145	CardEffect/BT7/Purple/BT7_076.cs
204	195	CardEffect/BT7/Purple/BT7_077.cs
262	253	CardEffect/BT7/Purple/BT7_078.cs
281	271	CardEffect/BT7/Purple/BT7_079.cs
138	129	CardEffect/BT7/Purple/BT7_091.cs
157	148	CardEffect/BT7/Purple/BT7_107.cs
100	91	CardEffect/BT7/Purple/BT7_108.cs
131	122	CardEffect/BT7/Purple/BT7_109.cs
272	263	CardEffect/BT7/Purple/BT7_111.cs
47	38	CardEffect/BT7/Red/BT7_001.cs
192	183	CardEffect/BT7/Red/BT7_008.cs
77	68	CardEffect/BT7/Red/BT7_009.cs
100	91	CardEffect/BT7/Red/BT7_010.cs
114	105	CardEffect/BT7/Red/BT7_011.cs
185	176	CardEffect/BT7/Red/BT7_013.cs
158	149	CardEffect/BT7/Red/BT7_014.cs
337	328	CardEffect/BT7/Red/BT7_015.cs
82	73	CardEffect/BT7/Red/BT7_016.cs
273	264	CardEffect/BT7/Red/BT7_017.cs
319	310	CardEffect/BT7/Red/BT7_085.cs
121	112	CardEffect/BT7/Red/BT7_092.cs
287	278	CardEffect/BT7/Red/BT7_093.cs
96	87	CardEffect/BT7/Red/BT7_094.cs
221	212	CardEffect/BT7/White/BT7_080.cs
165	156	CardEffect/BT7/White/BT7_081.cs
282	273	CardEffect/BT7/White/BT7_082.cs
303	294	CardEffect/BT7/White/BT7_083.cs
162	153	CardEffect/BT7/White/BT7_084.cs
189	180	CardEffect/BT7/White/BT7_110.cs
346	398	CardEffect/BT7/White/BT7_112.cs
106	97	CardEffect/BT7/Yellow/BT7_003.cs
60	51	CardEffect/BT7/Yellow/BT7_032.cs
47	38	CardEffect/BT7/Yellow/BT7_033.cs
97	88	CardEffect/BT7/Yellow/BT7_034.cs
40	31	CardEffect/BT7/Yellow/BT7_035.cs
80	71	CardEffect/BT7/Yellow/BT7_036.cs
86	77	CardEffect/BT7/Yellow/BT7_037.cs
109	100	CardEffect/BT7/Yellow/BT7_038.cs
256	247	CardEffect/BT7/Yellow/BT7_039.cs
200	191	CardEffect/BT7/Yellow/BT7_040.cs
98	89	CardEffect/BT7/Yellow/BT7_041.cs
153	144	CardEffect/BT7/Yellow/BT7_042.cs
166	157	CardEffect/BT7/Yellow/BT7_088.cs
110	100	CardEffect/BT7/Yellow/BT7_098.cs
130	121	CardEffect/BT7/Yellow/BT7_099.cs
216	207	CardEffect/BT7/Yellow/BT7_100.cs
71	62	CardEffect/BT8/Black/BT8_005.cs
93	84	CardEffect/BT8/Black/BT8_058.cs
30	42	CardEffect/BT8/Black/BT8_059.cs
145	136	CardEffect/BT8/Black/BT8_060.cs
49	40	CardEffect/BT8/Black/BT8_061.cs
113	104	CardEffect/BT8/Black/BT8_062.cs
50	41	CardEffect/BT8/Black/BT8_063.cs
47	38	CardEffect/BT8/Black/BT8_064.cs
287	278	CardEffect/BT8/Black/BT8_065.cs
119	110	CardEffect/BT8/Black/BT8_066.cs
218	209	CardEffect/BT8/Black/BT8_067.cs
151	142	CardEffect/BT8/Black/BT8_068.cs
271	262	CardEffect/BT8/Black/BT8_069.cs
207	198	CardEffect/BT8/Black/BT8_070.cs
64	205	CardEffect/BT8/Black/BT8_092.cs
316	307	CardEffect/BT8/Black/BT8_104.cs
189	180	CardEffect/BT8/Black/BT8_105.cs
192	182	CardEffect/BT8/Black/BT8_106.cs
45	36	CardEffect/BT8/Blue/BT8_002.cs
103	94	CardEffect/BT8/Blue/BT8_020.cs
82	73	CardEffect/BT8/Blue/BT8_021.cs
115	106	CardEffect/BT8/Blue/BT8_022.cs
161	152	CardEffect/BT8/Blue/BT8_023.cs
158	149	CardEffect/BT8/Blue/BT8_024.cs
112	103	CardEffect/BT8/Blue/BT8_026.cs
92	83	CardEffect/BT8/Blue/BT8_028.cs
133	124	CardEffect/BT8/Blue/BT8_029.cs
304	295	CardEffect/BT8/Blue/BT8_031.cs
200	191	CardEffect/BT8/Blue/BT8_032.cs
99	90	CardEffect/BT8/Blue/BT8_087.cs
160	151	CardEffect/BT8/Blue/BT8_088.cs
144	135	CardEffect/BT8/Blue/BT8_098.cs
323	314	CardEffect/BT8/Blue/BT8_099.cs
47	38	CardEffect/BT8/Green/BT8_004.cs
91	82	CardEffect/BT8/Green/BT8_046.cs
49	40	CardEffect/BT8/Green/BT8_047.cs
127	118	CardEffect/BT8/Green/BT8_048.cs
86	77	CardEffect/BT8/Green/BT8_049.cs
187	178	CardEffect/BT8/Green/BT8_050.cs
116	107	CardEffect/BT8/Green/BT8_051.cs
110	101	CardEffect/BT8/Green/BT8_053.cs
312	303	CardEffect/BT8/Green/BT8_054.cs
176	167	CardEffect/BT8/Green/BT8_055.cs
52	114	CardEffect/BT8/Green/BT8_057.cs
237	228	CardEffect/BT8/Green/BT8_091.cs
238	229	CardEffect/BT8/Green/BT8_102.cs
168	159	CardEffect/BT8/Green/BT8_103.cs
72	63	CardEffect/BT8/Purple/BT8_006.cs
27	61	CardEffect/BT8/Purple/BT8_071.cs
100	91	CardEffect/BT8/Purple/BT8_072.cs
72	63	CardEffect/BT8/Purple/BT8_074.cs
36	26	CardEffect/BT8/Purple/BT8_077.cs
162	153	CardEffect/BT8/Purple/BT8_079.cs
295	286	CardEffect/BT8/Purple/BT8_080.cs
224	215	CardEffect/BT8/Purple/BT8_081.cs
244	235	CardEffect/BT8/Purple/BT8_082.cs
162	153	CardEffect/BT8/Purple/BT8_083.cs
193	184	CardEffect/BT8/Purple/BT8_093.cs
184	175	CardEffect/BT8/Purple/BT8_107.cs
85	76	CardEffect/BT8/Purple/BT8_108.cs
151	142	CardEffect/BT8/Purple/BT8_109.cs
175	166	CardEffect/BT8/Purple/BT8_111.cs
64	55	CardEffect/BT8/Red/BT8_001.cs
159	150	CardEffect/BT8/Red/BT8_008.cs
88	79	CardEffect/BT8/Red/BT8_009.cs
178	169	CardEffect/BT8/Red/BT8_010.cs
83	74	CardEffect/BT8/Red/BT8_012.cs
309	300	CardEffect/BT8/Red/BT8_015.cs
67	58	CardEffect/BT8/Red/BT8_016.cs
73	64	CardEffect/BT8/Red/BT8_018.cs
194	185	CardEffect/BT8/Red/BT8_019.cs
173	164	CardEffect/BT8/Red/BT8_085.cs
139	130	CardEffect/BT8/Red/BT8_086.cs
176	167	CardEffect/BT8/Red/BT8_095.cs
113	104	CardEffect/BT8/Red/BT8_096.cs
168	159	CardEffect/BT8/Red/BT8_097.cs
362	353	CardEffect/BT8/White/BT8_084.cs
156	147	CardEffect/BT8/White/BT8_094.cs
389	380	CardEffect/BT8/White/BT8_110.cs
697	687	CardEffect/BT8/White/BT8_112.cs
47	38	CardEffect/BT8/Yellow/BT8_003.cs
82	73	CardEffect/BT8/Yellow/BT8_033.cs
87	78	CardEffect/BT8/Yellow/BT8_035.cs
182	173	CardEffect/BT8/Yellow/BT8_036.cs
95	86	CardEffect/BT8/Yellow/BT8_038.cs
172	163	CardEffect/BT8/Yellow/BT8_039.cs
162	153	CardEffect/BT8/Yellow/BT8_040.cs
260	251	CardEffect/BT8/Yellow/BT8_042.cs
505	496	CardEffect/BT8/Yellow/BT8_043.cs
149	140	CardEffect/BT8/Yellow/BT8_044.cs
172	163	CardEffect/BT8/Yellow/BT8_089.cs
40	75	CardEffect/BT8/Yellow/BT8_090.cs
120	111	CardEffect/BT8/Yellow/BT8_100.cs
131	122	CardEffect/BT8/Yellow/BT8_101.cs
47	38	CardEffect/BT9/Black/BT9_005.cs
123	114	CardEffect/BT9/Black/BT9_058.cs
44	35	CardEffect/BT9/Black/BT9_059.cs
70	61	CardEffect/BT9/Black/BT9_061.cs
41	94	CardEffect/BT9/Black/BT9_062.cs
187	178	CardEffect/BT9/Black/BT9_064.cs
210	201	CardEffect/BT9/Black/BT9_065.cs
194	184	CardEffect/BT9/Black/BT9_066.cs
527	518	CardEffect/BT9/Black/BT9_067.cs
161	152	CardEffect/BT9/Black/BT9_068.cs
164	155	CardEffect/BT9/Black/BT9_069.cs
162	153	CardEffect/BT9/Black/BT9_089.cs
223	214	CardEffect/BT9/Black/BT9_090.cs
296	287	CardEffect/BT9/Black/BT9_102.cs
50	95	CardEffect/BT9/Black/BT9_103.cs
331	322	CardEffect/BT9/Black/BT9_104.cs
229	220	CardEffect/BT9/Black/BT9_105.cs
81	189	CardEffect/BT9/Black/BT9_111.cs
66	57	CardEffect/BT9/Blue/BT9_002.cs
209	200	CardEffect/BT9/Blue/BT9_020.cs
103	160	CardEffect/BT9/Blue/BT9_021.cs
50	41	CardEffect/BT9/Blue/BT9_023.cs
253	244	CardEffect/BT9/Blue/BT9_024.cs
102	93	CardEffect/BT9/Blue/BT9_025.cs
121	112	CardEffect/BT9/Blue/BT9_028.cs
336	327	CardEffect/BT9/Blue/BT9_029.cs
127	118	CardEffect/BT9/Blue/BT9_030.cs
59	113	CardEffect/BT9/Blue/BT9_031.cs
191	182	CardEffect/BT9/Blue/BT9_085.cs
113	104	CardEffect/BT9/Blue/BT9_086.cs
137	128	CardEffect/BT9/Blue/BT9_096.cs
181	172	CardEffect/BT9/Blue/BT9_097.cs
48	39	CardEffect/BT9/Green/BT9_004.cs
208	199	CardEffect/BT9/Green/BT9_046.cs
57	48	CardEffect/BT9/Green/BT9_049.cs
146	137	CardEffect/BT9/Green/BT9_050.cs
	161	CardEffect/BT9/Green/BT9_051.cs
194	185	CardEffect/BT9/Green/BT9_052.cs
	303	CardEffect/BT9/Green/BT9_054.cs
229	220	CardEffect/BT9/Green/BT9_055.cs
168	159	CardEffect/BT9/Green/BT9_056.cs
157	148	CardEffect/BT9/Green/BT9_088.cs
205	196	CardEffect/BT9/Green/BT9_100.cs
	117	CardEffect/BT9/Green/BT9_101.cs
106	97	CardEffect/BT9/Purple/BT9_006.cs
75	66	CardEffect/BT9/Purple/BT9_070.cs
164	155	CardEffect/BT9/Purple/BT9_071.cs
81	72	CardEffect/BT9/Purple/BT9_072.cs
83	74	CardEffect/BT9/Purple/BT9_073.cs
72	63	CardEffect/BT9/Purple/BT9_074.cs
231	222	CardEffect/BT9/Purple/BT9_075.cs
365	356	CardEffect/BT9/Purple/BT9_076.cs
165	156	CardEffect/BT9/Purple/BT9_077.cs
227	218	CardEffect/BT9/Purple/BT9_078.cs
261	251	CardEffect/BT9/Purple/BT9_079.cs
254	245	CardEffect/BT9/Purple/BT9_080.cs
67	187	CardEffect/BT9/Purple/BT9_081.cs
288	279	CardEffect/BT9/Purple/BT9_082.cs
164	155	CardEffect/BT9/Purple/BT9_091.cs
239	230	CardEffect/BT9/Purple/BT9_106.cs
	181	CardEffect/BT9/Purple/BT9_107.cs
177	168	CardEffect/BT9/Purple/BT9_108.cs
258	249	CardEffect/BT9/Purple/BT9_112.cs
53	44	CardEffect/BT9/Red/BT9_001.cs
209	200	CardEffect/BT9/Red/BT9_008.cs
62	139	CardEffect/BT9/Red/BT9_009.cs
79	70	CardEffect/BT9/Red/BT9_011.cs
234	225	CardEffect/BT9/Red/BT9_012.cs
45	84	CardEffect/BT9/Red/BT9_013.cs
248	239	CardEffect/BT9/Red/BT9_014.cs
80	71	CardEffect/BT9/Red/BT9_015.cs
173	164	CardEffect/BT9/Red/BT9_016.cs
185	176	CardEffect/BT9/Red/BT9_017.cs
197	188	CardEffect/BT9/Red/BT9_018.cs
167	158	CardEffect/BT9/Red/BT9_084.cs
211	202	CardEffect/BT9/Red/BT9_093.cs
127	118	CardEffect/BT9/Red/BT9_094.cs
254	245	CardEffect/BT9/Red/BT9_095.cs
237	228	CardEffect/BT9/White/BT9_083.cs
181	172	CardEffect/BT9/White/BT9_092.cs
118	277	CardEffect/BT9/White/BT9_109.cs
212	203	CardEffect/BT9/White/BT9_110.cs
104	95	CardEffect/BT9/Yellow/BT9_003.cs
54	45	CardEffect/BT9/Yellow/BT9_033.cs
129	120	CardEffect/BT9/Yellow/BT9_034.cs
105	96	CardEffect/BT9/Yellow/BT9_036.cs
106	97	CardEffect/BT9/Yellow/BT9_037.cs
114	105	CardEffect/BT9/Yellow/BT9_038.cs
	106	CardEffect/BT9/Yellow/BT9_040.cs
193	184	CardEffect/BT9/Yellow/BT9_041.cs
325	316	CardEffect/BT9/Yellow/BT9_042.cs
145	140	CardEffect/BT9/Yellow/BT9_043.cs
168	159	CardEffect/BT9/Yellow/BT9_044.cs
182	173	CardEffect/BT9/Yellow/BT9_087.cs
233	224	CardEffect/BT9/Yellow/BT9_098.cs
143	134	CardEffect/BT9/Yellow/BT9_099.cs
56	46	CardEffect/EX1/Black/EX1_044.cs
117	107	CardEffect/EX1/Black/EX1_045.cs
89	79	CardEffect/EX1/Black/EX1_046.cs
145	135	CardEffect/EX1/Black/EX1_047.cs
114	104	CardEffect/EX1/Black/EX1_048.cs
114	104	CardEffect/EX1/Black/EX1_049.cs
170	160	CardEffect/EX1/Black/EX1_050.cs
122	112	CardEffect/EX1/Black/EX1_051.cs
77	67	CardEffect/EX1/Black/EX1_052.cs
121	111	CardEffect/EX1/Black/EX1_053.cs
99	89	CardEffect/EX1/Black/EX1_054.cs
115	105	CardEffect/EX1/Black/EX1_069.cs
485	475	CardEffect/EX1/Black/EX1_073.cs
91	81	CardEffect/EX1/Blue/EX1_011.cs
104	94	CardEffect/EX1/Blue/EX1_012.cs
73	63	CardEffect/EX1/Blue/EX1_013.cs
54	44	CardEffect/EX1/Blue/EX1_014.cs
114	104	CardEffect/EX1/Blue/EX1_015.cs
74	64	CardEffect/EX1/Blue/EX1_016.cs
98	88	CardEffect/EX1/Blue/EX1_017.cs
163	153	CardEffect/EX1/Blue/EX1_018.cs
92	82	CardEffect/EX1/Blue/EX1_019.cs
124	114	CardEffect/EX1/Blue/EX1_020.cs
141	131	CardEffect/EX1/Blue/EX1_021.cs
128	118	CardEffect/EX1/Blue/EX1_022.cs
173	163	CardEffect/EX1/Blue/EX1_068.cs
185	175	CardEffect/EX1/Green/EX1_033.cs
94	84	CardEffect/EX1/Green/EX1_034.cs
74	64	CardEffect/EX1/Green/EX1_035.cs
70	60	CardEffect/EX1/Green/EX1_036.cs
198	188	CardEffect/EX1/Green/EX1_037.cs
54	44	CardEffect/EX1/Green/EX1_038.cs
70	60	CardEffect/EX1/Green/EX1_039.cs
124	114	CardEffect/EX1/Green/EX1_040.cs
159	149	CardEffect/EX1/Green/EX1_041.cs
110	100	CardEffect/EX1/Green/EX1_042.cs
133	123	CardEffect/EX1/Green/EX1_043.cs
83	73	CardEffect/EX1/Purple/EX1_055.cs
51	41	CardEffect/EX1/Purple/EX1_056.cs
64	54	CardEffect/EX1/Purple/EX1_057.cs
113	103	CardEffect/EX1/Purple/EX1_058.cs
173	163	CardEffect/EX1/Purple/EX1_059.cs
119	109	CardEffect/EX1/Purple/EX1_060.cs
122	112	CardEffect/EX1/Purple/EX1_061.cs
155	145	CardEffect/EX1/Purple/EX1_062.cs
149	139	CardEffect/EX1/Purple/EX1_063.cs
150	140	CardEffect/EX1/Purple/EX1_064.cs
245	235	CardEffect/EX1/Purple/EX1_070.cs
91	81	CardEffect/EX1/Red/EX1_001.cs
67	57	CardEffect/EX1/Red/EX1_002.cs
106	96	CardEffect/EX1/Red/EX1_003.cs
120	110	CardEffect/EX1/Red/EX1_004.cs
174	164	CardEffect/EX1/Red/EX1_005.cs
67	57	CardEffect/EX1/Red/EX1_006.cs
131	121	CardEffect/EX1/Red/EX1_007.cs
131	121	CardEffect/EX1/Red/EX1_008.cs
110	100	CardEffect/EX1/Red/EX1_009.cs
73	63	CardEffect/EX1/Red/EX1_010.cs
89	79	CardEffect/EX1/Red/EX1_067.cs
118	108	CardEffect/EX1/White/EX1_065.cs
154	144	CardEffect/EX1/White/EX1_066.cs
320	310	CardEffect/EX1/White/EX1_071.cs
171	108	CardEffect/EX1/White/EX1_072.cs
94	84	CardEffect/EX1/Yellow/EX1_023.cs
102	92	CardEffect/EX1/Yellow/EX1_024.cs
62	52	CardEffect/EX1/Yellow/EX1_025.cs
95	85	CardEffect/EX1/Yellow/EX1_026.cs
107	97	CardEffect/EX1/Yellow/EX1_027.cs
66	56	CardEffect/EX1/Yellow/EX1_028.cs
110	100	CardEffect/EX1/Yellow/EX1_029.cs
185	175	CardEffect/EX1/Yellow/EX1_030.cs
94	84	CardEffect/EX1/Yellow/EX1_031.cs
108	98	CardEffect/EX1/Yellow/EX1_032.cs
87	49	CardEffect/EX10/Black/EX10_002.cs
112	102	CardEffect/EX10/Black/EX10_003.cs
208	198	CardEffect/EX10/Black/EX10_024.cs
201	191	CardEffect/EX10/Black/EX10_025.cs
244	234	CardEffect/EX10/Black/EX10_026.cs
277	267	CardEffect/EX10/Black/EX10_027.cs
365	355	CardEffect/EX10/Black/EX10_028.cs
337	211	CardEffect/EX10/Black/EX10_029.cs
423	413	CardEffect/EX10/Black/EX10_030.cs
387	377	CardEffect/EX10/Black/EX10_031.cs
480	471	CardEffect/EX10/Black/EX10_032.cs
	436	CardEffect/EX10/Black/EX10_033.cs
523	513	CardEffect/EX10/Black/EX10_034.cs
514	504	CardEffect/EX10/Black/EX10_035.cs
	447	CardEffect/EX10/Black/EX10_036.cs
256	246	CardEffect/EX10/Black/EX10_062.cs
225	215	CardEffect/EX10/Black/EX10_063.cs
286	276	CardEffect/EX10/Black/EX10_069.cs
	269	CardEffect/EX10/Black/EX10_070.cs
260	251	CardEffect/EX10/Black/EX10_073.cs
540	530	CardEffect/EX10/Blue/EX10_012.cs
60	50	CardEffect/EX10/Green/EX10_001.cs
199	189	CardEffect/EX10/Green/EX10_015.cs
224	215	CardEffect/EX10/Green/EX10_016.cs
280	270	CardEffect/EX10/Green/EX10_017.cs
201	191	CardEffect/EX10/Green/EX10_018.cs
515	505	CardEffect/EX10/Green/EX10_019.cs
473	463	CardEffect/EX10/Green/EX10_020.cs
475	465	CardEffect/EX10/Green/EX10_021.cs
283	274	CardEffect/EX10/Green/EX10_022.cs
231	222	CardEffect/EX10/Green/EX10_023.cs
103	93	CardEffect/EX10/Purple/EX10_004.cs
61	51	CardEffect/EX10/Purple/EX10_005.cs
145	135	CardEffect/EX10/Purple/EX10_037.cs
257	248	CardEffect/EX10/Purple/EX10_038.cs
229	219	CardEffect/EX10/Purple/EX10_039.cs
133	123	CardEffect/EX10/Purple/EX10_040.cs
268	259	CardEffect/EX10/Purple/EX10_041.cs
324	314	CardEffect/EX10/Purple/EX10_042.cs
513	326	CardEffect/EX10/Purple/EX10_043.cs
370	361	CardEffect/EX10/Purple/EX10_044.cs
586	385	CardEffect/EX10/Purple/EX10_045.cs
182	173	CardEffect/EX10/Purple/EX10_046.cs
273	263	CardEffect/EX10/Purple/EX10_047.cs
494	484	CardEffect/EX10/Purple/EX10_048.cs
201	191	CardEffect/EX10/Purple/EX10_049.cs
229	219	CardEffect/EX10/Purple/EX10_050.cs
240	230	CardEffect/EX10/Purple/EX10_051.cs
306	297	CardEffect/EX10/Purple/EX10_052.cs
415	405	CardEffect/EX10/Purple/EX10_053.cs
383	373	CardEffect/EX10/Purple/EX10_054.cs
451	442	CardEffect/EX10/Purple/EX10_055.cs
555	546	CardEffect/EX10/Purple/EX10_056.cs
466	456	CardEffect/EX10/Purple/EX10_057.cs
413	403	CardEffect/EX10/Purple/EX10_058.cs
591	581	CardEffect/EX10/Purple/EX10_059.cs
320	310	CardEffect/EX10/Purple/EX10_060.cs
370	360	CardEffect/EX10/Purple/EX10_064.cs
140	130	CardEffect/EX10/Purple/EX10_065.cs
142	132	CardEffect/EX10/Purple/EX10_066.cs
187	177	CardEffect/EX10/Purple/EX10_067.cs
327	317	CardEffect/EX10/Purple/EX10_071.cs
302	293	CardEffect/EX10/Purple/EX10_074.cs
110	100	CardEffect/EX10/Red/EX10_006.cs
174	164	CardEffect/EX10/Red/EX10_007.cs
213	203	CardEffect/EX10/Red/EX10_008.cs
251	242	CardEffect/EX10/Red/EX10_009.cs
348	213	CardEffect/EX10/Red/EX10_010.cs
360	350	CardEffect/EX10/Red/EX10_011.cs
621	611	CardEffect/EX10/White/EX10_061.cs
328	318	CardEffect/EX10/White/EX10_068.cs
395	386	CardEffect/EX10/White/EX10_072.cs
198	189	CardEffect/EX10/Yellow/EX10_013.cs
341	331	CardEffect/EX10/Yellow/EX10_014.cs
97	47	CardEffect/EX11/Black/EX11_004.cs
117	108	CardEffect/EX11/Black/EX11_037.cs
225	216	CardEffect/EX11/Black/EX11_038.cs
127	118	CardEffect/EX11/Black/EX11_039.cs
353	343	CardEffect/EX11/Black/EX11_040.cs
250	241	CardEffect/EX11/Black/EX11_041.cs
277	268	CardEffect/EX11/Black/EX11_042.cs
194	184	CardEffect/EX11/Black/EX11_043.cs
276	267	CardEffect/EX11/Black/EX11_044.cs
383	374	CardEffect/EX11/Black/EX11_045.cs
282	273	CardEffect/EX11/Black/EX11_046.cs
140	131	CardEffect/EX11/Black/EX11_064.cs
374	365	CardEffect/EX11/Black/EX11_065.cs
295	286	CardEffect/EX11/Black/EX11_066.cs
58	49	CardEffect/EX11/Blue/EX11_002.cs
120	111	CardEffect/EX11/Blue/EX11_013.cs
119	110	CardEffect/EX11/Blue/EX11_014.cs
126	117	CardEffect/EX11/Blue/EX11_015.cs
223	214	CardEffect/EX11/Blue/EX11_016.cs
273	263	CardEffect/EX11/Blue/EX11_017.cs
231	222	CardEffect/EX11/Blue/EX11_018.cs
124	115	CardEffect/EX11/Blue/EX11_057.cs
251	242	CardEffect/EX11/Blue/EX11_058.cs
75	66	CardEffect/EX11/Green/EX11_003.cs
157	148	CardEffect/EX11/Green/EX11_025.cs
219	210	CardEffect/EX11/Green/EX11_026.cs
320	311	CardEffect/EX11/Green/EX11_027.cs
236	227	CardEffect/EX11/Green/EX11_028.cs
358	348	CardEffect/EX11/Green/EX11_029.cs
174	165	CardEffect/EX11/Green/EX11_030.cs
300	291	CardEffect/EX11/Green/EX11_031.cs
322	313	CardEffect/EX11/Green/EX11_032.cs
314	305	CardEffect/EX11/Green/EX11_033.cs
542	533	CardEffect/EX11/Green/EX11_034.cs
213	203	CardEffect/EX11/Green/EX11_035.cs
361	352	CardEffect/EX11/Green/EX11_036.cs
148	139	CardEffect/EX11/Green/EX11_062.cs
198	188	CardEffect/EX11/Green/EX11_063.cs
286	277	CardEffect/EX11/Green/EX11_072.cs
325	316	CardEffect/EX11/Green/EX11_073.cs
448	272	CardEffect/EX11/Green/EX11_074.cs
101	92	CardEffect/EX11/Purple/EX11_005.cs
121	112	CardEffect/EX11/Purple/EX11_047.cs
150	141	CardEffect/EX11/Purple/EX11_048.cs
134	125	CardEffect/EX11/Purple/EX11_049.cs
268	259	CardEffect/EX11/Purple/EX11_050.cs
281	272	CardEffect/EX11/Purple/EX11_051.cs
271	262	CardEffect/EX11/Purple/EX11_052.cs
204	195	CardEffect/EX11/Purple/EX11_067.cs
125	116	CardEffect/EX11/Purple/EX11_068.cs
246	237	CardEffect/EX11/Purple/EX11_069.cs
70	61	CardEffect/EX11/Red/EX11_001.cs
165	156	CardEffect/EX11/Red/EX11_007.cs
188	179	CardEffect/EX11/Red/EX11_008.cs
134	125	CardEffect/EX11/Red/EX11_009.cs
157	148	CardEffect/EX11/Red/EX11_010.cs
228	219	CardEffect/EX11/Red/EX11_011.cs
217	208	CardEffect/EX11/Red/EX11_012.cs
130	121	CardEffect/EX11/Red/EX11_054.cs
210	201	CardEffect/EX11/Red/EX11_055.cs
140	131	CardEffect/EX11/Red/EX11_056.cs
71	62	CardEffect/EX11/White/EX11_006.cs
351	342	CardEffect/EX11/White/EX11_053.cs
305	162	CardEffect/EX11/White/EX11_070.cs
245	236	CardEffect/EX11/White/EX11_071.cs
66	57	CardEffect/EX11/Yellow/EX11_019.cs
200	191	CardEffect/EX11/Yellow/EX11_020.cs
184	175	CardEffect/EX11/Yellow/EX11_021.cs
315	306	CardEffect/EX11/Yellow/EX11_022.cs
235	226	CardEffect/EX11/Yellow/EX11_023.cs
228	218	CardEffect/EX11/Yellow/EX11_024.cs
199	190	CardEffect/EX11/Yellow/EX11_059.cs
130	121	CardEffect/EX11/Yellow/EX11_060.cs
170	161	CardEffect/EX11/Yellow/EX11_061.cs
44	34	CardEffect/EX2/Black/EX2_005.cs
84	74	CardEffect/EX2/Black/EX2_030.cs
104	94	CardEffect/EX2/Black/EX2_031.cs
126	116	CardEffect/EX2/Black/EX2_032.cs
56	46	CardEffect/EX2/Black/EX2_033.cs
65	55	CardEffect/EX2/Black/EX2_034.cs
210	200	CardEffect/EX2/Black/EX2_035.cs
63	53	CardEffect/EX2/Black/EX2_036.cs
123	113	CardEffect/EX2/Black/EX2_037.cs
240	230	CardEffect/EX2/Black/EX2_038.cs
162	152	CardEffect/EX2/Black/EX2_062.cs
165	155	CardEffect/EX2/Black/EX2_063.cs
44	34	CardEffect/EX2/Blue/EX2_002.cs
62	52	CardEffect/EX2/Blue/EX2_013.cs
100	90	CardEffect/EX2/Blue/EX2_014.cs
186	176	CardEffect/EX2/Blue/EX2_016.cs
88	78	CardEffect/EX2/Blue/EX2_017.cs
86	76	CardEffect/EX2/Blue/EX2_018.cs
241	231	CardEffect/EX2/Blue/EX2_057.cs
179	169	CardEffect/EX2/Blue/EX2_058.cs
141	131	CardEffect/EX2/Blue/EX2_068.cs
133	123	CardEffect/EX2/Blue/EX2_069.cs
75	65	CardEffect/EX2/Green/EX2_004.cs
131	121	CardEffect/EX2/Green/EX2_025.cs
116	106	CardEffect/EX2/Green/EX2_026.cs
132	122	CardEffect/EX2/Green/EX2_027.cs
138	128	CardEffect/EX2/Green/EX2_028.cs
177	167	CardEffect/EX2/Green/EX2_029.cs
135	125	CardEffect/EX2/Green/EX2_061.cs
196	186	CardEffect/EX2/Green/EX2_070.cs
44	34	CardEffect/EX2/Purple/EX2_006.cs
214	204	CardEffect/EX2/Purple/EX2_039.cs
69	59	CardEffect/EX2/Purple/EX2_040.cs
193	183	CardEffect/EX2/Purple/EX2_041.cs
184	174	CardEffect/EX2/Purple/EX2_042.cs
185	175	CardEffect/EX2/Purple/EX2_043.cs
340	330	CardEffect/EX2/Purple/EX2_044.cs
356	346	CardEffect/EX2/Purple/EX2_064.cs
120	110	CardEffect/EX2/Purple/EX2_065.cs
134	124	CardEffect/EX2/Purple/EX2_071.cs
165	155	CardEffect/EX2/Purple/EX2_074.cs
72	62	CardEffect/EX2/Red/EX2_001.cs
188	178	CardEffect/EX2/Red/EX2_008.cs
180	170	CardEffect/EX2/Red/EX2_009.cs
158	148	CardEffect/EX2/Red/EX2_010.cs
206	196	CardEffect/EX2/Red/EX2_011.cs
444	434	CardEffect/EX2/Red/EX2_012.cs
231	221	CardEffect/EX2/Red/EX2_056.cs
156	146	CardEffect/EX2/Red/EX2_066.cs
107	97	CardEffect/EX2/Red/EX2_067.cs
171	161	CardEffect/EX2/Red/EX2_073.cs
528	518	CardEffect/EX2/White/EX2_007.cs
209	199	CardEffect/EX2/White/EX2_045.cs
238	228	CardEffect/EX2/White/EX2_046.cs
101	91	CardEffect/EX2/White/EX2_047.cs
597	587	CardEffect/EX2/White/EX2_048.cs
161	151	CardEffect/EX2/White/EX2_049.cs
44	34	CardEffect/EX2/White/EX2_050.cs
102	92	CardEffect/EX2/White/EX2_051.cs
49	39	CardEffect/EX2/White/EX2_052.cs
214	204	CardEffect/EX2/White/EX2_053.cs
199	189	CardEffect/EX2/White/EX2_054.cs
490	480	CardEffect/EX2/White/EX2_055.cs
529	343	CardEffect/EX2/White/EX2_072.cs
70	60	CardEffect/EX2/Yellow/EX2_003.cs
162	152	CardEffect/EX2/Yellow/EX2_019.cs
80	70	CardEffect/EX2/Yellow/EX2_020.cs
166	156	CardEffect/EX2/Yellow/EX2_021.cs
92	82	CardEffect/EX2/Yellow/EX2_022.cs
193	183	CardEffect/EX2/Yellow/EX2_023.cs
203	193	CardEffect/EX2/Yellow/EX2_024.cs
173	163	CardEffect/EX2/Yellow/EX2_059.cs
172	162	CardEffect/EX2/Yellow/EX2_060.cs
44	34	CardEffect/EX3/Black/EX3_002.cs
52	42	CardEffect/EX3/Black/EX3_046.cs
105	95	CardEffect/EX3/Black/EX3_047.cs
172	162	CardEffect/EX3/Black/EX3_048.cs
105	95	CardEffect/EX3/Black/EX3_049.cs
41	31	CardEffect/EX3/Black/EX3_050.cs
216	206	CardEffect/EX3/Black/EX3_051.cs
192	182	CardEffect/EX3/Black/EX3_052.cs
229	219	CardEffect/EX3/Black/EX3_053.cs
351	341	CardEffect/EX3/Black/EX3_054.cs
124	114	CardEffect/EX3/Black/EX3_071.cs
80	70	CardEffect/EX3/Blue/EX3_001.cs
181	171	CardEffect/EX3/Blue/EX3_015.cs
64	54	CardEffect/EX3/Blue/EX3_016.cs
121	111	CardEffect/EX3/Blue/EX3_017.cs
61	51	CardEffect/EX3/Blue/EX3_018.cs
123	113	CardEffect/EX3/Blue/EX3_019.cs
211	201	CardEffect/EX3/Blue/EX3_020.cs
148	138	CardEffect/EX3/Blue/EX3_021.cs
338	328	CardEffect/EX3/Blue/EX3_022.cs
365	355	CardEffect/EX3/Blue/EX3_023.cs
438	428	CardEffect/EX3/Blue/EX3_024.cs
174	164	CardEffect/EX3/Blue/EX3_025.cs
310	300	CardEffect/EX3/Blue/EX3_026.cs
121	111	CardEffect/EX3/Blue/EX3_067.cs
170	160	CardEffect/EX3/Green/EX3_037.cs
97	87	CardEffect/EX3/Green/EX3_038.cs
61	51	CardEffect/EX3/Green/EX3_039.cs
338	328	CardEffect/EX3/Green/EX3_040.cs
211	201	CardEffect/EX3/Green/EX3_041.cs
165	155	CardEffect/EX3/Green/EX3_042.cs
335	325	CardEffect/EX3/Green/EX3_043.cs
237	227	CardEffect/EX3/Green/EX3_044.cs
222	212	CardEffect/EX3/Green/EX3_045.cs
	303	CardEffect/EX3/Green/EX3_070.cs
369	359	CardEffect/EX3/Green/EX3_074.cs
116	106	CardEffect/EX3/Purple/EX3_055.cs
153	143	CardEffect/EX3/Purple/EX3_056.cs
241	231	CardEffect/EX3/Purple/EX3_057.cs
291	281	CardEffect/EX3/Purple/EX3_058.cs
87	77	CardEffect/EX3/Purple/EX3_059.cs
64	54	CardEffect/EX3/Purple/EX3_060.cs
358	348	CardEffect/EX3/Purple/EX3_061.cs
222	212	CardEffect/EX3/Purple/EX3_062.cs
276	266	CardEffect/EX3/Purple/EX3_063.cs
279	269	CardEffect/EX3/Purple/EX3_064.cs
222	212	CardEffect/EX3/Purple/EX3_072.cs
320	310	CardEffect/EX3/Purple/EX3_073.cs
87	77	CardEffect/EX3/Red/EX3_003.cs
141	131	CardEffect/EX3/Red/EX3_004.cs
194	184	CardEffect/EX3/Red/EX3_005.cs
62	52	CardEffect/EX3/Red/EX3_006.cs
228	218	CardEffect/EX3/Red/EX3_007.cs
291	281	CardEffect/EX3/Red/EX3_008.cs
316	306	CardEffect/EX3/Red/EX3_010.cs
193	183	CardEffect/EX3/Red/EX3_011.cs
143	133	CardEffect/EX3/Red/EX3_012.cs
908	898	CardEffect/EX3/Red/EX3_013.cs
192	182	CardEffect/EX3/Red/EX3_014.cs
327	317	CardEffect/EX3/Red/EX3_066.cs
255	245	CardEffect/EX3/White/EX3_065.cs
91	81	CardEffect/EX3/Yellow/EX3_027.cs
109	99	CardEffect/EX3/Yellow/EX3_028.cs
129	119	CardEffect/EX3/Yellow/EX3_029.cs
241	231	CardEffect/EX3/Yellow/EX3_030.cs
241	231	CardEffect/EX3/Yellow/EX3_031.cs
115	105	CardEffect/EX3/Yellow/EX3_032.cs
181	171	CardEffect/EX3/Yellow/EX3_033.cs
312	302	CardEffect/EX3/Yellow/EX3_034.cs
360	350	CardEffect/EX3/Yellow/EX3_035.cs
193	183	CardEffect/EX3/Yellow/EX3_036.cs
129	119	CardEffect/EX3/Yellow/EX3_068.cs
236	226	CardEffect/EX3/Yellow/EX3_069.cs
85	76	CardEffect/EX4/Black/EX4_003.cs
176	166	CardEffect/EX4/Black/EX4_038.cs
177	167	CardEffect/EX4/Black/EX4_039.cs
185	175	CardEffect/EX4/Black/EX4_040.cs
208	198	CardEffect/EX4/Black/EX4_041.cs
78	68	CardEffect/EX4/Black/EX4_042.cs
141	131	CardEffect/EX4/Black/EX4_043.cs
141	131	CardEffect/EX4/Black/EX4_044.cs
146	136	CardEffect/EX4/Black/EX4_045.cs
146	136	CardEffect/EX4/Black/EX4_046.cs
382	372	CardEffect/EX4/Black/EX4_047.cs
236	226	CardEffect/EX4/Black/EX4_048.cs
462	452	CardEffect/EX4/Black/EX4_049.cs
208	199	CardEffect/EX4/Black/EX4_050.cs
312	302	CardEffect/EX4/Black/EX4_051.cs
102	92	CardEffect/EX4/Black/EX4_069.cs
362	352	CardEffect/EX4/Black/EX4_073.cs
64	54	CardEffect/EX4/Blue/EX4_001.cs
148	138	CardEffect/EX4/Blue/EX4_014.cs
116	106	CardEffect/EX4/Blue/EX4_015.cs
156	146	CardEffect/EX4/Blue/EX4_016.cs
143	133	CardEffect/EX4/Blue/EX4_017.cs
	161	CardEffect/EX4/Blue/EX4_018.cs
137	127	CardEffect/EX4/Blue/EX4_019.cs
469	326	CardEffect/EX4/Blue/EX4_020.cs
342	332	CardEffect/EX4/Blue/EX4_021.cs
227	217	CardEffect/EX4/Blue/EX4_022.cs
297	287	CardEffect/EX4/Blue/EX4_061.cs
334	240	CardEffect/EX4/Blue/EX4_062.cs
369	359	CardEffect/EX4/Blue/EX4_066.cs
133	123	CardEffect/EX4/Blue/EX4_067.cs
78	68	CardEffect/EX4/Green/EX4_002.cs
167	157	CardEffect/EX4/Green/EX4_032.cs
198	188	CardEffect/EX4/Green/EX4_033.cs
167	157	CardEffect/EX4/Green/EX4_034.cs
	89	CardEffect/EX4/Green/EX4_035.cs
175	165	CardEffect/EX4/Green/EX4_036.cs
204	194	CardEffect/EX4/Green/EX4_037.cs
346	336	CardEffect/EX4/Green/EX4_063.cs
64	54	CardEffect/EX4/Purple/EX4_004.cs
145	135	CardEffect/EX4/Purple/EX4_052.cs
179	169	CardEffect/EX4/Purple/EX4_053.cs
123	113	CardEffect/EX4/Purple/EX4_054.cs
180	170	CardEffect/EX4/Purple/EX4_055.cs
154	144	CardEffect/EX4/Purple/EX4_056.cs
226	216	CardEffect/EX4/Purple/EX4_057.cs
252	242	CardEffect/EX4/Purple/EX4_058.cs
202	192	CardEffect/EX4/Purple/EX4_059.cs
106	96	CardEffect/EX4/Purple/EX4_064.cs
190	180	CardEffect/EX4/Purple/EX4_070.cs
	244	CardEffect/EX4/Purple/EX4_071.cs
181	171	CardEffect/EX4/Purple/EX4_074.cs
151	141	CardEffect/EX4/Red/EX4_005.cs
83	73	CardEffect/EX4/Red/EX4_006.cs
151	141	CardEffect/EX4/Red/EX4_007.cs
232	222	CardEffect/EX4/Red/EX4_008.cs
201	191	CardEffect/EX4/Red/EX4_009.cs
197	187	CardEffect/EX4/Red/EX4_010.cs
245	235	CardEffect/EX4/Red/EX4_011.cs
179	169	CardEffect/EX4/Red/EX4_012.cs
547	381	CardEffect/EX4/Red/EX4_013.cs
102	92	CardEffect/EX4/Red/EX4_065.cs
385	375	CardEffect/EX4/White/EX4_060.cs
257	247	CardEffect/EX4/White/EX4_072.cs
174	164	CardEffect/EX4/Yellow/EX4_023.cs
167	157	CardEffect/EX4/Yellow/EX4_024.cs
110	100	CardEffect/EX4/Yellow/EX4_025.cs
267	257	CardEffect/EX4/Yellow/EX4_026.cs
174	164	CardEffect/EX4/Yellow/EX4_027.cs
275	265	CardEffect/EX4/Yellow/EX4_028.cs
155	145	CardEffect/EX4/Yellow/EX4_029.cs
271	261	CardEffect/EX4/Yellow/EX4_030.cs
227	217	CardEffect/EX4/Yellow/EX4_031.cs
190	180	CardEffect/EX4/Yellow/EX4_068.cs
64	54	CardEffect/EX5/Black/EX5_005.cs
160	150	CardEffect/EX5/Black/EX5_044.cs
209	199	CardEffect/EX5/Black/EX5_045.cs
273	263	CardEffect/EX5/Black/EX5_046.cs
155	146	CardEffect/EX5/Black/EX5_047.cs
467	457	CardEffect/EX5/Black/EX5_048.cs
199	189	CardEffect/EX5/Black/EX5_049.cs
220	210	CardEffect/EX5/Black/EX5_050.cs
180	170	CardEffect/EX5/Black/EX5_051.cs
218	208	CardEffect/EX5/Black/EX5_052.cs
325	200	CardEffect/EX5/Black/EX5_053.cs
350	340	CardEffect/EX5/Black/EX5_054.cs
557	346	CardEffect/EX5/Black/EX5_055.cs
115	106	CardEffect/EX5/Blue/EX5_002.cs
346	336	CardEffect/EX5/Blue/EX5_015.cs
215	206	CardEffect/EX5/Blue/EX5_016.cs
251	242	CardEffect/EX5/Blue/EX5_017.cs
226	216	CardEffect/EX5/Blue/EX5_018.cs
271	261	CardEffect/EX5/Blue/EX5_019.cs
472	463	CardEffect/EX5/Blue/EX5_020.cs
234	225	CardEffect/EX5/Blue/EX5_021.cs
279	270	CardEffect/EX5/Blue/EX5_022.cs
250	240	CardEffect/EX5/Blue/EX5_023.cs
371	361	CardEffect/EX5/Blue/EX5_024.cs
319	309	CardEffect/EX5/Blue/EX5_025.cs
294	285	CardEffect/EX5/Blue/EX5_026.cs
335	326	CardEffect/EX5/Blue/EX5_065.cs
278	269	CardEffect/EX5/Blue/EX5_067.cs
38	29	CardEffect/EX5/Green/EX5_003.cs
58	49	CardEffect/EX5/Green/EX5_004.cs
98	88	CardEffect/EX5/Green/EX5_035.cs
42	32	CardEffect/EX5/Green/EX5_036.cs
218	209	CardEffect/EX5/Green/EX5_037.cs
221	212	CardEffect/EX5/Green/EX5_038.cs
201	191	CardEffect/EX5/Green/EX5_039.cs
213	204	CardEffect/EX5/Green/EX5_040.cs
282	273	CardEffect/EX5/Green/EX5_041.cs
237	227	CardEffect/EX5/Green/EX5_042.cs
612	603	CardEffect/EX5/Green/EX5_043.cs
75	66	CardEffect/EX5/Purple/EX5_006.cs
139	130	CardEffect/EX5/Purple/EX5_056.cs
199	190	CardEffect/EX5/Purple/EX5_057.cs
128	145	CardEffect/EX5/Purple/EX5_058.cs
96	86	CardEffect/EX5/Purple/EX5_058_token.cs
318	309	CardEffect/EX5/Purple/EX5_059.cs
406	397	CardEffect/EX5/Purple/EX5_060.cs
387	378	CardEffect/EX5/Purple/EX5_061.cs
594	585	CardEffect/EX5/Purple/EX5_062.cs
342	333	CardEffect/EX5/Purple/EX5_063.cs
261	252	CardEffect/EX5/Purple/EX5_069.cs
92	83	CardEffect/EX5/Red/EX5_001.cs
194	185	CardEffect/EX5/Red/EX5_007.cs
251	242	CardEffect/EX5/Red/EX5_008.cs
207	197	CardEffect/EX5/Red/EX5_009.cs
241	231	CardEffect/EX5/Red/EX5_010.cs
210	200	CardEffect/EX5/Red/EX5_011.cs
400	391	CardEffect/EX5/Red/EX5_012.cs
306	297	CardEffect/EX5/Red/EX5_013.cs
178	169	CardEffect/EX5/Red/EX5_014.cs
425	416	CardEffect/EX5/Red/EX5_064.cs
148	139	CardEffect/EX5/Red/EX5_066.cs
483	474	CardEffect/EX5/Red/EX5_073.cs
329	320	CardEffect/EX5/White/EX5_070.cs
232	223	CardEffect/EX5/White/EX5_071.cs
301	292	CardEffect/EX5/White/EX5_072.cs
201	192	CardEffect/EX5/Yellow/EX5_027.cs
196	187	CardEffect/EX5/Yellow/EX5_028.cs
237	228	CardEffect/EX5/Yellow/EX5_029.cs
182	173	CardEffect/EX5/Yellow/EX5_030.cs
157	148	CardEffect/EX5/Yellow/EX5_031.cs
206	197	CardEffect/EX5/Yellow/EX5_032.cs
349	340	CardEffect/EX5/Yellow/EX5_033.cs
334	325	CardEffect/EX5/Yellow/EX5_034.cs
287	278	CardEffect/EX5/Yellow/EX5_068.cs
385	376	CardEffect/EX5/Yellow/EX5_074.cs
	89	CardEffect/EX6/Black/EX6_005.cs
136	126	CardEffect/EX6/Black/EX6_036.cs
262	252	CardEffect/EX6/Black/EX6_037.cs
204	194	CardEffect/EX6/Black/EX6_038.cs
362	352	CardEffect/EX6/Black/EX6_039.cs
217	207	CardEffect/EX6/Black/EX6_040.cs
297	288	CardEffect/EX6/Black/EX6_041.cs
417	408	CardEffect/EX6/Black/EX6_042.cs
248	238	CardEffect/EX6/Black/EX6_043.cs
510	330	CardEffect/EX6/Black/EX6_044.cs
132	122	CardEffect/EX6/Blue/EX6_002.cs
43	33	CardEffect/EX6/Blue/EX6_012.cs
93	83	CardEffect/EX6/Blue/EX6_013.cs
470	460	CardEffect/EX6/Blue/EX6_014.cs
387	377	CardEffect/EX6/Blue/EX6_015.cs
206	196	CardEffect/EX6/Blue/EX6_066.cs
104	94	CardEffect/EX6/Green/EX6_004.cs
190	180	CardEffect/EX6/Green/EX6_032.cs
225	215	CardEffect/EX6/Green/EX6_033.cs
274	264	CardEffect/EX6/Green/EX6_034.cs
341	331	CardEffect/EX6/Green/EX6_035.cs
775	765	CardEffect/EX6/Purple/EX6_006.cs
190	180	CardEffect/EX6/Purple/EX6_045.cs
134	124	CardEffect/EX6/Purple/EX6_046.cs
157	147	CardEffect/EX6/Purple/EX6_047.cs
476	466	CardEffect/EX6/Purple/EX6_048.cs
257	247	CardEffect/EX6/Purple/EX6_049.cs
325	315	CardEffect/EX6/Purple/EX6_050.cs
481	471	CardEffect/EX6/Purple/EX6_051.cs
280	270	CardEffect/EX6/Purple/EX6_052.cs
365	355	CardEffect/EX6/Purple/EX6_053.cs
525	515	CardEffect/EX6/Purple/EX6_054.cs
310	300	CardEffect/EX6/Purple/EX6_055.cs
353	343	CardEffect/EX6/Purple/EX6_056.cs
490	480	CardEffect/EX6/Purple/EX6_057.cs
328	318	CardEffect/EX6/Purple/EX6_058.cs
300	290	CardEffect/EX6/Purple/EX6_059.cs
384	374	CardEffect/EX6/Purple/EX6_060.cs
320	310	CardEffect/EX6/Purple/EX6_061.cs
388	379	CardEffect/EX6/Purple/EX6_069.cs
	282	CardEffect/EX6/Purple/EX6_070.cs
	105	CardEffect/EX6/Purple/EX6_071.cs
473	463	CardEffect/EX6/Purple/EX6_073.cs
241	231	CardEffect/EX6/Purple/EX6_074.cs
110	65	CardEffect/EX6/Red/EX6_001.cs
222	212	CardEffect/EX6/Red/EX6_007.cs
217	207	CardEffect/EX6/Red/EX6_008.cs
265	255	CardEffect/EX6/Red/EX6_009.cs
348	338	CardEffect/EX6/Red/EX6_010.cs
604	357	CardEffect/EX6/Red/EX6_011.cs
383	373	CardEffect/EX6/Red/EX6_065.cs
302	292	CardEffect/EX6/White/EX6_062.cs
269	164	CardEffect/EX6/White/EX6_072.cs
132	122	CardEffect/EX6/Yellow/EX6_003.cs
155	145	CardEffect/EX6/Yellow/EX6_016.cs
126	117	CardEffect/EX6/Yellow/EX6_017.cs
412	403	CardEffect/EX6/Yellow/EX6_018.cs
85	75	CardEffect/EX6/Yellow/EX6_019.cs
252	242	CardEffect/EX6/Yellow/EX6_020.cs
422	412	CardEffect/EX6/Yellow/EX6_021.cs
332	322	CardEffect/EX6/Yellow/EX6_022.cs
470	460	CardEffect/EX6/Yellow/EX6_023.cs
511	501	CardEffect/EX6/Yellow/EX6_024.cs
506	496	CardEffect/EX6/Yellow/EX6_025.cs
434	424	CardEffect/EX6/Yellow/EX6_026.cs
407	397	CardEffect/EX6/Yellow/EX6_027.cs
226	216	CardEffect/EX6/Yellow/EX6_028.cs
598	588	CardEffect/EX6/Yellow/EX6_029.cs
279	270	CardEffect/EX6/Yellow/EX6_030.cs
613	603	CardEffect/EX6/Yellow/EX6_031.cs
279	269	CardEffect/EX6/Yellow/EX6_063.cs
237	227	CardEffect/EX6/Yellow/EX6_064.cs
158	148	CardEffect/EX6/Yellow/EX6_067.cs
248	238	CardEffect/EX6/Yellow/EX6_068.cs
68	58	CardEffect/EX7/Black/EX7_005.cs
67	57	CardEffect/EX7/Black/EX7_038.cs
115	105	CardEffect/EX7/Black/EX7_039.cs
122	112	CardEffect/EX7/Black/EX7_040.cs
101	91	CardEffect/EX7/Black/EX7_041.cs
188	178	CardEffect/EX7/Black/EX7_042.cs
272	263	CardEffect/EX7/Black/EX7_043.cs
229	219	CardEffect/EX7/Black/EX7_044.cs
132	122	CardEffect/EX7/Black/EX7_045.cs
169	159	CardEffect/EX7/Black/EX7_046.cs
290	280	CardEffect/EX7/Black/EX7_047.cs
249	240	CardEffect/EX7/Black/EX7_048.cs
290	280	CardEffect/EX7/Black/EX7_049.cs
262	252	CardEffect/EX7/Black/EX7_070.cs
64	54	CardEffect/EX7/Blue/EX7_002.cs
105	95	CardEffect/EX7/Blue/EX7_015.cs
172	162	CardEffect/EX7/Blue/EX7_016.cs
101	91	CardEffect/EX7/Blue/EX7_017.cs
126	116	CardEffect/EX7/Blue/EX7_018.cs
173	163	CardEffect/EX7/Blue/EX7_019.cs
163	153	CardEffect/EX7/Blue/EX7_020.cs
143	133	CardEffect/EX7/Blue/EX7_021.cs
195	185	CardEffect/EX7/Blue/EX7_022.cs
160	150	CardEffect/EX7/Blue/EX7_023.cs
175	165	CardEffect/EX7/Blue/EX7_067.cs
64	54	CardEffect/EX7/Green/EX7_004.cs
102	92	CardEffect/EX7/Green/EX7_031.cs
139	129	CardEffect/EX7/Green/EX7_032.cs
53	43	CardEffect/EX7/Green/EX7_033.cs
185	175	CardEffect/EX7/Green/EX7_034.cs
231	221	CardEffect/EX7/Green/EX7_035.cs
249	239	CardEffect/EX7/Green/EX7_036.cs
348	338	CardEffect/EX7/Green/EX7_037.cs
163	153	CardEffect/EX7/Green/EX7_064.cs
140	130	CardEffect/EX7/Green/EX7_069.cs
286	277	CardEffect/EX7/Green/EX7_074.cs
92	82	CardEffect/EX7/Purple/EX7_006.cs
105	95	CardEffect/EX7/Purple/EX7_050.cs
245	235	CardEffect/EX7/Purple/EX7_051.cs
199	189	CardEffect/EX7/Purple/EX7_052.cs
133	123	CardEffect/EX7/Purple/EX7_053.cs
347	337	CardEffect/EX7/Purple/EX7_054.cs
137	127	CardEffect/EX7/Purple/EX7_055.cs
184	174	CardEffect/EX7/Purple/EX7_056.cs
272	262	CardEffect/EX7/Purple/EX7_057.cs
702	481	CardEffect/EX7/Purple/EX7_058.cs
41	31	CardEffect/EX7/Purple/EX7_058_token.cs
424	415	CardEffect/EX7/Purple/EX7_059.cs
227	217	CardEffect/EX7/Purple/EX7_060.cs
337	327	CardEffect/EX7/Purple/EX7_061.cs
253	243	CardEffect/EX7/Purple/EX7_062.cs
199	189	CardEffect/EX7/Purple/EX7_065.cs
411	401	CardEffect/EX7/Purple/EX7_071.cs
453	296	CardEffect/EX7/Purple/EX7_072.cs
435	425	CardEffect/EX7/Purple/EX7_073.cs
47	37	CardEffect/EX7/Red/EX7_001.cs
123	113	CardEffect/EX7/Red/EX7_007.cs
139	129	CardEffect/EX7/Red/EX7_008.cs
249	239	CardEffect/EX7/Red/EX7_009.cs
280	184	CardEffect/EX7/Red/EX7_010.cs
417	407	CardEffect/EX7/Red/EX7_011.cs
159	149	CardEffect/EX7/Red/EX7_012.cs
427	418	CardEffect/EX7/Red/EX7_013.cs
510	318	CardEffect/EX7/Red/EX7_014.cs
309	299	CardEffect/EX7/Red/EX7_066.cs
49	39	CardEffect/EX7/Yellow/EX7_003.cs
88	78	CardEffect/EX7/Yellow/EX7_024.cs
128	118	CardEffect/EX7/Yellow/EX7_025.cs
176	166	CardEffect/EX7/Yellow/EX7_026.cs
204	194	CardEffect/EX7/Yellow/EX7_027.cs
193	183	CardEffect/EX7/Yellow/EX7_028.cs
316	306	CardEffect/EX7/Yellow/EX7_029.cs
173	163	CardEffect/EX7/Yellow/EX7_030.cs
88	78	CardEffect/EX7/Yellow/EX7_030_token.cs
157	147	CardEffect/EX7/Yellow/EX7_063.cs
114	104	CardEffect/EX7/Yellow/EX7_068.cs
63	53	CardEffect/EX8/Black/EX8_005.cs
94	84	CardEffect/EX8/Black/EX8_046.cs
144	134	CardEffect/EX8/Black/EX8_047.cs
157	147	CardEffect/EX8/Black/EX8_048.cs
145	135	CardEffect/EX8/Black/EX8_049.cs
171	161	CardEffect/EX8/Black/EX8_050.cs
	107	CardEffect/EX8/Black/EX8_051.cs
363	354	CardEffect/EX8/Black/EX8_052.cs
134	124	CardEffect/EX8/Black/EX8_053.cs
245	236	CardEffect/EX8/Black/EX8_054.cs
	278	CardEffect/EX8/Black/EX8_055.cs
150	141	CardEffect/EX8/Black/EX8_067.cs
174	165	CardEffect/EX8/Black/EX8_070.cs
55	45	CardEffect/EX8/Blue/EX8_002.cs
102	92	CardEffect/EX8/Blue/EX8_017.cs
151	141	CardEffect/EX8/Blue/EX8_018.cs
136	126	CardEffect/EX8/Blue/EX8_019.cs
83	73	CardEffect/EX8/Blue/EX8_020.cs
78	68	CardEffect/EX8/Blue/EX8_021.cs
254	244	CardEffect/EX8/Blue/EX8_022.cs
409	400	CardEffect/EX8/Blue/EX8_023.cs
315	305	CardEffect/EX8/Blue/EX8_024.cs
387	377	CardEffect/EX8/Blue/EX8_025.cs
427	250	CardEffect/EX8/Blue/EX8_026.cs
236	226	CardEffect/EX8/Blue/EX8_027.cs
531	342	CardEffect/EX8/Blue/EX8_028.cs
418	408	CardEffect/EX8/Blue/EX8_029.cs
135	126	CardEffect/EX8/Blue/EX8_066.cs
266	161	CardEffect/EX8/Blue/EX8_068.cs
78	68	CardEffect/EX8/Green/EX8_004.cs
103	93	CardEffect/EX8/Green/EX8_038.cs
128	118	CardEffect/EX8/Green/EX8_039.cs
164	154	CardEffect/EX8/Green/EX8_040.cs
209	199	CardEffect/EX8/Green/EX8_041.cs
116	106	CardEffect/EX8/Green/EX8_042.cs
346	336	CardEffect/EX8/Green/EX8_043.cs
273	263	CardEffect/EX8/Green/EX8_044.cs
275	265	CardEffect/EX8/Green/EX8_045.cs
186	176	CardEffect/EX8/Green/EX8_069.cs
720	443	CardEffect/EX8/Green/EX8_074.cs
127	117	CardEffect/EX8/Purple/EX8_006.cs
166	156	CardEffect/EX8/Purple/EX8_056.cs
172	162	CardEffect/EX8/Purple/EX8_057.cs
150	140	CardEffect/EX8/Purple/EX8_058.cs
699	454	CardEffect/EX8/Purple/EX8_059.cs
330	320	CardEffect/EX8/Purple/EX8_060.cs
390	231	CardEffect/EX8/Purple/EX8_061.cs
317	307	CardEffect/EX8/Purple/EX8_062.cs
384	374	CardEffect/EX8/Purple/EX8_063.cs
433	423	CardEffect/EX8/Purple/EX8_064.cs
191	181	CardEffect/EX8/Purple/EX8_071.cs
300	183	CardEffect/EX8/Purple/EX8_072.cs
98	88	CardEffect/EX8/Red/EX8_001.cs
135	125	CardEffect/EX8/Red/EX8_007.cs
104	94	CardEffect/EX8/Red/EX8_008.cs
219	209	CardEffect/EX8/Red/EX8_009.cs
209	199	CardEffect/EX8/Red/EX8_010.cs
169	159	CardEffect/EX8/Red/EX8_011.cs
263	253	CardEffect/EX8/Red/EX8_012.cs
52	42	CardEffect/EX8/Red/EX8_013.cs
345	335	CardEffect/EX8/Red/EX8_014.cs
164	154	CardEffect/EX8/Red/EX8_015.cs
273	263	CardEffect/EX8/Red/EX8_016.cs
176	166	CardEffect/EX8/Red/EX8_065.cs
458	448	CardEffect/EX8/Red/EX8_073.cs
98	88	CardEffect/EX8/Yellow/EX8_003.cs
138	85	CardEffect/EX8/Yellow/EX8_030.cs
304	294	CardEffect/EX8/Yellow/EX8_031.cs
110	100	CardEffect/EX8/Yellow/EX8_032.cs
376	366	CardEffect/EX8/Yellow/EX8_033.cs
265	255	CardEffect/EX8/Yellow/EX8_034.cs
175	165	CardEffect/EX8/Yellow/EX8_035.cs
225	215	CardEffect/EX8/Yellow/EX8_036.cs
400	228	CardEffect/EX8/Yellow/EX8_037.cs
31	21	CardEffect/EX8/Yellow/EX8_037_token.cs
369	359	CardEffect/EX9/Black/EX9_005.cs
110	100	CardEffect/EX9/Black/EX9_046.cs
178	168	CardEffect/EX9/Black/EX9_047.cs
98	88	CardEffect/EX9/Black/EX9_048.cs
180	170	CardEffect/EX9/Black/EX9_049.cs
179	169	CardEffect/EX9/Black/EX9_050.cs
196	186	CardEffect/EX9/Black/EX9_051.cs
248	238	CardEffect/EX9/Black/EX9_052.cs
270	260	CardEffect/EX9/Black/EX9_053.cs
292	282	CardEffect/EX9/Black/EX9_054.cs
525	515	CardEffect/EX9/Black/EX9_055.cs
303	294	CardEffect/EX9/Black/EX9_056.cs
407	398	CardEffect/EX9/Black/EX9_057.cs
160	150	CardEffect/EX9/Black/EX9_068.cs
774	764	CardEffect/EX9/Black/EX9_073.cs
104	94	CardEffect/EX9/Blue/EX9_002.cs
188	178	CardEffect/EX9/Blue/EX9_014.cs
132	122	CardEffect/EX9/Blue/EX9_015.cs
65	55	CardEffect/EX9/Blue/EX9_016.cs
260	250	CardEffect/EX9/Blue/EX9_017.cs
638	628	CardEffect/EX9/Blue/EX9_018.cs
418	408	CardEffect/EX9/Blue/EX9_019.cs
260	250	CardEffect/EX9/Blue/EX9_020.cs
347	337	CardEffect/EX9/Blue/EX9_021.cs
191	181	CardEffect/EX9/Blue/EX9_071.cs
84	74	CardEffect/EX9/Green/EX9_004.cs
62	52	CardEffect/EX9/Green/EX9_034.cs
211	201	CardEffect/EX9/Green/EX9_035.cs
191	181	CardEffect/EX9/Green/EX9_036.cs
257	248	CardEffect/EX9/Green/EX9_037.cs
206	197	CardEffect/EX9/Green/EX9_038.cs
444	434	CardEffect/EX9/Green/EX9_039.cs
108	98	CardEffect/EX9/Green/EX9_040.cs
464	454	CardEffect/EX9/Green/EX9_041.cs
328	318	CardEffect/EX9/Green/EX9_042.cs
389	379	CardEffect/EX9/Green/EX9_043.cs
504	494	CardEffect/EX9/Green/EX9_044.cs
295	285	CardEffect/EX9/Green/EX9_045.cs
101	91	CardEffect/EX9/Purple/EX9_006.cs
157	147	CardEffect/EX9/Purple/EX9_058.cs
299	289	CardEffect/EX9/Purple/EX9_059.cs
257	248	CardEffect/EX9/Purple/EX9_060.cs
130	120	CardEffect/EX9/Purple/EX9_061.cs
529	357	CardEffect/EX9/Purple/EX9_062.cs
375	366	CardEffect/EX9/Purple/EX9_063.cs
443	433	CardEffect/EX9/Purple/EX9_064.cs
266	256	CardEffect/EX9/Purple/EX9_065.cs
95	86	CardEffect/EX9/Red/EX9_001.cs
191	181	CardEffect/EX9/Red/EX9_007.cs
87	54	CardEffect/EX9/Red/EX9_008.cs
129	119	CardEffect/EX9/Red/EX9_009.cs
287	277	CardEffect/EX9/Red/EX9_010.cs
562	553	CardEffect/EX9/Red/EX9_011.cs
278	268	CardEffect/EX9/Red/EX9_012.cs
363	353	CardEffect/EX9/Red/EX9_013.cs
173	163	CardEffect/EX9/Red/EX9_066.cs
248	238	CardEffect/EX9/Red/EX9_070.cs
234	225	CardEffect/EX9/White/EX9_069.cs
207	198	CardEffect/EX9/White/EX9_072.cs
811	539	CardEffect/EX9/White/EX9_074.cs
181	171	CardEffect/EX9/Yellow/EX9_003.cs
72	62	CardEffect/EX9/Yellow/EX9_022.cs
179	169	CardEffect/EX9/Yellow/EX9_023.cs
252	242	CardEffect/EX9/Yellow/EX9_024.cs
167	157	CardEffect/EX9/Yellow/EX9_025.cs
229	219	CardEffect/EX9/Yellow/EX9_026.cs
350	340	CardEffect/EX9/Yellow/EX9_027.cs
201	191	CardEffect/EX9/Yellow/EX9_028.cs
271	261	CardEffect/EX9/Yellow/EX9_029.cs
410	400	CardEffect/EX9/Yellow/EX9_030.cs
352	342	CardEffect/EX9/Yellow/EX9_031.cs
336	327	CardEffect/EX9/Yellow/EX9_032.cs
277	268	CardEffect/EX9/Yellow/EX9_033.cs
190	181	CardEffect/EX9/Yellow/EX9_067.cs
138	128	CardEffect/LM/Black/LM_014.cs
116	106	CardEffect/LM/Black/LM_015.cs
327	317	CardEffect/LM/Black/LM_025.cs
345	335	CardEffect/LM/Black/LM_031.cs
160	150	CardEffect/LM/Black/LM_037.cs
245	235	CardEffect/LM/Black/LM_043.cs
135	125	CardEffect/LM/Black/LM_049.cs
135	126	CardEffect/LM/Black/LM_053.cs
213	204	CardEffect/LM/Black/LM_061.cs
95	85	CardEffect/LM/Blue/LM_002.cs
175	165	CardEffect/LM/Blue/LM_003.cs
296	287	CardEffect/LM/Blue/LM_004.cs
374	364	CardEffect/LM/Blue/LM_005.cs
360	350	CardEffect/LM/Blue/LM_006.cs
202	192	CardEffect/LM/Blue/LM_022.cs
345	335	CardEffect/LM/Blue/LM_028.cs
160	150	CardEffect/LM/Blue/LM_034.cs
154	144	CardEffect/LM/Blue/LM_040.cs
392	383	CardEffect/LM/Blue/LM_041.cs
176	125	CardEffect/LM/Blue/LM_046.cs
135	126	CardEffect/LM/Blue/LM_052.cs
213	204	CardEffect/LM/Blue/LM_058.cs
101	91	CardEffect/LM/Green/LM_008.cs
265	255	CardEffect/LM/Green/LM_009.cs
138	128	CardEffect/LM/Green/LM_010.cs
249	239	CardEffect/LM/Green/LM_011.cs
274	265	CardEffect/LM/Green/LM_012.cs
334	324	CardEffect/LM/Green/LM_013.cs
401	391	CardEffect/LM/Green/LM_024.cs
345	335	CardEffect/LM/Green/LM_030.cs
160	150	CardEffect/LM/Green/LM_036.cs
413	403	CardEffect/LM/Green/LM_042.cs
135	125	CardEffect/LM/Green/LM_048.cs
213	204	CardEffect/LM/Green/LM_055.cs
213	204	CardEffect/LM/Green/LM_060.cs
200	190	CardEffect/LM/Purple/LM_016.cs
457	447	CardEffect/LM/Purple/LM_017.cs
167	98	CardEffect/LM/Purple/LM_018.cs
328	318	CardEffect/LM/Purple/LM_026.cs
345	335	CardEffect/LM/Purple/LM_032.cs
160	150	CardEffect/LM/Purple/LM_038.cs
141	132	CardEffect/LM/Purple/LM_044.cs
135	125	CardEffect/LM/Purple/LM_050.cs
213	204	CardEffect/LM/Purple/LM_056.cs
213	204	CardEffect/LM/Purple/LM_062.cs
385	375	CardEffect/LM/Red/LM_001.cs
257	247	CardEffect/LM/Red/LM_021.cs
345	335	CardEffect/LM/Red/LM_027.cs
160	150	CardEffect/LM/Red/LM_033.cs
304	294	CardEffect/LM/Red/LM_039.cs
135	125	CardEffect/LM/Red/LM_045.cs
135	126	CardEffect/LM/Red/LM_051.cs
213	204	CardEffect/LM/Red/LM_057.cs
182	172	CardEffect/LM/White/LM_019.cs
71	61	CardEffect/LM/Yellow/LM_007.cs
310	300	CardEffect/LM/Yellow/LM_020.cs
344	334	CardEffect/LM/Yellow/LM_023.cs
345	335	CardEffect/LM/Yellow/LM_029.cs
160	150	CardEffect/LM/Yellow/LM_035.cs
199	125	CardEffect/LM/Yellow/LM_047.cs
364	204	CardEffect/LM/Yellow/LM_054.cs
213	204	CardEffect/LM/Yellow/LM_059.cs
119	110	CardEffect/P/Black/P_015.cs
51	42	CardEffect/P/Black/P_016.cs
64	55	CardEffect/P/Black/P_026.cs
121	112	CardEffect/P/Black/P_033.cs
110	101	CardEffect/P/Black/P_039.cs
119	110	CardEffect/P/Black/P_045.cs
179	170	CardEffect/P/Black/P_070.cs
149	140	CardEffect/P/Black/P_076.cs
73	64	CardEffect/P/Black/P_078.cs
369	360	CardEffect/P/Black/P_094.cs
294	285	CardEffect/P/Black/P_101.cs
178	169	CardEffect/P/Black/P_107.cs
204	195	CardEffect/P/Black/P_114.cs
184	175	CardEffect/P/Black/P_121.cs
253	244	CardEffect/P/Black/P_128.cs
210	200	CardEffect/P/Black/P_141.cs
179	169	CardEffect/P/Black/P_144.cs
128	118	CardEffect/P/Black/P_154.cs
59	49	CardEffect/P/Black/P_157.cs
254	244	CardEffect/P/Black/P_159.cs
258	248	CardEffect/P/Black/P_162.cs
416	406	CardEffect/P/Black/P_167.cs
209	199	CardEffect/P/Black/P_169.cs
520	510	CardEffect/P/Black/P_174.cs
101	91	CardEffect/P/Black/P_176.cs
291	282	CardEffect/P/Black/P_179.cs
281	271	CardEffect/P/Black/P_183.cs
136	126	CardEffect/P/Black/P_184.cs
410	400	CardEffect/P/Black/P_203.cs
200	191	CardEffect/P/Black/P_204.cs
118	108	CardEffect/P/Black/P_211.cs
291	282	CardEffect/P/Black/P_216.cs
406	397	CardEffect/P/Black/P_224.cs
211	202	CardEffect/P/Black/P_231.cs
343	207	CardEffect/P/Black/P_234.cs
86	76	CardEffect/P/Blue/P_003.cs
	57	CardEffect/P/Blue/P_007.cs
	76	CardEffect/P/Blue/P_008.cs
162	153	CardEffect/P/Blue/P_011.cs
133	124	CardEffect/P/Blue/P_012.cs
	374	CardEffect/P/Blue/P_022.cs
154	145	CardEffect/P/Blue/P_030.cs
111	102	CardEffect/P/Blue/P_036.cs
79	69	CardEffect/P/Blue/P_042.cs
159	150	CardEffect/P/Blue/P_047.cs
133	185	CardEffect/P/Blue/P_048.cs
89	80	CardEffect/P/Blue/P_051.cs
195	186	CardEffect/P/Blue/P_052.cs
69	60	CardEffect/P/Blue/P_061.cs
92	83	CardEffect/P/Blue/P_064.cs
	96	CardEffect/P/Blue/P_067.cs
393	384	CardEffect/P/Blue/P_073.cs
115	106	CardEffect/P/Blue/P_086.cs
317	308	CardEffect/P/Blue/P_089.cs
162	153	CardEffect/P/Blue/P_092.cs
126	308	CardEffect/P/Blue/P_098.cs
173	164	CardEffect/P/Blue/P_104.cs
176	167	CardEffect/P/Blue/P_109.cs
219	210	CardEffect/P/Blue/P_117.cs
254	245	CardEffect/P/Blue/P_124.cs
244	234	CardEffect/P/Blue/P_138.cs
64	54	CardEffect/P/Blue/P_148.cs
311	301	CardEffect/P/Blue/P_161.cs
262	252	CardEffect/P/Blue/P_164.cs
190	180	CardEffect/P/Blue/P_168.cs
542	533	CardEffect/P/Blue/P_171.cs
88	78	CardEffect/P/Blue/P_188.cs
127	117	CardEffect/P/Blue/P_190.cs
126	116	CardEffect/P/Blue/P_196.cs
408	399	CardEffect/P/Blue/P_214.cs
326	317	CardEffect/P/Blue/P_215.cs
210	201	CardEffect/P/Blue/P_228.cs
148	139	CardEffect/P/Blue/P_233.cs
182	173	CardEffect/P/Green/P_021.cs
91	82	CardEffect/P/Green/P_025.cs
103	94	CardEffect/P/Green/P_032.cs
111	102	CardEffect/P/Green/P_038.cs
129	120	CardEffect/P/Green/P_044.cs
137	128	CardEffect/P/Green/P_055.cs
369	360	CardEffect/P/Green/P_056.cs
69	60	CardEffect/P/Green/P_057.cs
70	61	CardEffect/P/Green/P_060.cs
92	83	CardEffect/P/Green/P_063.cs
	121	CardEffect/P/Green/P_069.cs
174	165	CardEffect/P/Green/P_075.cs
87	78	CardEffect/P/Green/P_082.cs
102	93	CardEffect/P/Green/P_083.cs
153	144	CardEffect/P/Green/P_090.cs
220	211	CardEffect/P/Green/P_093.cs
200	191	CardEffect/P/Green/P_100.cs
172	163	CardEffect/P/Green/P_106.cs
294	285	CardEffect/P/Green/P_112.cs
165	156	CardEffect/P/Green/P_113.cs
184	175	CardEffect/P/Green/P_118.cs
253	244	CardEffect/P/Green/P_125.cs
101	91	CardEffect/P/Green/P_131.cs
144	134	CardEffect/P/Green/P_132.cs
172	162	CardEffect/P/Green/P_133.cs
152	142	CardEffect/P/Green/P_140.cs
80	70	CardEffect/P/Green/P_143.cs
209	199	CardEffect/P/Green/P_150.cs
153	143	CardEffect/P/Green/P_163.cs
201	191	CardEffect/P/Green/P_166.cs
151	141	CardEffect/P/Green/P_173.cs
215	205	CardEffect/P/Green/P_181.cs
229	219	CardEffect/P/Green/P_185.cs
225	215	CardEffect/P/Green/P_200.cs
244	234	CardEffect/P/Green/P_201.cs
179	169	CardEffect/P/Green/P_202.cs
224	214	CardEffect/P/Green/P_208.cs
415	406	CardEffect/P/Green/P_222.cs
210	201	CardEffect/P/Green/P_230.cs
105	96	CardEffect/P/Green/P_236.cs
292	282	CardEffect/P/Green/P_237.cs
62	53	CardEffect/P/Purple/P_017.cs
124	115	CardEffect/P/Purple/P_020.cs
108	99	CardEffect/P/Purple/P_027.cs
123	114	CardEffect/P/Purple/P_034.cs
111	102	CardEffect/P/Purple/P_040.cs
72	63	CardEffect/P/Purple/P_046.cs
172	163	CardEffect/P/Purple/P_071.cs
125	116	CardEffect/P/Purple/P_077.cs
101	92	CardEffect/P/Purple/P_080.cs
100	91	CardEffect/P/Purple/P_085.cs
500	491	CardEffect/P/Purple/P_096.cs
438	429	CardEffect/P/Purple/P_102.cs
173	164	CardEffect/P/Purple/P_108.cs
270	261	CardEffect/P/Purple/P_115.cs
239	229	CardEffect/P/Purple/P_142.cs
270	260	CardEffect/P/Purple/P_145.cs
125	115	CardEffect/P/Purple/P_149.cs
78	68	CardEffect/P/Purple/P_177.cs
526	516	CardEffect/P/Purple/P_187.cs
206	196	CardEffect/P/Purple/P_192.cs
274	265	CardEffect/P/Purple/P_193.cs
258	121	CardEffect/P/Purple/P_198.cs
244	234	CardEffect/P/Purple/P_205.cs
293	284	CardEffect/P/Purple/P_209.cs
121	112	CardEffect/P/Purple/P_212.cs
327	318	CardEffect/P/Purple/P_219.cs
676	461	CardEffect/P/Purple/P_223.cs
237	228	CardEffect/P/Purple/P_232.cs
170	160	CardEffect/P/Purple/P_238.cs
95	86	CardEffect/P/Red/P_001.cs
80	71	CardEffect/P/Red/P_002.cs
46	37	CardEffect/P/Red/P_009.cs
47	38	CardEffect/P/Red/P_010.cs
157	148	CardEffect/P/Red/P_024.cs
152	143	CardEffect/P/Red/P_029.cs
111	102	CardEffect/P/Red/P_035.cs
61	52	CardEffect/P/Red/P_041.cs
112	103	CardEffect/P/Red/P_049.cs
167	158	CardEffect/P/Red/P_050.cs
89	80	CardEffect/P/Red/P_058.cs
51	42	CardEffect/P/Red/P_059.cs
100	91	CardEffect/P/Red/P_062.cs
165	156	CardEffect/P/Red/P_065.cs
158	149	CardEffect/P/Red/P_066.cs
335	326	CardEffect/P/Red/P_072.cs
98	89	CardEffect/P/Red/P_079.cs
212	203	CardEffect/P/Red/P_088.cs
122	112	CardEffect/P/Red/P_091.cs
155	146	CardEffect/P/Red/P_097.cs
169	160	CardEffect/P/Red/P_103.cs
225	216	CardEffect/P/Red/P_110.cs
196	187	CardEffect/P/Red/P_119.cs
253	244	CardEffect/P/Red/P_126.cs
113	103	CardEffect/P/Red/P_137.cs
	323	CardEffect/P/Red/P_152.cs
210	200	CardEffect/P/Red/P_155.cs
121	111	CardEffect/P/Red/P_160.cs
482	472	CardEffect/P/Red/P_170.cs
148	138	CardEffect/P/Red/P_178.cs
211	202	CardEffect/P/Red/P_180.cs
197	188	CardEffect/P/Red/P_182.cs
240	230	CardEffect/P/Red/P_186.cs
226	216	CardEffect/P/Red/P_189.cs
369	359	CardEffect/P/Red/P_199.cs
107	97	CardEffect/P/Red/P_210.cs
139	129	CardEffect/P/Red/P_213.cs
149	140	CardEffect/P/Red/P_217.cs
459	450	CardEffect/P/Red/P_220.cs
212	203	CardEffect/P/Red/P_227.cs
141	132	CardEffect/P/White/P_116.cs
98	89	CardEffect/P/White/P_123.cs
124	115	CardEffect/P/White/P_130.cs
160	150	CardEffect/P/White/P_151.cs
311	301	CardEffect/P/White/P_156.cs
189	179	CardEffect/P/White/P_158.cs
150	140	CardEffect/P/White/P_175.cs
399	390	CardEffect/P/White/P_206.cs
203	193	CardEffect/P/White/P_225.cs
70	61	CardEffect/P/Yellow/P_005.cs
47	38	CardEffect/P/Yellow/P_006.cs
142	133	CardEffect/P/Yellow/P_023.cs
81	72	CardEffect/P/Yellow/P_028.cs
89	80	CardEffect/P/Yellow/P_031.cs
110	101	CardEffect/P/Yellow/P_037.cs
181	172	CardEffect/P/Yellow/P_043.cs
172	163	CardEffect/P/Yellow/P_053.cs
109	100	CardEffect/P/Yellow/P_054.cs
	129	CardEffect/P/Yellow/P_068.cs
351	342	CardEffect/P/Yellow/P_074.cs
102	93	CardEffect/P/Yellow/P_081.cs
105	96	CardEffect/P/Yellow/P_084.cs
101	92	CardEffect/P/Yellow/P_087.cs
212	203	CardEffect/P/Yellow/P_095.cs
258	249	CardEffect/P/Yellow/P_099.cs
172	163	CardEffect/P/Yellow/P_105.cs
329	320	CardEffect/P/Yellow/P_111.cs
59	50	CardEffect/P/Yellow/P_120.cs
148	139	CardEffect/P/Yellow/P_122.cs
253	244	CardEffect/P/Yellow/P_127.cs
252	243	CardEffect/P/Yellow/P_129.cs
150	140	CardEffect/P/Yellow/P_134.cs
187	177	CardEffect/P/Yellow/P_135.cs
174	164	CardEffect/P/Yellow/P_136.cs
253	243	CardEffect/P/Yellow/P_139.cs
287	278	CardEffect/P/Yellow/P_146.cs
	260	CardEffect/P/Yellow/P_147.cs
239	229	CardEffect/P/Yellow/P_153.cs
187	101	CardEffect/P/Yellow/P_165.cs
132	122	CardEffect/P/Yellow/P_165_token.cs
574	564	CardEffect/P/Yellow/P_172.cs
	522	CardEffect/P/Yellow/P_191.cs
62	52	CardEffect/P/Yellow/P_194.cs
260	250	CardEffect/P/Yellow/P_195.cs
167	157	CardEffect/P/Yellow/P_197.cs
236	227	CardEffect/P/Yellow/P_207.cs
148	139	CardEffect/P/Yellow/P_218.cs
243	234	CardEffect/P/Yellow/P_221.cs
210	201	CardEffect/P/Yellow/P_229.cs
105	96	CardEffect/P/Yellow/P_235.cs
44	35	CardEffect/RB1/Black/RB1_026.cs
239	230	CardEffect/RB1/Black/RB1_027.cs
149	139	CardEffect/RB1/Blue/RB1_002.cs
154	145	CardEffect/RB1/Blue/RB1_011.cs
41	32	CardEffect/RB1/Blue/RB1_012.cs
171	162	CardEffect/RB1/Blue/RB1_013.cs
304	295	CardEffect/RB1/Blue/RB1_014.cs
277	268	CardEffect/RB1/Blue/RB1_015.cs
495	486	CardEffect/RB1/Blue/RB1_016.cs
200	190	CardEffect/RB1/Blue/RB1_033.cs
113	104	CardEffect/RB1/Green/RB1_003.cs
110	101	CardEffect/RB1/Green/RB1_020.cs
37	28	CardEffect/RB1/Green/RB1_021.cs
127	118	CardEffect/RB1/Green/RB1_022.cs
247	238	CardEffect/RB1/Green/RB1_023.cs
145	136	CardEffect/RB1/Green/RB1_024.cs
285	276	CardEffect/RB1/Green/RB1_025.cs
256	247	CardEffect/RB1/Green/RB1_034.cs
113	104	CardEffect/RB1/Purple/RB1_028.cs
208	199	CardEffect/RB1/Purple/RB1_029.cs
	344	CardEffect/RB1/Purple/RB1_030.cs
382	373	CardEffect/RB1/Purple/RB1_031.cs
110	101	CardEffect/RB1/Red/RB1_005.cs
124	114	CardEffect/RB1/Red/RB1_008.cs
169	159	CardEffect/RB1/Red/RB1_009.cs
216	207	CardEffect/RB1/Red/RB1_010.cs
261	252	CardEffect/RB1/Red/RB1_032.cs
370	360	CardEffect/RB1/Red/RB1_036.cs
144	135	CardEffect/RB1/White/RB1_035.cs
114	105	CardEffect/RB1/Yellow/RB1_017.cs
317	308	CardEffect/RB1/Yellow/RB1_018.cs
	345	CardEffect/RB1/Yellow/RB1_019.cs
20	35	CardEffect/ST1/Red/ST1_01.cs
19	36	CardEffect/ST1/Red/ST1_03.cs
32	54	CardEffect/ST1/Red/ST1_06.cs
19	22	CardEffect/ST1/Red/ST1_07.cs
57	91	CardEffect/ST1/Red/ST1_08.cs
38	67	CardEffect/ST1/Red/ST1_09.cs
26	46	CardEffect/ST1/Red/ST1_11.cs
22	57	CardEffect/ST1/Red/ST1_12.cs
57	107	CardEffect/ST1/Red/ST1_13.cs
41	71	CardEffect/ST1/Red/ST1_14.cs
46	89	CardEffect/ST1/Red/ST1_15.cs
39	70	CardEffect/ST1/Red/ST1_16.cs
95	86	CardEffect/ST10/Purple/ST10_01.cs
47	38	CardEffect/ST10/Purple/ST10_07.cs
101	92	CardEffect/ST10/Purple/ST10_08.cs
123	114	CardEffect/ST10/Purple/ST10_09.cs
98	89	CardEffect/ST10/Purple/ST10_11.cs
245	236	CardEffect/ST10/Purple/ST10_12.cs
113	103	CardEffect/ST10/Purple/ST10_13.cs
109	99	CardEffect/ST10/Purple/ST10_15.cs
239	230	CardEffect/ST10/Yellow/ST10_04.cs
121	112	CardEffect/ST10/Yellow/ST10_05.cs
413	404	CardEffect/ST10/Yellow/ST10_06.cs
244	235	CardEffect/ST10/Yellow/ST10_14.cs
226	217	CardEffect/ST12/Black/ST12_11.cs
120	111	CardEffect/ST12/Black/ST12_16.cs
44	35	CardEffect/ST12/Red/ST12_01.cs
93	83	CardEffect/ST12/Red/ST12_04.cs
49	39	CardEffect/ST12/Red/ST12_06.cs
260	251	CardEffect/ST12/Red/ST12_08.cs
35	26	CardEffect/ST12/Red/ST12_09.cs
172	163	CardEffect/ST12/Red/ST12_10.cs
140	131	CardEffect/ST12/Red/ST12_14.cs
271	262	CardEffect/ST12/Red/ST12_15.cs
147	138	CardEffect/ST12/White/ST12_12.cs
125	116	CardEffect/ST12/White/ST12_13.cs
90	81	CardEffect/ST13/Black/ST13_01.cs
209	200	CardEffect/ST13/Black/ST13_09.cs
181	172	CardEffect/ST13/Black/ST13_11.cs
147	138	CardEffect/ST13/Black/ST13_13.cs
233	224	CardEffect/ST13/Black/ST13_14.cs
218	209	CardEffect/ST13/Black/ST13_16.cs
261	252	CardEffect/ST13/Red/ST13_02.cs
233	224	CardEffect/ST13/Red/ST13_03.cs
155	146	CardEffect/ST13/Red/ST13_04.cs
202	193	CardEffect/ST13/Red/ST13_05.cs
448	325	CardEffect/ST13/Red/ST13_06.cs
117	108	CardEffect/ST13/Red/ST13_15.cs
65	56	CardEffect/ST14/Purple/ST14_01.cs
161	152	CardEffect/ST14/Purple/ST14_02.cs
97	88	CardEffect/ST14/Purple/ST14_03.cs
63	54	CardEffect/ST14/Purple/ST14_05.cs
86	77	CardEffect/ST14/Purple/ST14_06.cs
222	213	CardEffect/ST14/Purple/ST14_07.cs
145	136	CardEffect/ST14/Purple/ST14_08.cs
265	256	CardEffect/ST14/Purple/ST14_09.cs
159	150	CardEffect/ST14/Purple/ST14_10.cs
193	184	CardEffect/ST14/Purple/ST14_11.cs
246	237	CardEffect/ST14/Purple/ST14_12.cs
68	59	CardEffect/ST15/Black/ST15_01.cs
88	117	CardEffect/ST15/Black/ST15_02.cs
74	65	CardEffect/ST15/Black/ST15_04.cs
71	62	CardEffect/ST15/Black/ST15_05.cs
274	265	CardEffect/ST15/Black/ST15_08.cs
98	89	CardEffect/ST15/Black/ST15_09.cs
97	88	CardEffect/ST15/Black/ST15_10.cs
46	37	CardEffect/ST15/Black/ST15_11.cs
92	83	CardEffect/ST15/Black/ST15_12.cs
102	93	CardEffect/ST15/Black/ST15_13.cs
113	104	CardEffect/ST15/Black/ST15_14.cs
199	190	CardEffect/ST15/Black/ST15_15.cs
254	245	CardEffect/ST15/Black/ST15_16.cs
66	57	CardEffect/ST16/Purple/ST16_01.cs
91	82	CardEffect/ST16/Purple/ST16_02.cs
137	128	CardEffect/ST16/Purple/ST16_03.cs
75	65	CardEffect/ST16/Purple/ST16_05.cs
58	49	CardEffect/ST16/Purple/ST16_07.cs
343	334	CardEffect/ST16/Purple/ST16_08.cs
128	118	CardEffect/ST16/Purple/ST16_09.cs
35	25	CardEffect/ST16/Purple/ST16_10.cs
237	228	CardEffect/ST16/Purple/ST16_11.cs
234	225	CardEffect/ST16/Purple/ST16_12.cs
211	202	CardEffect/ST16/Purple/ST16_13.cs
52	88	CardEffect/ST16/Purple/ST16_14.cs
226	217	CardEffect/ST16/Purple/ST16_15.cs
92	83	CardEffect/ST16/Purple/ST16_16.cs
546	320	CardEffect/ST17/Blue/ST17_13.cs
69	59	CardEffect/ST17/Green/ST17_01.cs
231	221	CardEffect/ST17/Green/ST17_02.cs
143	134	CardEffect/ST17/Green/ST17_03.cs
369	360	CardEffect/ST17/Green/ST17_04.cs
139	130	CardEffect/ST17/Green/ST17_05.cs
154	144	CardEffect/ST17/Green/ST17_06.cs
327	317	CardEffect/ST17/Green/ST17_07.cs
531	359	CardEffect/ST17/Green/ST17_08.cs
275	265	CardEffect/ST17/Green/ST17_09.cs
338	328	CardEffect/ST17/Green/ST17_10.cs
278	268	CardEffect/ST17/Green/ST17_11.cs
164	154	CardEffect/ST17/Green/ST17_12.cs
83	73	CardEffect/ST18/Green/ST18_01.cs
32	22	CardEffect/ST18/Green/ST18_02.cs
79	69	CardEffect/ST18/Green/ST18_03.cs
110	100	CardEffect/ST18/Green/ST18_04.cs
114	104	CardEffect/ST18/Green/ST18_05.cs
132	122	CardEffect/ST18/Green/ST18_06.cs
47	37	CardEffect/ST18/Green/ST18_07.cs
194	185	CardEffect/ST18/Green/ST18_08.cs
113	103	CardEffect/ST18/Green/ST18_09.cs
308	298	CardEffect/ST18/Green/ST18_10.cs
117	107	CardEffect/ST18/Green/ST18_11.cs
174	164	CardEffect/ST18/Green/ST18_12.cs
149	139	CardEffect/ST18/Green/ST18_13.cs
153	143	CardEffect/ST18/Green/ST18_14.cs
199	189	CardEffect/ST18/Green/ST18_15.cs
100	90	CardEffect/ST19/Black/ST19_05.cs
60	50	CardEffect/ST19/Yellow/ST19_01.cs
58	48	CardEffect/ST19/Yellow/ST19_02.cs
116	106	CardEffect/ST19/Yellow/ST19_03.cs
97	87	CardEffect/ST19/Yellow/ST19_04.cs
157	147	CardEffect/ST19/Yellow/ST19_06.cs
41	31	CardEffect/ST19/Yellow/ST19_07.cs
201	192	CardEffect/ST19/Yellow/ST19_08.cs
112	102	CardEffect/ST19/Yellow/ST19_09.cs
121	111	CardEffect/ST19/Yellow/ST19_10.cs
245	235	CardEffect/ST19/Yellow/ST19_11.cs
81	71	CardEffect/ST19/Yellow/ST19_12.cs
225	215	CardEffect/ST19/Yellow/ST19_13.cs
133	123	CardEffect/ST19/Yellow/ST19_14.cs
105	95	CardEffect/ST19/Yellow/ST19_15.cs
56	52	CardEffect/ST2/Blue/ST2_01.cs
68	99	CardEffect/ST2/Blue/ST2_03.cs
56	93	CardEffect/ST2/Blue/ST2_06.cs
32	38	CardEffect/ST2/Blue/ST2_08.cs
71	96	CardEffect/ST2/Blue/ST2_09.cs
36	56	CardEffect/ST2/Blue/ST2_11.cs
34	75	CardEffect/ST2/Blue/ST2_12.cs
38	62	CardEffect/ST2/Blue/ST2_13.cs
98	170	CardEffect/ST2/Blue/ST2_14.cs
60	152	CardEffect/ST2/Blue/ST2_15.cs
49	71	CardEffect/ST2/Blue/ST2_16.cs
41	31	CardEffect/ST20/Black/ST20_01.cs
97	87	CardEffect/ST20/Black/ST20_10.cs
408	398	CardEffect/ST20/Black/ST20_11.cs
172	162	CardEffect/ST20/Black/ST20_13.cs
	184	CardEffect/ST20/Black/ST20_14.cs
94	84	CardEffect/ST20/Green/ST20_07.cs
117	107	CardEffect/ST20/Green/ST20_08.cs
407	398	CardEffect/ST20/Green/ST20_09.cs
118	108	CardEffect/ST20/Red/ST20_02.cs
162	152	CardEffect/ST20/Red/ST20_03.cs
402	393	CardEffect/ST20/Red/ST20_04.cs
195	185	CardEffect/ST20/Red/ST20_12.cs
249	145	CardEffect/ST20/White/ST20_15.cs
242	232	CardEffect/ST20/Yellow/ST20_05.cs
463	454	CardEffect/ST20/Yellow/ST20_06.cs
81	71	CardEffect/ST21/Blue/ST21_02.cs
211	201	CardEffect/ST21/Blue/ST21_03.cs
401	392	CardEffect/ST21/Blue/ST21_04.cs
193	183	CardEffect/ST21/Blue/ST21_12.cs
106	96	CardEffect/ST21/Green/ST21_07.cs
150	140	CardEffect/ST21/Green/ST21_08.cs
382	373	CardEffect/ST21/Green/ST21_09.cs
99	89	CardEffect/ST21/Purple/ST21_01.cs
150	140	CardEffect/ST21/Purple/ST21_10.cs
228	218	CardEffect/ST21/Purple/ST21_11.cs
171	161	CardEffect/ST21/Purple/ST21_13.cs
149	139	CardEffect/ST21/Purple/ST21_14.cs
159	149	CardEffect/ST21/White/ST21_15.cs
187	177	CardEffect/ST21/Yellow/ST21_05.cs
385	376	CardEffect/ST21/Yellow/ST21_06.cs
273	264	CardEffect/ST22/Black/ST22_11.cs
268	259	CardEffect/ST22/Blue/ST22_09.cs
202	193	CardEffect/ST22/Green/ST22_13.cs
416	407	CardEffect/ST22/Purple/ST22_14.cs
489	300	CardEffect/ST22/Red/ST22_08.cs
479	292	CardEffect/ST22/Red/ST22_12.cs
79	70	CardEffect/ST22/Yellow/ST22_01.cs
149	140	CardEffect/ST22/Yellow/ST22_02.cs
115	106	CardEffect/ST22/Yellow/ST22_03.cs
405	396	CardEffect/ST22/Yellow/ST22_04.cs
319	309	CardEffect/ST22/Yellow/ST22_05.cs
365	356	CardEffect/ST22/Yellow/ST22_06.cs
265	256	CardEffect/ST22/Yellow/ST22_07.cs
256	246	CardEffect/ST22/Yellow/ST22_10.cs
156	147	CardEffect/ST23/Black/ST23_10.cs
196	187	CardEffect/ST23/Black/ST23_11.cs
150	141	CardEffect/ST23/Black/ST23_14.cs
129	120	CardEffect/ST23/Green/ST23_01.cs
202	193	CardEffect/ST23/Green/ST23_06.cs
105	96	CardEffect/ST23/Green/ST23_07.cs
324	315	CardEffect/ST23/Green/ST23_08.cs
225	215	CardEffect/ST23/Green/ST23_09.cs
153	144	CardEffect/ST23/Green/ST23_13.cs
154	145	CardEffect/ST23/Purple/ST23_12.cs
243	234	CardEffect/ST23/White/ST23_15.cs
80	71	CardEffect/ST23/Yellow/ST23_02.cs
210	201	CardEffect/ST23/Yellow/ST23_03.cs
330	321	CardEffect/ST23/Yellow/ST23_04.cs
202	193	CardEffect/ST23/Yellow/ST23_05.cs
183	174	CardEffect/ST24/Blue/ST24_02.cs
150	141	CardEffect/ST24/Blue/ST24_03.cs
85	76	CardEffect/ST24/Green/ST24_08.cs
132	123	CardEffect/ST24/Green/ST24_09.cs
276	267	CardEffect/ST24/Green/ST24_10.cs
225	216	CardEffect/ST24/Green/ST24_11.cs
160	151	CardEffect/ST24/Green/ST24_14.cs
203	194	CardEffect/ST24/Purple/ST24_12.cs
242	233	CardEffect/ST24/White/ST24_15.cs
130	121	CardEffect/ST24/Yellow/ST24_01.cs
221	212	CardEffect/ST24/Yellow/ST24_04.cs
115	106	CardEffect/ST24/Yellow/ST24_05.cs
305	296	CardEffect/ST24/Yellow/ST24_06.cs
376	367	CardEffect/ST24/Yellow/ST24_07.cs
171	162	CardEffect/ST24/Yellow/ST24_13.cs
32	76	CardEffect/ST3/Yellow/ST3_01.cs
28	70	CardEffect/ST3/Yellow/ST3_04.cs
30	57	CardEffect/ST3/Yellow/ST3_05.cs
45	92	CardEffect/ST3/Yellow/ST3_08.cs
54	62	CardEffect/ST3/Yellow/ST3_09.cs
40	86	CardEffect/ST3/Yellow/ST3_11.cs
26	50	CardEffect/ST3/Yellow/ST3_12.cs
66	113	CardEffect/ST3/Yellow/ST3_13.cs
46	94	CardEffect/ST3/Yellow/ST3_14.cs
50	111	CardEffect/ST3/Yellow/ST3_15.cs
44	76	CardEffect/ST3/Yellow/ST3_16.cs
28	41	CardEffect/ST4/Green/ST4_01.cs
60	76	CardEffect/ST4/Green/ST4_03.cs
34	63	CardEffect/ST4/Green/ST4_04.cs
44	83	CardEffect/ST4/Green/ST4_10.cs
41	70	CardEffect/ST4/Green/ST4_11.cs
69	102	CardEffect/ST4/Green/ST4_12.cs
57	80	CardEffect/ST4/Green/ST4_13.cs
40	77	CardEffect/ST4/Green/ST4_14.cs
65	80	CardEffect/ST4/Green/ST4_15.cs
50	79	CardEffect/ST4/Green/ST4_16.cs
48	39	CardEffect/ST5/Black/ST5_01.cs
59	63	CardEffect/ST5/Black/ST5_04.cs
46	82	CardEffect/ST5/Black/ST5_09.cs
19	22	CardEffect/ST5/Black/ST5_11.cs
109	100	CardEffect/ST5/Black/ST5_12.cs
105	96	CardEffect/ST5/Black/ST5_13.cs
110	101	CardEffect/ST5/Black/ST5_14.cs
95	86	CardEffect/ST5/Black/ST5_15.cs
90	81	CardEffect/ST5/Black/ST5_16.cs
62	53	CardEffect/ST6/Purple/ST6_01.cs
91	82	CardEffect/ST6/Purple/ST6_03.cs
121	112	CardEffect/ST6/Purple/ST6_04.cs
111	102	CardEffect/ST6/Purple/ST6_10.cs
47	38	CardEffect/ST6/Purple/ST6_11.cs
105	95	CardEffect/ST6/Purple/ST6_12.cs
143	134	CardEffect/ST6/Purple/ST6_13.cs
87	78	CardEffect/ST6/Purple/ST6_14.cs
192	183	CardEffect/ST6/Purple/ST6_15.cs
286	277	CardEffect/ST6/Purple/ST6_16.cs
72	63	CardEffect/ST7/Red/ST7_01.cs
72	63	CardEffect/ST7/Red/ST7_02.cs
118	109	CardEffect/ST7/Red/ST7_03.cs
50	41	CardEffect/ST7/Red/ST7_04.cs
77	68	CardEffect/ST7/Red/ST7_05.cs
100	91	CardEffect/ST7/Red/ST7_06.cs
96	87	CardEffect/ST7/Red/ST7_07.cs
143	134	CardEffect/ST7/Red/ST7_08.cs
123	114	CardEffect/ST7/Red/ST7_09.cs
24	26	CardEffect/ST7/Red/ST7_10.cs
135	126	CardEffect/ST7/Red/ST7_11.cs
222	213	CardEffect/ST7/Red/ST7_12.cs
46	37	CardEffect/ST8/Blue/ST8_01.cs
44	35	CardEffect/ST8/Blue/ST8_02.cs
90	81	CardEffect/ST8/Blue/ST8_03.cs
111	102	CardEffect/ST8/Blue/ST8_04.cs
101	92	CardEffect/ST8/Blue/ST8_05.cs
66	57	CardEffect/ST8/Blue/ST8_06.cs
52	43	CardEffect/ST8/Blue/ST8_08.cs
77	68	CardEffect/ST8/Blue/ST8_09.cs
136	126	CardEffect/ST8/Blue/ST8_10.cs
105	96	CardEffect/ST8/Blue/ST8_11.cs
86	77	CardEffect/ST8/Blue/ST8_12.cs
81	72	CardEffect/ST9/Blue/ST9_02.cs
143	134	CardEffect/ST9/Blue/ST9_04.cs
229	220	CardEffect/ST9/Blue/ST9_05.cs
200	191	CardEffect/ST9/Blue/ST9_06.cs
113	104	CardEffect/ST9/Blue/ST9_14.cs
47	38	CardEffect/ST9/Green/ST9_01.cs
47	38	CardEffect/ST9/Green/ST9_07.cs
144	135	CardEffect/ST9/Green/ST9_09.cs
88	79	CardEffect/ST9/Green/ST9_10.cs
216	207	CardEffect/ST9/Green/ST9_11.cs
67	58	CardEffect/ST9/Green/ST9_13.cs
137	128	CardEffect/ST9/Green/ST9_15.cs
1146	628	Script/AttackProcess.cs
1298	1106	Script/AutoProcessing.cs
	39	Script/AutomaticOrder/StartTurnTamerMemory.cs
	130	Script/BrainStormObject.cs
408	402	Script/CEntity_Base.cs
39	29	Script/CEntity_Effect.cs
608	286	Script/CEntity_EffectController.cs
7777	5988	Script/CardController.cs
45	36	Script/CardDistributionTab.cs
4349	1448	Script/CardEffectCommons.cs
21	40	Script/CardEffectCommons/CanUseEffects/CanSuspend.cs
21	14	Script/CardEffectCommons/CanUseEffects/CanUnsuspend.cs
10	14	Script/CardEffectCommons/CanUseEffects/IgnoreBattle.cs
10	46	Script/CardEffectCommons/CanUseEffects/OnAddDigivolutionCards.cs
10	46	Script/CardEffectCommons/CanUseEffects/OnAttack.cs
10	21	Script/CardEffectCommons/CanUseEffects/OnAttackTargetSwitch.cs
10	32	Script/CardEffectCommons/CanUseEffects/OnCardsAddedToHand.cs
10	37	Script/CardEffectCommons/CanUseEffects/OnCardsReturnToHandFromTrash.cs
10	37	Script/CardEffectCommons/CanUseEffects/OnCardsReturnToLibraryFromTrash.cs
42	404	Script/CardEffectCommons/CanUseEffects/OnDeletion.cs
10	14	Script/CardEffectCommons/CanUseEffects/OnEndAttack.cs
10	30	Script/CardEffectCommons/CanUseEffects/OnFaceUpSecurityIncrease.cs
10	34	Script/CardEffectCommons/CanUseEffects/OnMove.cs
12	38	Script/CardEffectCommons/CanUseEffects/OnReturnLibraryBottomDigivolutionCards.cs
10	40	Script/CardEffectCommons/CanUseEffects/OnSuspend.cs
12	40	Script/CardEffectCommons/CanUseEffects/OnTrashBySelfDigiBurst.cs
10	68	Script/CardEffectCommons/CanUseEffects/OnTrashDigivolutionCard.cs
10	39	Script/CardEffectCommons/CanUseEffects/OnTrashHand.cs
10	68	Script/CardEffectCommons/CanUseEffects/OnTrashLinkCard.cs
10	68	Script/CardEffectCommons/CanUseEffects/OnTrashLinkedCard.cs
10	21	Script/CardEffectCommons/CanUseEffects/OnUnsuspend.cs
36	39	Script/CardEffectCommons/CanUseEffects/OptionEffect.cs
11	25	Script/CardEffectCommons/CanUseEffects/PermanentEnterField/OnPlay.cs
11	57	Script/CardEffectCommons/CanUseEffects/PermanentEnterField/PermanentEnterField.cs
11	26	Script/CardEffectCommons/CanUseEffects/PermanentEnterField/WhenDigivolving.cs
10	14	Script/CardEffectCommons/CanUseEffects/SecurityEffect.cs
10	29	Script/CardEffectCommons/CanUseEffects/WhenAddHand.cs
12	127	Script/CardEffectCommons/CanUseEffects/WhenDeleteOpponentDigimon.cs
10	106	Script/CardEffectCommons/CanUseEffects/WhenDeleteOpponentDigimonByBattle.cs
10	34	Script/CardEffectCommons/CanUseEffects/WhenDiscardLibrary.cs
10	21	Script/CardEffectCommons/CanUseEffects/WhenDiscardSecurity.cs
10	78	Script/CardEffectCommons/CanUseEffects/WhenLinked.cs
10	24	Script/CardEffectCommons/CanUseEffects/WhenLoseSecurity.cs
12	53	Script/CardEffectCommons/CanUseEffects/WhenPermanentWouldDigivolve.cs
10	30	Script/CardEffectCommons/CanUseEffects/WhenPermanentWouldPlay.cs
12	51	Script/CardEffectCommons/CanUseEffects/WhenRemoveField.cs
10	36	Script/CardEffectCommons/CanUseEffects/WhenUseDigiBurst.cs
10	46	Script/CardEffectCommons/CanUseEffects/WhenUseOption.cs
10	94	Script/CardEffectCommons/CanUseEffects/WhenWinBattle.cs
11	40	Script/CardEffectCommons/CanUseEffects/WhenWouldLink.cs
10	14	Script/CardEffectCommons/CanUseEffects/WhendAddSecurity.cs
19	91	Script/CardEffectCommons/CustomMessage.cs
795	673	Script/CardEffectCommons/DNADigivolveEffects.cs
20	31	Script/CardEffectCommons/DigiXrosEffects.cs
908	881	Script/CardEffectCommons/GameContextDeterminarion.cs
16	859	Script/CardEffectCommons/GetFromHashtable.cs
86	54	Script/CardEffectCommons/GiveEffect/GiveEffectToPermanent/CanNoReturnToDeck.cs
98	69	Script/CardEffectCommons/GiveEffect/GiveEffectToPermanent/CanNotAttack.cs
95	69	Script/CardEffectCommons/GiveEffect/GiveEffectToPermanent/CanNotBeAttacked.cs
95	69	Script/CardEffectCommons/GiveEffect/GiveEffectToPermanent/CanNotBeBlocked.cs
89	55	Script/CardEffectCommons/GiveEffect/GiveEffectToPermanent/CanNotBeDeletedByBattle.cs
94	54	Script/CardEffectCommons/GiveEffect/GiveEffectToPermanent/CanNotBeDeletedByEffect.cs
114	53	Script/CardEffectCommons/GiveEffect/GiveEffectToPermanent/CanNotBlock.cs
86	54	Script/CardEffectCommons/GiveEffect/GiveEffectToPermanent/CanNotReturnToHand.cs
132	71	Script/CardEffectCommons/GiveEffect/GiveEffectToPermanent/CanNotSuspend.cs
193	106	Script/CardEffectCommons/GiveEffect/GiveEffectToPermanent/CanNotUnsuspend.cs
67	56	Script/CardEffectCommons/GiveEffect/GiveEffectToPermanent/ChangeDP.cs
121	120	Script/CardEffectCommons/GiveEffect/GiveEffectToPermanent/ChangeLinkMax.cs
63	55	Script/CardEffectCommons/GiveEffect/GiveEffectToPermanent/ChangeOriginDP.cs
243	230	Script/CardEffectCommons/GiveEffect/GiveEffectToPermanent/ChangeSAttack.cs
44	45	Script/CardEffectCommons/GiveEffect/GiveEffectToPermanent/DeleteSelf.cs
85	54	Script/CardEffectCommons/GiveEffect/GiveEffectToPermanent/ImmuneFromDPMinus.cs
45	78	Script/CardEffectCommons/GiveEffect/GiveEffectToPermanent/StartOfMainAttack.cs
104	75	Script/CardEffectCommons/GiveEffect/GiveEffectToPermanent/TamerBecomesDigimonThatCanNotDigivolve.cs
64	91	Script/CardEffectCommons/GiveEffect/GiveEffectToPermanentOrPlayer.cs
91	61	Script/CardEffectCommons/GiveEffect/GiveEffectToPlayer/CanNoReturnToDeck.cs
118	71	Script/CardEffectCommons/GiveEffect/GiveEffectToPlayer/CanNotAttack.cs
92	56	Script/CardEffectCommons/GiveEffect/GiveEffectToPlayer/CanNotBeDeletedByBattle.cs
96	71	Script/CardEffectCommons/GiveEffect/GiveEffectToPlayer/CanNotBlock.cs
88	56	Script/CardEffectCommons/GiveEffect/GiveEffectToPlayer/CanNotReturnToHand.cs
97	68	Script/CardEffectCommons/GiveEffect/GiveEffectToPlayer/CanNotSuspend.cs
102	68	Script/CardEffectCommons/GiveEffect/GiveEffectToPlayer/CanNotUnsuspend.cs
71	41	Script/CardEffectCommons/GiveEffect/GiveEffectToPlayer/ChangeCardDP.cs
80	70	Script/CardEffectCommons/GiveEffect/GiveEffectToPlayer/ChangeDP.cs
55	53	Script/CardEffectCommons/GiveEffect/GiveEffectToPlayer/ChangeDigivolutionCost.cs
71	61	Script/CardEffectCommons/GiveEffect/GiveEffectToPlayer/ChangePlayCost.cs
144	132	Script/CardEffectCommons/GiveEffect/GiveEffectToPlayer/ChangeSAttack.cs
51	39	Script/CardEffectCommons/GiveEffect/GiveEffectToPlayer/IgnoreDigivolutionRequirement.cs
88	56	Script/CardEffectCommons/GiveEffect/GiveEffectToPlayer/ImmuneFromDPMinus.cs
157	333	Script/CardEffectCommons/HashtableSetting.cs
16	23	Script/CardEffectCommons/IsDigivolvedByTheEffect.cs
329	220	Script/CardEffectCommons/KeyWordEffects/Alliance.cs
147	100	Script/CardEffectCommons/KeyWordEffects/ArmorPurge.cs
71	52	Script/CardEffectCommons/KeyWordEffects/Ascension.cs
130	106	Script/CardEffectCommons/KeyWordEffects/Barrier.cs
177	93	Script/CardEffectCommons/KeyWordEffects/Blitz.cs
127	86	Script/CardEffectCommons/KeyWordEffects/Blocker.cs
50	31	Script/CardEffectCommons/KeyWordEffects/Collision.cs
187	113	Script/CardEffectCommons/KeyWordEffects/Decode.cs
84	70	Script/CardEffectCommons/KeyWordEffects/Decoy.cs
123	84	Script/CardEffectCommons/KeyWordEffects/Evade.cs
76	139	Script/CardEffectCommons/KeyWordEffects/Execute.cs
139	98	Script/CardEffectCommons/KeyWordEffects/Fortitude.cs
122	82	Script/CardEffectCommons/KeyWordEffects/Fragment.cs
75	86	Script/CardEffectCommons/KeyWordEffects/Iceclad.cs
71	43	Script/CardEffectCommons/KeyWordEffects/Jamming.cs
189	121	Script/CardEffectCommons/KeyWordEffects/MaterialSave.cs
176	82	Script/CardEffectCommons/KeyWordEffects/MindLink.cs
231	144	Script/CardEffectCommons/KeyWordEffects/Overclock.cs
283	178	Script/CardEffectCommons/KeyWordEffects/Partition.cs
140	85	Script/CardEffectCommons/KeyWordEffects/Pierce.cs
147	110	Script/CardEffectCommons/KeyWordEffects/Progress.cs
174	122	Script/CardEffectCommons/KeyWordEffects/Raid.cs
70	43	Script/CardEffectCommons/KeyWordEffects/Reboot.cs
254	167	Script/CardEffectCommons/KeyWordEffects/Retaliation.cs
122	86	Script/CardEffectCommons/KeyWordEffects/Rush.cs
89	66	Script/CardEffectCommons/KeyWordEffects/Save.cs
113	71	Script/CardEffectCommons/KeyWordEffects/Scapegoat.cs
63	31	Script/CardEffectCommons/KeyWordEffects/Training.cs
230	117	Script/CardEffectCommons/KeyWordEffects/Vortex.cs
88	53	Script/CardEffectCommons/MinMax_DP_Cost_Level/Cost/IsMaxCost.cs
60	33	Script/CardEffectCommons/MinMax_DP_Cost_Level/Cost/IsMinCost.cs
51	24	Script/CardEffectCommons/MinMax_DP_Cost_Level/DP/IsMaxDP.cs
51	25	Script/CardEffectCommons/MinMax_DP_Cost_Level/DP/IsMinDP.cs
49	23	Script/CardEffectCommons/MinMax_DP_Cost_Level/DigivolutionCards/IsMinDigivolutionCards.cs
46	23	Script/CardEffectCommons/MinMax_DP_Cost_Level/Level/IsMaxLevel.cs
90	39	Script/CardEffectCommons/MinMax_DP_Cost_Level/Level/IsMinLevel.cs
1184	791	Script/CardEffectCommons/RevealLibrary.cs
45	31	Script/CardEffectCommons/ShowReducedCost.cs
223	194	Script/CardEffectCommons/TrashDigivolutionCards.cs
237	183	Script/CardEffectCommons/TrashLinkedCards.cs
1869	1530	Script/CardEffectFactory.cs
28	94	Script/CardEffectFactory/AddAppfusionMethod.cs
31	115	Script/CardEffectFactory/AddDigivolutionRequirement.cs
18	95	Script/CardEffectFactory/AddLinkRequirement.cs
13	60	Script/CardEffectFactory/CanNoReturnToDeck.cs
18	99	Script/CardEffectFactory/CanNotAttack.cs
15	51	Script/CardEffectFactory/CanNotBeAttacked.cs
15	51	Script/CardEffectFactory/CanNotBeBlocked.cs
13	44	Script/CardEffectFactory/CanNotBeDeleted.cs
13	49	Script/CardEffectFactory/CanNotBeDeletedByBattle.cs
13	67	Script/CardEffectFactory/CanNotBeDeletedByEffect.cs
13	44	Script/CardEffectFactory/CanNotBeRemoved.cs
13	54	Script/CardEffectFactory/CanNotBeTrashedByEffect.cs
18	112	Script/CardEffectFactory/CanNotBlock.cs
18	107	Script/CardEffectFactory/CanNotDigivolve.cs
13	54	Script/CardEffectFactory/CanNotReturnToHand.cs
14	45	Script/CardEffectFactory/CanNotSuspend.cs
13	45	Script/CardEffectFactory/CanNotUnsuspend.cs
18	76	Script/CardEffectFactory/ChangeCardDP.cs
27	146	Script/CardEffectFactory/ChangeDP.cs
12	137	Script/CardEffectFactory/ChangeDigivolutionCost.cs
20	142	Script/CardEffectFactory/ChangeLinkMax.cs
16	90	Script/CardEffectFactory/ChangeOriginDP.cs
14	178	Script/CardEffectFactory/ChangePlayCost.cs
26	271	Script/CardEffectFactory/ChangeSAttack.cs
13	54	Script/CardEffectFactory/ImmuneFromDPMinus.cs
23	127	Script/CardEffectFactory/KeyWordEffects/Alliance.cs
19	42	Script/CardEffectFactory/KeyWordEffects/ArmorPurge.cs
41	61	Script/CardEffectFactory/KeyWordEffects/ArtsDigivolve.cs
17	37	Script/CardEffectFactory/KeyWordEffects/Ascension.cs
21	87	Script/CardEffectFactory/KeyWordEffects/Barrier.cs
178	259	Script/CardEffectFactory/KeyWordEffects/BlastDNADigivolution.cs
60	122	Script/CardEffectFactory/KeyWordEffects/BlastDigivolution.cs
21	117	Script/CardEffectFactory/KeyWordEffects/Blitz.cs
17	74	Script/CardEffectFactory/KeyWordEffects/Blocker.cs
17	63	Script/CardEffectFactory/KeyWordEffects/Collision.cs
140	72	Script/CardEffectFactory/KeyWordEffects/Decode.cs
23	95	Script/CardEffectFactory/KeyWordEffects/Decoy.cs
24	84	Script/CardEffectFactory/KeyWordEffects/Evade.cs
18	66	Script/CardEffectFactory/KeyWordEffects/Execute.cs
24	77	Script/CardEffectFactory/KeyWordEffects/Fortitude.cs
20	85	Script/CardEffectFactory/KeyWordEffects/Fragment.cs
17	65	Script/CardEffectFactory/KeyWordEffects/Iceclad.cs
20	80	Script/CardEffectFactory/KeyWordEffects/Jamming.cs
46	154	Script/CardEffectFactory/KeyWordEffects/Link.cs
21	68	Script/CardEffectFactory/KeyWordEffects/MaterialSave.cs
18	67	Script/CardEffectFactory/KeyWordEffects/Overclock.cs
291	175	Script/CardEffectFactory/KeyWordEffects/Partition.cs
20	85	Script/CardEffectFactory/KeyWordEffects/Pierce.cs
20	81	Script/CardEffectFactory/KeyWordEffects/Progress.cs
23	82	Script/CardEffectFactory/KeyWordEffects/Raid.cs
16	67	Script/CardEffectFactory/KeyWordEffects/Reboot.cs
21	74	Script/CardEffectFactory/KeyWordEffects/Retaliation.cs
17	65	Script/CardEffectFactory/KeyWordEffects/Rush.cs
18	49	Script/CardEffectFactory/KeyWordEffects/Save.cs
27	141	Script/CardEffectFactory/KeyWordEffects/Scapegoat.cs
34	41	Script/CardEffectFactory/KeyWordEffects/Training.cs
18	66	Script/CardEffectFactory/KeyWordEffects/Vortex.cs
12	43	Script/CardEffectFactory/TreatAsDigimon.cs
20	91	Script/CardEffectFactory/VortexCanAttackPlayers.cs
163	547	Script/CardEffectInterfaces.cs
47	29	Script/CardEffects/ActivateClass.cs
12	26	Script/CardEffects/AddAppFusionConditionClass.cs
11	27	Script/CardEffects/AddAssemblyConditionClass.cs
12	26	Script/CardEffects/AddBurstDigivolutionConditionClass.cs
10	33	Script/CardEffects/AddDetailClass.cs
11	27	Script/CardEffects/AddDigiXrosConditionClass.cs
12	27	Script/CardEffects/AddEvolutionConditionClass.cs
11	43	Script/CardEffects/AddJogressConditionClass.cs
11	31	Script/CardEffects/AddJogressLevelsClass.cs
12	26	Script/CardEffects/AddLinkConditionClass.cs
11	24	Script/CardEffects/AddMaxTrashCountDigiXrosClass.cs
11	24	Script/CardEffects/AddMaxUnderTamerCountDigiXrosClass.cs
9	36	Script/CardEffects/AddSkillClass.cs
12	34	Script/CardEffects/BlockerClass.cs
11	35	Script/CardEffects/CanAttackTargetDefendingPermanentClass.cs
11	30	Script/CardEffects/CanNotAffectedClass.cs
11	30	Script/CardEffects/CanNotAttackTargetDefendingPermanentClass.cs
11	50	Script/CardEffects/CanNotBeDestroyedByBattleClass.cs
11	35	Script/CardEffects/CanNotBeDestroyedBySkillClass.cs
11	31	Script/CardEffects/CanNotBeDestroyedClass.cs
11	31	Script/CardEffects/CanNotBeRemovedClass.cs
11	33	Script/CardEffects/CanNotEvolveClass.cs
11	30	Script/CardEffects/CanNotMoveClass.cs
11	28	Script/CardEffects/CanNotPlayClass.cs
11	30	Script/CardEffects/CanNotPutFieldClass.cs
13	30	Script/CardEffects/CanNotSelectBySkillClass.cs
12	32	Script/CardEffects/CanNotSuspendClass.cs
12	30	Script/CardEffects/CanNotSwitchAttackTargetClass.cs
11	34	Script/CardEffects/CanNotTrashFromDigivolutionCardsClass.cs
11	31	Script/CardEffects/CanNotUnsuspendClass.cs
12	37	Script/CardEffects/CanSelectAssemblyClass.cs
12	37	Script/CardEffects/CanSelectDigiXrosClass.cs
11	55	Script/CardEffects/CanSuspendByDigisorptionClass.cs
11	37	Script/CardEffects/CannotAddMemoryClass.cs
12	38	Script/CardEffects/CannotAddSecurityClass.cs
11	31	Script/CardEffects/CannotBlockClass.cs
12	31	Script/CardEffects/CannotIgnoreDigivolutionConditionClass.cs
11	49	Script/CardEffects/CannotReduceCostClass.cs
12	39	Script/CardEffects/CannotReturnToHandClass.cs
11	40	Script/CardEffects/CannotReturnToLibraryClass.cs
12	26	Script/CardEffects/ChangeBaseCardColorClass.cs
11	23	Script/CardEffects/ChangeBaseCardNameClass.cs
11	66	Script/CardEffects/ChangeBaseDPClass.cs
11	25	Script/CardEffects/ChangeCardColorClass.cs
12	62	Script/CardEffects/ChangeCardDPClass.cs
12	27	Script/CardEffects/ChangeCardLevelClass .cs
11	23	Script/CardEffects/ChangeCardLevelForAssemblyClass.cs
11	23	Script/CardEffects/ChangeCardNamesClass.cs
11	23	Script/CardEffects/ChangeCardNamesForDigiXrosClass.cs
13	96	Script/CardEffects/ChangeCostClass.cs
12	65	Script/CardEffects/ChangeDPClass.cs
11	25	Script/CardEffects/ChangeDPDeleteEffectMaxDPClass.cs
11	22	Script/CardEffects/ChangeEndTurnMinMemoryClass.cs
11	51	Script/CardEffects/ChangeLinkCostClass.cs
14	71	Script/CardEffects/ChangeLinkMaxClass.cs
12	30	Script/CardEffects/ChangePermanentLevelClass.cs
14	71	Script/CardEffects/ChangeSAttackClass.cs
13	24	Script/CardEffects/ChangeTraitsClass.cs
10	29	Script/CardEffects/CollisionClass.cs
10	24	Script/CardEffects/DisableEffectClass.cs
11	29	Script/CardEffects/DontBattleSecurityDigimonClass.cs
11	31	Script/CardEffects/DontHaveDPClass.cs
12	34	Script/CardEffects/IcecladClass.cs
11	28	Script/CardEffects/IgnoreColorConditionClass.cs
14	41	Script/CardEffects/ImmuneFromDPMinusClass.cs
14	33	Script/CardEffects/ImmuneFromDeDigivolveClass.cs
14	45	Script/CardEffects/ImmuneFromStackTrashingClass.cs
12	45	Script/CardEffects/InvertSAttackClass.cs
12	34	Script/CardEffects/RebootClass.cs
12	34	Script/CardEffects/RushClass.cs
12	34	Script/CardEffects/ScapegoatClass.cs
11	28	Script/CardEffects/TreatAsDigimonClass.cs
11	18	Script/CardEffects/VortexCanAttackPlayersClass.cs
171	162	Script/CardInfo.cs
1480	1133	Script/CardObjectController.cs
645	636	Script/CardPrefab_CreateDeck.cs
5511	4357	Script/CardSource.cs
437	428	Script/CheckCardPanel.cs
35	205	Script/CheckEffectDisabledClass.cs
	183	Script/Combinations.cs
1895	1843	Script/ContinuousController.cs
154	144	Script/ConvertBinaryNumber.cs
176	167	Script/CreateNewDeckButton.cs
144	110	Script/CutInProcess.cs
929	1018	Script/DataBase.cs
	291	Script/DeckBuildingRule.cs
176	167	Script/DeckCodeUtility.cs
877	868	Script/DeckData.cs
352	343	Script/DeckInfoPanel.cs
184	175	Script/DeckListPanel.cs
538	528	Script/DetailCard_DeckEditor.cs
63	54	Script/DigiXrosEffectObject.cs
1364	1355	Script/EditDeck.cs
302	292	Script/Effect Examples/Link_Examples.cs
2426	2306	Script/Effects.cs
938	894	Script/FieldPermanentCard.cs
874	672	Script/GManager.cs
62	52	Script/GSSReader.cs
312	186	Script/GameContext.cs
133	124	Script/GameRandom.cs
1034	1024	Script/HandCard.cs
634	1291	Script/ICardEffect.cs
11	99	Script/IEnumerableExtension.cs
39	30	Script/JogressEffectObject.cs
100	90	Script/JsonSerializedClass.cs
18	8	Script/LoadCSV_CardEntity.cs
24	14	Script/LoadJSON_CardEntity.cs
36	45	Script/MainPhaseAction/ActivateCardAction.cs
35	44	Script/MainPhaseAction/ActivatePermanentAction.cs
37	45	Script/MainPhaseAction/AttackPermanentAction.cs
105	96	Script/MainPhaseAction/CheatAction.cs
18	6	Script/MainPhaseAction/MainPhaseAction.cs
27	28	Script/MainPhaseAction/PassAction.cs
92	101	Script/MainPhaseAction/PlayCardAction.cs
230	213	Script/MemoryObject.cs
385	437	Script/MultipleSkills.cs
54	44	Script/Networking/GamePacketFactory.cs
24	15	Script/Networking/GamePacketRegistration.cs
14	5	Script/Networking/IGamePacket.cs
211	202	Script/NextPhaseButton.cs
1337	1328	Script/OfficialCardListUtility.cs
43	33	Script/OptionResolutionClass.cs
182	146	Script/OptionalSkill.cs
5955	4187	Script/Permanent.cs
454	444	Script/PermanentDetail.cs
244	163	Script/PermanentEffectFactory.cs
203	189	Script/PlayLog.cs
1796	1675	Script/Player.cs
18	9	Script/PlayerSelection/CardSelection.cs
7	6	Script/PlayerSelection/IPlayerSelection.cs
20	11	Script/PlayerSelection/PermanentSelection.cs
8	24	Script/PlayerSelection/ValueSelection.cs
207	181	Script/SecurityObject.cs
	241	Script/SelectAppFusionEffect.cs
318	358	Script/SelectAssemblyClass.cs
627	569	Script/SelectAttackEffect.cs
	345	Script/SelectBurstDigivolutionEffect.cs
1334	1025	Script/SelectCardEffect.cs
701	688	Script/SelectCardPanel.cs
285	200	Script/SelectCountEffect.cs
63	90	Script/SelectDNACondition.cs
336	324	Script/SelectDeck.cs
437	1048	Script/SelectDigiXrosClass.cs
1169	942	Script/SelectHandEffect.cs
206	428	Script/SelectJogressEffect.cs
1391	1055	Script/SelectPermanentEffect.cs
65	55	Script/ShowPhaseNotificationObject.cs
	101	Script/ShowPhaseObject.cs
	168	Script/ShuffleDeckCode.cs
22	15	Script/SkillInfo.cs
107	97	Script/SpellRestoration.cs
66	56	Script/StarterDeck.cs
	246	Script/StreamingAssetsUtility.cs
3628	3373	Script/TurnStateMachine.cs
	221	Script/UserSelectionManager.cs
13	9	Script/Utils.cs
