asis_path,asis_filename,tobe_path,tobe_filename,진행상태,결함여부,삭제대상여부,비고1,asis_대응,비고2,비고2.5,비고3,비고4,비고5,1차에러
,,src/HeadlessDCGO.Engine/Headless/Bridge/ActivatedHashtableBridge.cs,ActivatedHashtableBridge.cs,삭제:발명물은퇴(2026-07-24),Y,Y,,,,,,,,
,,src/HeadlessDCGO.Engine/Headless/Bridge/AmbientMatchContext.cs,AmbientMatchContext.cs,,,,,Unity GManager.instance 전역 싱글턴 대체(효과코드의 GManager.instance 경유 상태접근),"[구현대상] Unity GManager.instance 전역 싱글턴 대체(효과코드의 GManager.instance 경유 상태접근). [동일성] 충실, 단 전역 대신 AsyncLocal match-scoped(동시매치 격리; 단일매치 내 등가).",,,,,
,,src/HeadlessDCGO.Engine/Headless/Bridge/BareCauseEffect.cs,BareCauseEffect.cs,수리완료(2026-07-24),,,,원인 ICardEffect 운반(AS-IS는 실 ICardEffect/null 스레드; 타입 자체는 AS-IS 무대응 발명),[구현대상] 원인 ICardEffect 운반(AS-IS는 실 ICardEffect/null 스레드). [동일성] 수리완료: ForOrNull 추가(미해결/rule-sourced→null). 면역·제한 소비처(MatchStateMutationSink 면역 4곳+IsPlayerRestricted)를 ForOrNull로 전환→AS-IS null-cause 경로 재현(CanNotBeAffected null early-out·cannotAdd* CardEffectCondition(null)). 페이로드 빌더(1466·SkillWindowSupply·ActivatedHashtableBridge)는 source-less 비-null 유지(AS-IS IsByEffect=false 일치).,,,,,
,,src/HeadlessDCGO.Engine/Headless/Bridge/ContinuousContext.cs,ContinuousContext.cs,,,,,매치 설정 config holder(초기/최소/최대 메모리·덱·시드),[구현대상] 매치 설정 config holder(초기/최소/최대 메모리·덱·시드). [동일성] AS-IS MemoryObject.cs:141-148(>=10→10 / <=-10→-10) 대조 → −10/+10 실소스 확정 충실.,,,,,
,,src/HeadlessDCGO.Engine/Headless/Bridge/EngineContext.cs,EngineContext.cs,,Y,,,,,,AS-IS GManager.instance + gameContext(전역 매치 컨텍스트). 단 batch-id 생성기(NextDeletionBatchId 등)는 substrate,,,Y
,,src/HeadlessDCGO.Engine/Headless/Bridge/GManagerBridge.cs,GManagerBridge.cs,,Y,,,,,,AS-IS GManager(GManager.cs:211 instance; turnStateMachine/autoProcessing/attackProcess 접근자),,,Y
,,src/HeadlessDCGO.Engine/Headless/Bridge/PayCostRoot.cs,PayCostRoot.cs,,,,,BeforePayCost 창의 대상 액션 구분 enum(AS-IS ChangeCostClass rootCondition: hand-play vs digivolve),"[구현대상] BeforePayCost 창의 대상 액션 구분 enum(AS-IS ChangeCostClass rootCondition: hand-play vs digivolve). [동일성] AS-IS 개념 인코딩, rootCondition 분기 대조 시 충실로 보임.",,,,,
,,src/HeadlessDCGO.Engine/Headless/Bridge/UnityNullObjectPolicy.cs,UnityNullObjectPolicy.cs,,Y,,,,,,,,,
,,src/HeadlessDCGO.Engine/Headless/Choices/ChoiceCandidate.cs,ChoiceCandidate.cs,,,,,선택후보 DTO(IsSelectable 등),[구현대상] 선택후보 DTO(IsSelectable 등). [동일성] 규칙없음. (시그니처 판정),,,,,
,,src/HeadlessDCGO.Engine/Headless/Choices/ChoiceCompletability.cs,ChoiceCompletability.cs,재판정:정당substrate(2026-07-24),,,,강제 배치선택 open-time 충족가능성 판정→불충족 시 no-select 강등(AS-IS는 open-time 체크 無; SelectHandEffect AI 사후탐색 실패→_noSelect 강등을 open시점으로 이동),[구현대상] 강제 배치선택 완성가능성 판정(AS-IS SelectHandEffect:497-567 AI 탐색 대응). [동일성] 정당 substrate 결정론화: AS-IS는 IEnumerableExtension.GetRandom=new System.Random()(월클록·비결정론)으로 랜덤 부분집합 1000/200회 탐색 → 재현 불가·false-negative 가능. substrate는 동일 validator(CanEndSelect)로 결정론 열거 → RL 필수 결정론화이자 더 신뢰성 있는 존재판정. 이전 '발산' 판정은 비결정론 원본을 결정론 대체와 비교한 오판.,,,,,
,,src/HeadlessDCGO.Engine/Headless/Choices/ChoiceOption.cs,ChoiceOption.cs,,,,,선택옵션 DTO,[구현대상] 선택옵션 DTO. [동일성] 규칙없음. (시그니처 판정),,,,,
,,src/HeadlessDCGO.Engine/Headless/Choices/ChoiceRequest.cs,ChoiceRequest.cs,,,,,선택요청 DTO(Photon UI 프롬프트 대체: Type/Min/MaxCount/CanSkip/Candidates/Validator),[구현대상] 선택요청 DTO(Photon UI 프롬프트 대체: Type/Min/MaxCount/CanSkip/Candidates/Validator). [동일성] DTO; min/max 값은 호출부 소관.,,,,,
,,src/HeadlessDCGO.Engine/Headless/Choices/ChoiceResult.cs,ChoiceResult.cs,,,,,선택결과 DTO,[구현대상] 선택결과 DTO. [동일성] 규칙없음. (시그니처 판정),,,,,
,,src/HeadlessDCGO.Engine/Headless/Choices/ChoiceType.cs,ChoiceType.cs,,,,,선택종류 enum(어휘),[구현대상] 선택종류 enum(어휘). [동일성] 규칙없음.,,,,,
,,src/HeadlessDCGO.Engine/Headless/Choices/ChoiceZone.cs,ChoiceZone.cs,,,,,선택 존 enum(어휘),[구현대상] 선택 존 enum(어휘). [동일성] 규칙없음. (시그니처 판정),,,,,
,,src/HeadlessDCGO.Engine/Headless/Choices/IChoiceProvider.cs,IChoiceProvider.cs,,,,,Photon 플레이어입력 대체 계약(ChooseAsync),"[구현대상] Photon 플레이어입력 대체 계약(ChooseAsync). [동일성] 인터페이스, 규칙없음.",,,,,
,,src/HeadlessDCGO.Engine/Headless/Choices/PolicyChoiceProvider.cs,PolicyChoiceProvider.cs,,,,,RL 정책함수 기반 IChoiceProvider(Photon 입력 대체),"[구현대상] RL 정책함수 기반 IChoiceProvider(Photon 입력 대체). [동일성] RL api, 규칙없음.",,,,,
,,src/HeadlessDCGO.Engine/Headless/Choices/ScriptedChoiceProvider.cs,ScriptedChoiceProvider.cs,,,,,스크립트 큐 기반 IChoiceProvider(테스트/RL),"[구현대상] 스크립트 큐 기반 IChoiceProvider(테스트/RL). [동일성] 인프라, 규칙없음.",,,,,
,,src/HeadlessDCGO.Engine/Headless/Coroutines/CoroutineAdapter.cs,CoroutineAdapter.cs,,,,,Unity 코루틴 실행기제(IEnumerator/StartCoroutine→IEngineTask 스텝핑). 게임규칙 없음,"[구현대상] Unity 코루틴 실행기제(IEnumerator/StartCoroutine→IEngineTask 스텝핑). 게임규칙 없음. [동일성] 코루틴 스케줄링 substrate 번역, 충실.",,,,,
,,src/HeadlessDCGO.Engine/Headless/Coroutines/EngineTaskRunner.cs,EngineTaskRunner.cs,,,,,코루틴 큐/펌프(StartCoroutine 실행루프 대체). 게임규칙 없음,[구현대상] 코루틴 큐/펌프(StartCoroutine 실행루프 대체). 게임규칙 없음. [동일성] 충실.,,,,,
,,src/HeadlessDCGO.Engine/Headless/Coroutines/EngineWaitCondition.cs,EngineWaitCondition.cs,,,,,yield WaitForSeconds/WaitUntil 대체(시간/술어 대기). 게임규칙 없음,[구현대상] yield WaitForSeconds/WaitUntil 대체(시간/술어 대기). 게임규칙 없음. [동일성] 충실.,,,,,
,,src/HeadlessDCGO.Engine/Headless/Coroutines/IEngineTask.cs,IEngineTask.cs,,,,,코루틴 태스크 인터페이스/상태모델. 인프라,[구현대상] 코루틴 태스크 인터페이스/상태모델. 인프라. [동일성] 충실.,,,,,
,,src/HeadlessDCGO.Engine/Headless/DataLoading/BanlistLoader.cs,BanlistLoader.cs,,,,,밴리스트 로딩/파싱(Unity 에셋 대체)+GetLimit/IsBanned,[구현대상] 밴리스트 로딩/파싱(Unity 에셋 대체)+GetLimit/IsBanned. [동일성] AS-IS CEntity_Base.cs:47(MaxCountInDeck=4) 대조 → 기본 4장 실소스 확정 충실.,,,,,
,,src/HeadlessDCGO.Engine/Headless/DataLoading/CardAssetJsonLoader.cs,CardAssetJsonLoader.cs,,,,,카드 에셋 JSON 로더(Unity 대체),[구현대상] 카드 에셋 JSON 로더(Unity 대체). [동일성] 로더 인프라. (시그니처 판정),,,,,
,,src/HeadlessDCGO.Engine/Headless/DataLoading/CardBaseEntityLoader.cs,CardBaseEntityLoader.cs,,,,,카드 JSON→CardRecord 로딩(Unity 에셋로딩 대체),[구현대상] 카드 JSON→CardRecord 로딩(Unity 에셋로딩 대체). [동일성] 로더 인프라.,,,,,
,,src/HeadlessDCGO.Engine/Headless/DataLoading/CardDatabase.cs,CardDatabase.cs,,,,,카드 리포지토리(Unity 카드DB 대체),"[구현대상] 카드 리포지토리(Unity 카드DB 대체). [동일성] 저장/조회 인프라, 규칙없음.",,,,,
,,src/HeadlessDCGO.Engine/Headless/DataLoading/DeckListLoader.cs,DeckListLoader.cs,,,,,덱리스트 로더(Unity 대체),[구현대상] 덱리스트 로더(Unity 대체). [동일성] 로더 인프라. (시그니처 판정),,,,,
,,src/HeadlessDCGO.Engine/Headless/DataLoading/DeckValidationSmoke.cs,DeckValidationSmoke.cs,삭제:발명물은퇴(2026-07-24),Y,Y,,,,,,,,
,,src/HeadlessDCGO.Engine/Headless/DataLoading/DeckValidator.cs,DeckValidator.cs,삭제:발명물은퇴(2026-07-24),Y,Y,,,,,,,,
,,src/HeadlessDCGO.Engine/Headless/DataLoading/StarterDecks.cs,StarterDecks.cs,,,,,스타터덱 데이터/조회,"[구현대상] 스타터덱 데이터/조회. [동일성] 데이터, 규칙없음.",,,,,
,,src/HeadlessDCGO.Engine/Headless/Diagnostics/EngineTrace.cs,EngineTrace.cs,,,,,RL 트레이스 sink(Record/Snapshot/Fingerprint). AS-IS 무대응(원작엔 트레이스 없음),"[구현대상] RL 트레이스 sink(Record/Snapshot/Fingerprint). AS-IS 무대응(원작엔 트레이스 없음). [동일성] 관측 인프라, 규칙없음.",,,,,
,,src/HeadlessDCGO.Engine/Headless/Diagnostics/ITraceSink.cs,ITraceSink.cs,,,,,트레이스 sink 인터페이스(계약),[구현대상] 트레이스 sink 인터페이스(계약). [동일성] 규칙없음. (시그니처 판정),,,,,
,,src/HeadlessDCGO.Engine/Headless/Diagnostics/MatchEventLog.cs,MatchEventLog.cs,,,,,매치 이벤트 로깅(레벨별). RL/디버그 인프라,"[구현대상] 매치 이벤트 로깅(레벨별). RL/디버그 인프라. [동일성] 관측, 규칙없음(LevelOf=로그레벨 매핑).",,,,,
,,src/HeadlessDCGO.Engine/Headless/Diagnostics/MatchLogLevel.cs,MatchLogLevel.cs,,,,,로그레벨 enum(어휘),[구현대상] 로그레벨 enum(어휘). [동일성] 규칙없음. (시그니처 판정),,,,,
,,src/HeadlessDCGO.Engine/Headless/Diagnostics/NullTraceSink.cs,NullTraceSink.cs,,,,,no-op 트레이스 sink,[구현대상] no-op 트레이스 sink. [동일성] 규칙없음. (시그니처 판정),,,,,
,,src/HeadlessDCGO.Engine/Headless/Diagnostics/TraceEvent.cs,TraceEvent.cs,,,,,트레이스 이벤트 record DTO,[구현대상] 트레이스 이벤트 record DTO. [동일성] 규칙없음.,,,,,
,,src/HeadlessDCGO.Engine/Headless/Diagnostics/TraceOptions.cs,TraceOptions.cs,,,,,트레이스 옵션 config record,[구현대상] 트레이스 옵션 config record. [동일성] 규칙없음.,,,,,
,,src/HeadlessDCGO.Engine/Headless/Effects/ActivatedEffectResolver.cs,ActivatedEffectResolver.cs,삭제:발명물은퇴(2026-07-24),Y,Y,,,,,,,,
,,src/HeadlessDCGO.Engine/Headless/Effects/AutoProcessingTriggerCollector.cs,AutoProcessingTriggerCollector.cs,삭제:재이관완료(카운터 2-pass→AS-IS predicate)(2026-07-25),Y,Y,,,,,,,,
,,src/HeadlessDCGO.Engine/Headless/Effects/CardEffectSchedulerResolver.cs,CardEffectSchedulerResolver.cs,삭제:발명물은퇴(2026-07-24),Y,Y,,,,,,,,
,,src/HeadlessDCGO.Engine/Headless/Effects/DigivolutionCostHelpers.cs,DigivolutionCostHelpers.cs,삭제:발명물은퇴(2026-07-24),Y,Y,,,,,,,,
,,src/HeadlessDCGO.Engine/Headless/Effects/EffectContext.cs,EffectContext.cs,삭제:은퇴(순수발명·잔여 grep은 UnityNullObjectPolicy enum 멤버 오탐)(2026-07-28),Y,Y,,,,,AS-IS Hashtable 페이로드(GetFromHashtable/HashtableSetting),,,
,,src/HeadlessDCGO.Engine/Headless/Effects/EffectContextAdapter.cs,EffectContextAdapter.cs,삭제:발명물은퇴(2026-07-24),Y,Y,,,,,,,,
,,src/HeadlessDCGO.Engine/Headless/Effects/EffectDuration.cs,EffectDuration.cs,삭제:재이관완료(로직→미러)(2026-07-24),Y,Y,,,,,,,,
,,src/HeadlessDCGO.Engine/Headless/Effects/EffectDurationExpiry.cs,EffectDurationExpiry.cs,삭제:발명물은퇴(2026-07-24),Y,Y,,,,,,,,
,,src/HeadlessDCGO.Engine/Headless/Effects/EffectRequest.cs,EffectRequest.cs,삭제:발명물은퇴(2026-07-24),Y,Y,,,,,"AS-IS AutoProcessing 스택처리 입력 = SkillInfo(ICardEffect,Hashtable,EffectTiming)",,,
,,src/HeadlessDCGO.Engine/Headless/Effects/EffectResolutionMode.cs,EffectResolutionMode.cs,삭제:발명물은퇴(2026-07-24),Y,Y,,,,,"AS-IS AutoProcessing 해석모드(MainStack/CutIn 등, StackSkillInfos 경유)",,,
,,src/HeadlessDCGO.Engine/Headless/Effects/EffectResolutionQueue.cs,EffectResolutionQueue.cs,삭제:발명물은퇴(2026-07-24),Y,Y,,,,,,,,
,,src/HeadlessDCGO.Engine/Headless/Effects/EffectResult.cs,EffectResult.cs,삭제:발명물은퇴(2026-07-24),Y,Y,,,,,,,,
,,src/HeadlessDCGO.Engine/Headless/Effects/EffectScheduler.cs,EffectScheduler.cs,삭제:발명물은퇴(2026-07-24),Y,Y,,,,,AS-IS AutoProcessing.cs PutStackedSkill/StackSkillInfos/ActivateEffectProcess :57/984/1063,,,
,,src/HeadlessDCGO.Engine/Headless/Effects/EventCollectionMetadata.cs,EventCollectionMetadata.cs,삭제:발명물은퇴(2026-07-24),Y,Y,,,,,,,,
,,src/HeadlessDCGO.Engine/Headless/Effects/HeadlessCardEffectContract.cs,HeadlessCardEffectContract.cs,삭제:재이관완료(로직→미러 뮤테이션클래스·grep 0 검증)(2026-07-25),Y,Y,,,,,,,,
,,src/HeadlessDCGO.Engine/Headless/Effects/MatchStateMutationSink.cs,MatchStateMutationSink.cs,삭제:재이관완료(로직→미러 뮤테이션클래스·grep 0 검증)(2026-07-25),Y,Y,,,,,,,,
,,src/HeadlessDCGO.Engine/Headless/Effects/OptionalPromptQueue.cs,OptionalPromptQueue.cs,삭제:재이관완료(옵션프롬프트→OptionalSkill.SelectOptional 인라인 펌프게이트)(2026-07-24),Y,Y,,,,,AS-IS MultipleSkills.cs IsSkippable/optional :28/288 + ICardEffect.Activate_Optional,,,
,,src/HeadlessDCGO.Engine/Headless/Effects/PendingEffect.cs,PendingEffect.cs,삭제:발명물은퇴(2026-07-24),Y,Y,,,,,,,,
,,src/HeadlessDCGO.Engine/Headless/Effects/PlayCostHelpers.cs,PlayCostHelpers.cs,삭제:발명물은퇴(2026-07-24),Y,Y,,,,,,,,
,,src/HeadlessDCGO.Engine/Headless/Effects/PlayerScopeContinuousHelpers.cs,PlayerScopeContinuousHelpers.cs,삭제:발명물은퇴(2026-07-24),Y,Y,,,,,,,,
,,src/HeadlessDCGO.Engine/Headless/Effects/SkillInfo.cs,SkillInfo.cs,삭제:발명물은퇴(2026-07-24),Y,Y,,,,,,,,
,,src/HeadlessDCGO.Engine/Headless/Effects/SkillWindowContinuation.cs,SkillWindowContinuation.cs,삭제:재이관완료(로직→미러 MultipleSkills 인라인·펌프게이트)(2026-07-24),Y,Y,,,,,AS-IS MultipleSkills 창 커서/선택 응답,,,
,,src/HeadlessDCGO.Engine/Headless/Effects/SkillWindowSupply.cs,SkillWindowSupply.cs,삭제:재이관완료(윈도우공급 발명·인라인 emit이 정본)(2026-07-24),Y,Y,,,,,AS-IS AutoProcessing.StackSkillInfos + HashtableSetting 페이로드,,,
,,src/HeadlessDCGO.Engine/Headless/Effects/TriggerEventEmitter.cs,TriggerEventEmitter.cs,삭제:재이관완료(→AS-IS StackSkillInfos·죽은트리거 4 복구·grep 0)(2026-07-25),Y,Y,,,,,,,,
,,src/HeadlessDCGO.Engine/Headless/Effects/TriggerTimingMap.cs,TriggerTimingMap.cs,삭제:재이관완료(큐-파생 은퇴)(2026-07-25),Y,Y,,,,,,,,
,,src/HeadlessDCGO.Engine/Headless/Effects/TriggerTimings.cs,TriggerTimings.cs,삭제:재이관완료(→EffectTiming)(2026-07-25),Y,Y,,,,,,,,
,,src/HeadlessDCGO.Engine/Headless/Effects/WindowChoicePendingException.cs,WindowChoicePendingException.cs,삭제:재이관완료(window 슬라이스·thrower 0)(2026-07-24),,,,트리거창이 동기응답 불가 시 콜스택 unwind 신호(AS-IS DeferredChoicePendingException 미러). async 제어흐름 substrate,[구현대상] 트리거창이 동기응답 불가 시 콜스택 unwind 신호(AS-IS DeferredChoicePendingException 미러). async 제어흐름 substrate. [동일성] 충실.,,,,,
,,src/HeadlessDCGO.Engine/Headless/Effects/WindowResolutionController.cs,WindowResolutionController.cs,삭제:발명물은퇴(2026-07-24),,,,(은퇴 shell) 구 레지스트리 창 continuation 파킹. 현재 HasPending=>false no-op inert,"[구현대상] (은퇴 dead shell) 구 레지스트리 창 continuation 파킹. [동일성] HasPending=>false·ResetMatchState no-op inert, 아무도 안 읽음 → 삭제완료. EngineContext 참조 4곳(생성/프로퍼티/reset/register) 제거, 빌드 0오류.",,,,,
,,src/HeadlessDCGO.Engine/Headless/Rules/TimingWindowTrigger.cs,TimingWindowTrigger.cs,삭제:발명물은퇴(2026-07-24),Y,,,,,,"AS-IS AutoProcessing 트리거창 = StackSkillInfos(Hashtable, EffectTiming) 트리거 데이터",,,Y
,,src/HeadlessDCGO.Engine/Headless/Runtime/AceOverflowGate.cs,AceOverflowGate.cs,삭제:재이관완료(→AceOverflowClass)(2026-07-28),Y,Y,,,,,,,,
,,src/HeadlessDCGO.Engine/Headless/Runtime/ActionMask.cs,ActionMask.cs,,,,,행동 마스크 DTO(RL 합법행동 표면). AS-IS 무대응 RL 표면/관측,"[구현대상] 행동 마스크 DTO(RL 합법행동 표면). AS-IS 무대응 RL 표면/관측. [동일성] DTO/enum, 규칙없음. (시그니처 판정)",,,,,
,,src/HeadlessDCGO.Engine/Headless/Runtime/ActionProcessResult.cs,ActionProcessResult.cs,,,,,행동처리 결과 DTO(RL). AS-IS 무대응 RL 표면/관측,"[구현대상] 행동처리 결과 DTO(RL). AS-IS 무대응 RL 표면/관측. [동일성] DTO/enum, 규칙없음. (시그니처 판정)",,,,,
,,src/HeadlessDCGO.Engine/Headless/Runtime/AttackDeclarationCommons.cs,AttackDeclarationCommons.cs,삭제:재이관완료(→AS-IS AttackProcess.Attack 오버로드)(2026-07-28),Y,Y,,,,,,,,
,,src/HeadlessDCGO.Engine/Headless/Runtime/AttackPermanentAction.cs,AttackPermanentAction.cs,삭제:재이관완료(ProcessAsync→pump-only Illegal·열거→dispatcher·CanAttack/CanAttackTargetDigimon 재기반)(2026-07-28),Y,Y,,,,,,,,
,,src/HeadlessDCGO.Engine/Headless/Runtime/AttackPhase.cs,AttackPhase.cs,,,,,공격 페이즈 enum(어휘). AS-IS 무대응 RL 표면/관측,"[구현대상] 공격 페이즈 enum(어휘). AS-IS 무대응 RL 표면/관측. [동일성] DTO/enum, 규칙없음. (시그니처 판정)",,,,,
,,src/HeadlessDCGO.Engine/Headless/Runtime/AttackPipeline.cs,AttackPipeline.cs,삭제:재이관완료(로직→미러)(2026-07-24),Y,,,,,,AS-IS AttackProcess.cs 공격 상태기계 구동(Attack()) — 미러 AttackProcess에 위임하는 shim,,,Y
,,src/HeadlessDCGO.Engine/Headless/Runtime/AttackTargetSwitchGate.cs,AttackTargetSwitchGate.cs,삭제:은퇴(→Permanent.CanSwitchAttackTarget 라이브)(2026-07-28),Y,Y,,,,,,,,
,,src/HeadlessDCGO.Engine/Headless/Runtime/BattleDeletionGate.cs,BattleDeletionGate.cs,삭제:재이관완료(로직→미러)(2026-07-24),Y,Y,,,,,,,,
,,src/HeadlessDCGO.Engine/Headless/Runtime/BattleResolver.cs,BattleResolver.cs,삭제:재이관완료(DeletedByBattleKey→Permanent 로컬 상수)(2026-07-28),Y,Y,,,,,AS-IS CardController.cs IBattle.Battle() :4427/4474,,,
,,src/HeadlessDCGO.Engine/Headless/Runtime/BlockTiming.cs,BlockTiming.cs,삭제:재이관완료(→AttackProcess.BlockTiming AS-IS 메서드)(2026-07-28),Y,Y,,,,,AS-IS AttackProcess.cs BlockTiming() :322,,,
,,src/HeadlessDCGO.Engine/Headless/Runtime/CanNotPlayOptionScan.cs,CanNotPlayOptionScan.cs,삭제:은퇴(→CardSource.CanNotPlayThisOption 라이브)(2026-07-28),Y,Y,,,,,,,,
,,src/HeadlessDCGO.Engine/Headless/Runtime/CardEffectRegistrar.cs,CardEffectRegistrar.cs,삭제:재이관완료(→CardSource.Init AS-IS :345)(2026-07-28),Y,Y,,,,,,,,
,,src/HeadlessDCGO.Engine/Headless/Runtime/CardLeavePlayCleanup.cs,CardLeavePlayCleanup.cs,삭제:재이관완료(키→Permanent·나머지 DestroyPermanentsClass가 대체)(2026-07-28),Y,Y,,,,,,,,
,,src/HeadlessDCGO.Engine/Headless/Runtime/CardMovementPort.cs,CardMovementPort.cs,삭제:발명물은퇴(2026-07-24),Y,,,,,,AS-IS CardObjectController 카드 이동(MovePermanent/AddLibraryTop|Bottom/RemoveFromAllArea),,,Y
,,src/HeadlessDCGO.Engine/Headless/Runtime/CardObservation.cs,CardObservation.cs,,Y,,,,,,,,,
,,src/HeadlessDCGO.Engine/Headless/Runtime/CardStateMutationPort.cs,CardStateMutationPort.cs,삭제:발명물은퇴(2026-07-24),Y,,,,,,AS-IS CardObjectController/Permanent 카드 상태변이(필드 set),,,Y
,,src/HeadlessDCGO.Engine/Headless/Runtime/CheatActionGuard.cs,CheatActionGuard.cs,,,,,치트행동 게이트(RL/디버그),[구현대상] 치트행동 게이트(RL/디버그). [동일성] 인프라. (시그니처 판정),,,,,
,,src/HeadlessDCGO.Engine/Headless/Runtime/ContinuousKeywordGate.cs,ContinuousKeywordGate.cs,삭제:발명물은퇴(2026-07-24),Y,Y,,,,,,,,
,,src/HeadlessDCGO.Engine/Headless/Runtime/ContinuousModifierGate.cs,ContinuousModifierGate.cs,삭제:발명물은퇴(2026-07-24),Y,Y,,,,,,,,
,,src/HeadlessDCGO.Engine/Headless/Runtime/ContinuousRestrictionGate.cs,ContinuousRestrictionGate.cs,삭제:은퇴(→CardSource.CanNotEvolve·충실도 개선)(2026-07-28),Y,Y,,,,,,,,
,,src/HeadlessDCGO.Engine/Headless/Runtime/ContinuousScopeEvaluation.cs,ContinuousScopeEvaluation.cs,삭제:발명물은퇴(2026-07-24),Y,Y,,,,,,,,
,,src/HeadlessDCGO.Engine/Headless/Runtime/DcgoMatch.cs,DcgoMatch.cs,,Y,,,,,,AS-IS TurnStateMachine/GManager 게임 세션(파사드),,,Y
,,src/HeadlessDCGO.Engine/Headless/Runtime/DeDigivolveHelpers.cs,DeDigivolveHelpers.cs,삭제:재이관완료(ArmorPurge→AS-IS 위치·나머지 0-caller 은퇴)(2026-07-28),Y,Y,,,,,,,,
,,src/HeadlessDCGO.Engine/Headless/Runtime/DeferredActivationController.cs,DeferredActivationController.cs,,,,,지연 효과발동 서스펜드 상태(async 제어흐름),"[구현대상] 지연 효과발동 서스펜드 상태(async 제어흐름). [동일성] substrate, 규칙없음.",,,,,
,,src/HeadlessDCGO.Engine/Headless/Runtime/DeferredChoiceProvider.cs,DeferredChoiceProvider.cs,,,,,에이전트 선택 open 자리(pump/unwind),[구현대상] 에이전트 선택 open 자리(pump/unwind). [동일성] substrate; ★단 ChoiceCompletability 강등(발산)을 여기서 live 배선 → 그 발산의 실행지점.,,,,,
,,src/HeadlessDCGO.Engine/Headless/Runtime/DeletionOutcomeWatcher.cs,DeletionOutcomeWatcher.cs,,Y,,,,,,,,,
,,src/HeadlessDCGO.Engine/Headless/Runtime/DeletionReplacementCandidateConditions.cs,DeletionReplacementCandidateConditions.cs,삭제:은퇴(참조 0 실측)(2026-07-28),Y,Y,,,,,,,,
,,src/HeadlessDCGO.Engine/Headless/Runtime/DeletionReplacementGate.cs,DeletionReplacementGate.cs,삭제:재이관완료(HasSaveText·DigivolutionCards)(2026-07-28),Y,Y,,,,,,,,
,,src/HeadlessDCGO.Engine/Headless/Runtime/DeletionReplacementTiming.cs,DeletionReplacementTiming.cs,삭제:은퇴(DestroyPermanentsClass가 창을 인라인 소유)(2026-07-28),Y,Y,,,,,,,,
,,src/HeadlessDCGO.Engine/Headless/Runtime/DeletionSourceTrash.cs,DeletionSourceTrash.cs,삭제:재이관완료(→Permanent.DiscardEvoRoots AS-IS 1:1 포팅)(2026-07-28),Y,Y,,,,,,,,
,,src/HeadlessDCGO.Engine/Headless/Runtime/DigivolutionStackHelpers.cs,DigivolutionStackHelpers.cs,삭제:재이관완료(→미러 Permanent 소스스택·OnAddDigivolutionCards 창 복구)(2026-07-28),Y,Y,,,,,,,,
,,src/HeadlessDCGO.Engine/Headless/Runtime/DigivolveAction.cs,DigivolveAction.cs,삭제:재이관완료(ProcessAsync 은퇴·AttachTargetAsSource→Permanent·열거는 dispatcher 재하우징)(2026-07-28),Y,Y,,,,,,,,
,,src/HeadlessDCGO.Engine/Headless/Runtime/DigivolveCommons.cs,DigivolveCommons.cs,삭제:재이관완료(→AS-IS CardController:1526 인라인)(2026-07-28),Y,Y,,,,,,,,
,,src/HeadlessDCGO.Engine/Headless/Runtime/DpBoostHelpers.cs,DpBoostHelpers.cs,삭제:재이관완료(→AS-IS Permanent.AddBoost/RemoveBoost·EX10_010 오염복원)(2026-07-28),Y,Y,,,,,,,,
,,src/HeadlessDCGO.Engine/Headless/Runtime/DpZeroDeletionHelpers.cs,DpZeroDeletionHelpers.cs,삭제:발명물은퇴(2026-07-24),Y,Y,,,,,,,,
,,src/HeadlessDCGO.Engine/Headless/Runtime/EffectDrivenAttack.cs,EffectDrivenAttack.cs,삭제:은퇴(AS-IS SelectAttackEffect 1:1 미러가 대체)(2026-07-28),Y,Y,,,,,,,,
,,src/HeadlessDCGO.Engine/Headless/Runtime/FreeDigivolveHelpers.cs,FreeDigivolveHelpers.cs,삭제:발명물은퇴(2026-07-24),Y,Y,,,,,,,,
,,src/HeadlessDCGO.Engine/Headless/Runtime/FusionDigivolveHelpers.cs,FusionDigivolveHelpers.cs,삭제:은퇴(DNADigivolveEffects 1:1 포팅이 대체)(2026-07-28),Y,Y,,,,,,,,
,,src/HeadlessDCGO.Engine/Headless/Runtime/GameEvent.cs,GameEvent.cs,,,,,게임이벤트 DTO(RL 관측). AS-IS 무대응 RL 표면/관측,"[구현대상] 게임이벤트 DTO(RL 관측). AS-IS 무대응 RL 표면/관측. [동일성] DTO/enum, 규칙없음. (시그니처 판정)",,,,,
,,src/HeadlessDCGO.Engine/Headless/Runtime/GameEventQueue.cs,GameEventQueue.cs,,,,,게임이벤트 큐(RL 관측 이벤트 스트림),"[구현대상] 게임이벤트 큐(RL 관측 이벤트 스트림). [동일성] 인프라, 규칙없음. (시그니처 판정)",,,,,
,,src/HeadlessDCGO.Engine/Headless/Runtime/GameEventType.cs,GameEventType.cs,,,,,게임이벤트 종류 enum(어휘). AS-IS 무대응 RL 표면/관측,"[구현대상] 게임이벤트 종류 enum(어휘). AS-IS 무대응 RL 표면/관측. [동일성] DTO/enum, 규칙없음. (시그니처 판정)",,,,,
,,src/HeadlessDCGO.Engine/Headless/Runtime/GameFlowProcessor.cs,GameFlowProcessor.cs,삭제:재이관완료(DP0 스윕→AS-IS DigimonLackDPProcess·키 4종 Permanent 재하우징)(2026-07-28),Y,Y,,,,,AS-IS AutoProcessing.cs RuleProcess() :282,,,
,,src/HeadlessDCGO.Engine/Headless/Runtime/HeadlessAction.cs,HeadlessAction.cs,,,,,에이전트 행동 DTO(RL api). AS-IS 무대응 RL 표면/관측,"[구현대상] 에이전트 행동 DTO(RL api). AS-IS 무대응 RL 표면/관측. [동일성] DTO/enum, 규칙없음. (시그니처 판정)",,,,,
,,src/HeadlessDCGO.Engine/Headless/Runtime/HeadlessActionFactory.cs,HeadlessActionFactory.cs,,Y,,,,,,,,,
,,src/HeadlessDCGO.Engine/Headless/Runtime/HeadlessActionParameterKeys.cs,HeadlessActionParameterKeys.cs,,,,,행동 파라미터 키 상수(RL 어휘). AS-IS 무대응 RL 표면/관측,"[구현대상] 행동 파라미터 키 상수(RL 어휘). AS-IS 무대응 RL 표면/관측. [동일성] DTO/enum, 규칙없음. (시그니처 판정)",,,,,
,,src/HeadlessDCGO.Engine/Headless/Runtime/HeadlessActionPayloads.cs,HeadlessActionPayloads.cs,,,,,행동 페이로드 DTO(RL). AS-IS 무대응 RL 표면/관측,"[구현대상] 행동 페이로드 DTO(RL). AS-IS 무대응 RL 표면/관측. [동일성] DTO/enum, 규칙없음. (시그니처 판정)",,,,,
,,src/HeadlessDCGO.Engine/Headless/Runtime/HeadlessActionQueue.cs,HeadlessActionQueue.cs,,,,,행동 큐(RL),"[구현대상] 행동 큐(RL). [동일성] 인프라, 규칙없음. (시그니처 판정)",,,,,
,,src/HeadlessDCGO.Engine/Headless/Runtime/HeadlessActionTypes.cs,HeadlessActionTypes.cs,,,,,행동 종류 enum(RL 어휘). AS-IS 무대응 RL 표면/관측,"[구현대상] 행동 종류 enum(RL 어휘). AS-IS 무대응 RL 표면/관측. [동일성] DTO/enum, 규칙없음. (시그니처 판정)",,,,,
,,src/HeadlessDCGO.Engine/Headless/Runtime/HeadlessAttackState.cs,HeadlessAttackState.cs,,,,,공격상태 record(RL 관측). AS-IS 무대응 RL 표면/관측,"[구현대상] 공격상태 record(RL 관측). AS-IS 무대응 RL 표면/관측. [동일성] DTO/enum, 규칙없음. (시그니처 판정)",,,,,
,,src/HeadlessDCGO.Engine/Headless/Runtime/HeadlessChoiceState.cs,HeadlessChoiceState.cs,,,,,선택상태 record(RL 관측). AS-IS 무대응 RL 표면/관측,"[구현대상] 선택상태 record(RL 관측). AS-IS 무대응 RL 표면/관측. [동일성] DTO/enum, 규칙없음. (시그니처 판정)",,,,,
,,src/HeadlessDCGO.Engine/Headless/Runtime/HeadlessEffectState.cs,HeadlessEffectState.cs,,,,,효과상태 record(RL 관측). AS-IS 무대응 RL 표면/관측,"[구현대상] 효과상태 record(RL 관측). AS-IS 무대응 RL 표면/관측. [동일성] DTO/enum, 규칙없음. (시그니처 판정)",,,,,
,,src/HeadlessDCGO.Engine/Headless/Runtime/HeadlessEndTurnCleanupFlow.cs,HeadlessEndTurnCleanupFlow.cs,삭제:재이관완료(→TSM.EndPhase AS-IS :3170-3201 인라인)(2026-07-28),Y,Y,,,,,"AS-IS TurnStateMachine.cs EndPhase(Until* 버킷 리셋 :536, EndTurnCheck :579)",,,
,,src/HeadlessDCGO.Engine/Headless/Runtime/HeadlessGameLoop.cs,HeadlessGameLoop.cs,,Y,,,,,,AS-IS TurnStateMachine 메인 루프(턴/페이즈 진행) — RL step API 래퍼,,,Y
,,src/HeadlessDCGO.Engine/Headless/Runtime/HeadlessLegalActionDispatcher.cs,HeadlessLegalActionDispatcher.cs,,Y,,,,,,,,,
,,src/HeadlessDCGO.Engine/Headless/Runtime/HeadlessMemoryState.cs,HeadlessMemoryState.cs,,,,,메모리상태 record(RL 관측). AS-IS 무대응 RL 표면/관측,"[구현대상] 메모리상태 record(RL 관측). AS-IS 무대응 RL 표면/관측. [동일성] DTO/enum, 규칙없음. (시그니처 판정)",,,,,
,,src/HeadlessDCGO.Engine/Headless/Runtime/HeadlessPhase.cs,HeadlessPhase.cs,,,,,페이즈 enum(어휘). AS-IS 무대응 RL 표면/관측,"[구현대상] 페이즈 enum(어휘). AS-IS 무대응 RL 표면/관측. [동일성] DTO/enum, 규칙없음. (시그니처 판정)",,,,,
,,src/HeadlessDCGO.Engine/Headless/Runtime/HeadlessPhaseMapping.cs,HeadlessPhaseMapping.cs,,,,,AS-IS 페이즈명↔headless 매핑+턴스텝 순서,[구현대상] AS-IS 페이즈명↔headless 매핑+턴스텝 순서. [동일성] AS-IS 대조완료: Unsuspend→Draw→Breeding→Main→MemoryPass→End = AS-IS TurnStateMachine 순서 일치. 충실.,,,,,
,,src/HeadlessDCGO.Engine/Headless/Runtime/HeadlessTurnState.cs,HeadlessTurnState.cs,,,,,턴상태 record(RL 관측). AS-IS 무대응 RL 표면/관측,"[구현대상] 턴상태 record(RL 관측). AS-IS 무대응 RL 표면/관측. [동일성] DTO/enum, 규칙없음. (시그니처 판정)",,,,,
,,src/HeadlessDCGO.Engine/Headless/Runtime/IActionLegality.cs,IActionLegality.cs,,,,,RL 컨트롤러 계약 인터페이스,"[구현대상] RL 컨트롤러 계약 인터페이스. [동일성] 계약, 규칙없음. (시그니처 판정)",,,,,
,,src/HeadlessDCGO.Engine/Headless/Runtime/IActionProcessor.cs,IActionProcessor.cs,,,,,RL 컨트롤러 계약 인터페이스,"[구현대상] RL 컨트롤러 계약 인터페이스. [동일성] 계약, 규칙없음. (시그니처 판정)",,,,,
,,src/HeadlessDCGO.Engine/Headless/Runtime/IHeadlessAttackController.cs,IHeadlessAttackController.cs,,,,,RL 컨트롤러 계약 인터페이스,"[구현대상] RL 컨트롤러 계약 인터페이스. [동일성] 계약, 규칙없음. (시그니처 판정)",,,,,
,,src/HeadlessDCGO.Engine/Headless/Runtime/IHeadlessChoiceController.cs,IHeadlessChoiceController.cs,,,,,RL 컨트롤러 계약 인터페이스,"[구현대상] RL 컨트롤러 계약 인터페이스. [동일성] 계약, 규칙없음. (시그니처 판정)",,,,,
,,src/HeadlessDCGO.Engine/Headless/Runtime/IHeadlessMemoryController.cs,IHeadlessMemoryController.cs,,,,,RL 컨트롤러 계약 인터페이스,"[구현대상] RL 컨트롤러 계약 인터페이스. [동일성] 계약, 규칙없음. (시그니처 판정)",,,,,
,,src/HeadlessDCGO.Engine/Headless/Runtime/IHeadlessPlayerStatusController.cs,IHeadlessPlayerStatusController.cs,,,,,RL 컨트롤러 계약 인터페이스,"[구현대상] RL 컨트롤러 계약 인터페이스. [동일성] 계약, 규칙없음. (시그니처 판정)",,,,,
,,src/HeadlessDCGO.Engine/Headless/Runtime/IHeadlessTurnController.cs,IHeadlessTurnController.cs,,,,,RL 컨트롤러 계약 인터페이스,"[구현대상] RL 컨트롤러 계약 인터페이스. [동일성] 계약, 규칙없음. (시그니처 판정)",,,,,
,,src/HeadlessDCGO.Engine/Headless/Runtime/InMemoryHeadlessAttackController.cs,InMemoryHeadlessAttackController.cs,,,,,공격 상태기계(DeclareAttack/SelectBlocker/Switch/Retarget/Resolve/AdvancePhase),[구현대상] 공격 상태기계(DeclareAttack/SelectBlocker/Switch/Retarget/Resolve/AdvancePhase). [동일성] RL 상태전이 컨트롤러; 공격 규칙 계산은 AttackProcess/BlockTiming(별도). 본문 심층 미독(상태전이로 보임).,,,,,
,,src/HeadlessDCGO.Engine/Headless/Runtime/InMemoryHeadlessChoiceController.cs,InMemoryHeadlessChoiceController.cs,,,,,선택 상태 컨트롤러(RL),[구현대상] 선택 상태 컨트롤러(RL). [동일성] 상태전이; 선택 규칙 위임. 본문 심층 미독. (시그니처 판정),,,,,
,,src/HeadlessDCGO.Engine/Headless/Runtime/InMemoryHeadlessMemoryController.cs,InMemoryHeadlessMemoryController.cs,재판정:정당substrate·부호파리티 검증(2026-07-24),,,,"메모리 상태 컨트롤러(Init/Set/Add/CanPay/Pay·Clamp[-10,10])","[구현대상] 메모리 상태 컨트롤러(clamp[-10,10]·Set/Add/CanPay/Pay). [동일성] clamp=AS-IS MemoryObject:141-148·핸드오프=TurnFlowPump:323 Set(-Current)·비용=Pay/CanPay live(구 TODO 사문). 부호 파리티 검증완료: 핸드오프-반전 단일값이 Player.MemoryForPlayer(턴상대부호)로 MemoryForPlayer(P0)=-M/P1=+M → MaxMemoryCost=|MemoryForPlayer+10|가 AS-IS PlayerID 양분기를 양 플레이어·매단계 재현(단계 트레이스 확인). 결함 아님.",,,,,
,,src/HeadlessDCGO.Engine/Headless/Runtime/InMemoryHeadlessPlayerStatusController.cs,InMemoryHeadlessPlayerStatusController.cs,,,,,패배플래그 추적(MarkLose/IsLose/LosingPlayers),[구현대상] 패배플래그 추적(MarkLose/IsLose/LosingPlayers). [동일성] 상태 저장; 패배 판정은 TerminalEvaluator/PlayerRuleAdapter(별도). 규칙 미계산.,,,,,
,,src/HeadlessDCGO.Engine/Headless/Runtime/InMemoryHeadlessTurnController.cs,InMemoryHeadlessTurnController.cs,,,,,"턴 상태기계(Init/AdvancePhase/EndTurn/SetPhase, HeadlessPhaseMapping.NextStep 사용)","[구현대상] 턴 상태기계(Init/AdvancePhase/EndTurn/SetPhase, HeadlessPhaseMapping.NextStep 사용). [동일성] RL 상태전이; 페이즈 순서=HeadlessPhaseMapping 소관. 본문 심층 미독.",,,,,
,,src/HeadlessDCGO.Engine/Headless/Runtime/LegalActionSetValidator.cs,LegalActionSetValidator.cs,,,,,"합법행동 검증(Validate→LegalityVerdict, HeadlessLegalActionDispatcher 위임)","[구현대상] 합법행동 검증(Validate→LegalityVerdict, HeadlessLegalActionDispatcher 위임). [동일성] RL 합법성 표면; 규칙은 dispatcher(삭제대상 참조) 위임. 본문 심층 미독.",,,,,
,,src/HeadlessDCGO.Engine/Headless/Runtime/LinkHelpers.cs,LinkHelpers.cs,삭제:재이관완료(→미러 Permanent 링크 API·WhenLinked 창 AS-IS화)(2026-07-28),Y,Y,,,,,,,,
,,src/HeadlessDCGO.Engine/Headless/Runtime/MainSkillActivateAction.cs,MainSkillActivateAction.cs,,Y,,,,,,,,,
,,src/HeadlessDCGO.Engine/Headless/Runtime/MatchConfig.cs,MatchConfig.cs,,Y,,,,,,AS-IS 게임 설정값(CardObjectController.CreatePlayerDecks:16 + TurnStateMachine.StartGame:303 파라미터),,,Y
,,src/HeadlessDCGO.Engine/Headless/Runtime/MatchResult.cs,MatchResult.cs,,,,,매치결과 DTO(RL). AS-IS 무대응 RL 표면/관측,"[구현대상] 매치결과 DTO(RL). AS-IS 무대응 RL 표면/관측. [동일성] DTO/enum, 규칙없음. (시그니처 판정)",,,,,
,,src/HeadlessDCGO.Engine/Headless/Runtime/MatchSetupFlow.cs,MatchSetupFlow.cs,삭제:재이관완료(덱빌드/시딩→CreatePlayerDecks·선공→TSM.Init·딜/마리건/시큐리티→StartGame·이중경로+억제해킹 제거)(2026-07-28),Y,Y,,,,,AS-IS CardObjectController.CreatePlayerDecks :16 + TurnStateMachine.StartGame :303,,,
,,src/HeadlessDCGO.Engine/Headless/Runtime/MetadataActionProcessor.cs,MetadataActionProcessor.cs,,Y,,,,,,AS-IS TurnStateMachine 메인페이즈 플레이어 행동 처리·디스패치(+PassTurn/EndTurnCheck),,,Y
,,src/HeadlessDCGO.Engine/Headless/Runtime/MulliganCoordinator.cs,MulliganCoordinator.cs,삭제:재이관완료(→TSM.StartGame 인라인·펌프게이트 ChooseAsync·grep 0)(2026-07-28),Y,Y,,,,,AS-IS TurnStateMachine.cs 멀리건 SetRedraw :388 / StartGame,,,
,,src/HeadlessDCGO.Engine/Headless/Runtime/NoOpActionProcessor.cs,NoOpActionProcessor.cs,,,,,no-op 행동처리기,"[구현대상] no-op 행동처리기. [동일성] 인프라, 규칙없음. (시그니처 판정)",,,,,
,,src/HeadlessDCGO.Engine/Headless/Runtime/ObservationSnapshot.cs,ObservationSnapshot.cs,,,,,"관측 스냅샷 DTO(RL 전용, AS-IS 무대응). AS-IS 무대응 RL 표면/관측","[구현대상] 관측 스냅샷 DTO(RL 전용, AS-IS 무대응). AS-IS 무대응 RL 표면/관측. [동일성] DTO/enum, 규칙없음. (시그니처 판정)",,,,,
,,src/HeadlessDCGO.Engine/Headless/Runtime/OptionActivateAction.cs,OptionActivateAction.cs,,Y,,,,,,,,,
,,src/HeadlessDCGO.Engine/Headless/Runtime/OptionColorRequirement.cs,OptionColorRequirement.cs,삭제:은퇴(→CardSource.CanNotPlayThisOption 라이브)(2026-07-28),Y,Y,,,,,,,,
,,src/HeadlessDCGO.Engine/Headless/Runtime/OverclockEffect.cs,OverclockEffect.cs,삭제:은퇴(AS-IS OverclockProcess 라이브)(2026-07-28),Y,Y,,,,,,,,
,,src/HeadlessDCGO.Engine/Headless/Runtime/PlayCardAction.cs,PlayCardAction.cs,삭제:재이관완료(ProcessAsync 은퇴·열거→dispatcher 재하우징·AS-IS getter 재기반)(2026-07-28),Y,Y,,,,,,,,
,,src/HeadlessDCGO.Engine/Headless/Runtime/PlayerTurnCounterController.cs,PlayerTurnCounterController.cs,,,,,플레이어별 per-turn 카운터 저장(Increment/Get/Reset),"[구현대상] 플레이어별 per-turn 카운터 저장(Increment/Get/Reset). [동일성] 상태 저장 인프라, 규칙없음.",,,,,
,,src/HeadlessDCGO.Engine/Headless/Runtime/ProgressImmunity.cs,ProgressImmunity.cs,삭제:은퇴(printed ProgressSelfStaticEffect가 정본)(2026-07-28),Y,Y,,,,,,,,
,,src/HeadlessDCGO.Engine/Headless/Runtime/RevealAndSelect.cs,RevealAndSelect.cs,삭제:은퇴(→RevealLibrary 라이브)(2026-07-28),Y,Y,,,,,,,,
,,src/HeadlessDCGO.Engine/Headless/Runtime/SecurityFaceState.cs,SecurityFaceState.cs,,,,,시큐리티 앞뒷면 상태 record(RL 관측). AS-IS 무대응 RL 표면/관측,"[구현대상] 시큐리티 앞뒷면 상태 record(RL 관측). AS-IS 무대응 RL 표면/관측. [동일성] DTO/enum, 규칙없음. (시그니처 판정)",,,,,
,,src/HeadlessDCGO.Engine/Headless/Runtime/SecurityResolver.cs,SecurityResolver.cs,삭제:재이관완료(로직→미러)(2026-07-24),Y,Y,,,,,AS-IS CardController.cs ISecurityCheck.SecurityCheck() :3880/3891,,,
,,src/HeadlessDCGO.Engine/Headless/Runtime/SessionContext.cs,SessionContext.cs,,,,,세션/매치 컨텍스트(RL 세션). AS-IS 무대응 RL 표면/관측,"[구현대상] 세션/매치 컨텍스트(RL 세션). AS-IS 무대응 RL 표면/관측. [동일성] DTO/enum, 규칙없음. (시그니처 판정)",,,,,
,,src/HeadlessDCGO.Engine/Headless/Runtime/SpecialPlayAction.cs,SpecialPlayAction.cs,삭제:재이관완료(레지스트리 은퇴·SelectJogressEffect 428줄 포팅)(2026-07-28),Y,Y,,,,,,,,
,,src/HeadlessDCGO.Engine/Headless/Runtime/StepResult.cs,StepResult.cs,,,,,스텝 결과 DTO(RL step API). AS-IS 무대응 RL 표면/관측,"[구현대상] 스텝 결과 DTO(RL step API). AS-IS 무대응 RL 표면/관측. [동일성] DTO/enum, 규칙없음. (시그니처 판정)",,,,,
,,src/HeadlessDCGO.Engine/Headless/Runtime/TerminalEvaluator.cs,TerminalEvaluator.cs,삭제:은퇴(→AutoProcessing.EndGameProcess 인라인)(2026-07-28),Y,Y,,,,,,,,
,,src/HeadlessDCGO.Engine/Headless/Runtime/TurnFlowDriver.cs,TurnFlowDriver.cs,,Y,,,,,,,,,
,,src/HeadlessDCGO.Engine/Headless/Runtime/TurnFlowPump.cs,TurnFlowPump.cs,,Y,,,,,,,,,
,,src/HeadlessDCGO.Engine/Headless/Runtime/TurnStepCursor.cs,TurnStepCursor.cs,,,,,턴스텝 커서 enum(어휘). AS-IS 무대응 RL 표면/관측,"[구현대상] 턴스텝 커서 enum(어휘). AS-IS 무대응 RL 표면/관측. [동일성] DTO/enum, 규칙없음. (시그니처 판정)",,,,,
,,src/HeadlessDCGO.Engine/Headless/Services/CardInstanceRecord.cs,CardInstanceRecord.cs,,,,,카드 인스턴스 record DTO(엔티티ID 모델),"[구현대상] 카드 인스턴스 record DTO(엔티티ID 모델). [동일성] DTO, 규칙없음.",,,,,
,,src/HeadlessDCGO.Engine/Headless/Services/CardQuery.cs,CardQuery.cs,,,,,카드 질의 DTO,"[구현대상] 카드 질의 DTO. [동일성] DTO, 규칙없음. (시그니처 판정)",,,,,
,,src/HeadlessDCGO.Engine/Headless/Services/CardRecord.cs,CardRecord.cs,,,,,카드 정의 record DTO(Unity ScriptableObject 대체),"[구현대상] 카드 정의 record DTO(Unity ScriptableObject 대체). [동일성] DTO, 규칙없음.",,,,,
,,src/HeadlessDCGO.Engine/Headless/Services/GameRandomSource.cs,GameRandomSource.cs,수리완료(2026-07-24),,,,결정론 RNG(Unity Random 대체),"[구현대상] 결정론 RNG(AS-IS GameRandom.cs 미러: xoshiro256**+splitmix64). [동일성] 수리완료: NextInt=AS-IS Range(int)(NextUInt32 상위32비트·range==1 단락·32비트 rejection), NextUInt32=NextState>>32, NextDouble=24비트, Shuffle=ShuffledDeckCards 루프. seed int-scoped(int범위 seed 등가). AS-IS 시퀀스 재현.",,,,,
,,src/HeadlessDCGO.Engine/Headless/Services/HeadlessEntityId.cs,HeadlessEntityId.cs,,,,,엔티티 ID struct(Unity GameObject 참조 대체),"[구현대상] 엔티티 ID struct(Unity GameObject 참조 대체). [동일성] 값타입, 규칙없음.",,,,,
,,src/HeadlessDCGO.Engine/Headless/Services/HeadlessEntityRegistry.cs,HeadlessEntityRegistry.cs,,,,,엔티티(플레이어/정의/인스턴스) 레지스트리(Unity GameObject→안정ID 대체),"[구현대상] 엔티티(플레이어/정의/인스턴스) 레지스트리(Unity GameObject→안정ID 대체). [동일성] 식별 인프라, 규칙없음.",,,,,
,,src/HeadlessDCGO.Engine/Headless/Services/HeadlessPlayerId.cs,HeadlessPlayerId.cs,,,,,플레이어 ID struct(Unity Player 참조 대체),"[구현대상] 플레이어 ID struct(Unity Player 참조 대체). [동일성] 값타입, 규칙없음.",,,,,
,,src/HeadlessDCGO.Engine/Headless/Services/ICardInstanceRepository.cs,ICardInstanceRepository.cs,,,,,substrate 계약 인터페이스,"[구현대상] substrate 계약 인터페이스. [동일성] 계약, 규칙없음. (시그니처 판정)",,,,,
,,src/HeadlessDCGO.Engine/Headless/Services/ICardRepository.cs,ICardRepository.cs,,,,,substrate 계약 인터페이스,"[구현대상] substrate 계약 인터페이스. [동일성] 계약, 규칙없음. (시그니처 판정)",,,,,
,,src/HeadlessDCGO.Engine/Headless/Services/IHeadlessLegalActionController.cs,IHeadlessLegalActionController.cs,,,,,substrate 계약 인터페이스,"[구현대상] substrate 계약 인터페이스. [동일성] 계약, 규칙없음. (시그니처 판정)",,,,,
,,src/HeadlessDCGO.Engine/Headless/Services/IHeadlessLegalActionSeeder.cs,IHeadlessLegalActionSeeder.cs,,,,,substrate 계약 인터페이스,"[구현대상] substrate 계약 인터페이스. [동일성] 계약, 규칙없음. (시그니처 판정)",,,,,
,,src/HeadlessDCGO.Engine/Headless/Services/IHeadlessMatchStateResettable.cs,IHeadlessMatchStateResettable.cs,,,,,substrate 계약 인터페이스,"[구현대상] substrate 계약 인터페이스. [동일성] 계약, 규칙없음. (시그니처 판정)",,,,,
,,src/HeadlessDCGO.Engine/Headless/Services/ILogSink.cs,ILogSink.cs,,,,,substrate 계약 인터페이스,"[구현대상] substrate 계약 인터페이스. [동일성] 계약, 규칙없음. (시그니처 판정)",,,,,
,,src/HeadlessDCGO.Engine/Headless/Services/IRandomSeedController.cs,IRandomSeedController.cs,,,,,substrate 계약 인터페이스,"[구현대상] substrate 계약 인터페이스. [동일성] 계약, 규칙없음. (시그니처 판정)",,,,,
,,src/HeadlessDCGO.Engine/Headless/Services/IRandomSource.cs,IRandomSource.cs,,,,,substrate 계약 인터페이스,"[구현대상] substrate 계약 인터페이스. [동일성] 계약, 규칙없음. (시그니처 판정)",,,,,
,,src/HeadlessDCGO.Engine/Headless/Services/IRuleQueryService.cs,IRuleQueryService.cs,,,,,substrate 계약 인터페이스,"[구현대상] substrate 계약 인터페이스. [동일성] 계약, 규칙없음. (시그니처 판정)",,,,,
,,src/HeadlessDCGO.Engine/Headless/Services/IStateFingerprintService.cs,IStateFingerprintService.cs,,,,,substrate 계약 인터페이스,"[구현대상] substrate 계약 인터페이스. [동일성] 계약, 규칙없음. (시그니처 판정)",,,,,
,,src/HeadlessDCGO.Engine/Headless/Services/ITerminalOutcomeSink.cs,ITerminalOutcomeSink.cs,,,,,substrate 계약 인터페이스,"[구현대상] substrate 계약 인터페이스. [동일성] 계약, 규칙없음. (시그니처 판정)",,,,,
,,src/HeadlessDCGO.Engine/Headless/Services/ITerminalStateController.cs,ITerminalStateController.cs,,,,,substrate 계약 인터페이스,"[구현대상] substrate 계약 인터페이스. [동일성] 계약, 규칙없음. (시그니처 판정)",,,,,
,,src/HeadlessDCGO.Engine/Headless/Services/IZoneMover.cs,IZoneMover.cs,,,,,substrate 계약 인터페이스,"[구현대상] substrate 계약 인터페이스. [동일성] 계약, 규칙없음. (시그니처 판정)",,,,,
,,src/HeadlessDCGO.Engine/Headless/Services/IZoneStateReader.cs,IZoneStateReader.cs,,,,,substrate 계약 인터페이스,"[구현대상] substrate 계약 인터페이스. [동일성] 계약, 규칙없음. (시그니처 판정)",,,,,
,,src/HeadlessDCGO.Engine/Headless/Services/IllegalAction.cs,IllegalAction.cs,,,,,불법행동 DTO(RL api),"[구현대상] 불법행동 DTO(RL api). [동일성] DTO, 규칙없음. (시그니처 판정)",,,,,
,,src/HeadlessDCGO.Engine/Headless/Services/InMemoryCardInstanceRepository.cs,InMemoryCardInstanceRepository.cs,,,,,카드인스턴스 저장소(Unity 상태 대체),"[구현대상] 카드인스턴스 저장소(Unity 상태 대체). [동일성] 저장 인프라, 규칙없음.",,,,,
,,src/HeadlessDCGO.Engine/Headless/Services/InMemoryCardRepository.cs,InMemoryCardRepository.cs,,,,,카드정의 저장소(Unity 카드DB 대체),"[구현대상] 카드정의 저장소(Unity 카드DB 대체). [동일성] 저장 인프라, 규칙없음. (시그니처 판정)",,,,,
,,src/HeadlessDCGO.Engine/Headless/Services/InMemoryLogSink.cs,InMemoryLogSink.cs,,,,,인메모리 로그 sink,"[구현대상] 인메모리 로그 sink. [동일성] 인프라, 규칙없음. (시그니처 판정)",,,,,
,,src/HeadlessDCGO.Engine/Headless/Services/InMemoryRuleQueryService.cs,InMemoryRuleQueryService.cs,,,,,"legal-action/terminal 저장·질의 캐시(외부가 SetLegalActions로 주입, 규칙 계산 안 함; 파일 TODO='real rule checks 미이식' 자인)","[구현대상] legal-action/terminal 저장·질의 캐시(외부가 SetLegalActions로 주입, 규칙 계산 안 함; 파일 TODO='real rule checks 미이식' 자인). [동일성] 저장/질의 인프라, 규칙 미계산.",,,,,
,,src/HeadlessDCGO.Engine/Headless/Services/InMemoryZoneMover.cs,InMemoryZoneMover.cs,,Y,,,,,,,,,
,,src/HeadlessDCGO.Engine/Headless/Services/LegalAction.cs,LegalAction.cs,,,,,합법행동 DTO(RL api),"[구현대상] 합법행동 DTO(RL api). [동일성] DTO, 규칙없음. (시그니처 판정)",,,,,
,,src/HeadlessDCGO.Engine/Headless/Services/NullLogSink.cs,NullLogSink.cs,,,,,no-op 로그 sink,"[구현대상] no-op 로그 sink. [동일성] 인프라, 규칙없음. (시그니처 판정)",,,,,
,,src/HeadlessDCGO.Engine/Headless/Services/StateFingerprintService.cs,StateFingerprintService.cs,,,,,상태 정본스냅샷+지문(RL 결정론). AS-IS 무대응(RL 전용),"[구현대상] 상태 정본스냅샷+지문(RL 결정론). AS-IS 무대응(RL 전용). [동일성] RL 인프라, 규칙없음.",,,,,
,,src/HeadlessDCGO.Engine/Headless/Services/ZoneMoveRequest.cs,ZoneMoveRequest.cs,,,,,존 이동요청 DTO,"[구현대상] 존 이동요청 DTO. [동일성] DTO, 규칙없음. (시그니처 판정)",,,,,
,,src/HeadlessDCGO.Engine/Headless/Services/ZoneMoveResult.cs,ZoneMoveResult.cs,,,,,존 이동결과 DTO,"[구현대상] 존 이동결과 DTO. [동일성] DTO, 규칙없음. (시그니처 판정)",,,,,
,,src/HeadlessDCGO.Engine/Headless/State/CardIdentityAdapter.cs,CardIdentityAdapter.cs,삭제:은퇴(0-caller·PlayerZoneAdapter 동반)(2026-07-28),Y,,,,,,,,,
,,src/HeadlessDCGO.Engine/Headless/State/CardInstanceState.cs,CardInstanceState.cs,,,,,카드 인스턴스 상태모델(Unity Permanent/CardSource mutable 필드 대체: 서스펜드/앞뒷면/소스/수정자/플래그),"[구현대상] 카드 인스턴스 상태모델(Unity Permanent/CardSource mutable 필드 대체: 서스펜드/앞뒷면/소스/수정자/플래그). [동일성] 불변 record+transform, 규칙없음(플래그 세터만). Unity대체 state holder, 충실.",,,,,
,,src/HeadlessDCGO.Engine/Headless/State/DigivolutionStack.cs,DigivolutionStack.cs,,,,,진화스택 타입모델(AS-IS 타입드 CardSource 스택 구조 복원; flat id-list 대체). top=base DP 공급,"[구현대상] 진화스택 타입모델(AS-IS 타입드 CardSource 스택 구조 복원; flat id-list 대체). top=base DP 공급. [동일성] 데이터구조, 규칙없음, 표현 충실.",,,,,
,,src/HeadlessDCGO.Engine/Headless/State/DigivolutionStackReader.cs,DigivolutionStackReader.cs,,,,,"sourceIds 메타데이터→타입드 스택 view 투영(저장은 메타데이터 canonical, 이건 read-view)","[구현대상] sourceIds 메타데이터→타입드 스택 view 투영(저장은 메타데이터 canonical, 이건 read-view). [동일성] 뷰, 충실(순서 newest-under-first→reverse).",,,,,
,,src/HeadlessDCGO.Engine/Headless/State/DpCalculator.cs,DpCalculator.cs,삭제:은퇴(dpModifiers writer 0·관측은 Permanent.DP로 수정)(2026-07-28),Y,Y,,,,,,,,
,,src/HeadlessDCGO.Engine/Headless/State/DpModifier.cs,DpModifier.cs,,,,,DP수정 타입모델(AS-IS IChangeBaseDPEffect: Relative=IsUpDown/Absolute=NotIsUpDown; activatedOrder=ActivatedTime). 데이터타입,[구현대상] DP수정 타입모델(AS-IS IChangeBaseDPEffect: Relative=IsUpDown/Absolute=NotIsUpDown; activatedOrder=ActivatedTime). 데이터타입. [동일성] 표현 충실; 실제 fold=DpCalculator(별도).,,,,,
,,src/HeadlessDCGO.Engine/Headless/State/GameContextStateAccessor.cs,GameContextStateAccessor.cs,,,,,AS-IS GManager.turnStateMachine.gameContext 접근자 대체(Memory/Phase/TurnPlayer/Players 읽기),"[구현대상] AS-IS GManager.turnStateMachine.gameContext 접근자 대체(Memory/Phase/TurnPlayer/Players 읽기). [동일성] 접근자 substrate, 규칙없음(필터/스냅샷만).",,,,,
,,src/HeadlessDCGO.Engine/Headless/State/MatchState.cs,MatchState.cs,,,,,매치 상태 루트 record+ComputeFingerprint(RL),"[구현대상] 매치 상태 루트 record+ComputeFingerprint(RL). [동일성] MoveCard=소유권 무결가드+RemoveFromZone/AddToZone 순수 상태변이, 존-합법성 규칙 없음. 충실.",,,,,
,,src/HeadlessDCGO.Engine/Headless/State/PermanentBookkeepingStore.cs,PermanentBookkeepingStore.cs,,,,,AS-IS Permanent just-after 부기(Permanent.cs:3686-3941)를 top-InstanceId store로 운반,[구현대상] AS-IS Permanent just-after 부기(Permanent.cs:3686-3941)를 top-InstanceId store로 운반. [동일성] 필드·센티넬 AS-IS 일치. ReKey 커버 추적완료: 전 top-swap(DigivolveAction·DeDigivolve·Fusion/Free[FuseAsync topSwap]·Permanent:4177)이 ReKey 호출; DigivolutionStackHelpers는 top-아래 조작이라 top-swap 아님. 충실 확정.,,,,,
,,src/HeadlessDCGO.Engine/Headless/State/PlayerRuleAdapter.cs,PlayerRuleAdapter.cs,삭제:은퇴(참조 0 실측)(2026-07-28),Y,Y,,,,,,,,
,,src/HeadlessDCGO.Engine/Headless/State/PlayerState.cs,PlayerState.cs,,Y,,,,,,AS-IS Player(Player.cs 존/메모리/플래그 상태),,,Y
,,src/HeadlessDCGO.Engine/Headless/State/PlayerZoneAdapter.cs,PlayerZoneAdapter.cs,삭제:은퇴(소비자 CardIdentityAdapter 0-caller·동반 삭제)(2026-07-28),Y,Y,,,,,,,,
,,src/HeadlessDCGO.Engine/Headless/State/VisibilityView.cs,VisibilityView.cs,삭제:발명물은퇴(2026-07-24),Y,Y,,,,,,,,
,,src/HeadlessDCGO.Engine/Headless/State/ZoneState.cs,ZoneState.cs,삭제:발명물은퇴(2026-07-24),Y,Y,,,,,AS-IS 렌더층 가시성 Player.cs ReverseCard :312 (전용 규칙클래스 없음),,,
DCGO/Assets/Scripts/Script/AttackProcess.cs,AttackProcess.cs,src/HeadlessDCGO.Engine/Assets/Scripts/Script/AttackProcess.cs,AttackProcess.cs,,Y,,,,,,,,[선대조] opus 심층 대조(별도 문서 CONGRUENCE_5FILES),Y
DCGO/Assets/Scripts/Script/AutoProcessing.cs,AutoProcessing.cs,src/HeadlessDCGO.Engine/Assets/Scripts/Script/AutoProcessing.cs,AutoProcessing.cs,,Y,,,,,,,,[선대조] opus 심층 대조(별도 문서 CONGRUENCE_5FILES),Y
DCGO/Assets/Scripts/Script/AutomaticOrder/StartTurnTamerMemory.cs,StartTurnTamerMemory.cs,src/HeadlessDCGO.Engine/Assets/Scripts/Script/AutomaticOrder/StartTurnTamerMemory.cs,StartTurnTamerMemory.cs,,Y,,,,,,,,[스텁] TOBE는 'TODO: Skeleton only. Port or implement deterministic .NET logic later.' 주석 8줄뿐인 스텁이며 AS-IS의 GetSkillInd,
DCGO/Assets/Scripts/Script/BGMObject.cs,BGMObject.cs,,,,,,"순수 Unity 오디오: AudioSource BGM 재생/정지+DOTween 페이드아웃(전문 확인), 게임규칙 상태변이 0 → 미러 불요",,,,,,,
DCGO/Assets/Scripts/Script/BattleMode.cs,BattleMode.cs,,,,,,"순수 UI 화면전환: 로비/룸/배틀모드 UI 매니저 Off·SetUp 호출만(전문 확인), 게임규칙 0 → 미러 불요",,,,,,,
DCGO/Assets/Scripts/Script/BendText.cs,BendText.cs,,,,,,"순수 렌더링/에디터: TextMeshPro 메시 곡면변형+OnDrawGizmos(전문 확인), 게임규칙 0 → 미러 불요",,,,,,,
DCGO/Assets/Scripts/Script/BrainStormObject.cs,BrainStormObject.cs,,,,,,순수 뷰: HandCard GameObject 표시(SetActive/회전/이미지)만이고 브레인스톰 규칙로직은 엔진 src/.../Script/AutoProcessing.cs·CardController.cs에 존재(grep 확인) → 이 파일은 미러 불요,,,,,,,
DCGO/Assets/Scripts/Script/BreakGlass.cs,BreakGlass.cs,,,,,,"순수 VFX/물리: Rigidbody 폭발 유리깨짐 연출+SE(전문 확인), 게임규칙 0 → 미러 불요",,,,,,,
DCGO/Assets/Scripts/Script/BurstEffectObject.cs,BurstEffectObject.cs,,,,,,"순수 VFX: EvolutionEffectObject(MonoBehaviour) 상속한 진화 컷인 애니메이션·텍스트·머티리얼·SE(전문 확인), 게임규칙 0 → 미러 불요",,,,,,,
DCGO/Assets/Scripts/Script/CEntity_Base.cs,CEntity_Base.cs,src/HeadlessDCGO.Engine/Assets/Scripts/Script/CEntity_Base.cs,CEntity_Base.cs,,Y,,,,,,,,[변경/발명추가] TO-BE ports only the CardColor enum (per its own header comment: 'only the members ported effect code needs so,
DCGO/Assets/Scripts/Script/CEntity_Effect.cs,CEntity_Effect.cs,src/HeadlessDCGO.Engine/Assets/Scripts/Script/CEntity_Effect.cs,CEntity_Effect.cs,,Y,,,,,,,,"[스텁] TO-BE는 'TODO: Skeleton only' 7줄 스텁; AS-IS의 virtual CardEffects(EffectTiming,CardSource)·GetCardEffects(필터링 포함)",
DCGO/Assets/Scripts/Script/CEntity_EffectController.cs,CEntity_EffectController.cs,src/HeadlessDCGO.Engine/Assets/Scripts/Script/CEntity_EffectController.cs,CEntity_EffectController.cs,,Y,,,,,,,,"[변경/발명추가] AS-IS AddCardEffect(string,string)(:179-241, reflection Component 부착)가 TO-BE에서 통째로 삭제(대체 배선 없음, MISSING.md만 기재",
DCGO/Assets/Scripts/Script/CPlayerElement.cs,CPlayerElement.cs,,,,,,"순수 UI 표시: 룸 플레이어정보 Text(이름/Ready)+로컬라이즈(전문 확인), 게임규칙 0 → 미러 불요",,,,,,,
DCGO/Assets/Scripts/Script/CRoomElement.cs,CRoomElement.cs,,,,,,"순수 UI+네트워킹: 룸 리스트 항목 Text 표시, Photon.Pun/Realtime using(전문 확인), 게임규칙 0 → 미러 불요",,,,,,,
DCGO/Assets/Scripts/Script/CardController.cs,CardController.cs,src/HeadlessDCGO.Engine/Assets/Scripts/Script/CardController.cs,CardController.cs,,Y,,,,,,,,[위임] AS-IS defines 35 classes in CardController.cs; TO-BE CardController.cs defines only 29. Six AS-IS classes are ,
DCGO/Assets/Scripts/Script/CardDetail.cs,CardDetail.cs,,,,,,"순수 UI: 카드 확대 상세보기 표시+DOTween 애니메이션(전문 확인), 게임규칙 0 → 미러 불요",,,,,,,
DCGO/Assets/Scripts/Script/CardDistribution.cs,CardDistribution.cs,,,,,,"덱빌더 UI: 종별/레벨별 분포 탭에 표시 술어(CardKind/Level) 설정만이고 데이터모델 CardDistributionTab.cs·DeckData.cs는 엔진 src에 존재(grep 확인), 게임플레이 상태변이 0 → 미러 불요",,,,,,,
DCGO/Assets/Scripts/Script/CardDistributionTab.cs,CardDistributionTab.cs,src/HeadlessDCGO.Engine/Assets/Scripts/Script/CardDistributionTab.cs,CardDistributionTab.cs,,Y,,,,,,,,[스텁] TO-BE is a 7-line skeleton stub ('TODO: Skeleton only') while AS-IS has real logic (SetCardDistributionTab: co,
DCGO/Assets/Scripts/Script/CardEffectCommons.cs,CardEffectCommons.cs,src/HeadlessDCGO.Engine/Assets/Scripts/Script/CardEffectCommons.cs,CardEffectCommons.cs,,Y,,,,,,,,[선대조] opus 심층 대조(별도 문서 CONGRUENCE_5FILES) | [교차변경] OptionActivateAction(substrate) AS-IS화 작업 중 변경: ActivateMainOfOptionSide가 삭제-74 ActivatedEffectResolver로 위임하던 것을 AS-IS(CardEffectCommons.cs:733: OptionMainEffect(card).Activate(OptionMainCheckHashtable(card)) + SetIsDigimon/TamerEffect stamp)로 수리. (2026-07-24),Y
DCGO/Assets/Scripts/Script/CardEffectCommons/CanUseEffects/CanSuspend.cs,CanSuspend.cs,src/HeadlessDCGO.Engine/Assets/Scripts/Script/CardEffectCommons/CanUseEffects/CanSuspend.cs,CanSuspend.cs,,Y,,,,,,,,"[위임] AS-IS CanActivateSuspendCostEffect(CardSource,bool)(:10-14)가 TO-BE 이 파일에서 누락되고 주석상 '동일 시그니처로 CardEffectCommons",
DCGO/Assets/Scripts/Script/CardEffectCommons/CanUseEffects/CanUnsuspend.cs,CanUnsuspend.cs,src/HeadlessDCGO.Engine/Assets/Scripts/Script/CardEffectCommons/CanUseEffects/CanUnsuspend.cs,CanUnsuspend.cs,,Y,,,,,,,,[위임] AS-IS CanUnsuspend(Permanent) (1 method) is NOT in this file — TO-BE's own comment states it is instead define,
DCGO/Assets/Scripts/Script/CardEffectCommons/CanUseEffects/IgnoreBattle.cs,IgnoreBattle.cs,src/HeadlessDCGO.Engine/Assets/Scripts/Script/CardEffectCommons/CanUseEffects/IgnoreBattle.cs,IgnoreBattle.cs,,Y,,,,,,,,,
DCGO/Assets/Scripts/Script/CardEffectCommons/CanUseEffects/OnAddDigivolutionCards.cs,OnAddDigivolutionCards.cs,src/HeadlessDCGO.Engine/Assets/Scripts/Script/CardEffectCommons/CanUseEffects/OnAddDigivolutionCards.cs,OnAddDigivolutionCards.cs,,Y,,,,,,,,,
DCGO/Assets/Scripts/Script/CardEffectCommons/CanUseEffects/OnAttack.cs,OnAttack.cs,src/HeadlessDCGO.Engine/Assets/Scripts/Script/CardEffectCommons/CanUseEffects/OnAttack.cs,OnAttack.cs,,Y,,,,,,,,,
DCGO/Assets/Scripts/Script/CardEffectCommons/CanUseEffects/OnAttackTargetSwitch.cs,OnAttackTargetSwitch.cs,src/HeadlessDCGO.Engine/Assets/Scripts/Script/CardEffectCommons/CanUseEffects/OnAttackTargetSwitch.cs,OnAttackTargetSwitch.cs,,Y,,,,,,,,,
DCGO/Assets/Scripts/Script/CardEffectCommons/CanUseEffects/OnCardsAddedToHand.cs,OnCardsAddedToHand.cs,src/HeadlessDCGO.Engine/Assets/Scripts/Script/CardEffectCommons/CanUseEffects/OnCardsAddedToHand.cs,OnCardsAddedToHand.cs,,Y,,,,,,,,,
DCGO/Assets/Scripts/Script/CardEffectCommons/CanUseEffects/OnCardsReturnToHandFromTrash.cs,OnCardsReturnToHandFromTrash.cs,src/HeadlessDCGO.Engine/Assets/Scripts/Script/CardEffectCommons/CanUseEffects/OnCardsReturnToHandFromTrash.cs,OnCardsReturnToHandFromTrash.cs,,Y,,,,,,,,,
DCGO/Assets/Scripts/Script/CardEffectCommons/CanUseEffects/OnCardsReturnToLibraryFromTrash.cs,OnCardsReturnToLibraryFromTrash.cs,src/HeadlessDCGO.Engine/Assets/Scripts/Script/CardEffectCommons/CanUseEffects/OnCardsReturnToLibraryFromTrash.cs,OnCardsReturnToLibraryFromTrash.cs,,Y,,,,,,,,,
DCGO/Assets/Scripts/Script/CardEffectCommons/CanUseEffects/OnDeletion.cs,OnDeletion.cs,src/HeadlessDCGO.Engine/Assets/Scripts/Script/CardEffectCommons/CanUseEffects/OnDeletion.cs,OnDeletion.cs,,Y,,,,,,,,[변경/발명추가] IsByBattle (AS-IS :82-85 = GetBattleFromHashtable(hashtable)!=null only) gains an added OR fallback ReadCauseM,
DCGO/Assets/Scripts/Script/CardEffectCommons/CanUseEffects/OnEndAttack.cs,OnEndAttack.cs,src/HeadlessDCGO.Engine/Assets/Scripts/Script/CardEffectCommons/CanUseEffects/OnEndAttack.cs,OnEndAttack.cs,,Y,,,,,,,,,
DCGO/Assets/Scripts/Script/CardEffectCommons/CanUseEffects/OnFaceUpSecurityIncrease.cs,OnFaceUpSecurityIncrease.cs,src/HeadlessDCGO.Engine/Assets/Scripts/Script/CardEffectCommons/CanUseEffects/OnFaceUpSecurityIncrease.cs,OnFaceUpSecurityIncrease.cs,,Y,,,,,,,,,
DCGO/Assets/Scripts/Script/CardEffectCommons/CanUseEffects/OnMove.cs,OnMove.cs,src/HeadlessDCGO.Engine/Assets/Scripts/Script/CardEffectCommons/CanUseEffects/OnMove.cs,OnMove.cs,,Y,,,,,,,,,
DCGO/Assets/Scripts/Script/CardEffectCommons/CanUseEffects/OnReturnLibraryBottomDigivolutionCards.cs,OnReturnLibraryBottomDigivolutionCards.cs,src/HeadlessDCGO.Engine/Assets/Scripts/Script/CardEffectCommons/CanUseEffects/OnReturnLibraryBottomDigivolutionCards.cs,OnReturnLibraryBottomDigivolutionCards.cs,,Y,,,,,,,,,
DCGO/Assets/Scripts/Script/CardEffectCommons/CanUseEffects/OnSuspend.cs,OnSuspend.cs,src/HeadlessDCGO.Engine/Assets/Scripts/Script/CardEffectCommons/CanUseEffects/OnSuspend.cs,OnSuspend.cs,,Y,,,,,,,,,
DCGO/Assets/Scripts/Script/CardEffectCommons/CanUseEffects/OnTrashBySelfDigiBurst.cs,OnTrashBySelfDigiBurst.cs,src/HeadlessDCGO.Engine/Assets/Scripts/Script/CardEffectCommons/CanUseEffects/OnTrashBySelfDigiBurst.cs,OnTrashBySelfDigiBurst.cs,,Y,,,,,,,,,
DCGO/Assets/Scripts/Script/CardEffectCommons/CanUseEffects/OnTrashDigivolutionCard.cs,OnTrashDigivolutionCard.cs,src/HeadlessDCGO.Engine/Assets/Scripts/Script/CardEffectCommons/CanUseEffects/OnTrashDigivolutionCard.cs,OnTrashDigivolutionCard.cs,,Y,,,,,,,,,
DCGO/Assets/Scripts/Script/CardEffectCommons/CanUseEffects/OnTrashHand.cs,OnTrashHand.cs,src/HeadlessDCGO.Engine/Assets/Scripts/Script/CardEffectCommons/CanUseEffects/OnTrashHand.cs,OnTrashHand.cs,,Y,,,,,,,,,
DCGO/Assets/Scripts/Script/CardEffectCommons/CanUseEffects/OnTrashLinkCard.cs,OnTrashLinkCard.cs,src/HeadlessDCGO.Engine/Assets/Scripts/Script/CardEffectCommons/CanUseEffects/OnTrashLinkCard.cs,OnTrashLinkCard.cs,,Y,,,,,,,,,
DCGO/Assets/Scripts/Script/CardEffectCommons/CanUseEffects/OnTrashLinkedCard.cs,OnTrashLinkedCard.cs,src/HeadlessDCGO.Engine/Assets/Scripts/Script/CardEffectCommons/CanUseEffects/OnTrashLinkedCard.cs,OnTrashLinkedCard.cs,,Y,,,,,,,,,
DCGO/Assets/Scripts/Script/CardEffectCommons/CanUseEffects/OnUnsuspend.cs,OnUnsuspend.cs,src/HeadlessDCGO.Engine/Assets/Scripts/Script/CardEffectCommons/CanUseEffects/OnUnsuspend.cs,OnUnsuspend.cs,,Y,,,,,,,,,
DCGO/Assets/Scripts/Script/CardEffectCommons/CanUseEffects/OptionEffect.cs,OptionEffect.cs,src/HeadlessDCGO.Engine/Assets/Scripts/Script/CardEffectCommons/CanUseEffects/OptionEffect.cs,OptionEffect.cs,,Y,,,,,,,,"[위임] CanTriggerOptionMainEffect is verbatim, but CanDeclareOptionDelayEffect (AS-IS :27-38) is NOT in this file — T",
DCGO/Assets/Scripts/Script/CardEffectCommons/CanUseEffects/PermanentEnterField/OnPlay.cs,OnPlay.cs,src/HeadlessDCGO.Engine/Assets/Scripts/Script/CardEffectCommons/CanUseEffects/PermanentEnterField/OnPlay.cs,OnPlay.cs,,Y,,,,,,,,,
DCGO/Assets/Scripts/Script/CardEffectCommons/CanUseEffects/PermanentEnterField/PermanentEnterField.cs,PermanentEnterField.cs,src/HeadlessDCGO.Engine/Assets/Scripts/Script/CardEffectCommons/CanUseEffects/PermanentEnterField/PermanentEnterField.cs,PermanentEnterField.cs,,Y,,,,,,,,,
DCGO/Assets/Scripts/Script/CardEffectCommons/CanUseEffects/PermanentEnterField/WhenDigivolving.cs,WhenDigivolving.cs,src/HeadlessDCGO.Engine/Assets/Scripts/Script/CardEffectCommons/CanUseEffects/PermanentEnterField/WhenDigivolving.cs,WhenDigivolving.cs,,Y,,,,,,,,,
DCGO/Assets/Scripts/Script/CardEffectCommons/CanUseEffects/SecurityEffect.cs,SecurityEffect.cs,src/HeadlessDCGO.Engine/Assets/Scripts/Script/CardEffectCommons/CanUseEffects/SecurityEffect.cs,SecurityEffect.cs,,Y,,,,,,,,,
DCGO/Assets/Scripts/Script/CardEffectCommons/CanUseEffects/WhenAddHand.cs,WhenAddHand.cs,src/HeadlessDCGO.Engine/Assets/Scripts/Script/CardEffectCommons/CanUseEffects/WhenAddHand.cs,WhenAddHand.cs,,Y,,,,,,,,,
DCGO/Assets/Scripts/Script/CardEffectCommons/CanUseEffects/WhenDeleteOpponentDigimon.cs,WhenDeleteOpponentDigimon.cs,src/HeadlessDCGO.Engine/Assets/Scripts/Script/CardEffectCommons/CanUseEffects/WhenDeleteOpponentDigimon.cs,WhenDeleteOpponentDigimon.cs,,Y,,,,,,,,,
DCGO/Assets/Scripts/Script/CardEffectCommons/CanUseEffects/WhenDeleteOpponentDigimonByBattle.cs,WhenDeleteOpponentDigimonByBattle.cs,src/HeadlessDCGO.Engine/Assets/Scripts/Script/CardEffectCommons/CanUseEffects/WhenDeleteOpponentDigimonByBattle.cs,WhenDeleteOpponentDigimonByBattle.cs,,Y,,,,,,,,,
DCGO/Assets/Scripts/Script/CardEffectCommons/CanUseEffects/WhenDiscardLibrary.cs,WhenDiscardLibrary.cs,src/HeadlessDCGO.Engine/Assets/Scripts/Script/CardEffectCommons/CanUseEffects/WhenDiscardLibrary.cs,WhenDiscardLibrary.cs,,Y,,,,,,,,,
DCGO/Assets/Scripts/Script/CardEffectCommons/CanUseEffects/WhenDiscardSecurity.cs,WhenDiscardSecurity.cs,src/HeadlessDCGO.Engine/Assets/Scripts/Script/CardEffectCommons/CanUseEffects/WhenDiscardSecurity.cs,WhenDiscardSecurity.cs,,Y,,,,,,,,,
DCGO/Assets/Scripts/Script/CardEffectCommons/CanUseEffects/WhenLinked.cs,WhenLinked.cs,src/HeadlessDCGO.Engine/Assets/Scripts/Script/CardEffectCommons/CanUseEffects/WhenLinked.cs,WhenLinked.cs,,Y,,,,,,,,,
DCGO/Assets/Scripts/Script/CardEffectCommons/CanUseEffects/WhenLoseSecurity.cs,WhenLoseSecurity.cs,src/HeadlessDCGO.Engine/Assets/Scripts/Script/CardEffectCommons/CanUseEffects/WhenLoseSecurity.cs,WhenLoseSecurity.cs,,Y,,,,,,,,,
DCGO/Assets/Scripts/Script/CardEffectCommons/CanUseEffects/WhenPermanentWouldDigivolve.cs,WhenPermanentWouldDigivolve.cs,src/HeadlessDCGO.Engine/Assets/Scripts/Script/CardEffectCommons/CanUseEffects/WhenPermanentWouldDigivolve.cs,WhenPermanentWouldDigivolve.cs,,Y,,,,,,,,,
DCGO/Assets/Scripts/Script/CardEffectCommons/CanUseEffects/WhenPermanentWouldPlay.cs,WhenPermanentWouldPlay.cs,src/HeadlessDCGO.Engine/Assets/Scripts/Script/CardEffectCommons/CanUseEffects/WhenPermanentWouldPlay.cs,WhenPermanentWouldPlay.cs,,Y,,,,,,,,,
DCGO/Assets/Scripts/Script/CardEffectCommons/CanUseEffects/WhenRemoveField.cs,WhenRemoveField.cs,src/HeadlessDCGO.Engine/Assets/Scripts/Script/CardEffectCommons/CanUseEffects/WhenRemoveField.cs,WhenRemoveField.cs,,Y,,,,,,,,,
DCGO/Assets/Scripts/Script/CardEffectCommons/CanUseEffects/WhenUseDigiBurst.cs,WhenUseDigiBurst.cs,src/HeadlessDCGO.Engine/Assets/Scripts/Script/CardEffectCommons/CanUseEffects/WhenUseDigiBurst.cs,WhenUseDigiBurst.cs,,Y,,,,,,,,,
DCGO/Assets/Scripts/Script/CardEffectCommons/CanUseEffects/WhenUseOption.cs,WhenUseOption.cs,src/HeadlessDCGO.Engine/Assets/Scripts/Script/CardEffectCommons/CanUseEffects/WhenUseOption.cs,WhenUseOption.cs,,Y,,,,,,,,,
DCGO/Assets/Scripts/Script/CardEffectCommons/CanUseEffects/WhenWinBattle.cs,WhenWinBattle.cs,src/HeadlessDCGO.Engine/Assets/Scripts/Script/CardEffectCommons/CanUseEffects/WhenWinBattle.cs,WhenWinBattle.cs,,Y,,,,,,,,,
DCGO/Assets/Scripts/Script/CardEffectCommons/CanUseEffects/WhenWouldLink.cs,WhenWouldLink.cs,src/HeadlessDCGO.Engine/Assets/Scripts/Script/CardEffectCommons/CanUseEffects/WhenWouldLink.cs,WhenWouldLink.cs,,Y,,,,,,,,,
DCGO/Assets/Scripts/Script/CardEffectCommons/CanUseEffects/WhendAddSecurity.cs,WhendAddSecurity.cs,src/HeadlessDCGO.Engine/Assets/Scripts/Script/CardEffectCommons/CanUseEffects/WhendAddSecurity.cs,WhendAddSecurity.cs,,Y,,,,,,,,,
DCGO/Assets/Scripts/Script/CardEffectCommons/CustomMessage.cs,CustomMessage.cs,src/HeadlessDCGO.Engine/Assets/Scripts/Script/CardEffectCommons/CustomMessage.cs,CustomMessage.cs,,Y,,,,,,,,,
DCGO/Assets/Scripts/Script/CardEffectCommons/DNADigivolveEffects.cs,DNADigivolveEffects.cs,src/HeadlessDCGO.Engine/Assets/Scripts/Script/CardEffectCommons/DNADigivolveEffects.cs,DNADigivolveEffects.cs,,Y,,,,,,,,"[위임] DNADigivolvePermanentsIntoHandOrTrashCard's real body (AS-IS :458-624, SetJogressEvoRootsController/PunRPC/Wai",
DCGO/Assets/Scripts/Script/CardEffectCommons/DigiXrosEffects.cs,DigiXrosEffects.cs,src/HeadlessDCGO.Engine/Assets/Scripts/Script/CardEffectCommons/DigiXrosEffects.cs,DigiXrosEffects.cs,,Y,,,,,,,,,
,,src/HeadlessDCGO.Engine/Assets/Scripts/Script/CardEffectCommons/EffectChoiceHelpers.cs,EffectChoiceHelpers.cs,,Y,Y,,,,,,,,
DCGO/Assets/Scripts/Script/CardEffectCommons/GameContextDeterminarion.cs,GameContextDeterminarion.cs,src/HeadlessDCGO.Engine/Assets/Scripts/Script/CardEffectCommons/GameContextDeterminarion.cs,GameContextDeterminarion.cs,,Y,,,,,,,,"[위임] AS-IS는 CardEffectCommons partial 65개 심볼(IsExistOnField/Battle/Breeding/Trash/Security 계열, IsPermanentExistsOn*",
DCGO/Assets/Scripts/Script/CardEffectCommons/GetFromHashtable.cs,GetFromHashtable.cs,src/HeadlessDCGO.Engine/Assets/Scripts/Script/CardEffectCommons/GetFromHashtable.cs,GetFromHashtable.cs,,Y,,,,,,,,,
DCGO/Assets/Scripts/Script/CardEffectCommons/GiveEffect/GiveEffectToPermanent/CanNoReturnToDeck.cs,CanNoReturnToDeck.cs,src/HeadlessDCGO.Engine/Assets/Scripts/Script/CardEffectCommons/GiveEffect/GiveEffectToPermanent/CanNoReturnToDeck.cs,CanNoReturnToDeck.cs,,Y,,,,,,,,,Y
DCGO/Assets/Scripts/Script/CardEffectCommons/GiveEffect/GiveEffectToPermanent/CanNotAttack.cs,CanNotAttack.cs,src/HeadlessDCGO.Engine/Assets/Scripts/Script/CardEffectCommons/GiveEffect/GiveEffectToPermanent/CanNotAttack.cs,CanNotAttack.cs,,Y,,,,,,,,,Y
DCGO/Assets/Scripts/Script/CardEffectCommons/GiveEffect/GiveEffectToPermanent/CanNotBeAttacked.cs,CanNotBeAttacked.cs,src/HeadlessDCGO.Engine/Assets/Scripts/Script/CardEffectCommons/GiveEffect/GiveEffectToPermanent/CanNotBeAttacked.cs,CanNotBeAttacked.cs,,Y,,,,,,,,,Y
DCGO/Assets/Scripts/Script/CardEffectCommons/GiveEffect/GiveEffectToPermanent/CanNotBeBlocked.cs,CanNotBeBlocked.cs,src/HeadlessDCGO.Engine/Assets/Scripts/Script/CardEffectCommons/GiveEffect/GiveEffectToPermanent/CanNotBeBlocked.cs,CanNotBeBlocked.cs,,Y,,,,,,,,,Y
DCGO/Assets/Scripts/Script/CardEffectCommons/GiveEffect/GiveEffectToPermanent/CanNotBeDeletedByBattle.cs,CanNotBeDeletedByBattle.cs,src/HeadlessDCGO.Engine/Assets/Scripts/Script/CardEffectCommons/GiveEffect/GiveEffectToPermanent/CanNotBeDeletedByBattle.cs,CanNotBeDeletedByBattle.cs,,Y,,,,,,,,,Y
DCGO/Assets/Scripts/Script/CardEffectCommons/GiveEffect/GiveEffectToPermanent/CanNotBeDeletedByEffect.cs,CanNotBeDeletedByEffect.cs,src/HeadlessDCGO.Engine/Assets/Scripts/Script/CardEffectCommons/GiveEffect/GiveEffectToPermanent/CanNotBeDeletedByEffect.cs,CanNotBeDeletedByEffect.cs,,Y,,,,,,,,,Y
DCGO/Assets/Scripts/Script/CardEffectCommons/GiveEffect/GiveEffectToPermanent/CanNotBlock.cs,CanNotBlock.cs,src/HeadlessDCGO.Engine/Assets/Scripts/Script/CardEffectCommons/GiveEffect/GiveEffectToPermanent/CanNotBlock.cs,CanNotBlock.cs,,Y,,,,,,,,,Y
DCGO/Assets/Scripts/Script/CardEffectCommons/GiveEffect/GiveEffectToPermanent/CanNotReturnToHand.cs,CanNotReturnToHand.cs,src/HeadlessDCGO.Engine/Assets/Scripts/Script/CardEffectCommons/GiveEffect/GiveEffectToPermanent/CanNotReturnToHand.cs,CanNotReturnToHand.cs,,Y,,,,,,,,,Y
DCGO/Assets/Scripts/Script/CardEffectCommons/GiveEffect/GiveEffectToPermanent/CanNotSuspend.cs,CanNotSuspend.cs,src/HeadlessDCGO.Engine/Assets/Scripts/Script/CardEffectCommons/GiveEffect/GiveEffectToPermanent/CanNotSuspend.cs,CanNotSuspend.cs,,Y,,,,,,,,,Y
DCGO/Assets/Scripts/Script/CardEffectCommons/GiveEffect/GiveEffectToPermanent/CanNotUnsuspend.cs,CanNotUnsuspend.cs,src/HeadlessDCGO.Engine/Assets/Scripts/Script/CardEffectCommons/GiveEffect/GiveEffectToPermanent/CanNotUnsuspend.cs,CanNotUnsuspend.cs,,Y,,,,,,,,,Y
DCGO/Assets/Scripts/Script/CardEffectCommons/GiveEffect/GiveEffectToPermanent/ChangeDP.cs,ChangeDP.cs,src/HeadlessDCGO.Engine/Assets/Scripts/Script/CardEffectCommons/GiveEffect/GiveEffectToPermanent/ChangeDP.cs,ChangeDP.cs,,Y,,,,,,,,[위임] TO-BE는 AS-IS 시그니처를 그대로 둔 채 본문 전체(CanUseCondition/ChangeDPClass 생성/AddEffectToPermanent/CreateBuffEffect·Debuff,Y
DCGO/Assets/Scripts/Script/CardEffectCommons/GiveEffect/GiveEffectToPermanent/ChangeLinkMax.cs,ChangeLinkMax.cs,src/HeadlessDCGO.Engine/Assets/Scripts/Script/CardEffectCommons/GiveEffect/GiveEffectToPermanent/ChangeLinkMax.cs,ChangeLinkMax.cs,,Y,,,,,,,,,Y
DCGO/Assets/Scripts/Script/CardEffectCommons/GiveEffect/GiveEffectToPermanent/ChangeOriginDP.cs,ChangeOriginDP.cs,src/HeadlessDCGO.Engine/Assets/Scripts/Script/CardEffectCommons/GiveEffect/GiveEffectToPermanent/ChangeOriginDP.cs,ChangeOriginDP.cs,,Y,,,,,,,,[위임] TO-BE는 activateClass?.EffectSourceCard를 붙여 다른 오버로드(CardEffectCommons.cs:3392의 ChangeBaseDigimonDP)로 위임하는 2줄 브릿,Y
DCGO/Assets/Scripts/Script/CardEffectCommons/GiveEffect/GiveEffectToPermanent/ChangeSAttack.cs,ChangeSAttack.cs,src/HeadlessDCGO.Engine/Assets/Scripts/Script/CardEffectCommons/GiveEffect/GiveEffectToPermanent/ChangeSAttack.cs,ChangeSAttack.cs,,Y,,,,,,,,"[위임] TOBE 파일은 두 ChangeDigimonSAttack 오버로드 몸체가 전부 다른 파일(CardEffectCommons.cs:1812)의 병합된 구현으로 위임되는 브릿지뿐이며, 실제 조건분기/Ad",Y
DCGO/Assets/Scripts/Script/CardEffectCommons/GiveEffect/GiveEffectToPermanent/DeleteSelf.cs,DeleteSelf.cs,src/HeadlessDCGO.Engine/Assets/Scripts/Script/CardEffectCommons/GiveEffect/GiveEffectToPermanent/DeleteSelf.cs,DeleteSelf.cs,,Y,,,,,,,,"[위임] TOBE의 AddSelfDeleteEffect 몸체는 실제 로직 없이 다른 파일(CardEffectCommons.cs:2663)의 문자열키 기반 구현으로 위임하는 브릿지이며, AS-IS의 perma",
DCGO/Assets/Scripts/Script/CardEffectCommons/GiveEffect/GiveEffectToPermanent/ImmuneFromDPMinus.cs,ImmuneFromDPMinus.cs,src/HeadlessDCGO.Engine/Assets/Scripts/Script/CardEffectCommons/GiveEffect/GiveEffectToPermanent/ImmuneFromDPMinus.cs,ImmuneFromDPMinus.cs,,Y,,,,,,,,,Y
DCGO/Assets/Scripts/Script/CardEffectCommons/GiveEffect/GiveEffectToPermanent/StartOfMainAttack.cs,StartOfMainAttack.cs,src/HeadlessDCGO.Engine/Assets/Scripts/Script/CardEffectCommons/GiveEffect/GiveEffectToPermanent/StartOfMainAttack.cs,StartOfMainAttack.cs,,Y,,,,,,,,,
DCGO/Assets/Scripts/Script/CardEffectCommons/GiveEffect/GiveEffectToPermanent/TamerBecomesDigimonThatCanNotDigivolve.cs,TamerBecomesDigimonThatCanNotDigivolve.cs,src/HeadlessDCGO.Engine/Assets/Scripts/Script/CardEffectCommons/GiveEffect/GiveEffectToPermanent/TamerBecomesDigimonThatCanNotDigivolve.cs,TamerBecomesDigimonThatCanNotDigivolve.cs,,Y,,,,,,,,"[삭제] TO-BE drops `changeBaseDPClass.SetActivatedTime(DateTime.Now);` (AS-IS line 48), comment-justified as 'a Unity",Y
DCGO/Assets/Scripts/Script/CardEffectCommons/GiveEffect/GiveEffectToPermanentOrPlayer.cs,GiveEffectToPermanentOrPlayer.cs,src/HeadlessDCGO.Engine/Assets/Scripts/Script/CardEffectCommons/GiveEffect/GiveEffectToPermanentOrPlayer.cs,GiveEffectToPermanentOrPlayer.cs,,Y,,,,,,,,[변경/발명추가] AddEffectToPermanent에 AS-IS에 없는 `if (targetPermanent is null || targetPermanent.InstanceId.IsEmpty) return;` 조,Y
DCGO/Assets/Scripts/Script/CardEffectCommons/GiveEffect/GiveEffectToPlayer/CanNoReturnToDeck.cs,CanNoReturnToDeck.cs,src/HeadlessDCGO.Engine/Assets/Scripts/Script/CardEffectCommons/GiveEffect/GiveEffectToPlayer/CanNoReturnToDeck.cs,CanNoReturnToDeck.cs,,Y,,,,,,,,,Y
DCGO/Assets/Scripts/Script/CardEffectCommons/GiveEffect/GiveEffectToPlayer/CanNotAttack.cs,CanNotAttack.cs,src/HeadlessDCGO.Engine/Assets/Scripts/Script/CardEffectCommons/GiveEffect/GiveEffectToPlayer/CanNotAttack.cs,CanNotAttack.cs,,Y,,,,,,,,,Y
DCGO/Assets/Scripts/Script/CardEffectCommons/GiveEffect/GiveEffectToPlayer/CanNotBeDeletedByBattle.cs,CanNotBeDeletedByBattle.cs,src/HeadlessDCGO.Engine/Assets/Scripts/Script/CardEffectCommons/GiveEffect/GiveEffectToPlayer/CanNotBeDeletedByBattle.cs,CanNotBeDeletedByBattle.cs,,Y,,,,,,,,,Y
DCGO/Assets/Scripts/Script/CardEffectCommons/GiveEffect/GiveEffectToPlayer/CanNotBlock.cs,CanNotBlock.cs,src/HeadlessDCGO.Engine/Assets/Scripts/Script/CardEffectCommons/GiveEffect/GiveEffectToPlayer/CanNotBlock.cs,CanNotBlock.cs,,Y,,,,,,,,,Y
DCGO/Assets/Scripts/Script/CardEffectCommons/GiveEffect/GiveEffectToPlayer/CanNotReturnToHand.cs,CanNotReturnToHand.cs,src/HeadlessDCGO.Engine/Assets/Scripts/Script/CardEffectCommons/GiveEffect/GiveEffectToPlayer/CanNotReturnToHand.cs,CanNotReturnToHand.cs,,Y,,,,,,,,,Y
DCGO/Assets/Scripts/Script/CardEffectCommons/GiveEffect/GiveEffectToPlayer/CanNotSuspend.cs,CanNotSuspend.cs,src/HeadlessDCGO.Engine/Assets/Scripts/Script/CardEffectCommons/GiveEffect/GiveEffectToPlayer/CanNotSuspend.cs,CanNotSuspend.cs,,Y,,,,,,,,,Y
DCGO/Assets/Scripts/Script/CardEffectCommons/GiveEffect/GiveEffectToPlayer/CanNotUnsuspend.cs,CanNotUnsuspend.cs,src/HeadlessDCGO.Engine/Assets/Scripts/Script/CardEffectCommons/GiveEffect/GiveEffectToPlayer/CanNotUnsuspend.cs,CanNotUnsuspend.cs,,Y,,,,,,,,,Y
DCGO/Assets/Scripts/Script/CardEffectCommons/GiveEffect/GiveEffectToPlayer/ChangeCardDP.cs,ChangeCardDP.cs,src/HeadlessDCGO.Engine/Assets/Scripts/Script/CardEffectCommons/GiveEffect/GiveEffectToPlayer/ChangeCardDP.cs,ChangeCardDP.cs,,Y,,,,,,,,,Y
DCGO/Assets/Scripts/Script/CardEffectCommons/GiveEffect/GiveEffectToPlayer/ChangeDP.cs,ChangeDP.cs,src/HeadlessDCGO.Engine/Assets/Scripts/Script/CardEffectCommons/GiveEffect/GiveEffectToPlayer/ChangeDP.cs,ChangeDP.cs,,Y,,,,,,,,"[위임] TO-BE 본문이 실로직 없이 다른 오버로드(5-인자 ChangeDigimonDPPlayerEffect(permanentCondition, changeValue, effectDuration, act",Y
DCGO/Assets/Scripts/Script/CardEffectCommons/GiveEffect/GiveEffectToPlayer/ChangeDigivolutionCost.cs,ChangeDigivolutionCost.cs,src/HeadlessDCGO.Engine/Assets/Scripts/Script/CardEffectCommons/GiveEffect/GiveEffectToPlayer/ChangeDigivolutionCost.cs,ChangeDigivolutionCost.cs,,Y,,,,,,,,,
DCGO/Assets/Scripts/Script/CardEffectCommons/GiveEffect/GiveEffectToPlayer/ChangePlayCost.cs,ChangePlayCost.cs,src/HeadlessDCGO.Engine/Assets/Scripts/Script/CardEffectCommons/GiveEffect/GiveEffectToPlayer/ChangePlayCost.cs,ChangePlayCost.cs,,Y,,,,,,,,[위임] TO-BE는 실제 로직(가드·PermanentCondition·ChangeCostClass 생성·AddEffectToPlayer·PermanentsForTurnPlayer 순회 VFX) 전체를 담지,Y
DCGO/Assets/Scripts/Script/CardEffectCommons/GiveEffect/GiveEffectToPlayer/ChangeSAttack.cs,ChangeSAttack.cs,src/HeadlessDCGO.Engine/Assets/Scripts/Script/CardEffectCommons/GiveEffect/GiveEffectToPlayer/ChangeSAttack.cs,ChangeSAttack.cs,,Y,,,,,,,,"[위임] AS-IS sibling method InvertDigimonSAttackPlayerEffect (AS-IS :73-131, full PermanentCondition/AddEffectToPlaye",Y
DCGO/Assets/Scripts/Script/CardEffectCommons/GiveEffect/GiveEffectToPlayer/IgnoreDigivolutionRequirement.cs,IgnoreDigivolutionRequirement.cs,src/HeadlessDCGO.Engine/Assets/Scripts/Script/CardEffectCommons/GiveEffect/GiveEffectToPlayer/IgnoreDigivolutionRequirement.cs,IgnoreDigivolutionRequirement.cs,,Y,,,,,,,,,
DCGO/Assets/Scripts/Script/CardEffectCommons/GiveEffect/GiveEffectToPlayer/ImmuneFromDPMinus.cs,ImmuneFromDPMinus.cs,src/HeadlessDCGO.Engine/Assets/Scripts/Script/CardEffectCommons/GiveEffect/GiveEffectToPlayer/ImmuneFromDPMinus.cs,ImmuneFromDPMinus.cs,,Y,,,,,,,,,Y
DCGO/Assets/Scripts/Script/CardEffectCommons/HashtableSetting.cs,HashtableSetting.cs,src/HeadlessDCGO.Engine/Assets/Scripts/Script/CardEffectCommons/HashtableSetting.cs,HashtableSetting.cs,,Y,,,,,,,,"[위임] PierceCheckHashtableOfPermanent가 AS-IS 4키(WinnerPermanents/_real,LoserPermanents/_real) 직접구성 대신 BuildBattleRes",
DCGO/Assets/Scripts/Script/CardEffectCommons/IsDigivolvedByTheEffect.cs,IsDigivolvedByTheEffect.cs,src/HeadlessDCGO.Engine/Assets/Scripts/Script/CardEffectCommons/IsDigivolvedByTheEffect.cs,IsDigivolvedByTheEffect.cs,,Y,,,,,,,,,
DCGO/Assets/Scripts/Script/CardEffectCommons/KeyWordEffects/Alliance.cs,Alliance.cs,src/HeadlessDCGO.Engine/Assets/Scripts/Script/CardEffectCommons/KeyWordEffects/Alliance.cs,Alliance.cs,,Y,,,,,,,,,Y
DCGO/Assets/Scripts/Script/CardEffectCommons/KeyWordEffects/ArmorPurge.cs,ArmorPurge.cs,src/HeadlessDCGO.Engine/Assets/Scripts/Script/CardEffectCommons/KeyWordEffects/ArmorPurge.cs,ArmorPurge.cs,,Y,,,,,,,,[위임] ArmorPurgeProcess의 핵심 상태변경 로직(구 ArmorPurgeClass.ArmorPurge의 RemoveFromAllArea/AddTrashCard(!IsToken)/WhenTopCa,
DCGO/Assets/Scripts/Script/CardEffectCommons/KeyWordEffects/Ascension.cs,Ascension.cs,src/HeadlessDCGO.Engine/Assets/Scripts/Script/CardEffectCommons/KeyWordEffects/Ascension.cs,Ascension.cs,,Y,,,,,,,,,
DCGO/Assets/Scripts/Script/CardEffectCommons/KeyWordEffects/Barrier.cs,Barrier.cs,src/HeadlessDCGO.Engine/Assets/Scripts/Script/CardEffectCommons/KeyWordEffects/Barrier.cs,Barrier.cs,,Y,,,,,,,,,Y
DCGO/Assets/Scripts/Script/CardEffectCommons/KeyWordEffects/Blitz.cs,Blitz.cs,src/HeadlessDCGO.Engine/Assets/Scripts/Script/CardEffectCommons/KeyWordEffects/Blitz.cs,Blitz.cs,,Y,,,,,,,,"[위임] BlitzProcess: AS-IS는 beforeOnAttackCoroutine 유무와 무관하게 항상 동일 경로(CanActivateBlitz(cardSource,activateClass)->Sel",Y
DCGO/Assets/Scripts/Script/CardEffectCommons/KeyWordEffects/Blocker.cs,Blocker.cs,src/HeadlessDCGO.Engine/Assets/Scripts/Script/CardEffectCommons/KeyWordEffects/Blocker.cs,Blocker.cs,,Y,,,,,,,,,Y
DCGO/Assets/Scripts/Script/CardEffectCommons/KeyWordEffects/Collision.cs,Collision.cs,src/HeadlessDCGO.Engine/Assets/Scripts/Script/CardEffectCommons/KeyWordEffects/Collision.cs,Collision.cs,,Y,,,,,,,,[삭제] AS-IS GainCollision의 !targetPermanent.TopCard.CanNotBeAffected(activateClass) 분기 전체 삭제; 해당 분기 내 CreateBuffEffe,Y
DCGO/Assets/Scripts/Script/CardEffectCommons/KeyWordEffects/Decode.cs,Decode.cs,src/HeadlessDCGO.Engine/Assets/Scripts/Script/CardEffectCommons/KeyWordEffects/Decode.cs,Decode.cs,,Y,,,,,,,,[변경/발명추가] DecodeProcess's final PlayPermanentCards call: AS-IS passes activateClass: activateClass (the live ICardEffect,Y
DCGO/Assets/Scripts/Script/CardEffectCommons/KeyWordEffects/Decoy.cs,Decoy.cs,src/HeadlessDCGO.Engine/Assets/Scripts/Script/CardEffectCommons/KeyWordEffects/Decoy.cs,Decoy.cs,,Y,,,,,,,,,
DCGO/Assets/Scripts/Script/CardEffectCommons/KeyWordEffects/Evade.cs,Evade.cs,src/HeadlessDCGO.Engine/Assets/Scripts/Script/CardEffectCommons/KeyWordEffects/Evade.cs,Evade.cs,,Y,,,,,,,,,Y
DCGO/Assets/Scripts/Script/CardEffectCommons/KeyWordEffects/Execute.cs,Execute.cs,src/HeadlessDCGO.Engine/Assets/Scripts/Script/CardEffectCommons/KeyWordEffects/Execute.cs,Execute.cs,,Y,,,,,,,,,Y
DCGO/Assets/Scripts/Script/CardEffectCommons/KeyWordEffects/Fortitude.cs,Fortitude.cs,src/HeadlessDCGO.Engine/Assets/Scripts/Script/CardEffectCommons/KeyWordEffects/Fortitude.cs,Fortitude.cs,,Y,,,,,,,,"[변경/발명추가] CanActivateFortitude에서 AS-IS는 CardEffectCommons.CanPlayAsNewPermanent(cardSource, payCost:false, cardEffect, r",Y
DCGO/Assets/Scripts/Script/CardEffectCommons/KeyWordEffects/Fragment.cs,Fragment.cs,src/HeadlessDCGO.Engine/Assets/Scripts/Script/CardEffectCommons/KeyWordEffects/Fragment.cs,Fragment.cs,,Y,,,,,,,,,
DCGO/Assets/Scripts/Script/CardEffectCommons/KeyWordEffects/Iceclad.cs,Iceclad.cs,src/HeadlessDCGO.Engine/Assets/Scripts/Script/CardEffectCommons/KeyWordEffects/Iceclad.cs,Iceclad.cs,,Y,,,,,,,,,Y
DCGO/Assets/Scripts/Script/CardEffectCommons/KeyWordEffects/Jamming.cs,Jamming.cs,src/HeadlessDCGO.Engine/Assets/Scripts/Script/CardEffectCommons/KeyWordEffects/Jamming.cs,Jamming.cs,,Y,,,,,,,,,Y
DCGO/Assets/Scripts/Script/CardEffectCommons/KeyWordEffects/MaterialSave.cs,MaterialSave.cs,src/HeadlessDCGO.Engine/Assets/Scripts/Script/CardEffectCommons/KeyWordEffects/MaterialSave.cs,MaterialSave.cs,,Y,,,,,,,,,
DCGO/Assets/Scripts/Script/CardEffectCommons/KeyWordEffects/MindLink.cs,MindLink.cs,src/HeadlessDCGO.Engine/Assets/Scripts/Script/CardEffectCommons/KeyWordEffects/MindLink.cs,MindLink.cs,,Y,,,,,,,,[위임] (1) AS-IS CanSelectPermanentCondition(MindLink.cs:25) 술어 permanent.DigivolutionCards.Count(cs=>cs.IsTamer && !,
DCGO/Assets/Scripts/Script/CardEffectCommons/KeyWordEffects/Overclock.cs,Overclock.cs,src/HeadlessDCGO.Engine/Assets/Scripts/Script/CardEffectCommons/KeyWordEffects/Overclock.cs,Overclock.cs,,Y,,,,,,,,,Y
DCGO/Assets/Scripts/Script/CardEffectCommons/KeyWordEffects/Partition.cs,Partition.cs,src/HeadlessDCGO.Engine/Assets/Scripts/Script/CardEffectCommons/KeyWordEffects/Partition.cs,Partition.cs,,Y,,,,,,,,,
DCGO/Assets/Scripts/Script/CardEffectCommons/KeyWordEffects/Pierce.cs,Pierce.cs,src/HeadlessDCGO.Engine/Assets/Scripts/Script/CardEffectCommons/KeyWordEffects/Pierce.cs,Pierce.cs,,Y,,,,,,,,,Y
DCGO/Assets/Scripts/Script/CardEffectCommons/KeyWordEffects/Progress.cs,Progress.cs,src/HeadlessDCGO.Engine/Assets/Scripts/Script/CardEffectCommons/KeyWordEffects/Progress.cs,Progress.cs,,Y,,,,,,,,"[삭제] AS-IS GainProgress(Permanent,EffectDuration,ICardEffect) (:10-40, ProgressStaticEffect 등록+AddEffectToPermanent",
DCGO/Assets/Scripts/Script/CardEffectCommons/KeyWordEffects/Raid.cs,Raid.cs,src/HeadlessDCGO.Engine/Assets/Scripts/Script/CardEffectCommons/KeyWordEffects/Raid.cs,Raid.cs,,Y,,,,,,,,,Y
DCGO/Assets/Scripts/Script/CardEffectCommons/KeyWordEffects/Reboot.cs,Reboot.cs,src/HeadlessDCGO.Engine/Assets/Scripts/Script/CardEffectCommons/KeyWordEffects/Reboot.cs,Reboot.cs,,Y,,,,,,,,,Y
DCGO/Assets/Scripts/Script/CardEffectCommons/KeyWordEffects/Retaliation.cs,Retaliation.cs,src/HeadlessDCGO.Engine/Assets/Scripts/Script/CardEffectCommons/KeyWordEffects/Retaliation.cs,Retaliation.cs,,Y,,,,,,,,,Y
DCGO/Assets/Scripts/Script/CardEffectCommons/KeyWordEffects/Rush.cs,Rush.cs,src/HeadlessDCGO.Engine/Assets/Scripts/Script/CardEffectCommons/KeyWordEffects/Rush.cs,Rush.cs,,Y,,,,,,,,,Y
DCGO/Assets/Scripts/Script/CardEffectCommons/KeyWordEffects/Save.cs,Save.cs,src/HeadlessDCGO.Engine/Assets/Scripts/Script/CardEffectCommons/KeyWordEffects/Save.cs,Save.cs,,Y,,,,,,,,[위임] CanActivateSave/MatchConditionPermanentCount/HasMatchConditionPermanent에 AS-IS에 없는 CardSource card 파라미터가 신설되어 ,
DCGO/Assets/Scripts/Script/CardEffectCommons/KeyWordEffects/Scapegoat.cs,Scapegoat.cs,src/HeadlessDCGO.Engine/Assets/Scripts/Script/CardEffectCommons/KeyWordEffects/Scapegoat.cs,Scapegoat.cs,,Y,,,,,,,,,
DCGO/Assets/Scripts/Script/CardEffectCommons/KeyWordEffects/Training.cs,Training.cs,src/HeadlessDCGO.Engine/Assets/Scripts/Script/CardEffectCommons/KeyWordEffects/Training.cs,Training.cs,,Y,,,,,,,,[변경/발명추가] TO-BE가 AS-IS에 없는 `libraryCards.Count > 0` 가드를 추가해 라이브러리가 빈 경우 AddDigivolutionCardsBottom 호출을 건너뜀; AS-IS는 무조건 c,
DCGO/Assets/Scripts/Script/CardEffectCommons/KeyWordEffects/Vortex.cs,Vortex.cs,src/HeadlessDCGO.Engine/Assets/Scripts/Script/CardEffectCommons/KeyWordEffects/Vortex.cs,Vortex.cs,,Y,,,,,,,,,Y
DCGO/Assets/Scripts/Script/CardEffectCommons/MinMax_DP_Cost_Level/Cost/IsMaxCost.cs,IsMaxCost.cs,src/HeadlessDCGO.Engine/Assets/Scripts/Script/CardEffectCommons/MinMax_DP_Cost_Level/Cost/IsMaxCost.cs,IsMaxCost.cs,,Y,,,,,,,,"[변경/발명추가] IsMaxCost substitutes the owner-scoped AS-IS predicate IsPermanentExistsOnOwnerBattleArea(permanent, permanent",
DCGO/Assets/Scripts/Script/CardEffectCommons/MinMax_DP_Cost_Level/Cost/IsMinCost.cs,IsMinCost.cs,src/HeadlessDCGO.Engine/Assets/Scripts/Script/CardEffectCommons/MinMax_DP_Cost_Level/Cost/IsMinCost.cs,IsMinCost.cs,,Y,,,,,,,,,
DCGO/Assets/Scripts/Script/CardEffectCommons/MinMax_DP_Cost_Level/DP/IsMaxDP.cs,IsMaxDP.cs,src/HeadlessDCGO.Engine/Assets/Scripts/Script/CardEffectCommons/MinMax_DP_Cost_Level/DP/IsMaxDP.cs,IsMaxDP.cs,,Y,,,,,,,,,
DCGO/Assets/Scripts/Script/CardEffectCommons/MinMax_DP_Cost_Level/DP/IsMinDP.cs,IsMinDP.cs,src/HeadlessDCGO.Engine/Assets/Scripts/Script/CardEffectCommons/MinMax_DP_Cost_Level/DP/IsMinDP.cs,IsMinDP.cs,,Y,,,,,,,,,
DCGO/Assets/Scripts/Script/CardEffectCommons/MinMax_DP_Cost_Level/DigivolutionCards/IsMinDigivolutionCards.cs,IsMinDigivolutionCards.cs,src/HeadlessDCGO.Engine/Assets/Scripts/Script/CardEffectCommons/MinMax_DP_Cost_Level/DigivolutionCards/IsMinDigivolutionCards.cs,IsMinDigivolutionCards.cs,,Y,,,,,,,,[위임] AS-IS는 permanent.TopCard==null을 명시적으로 가드하나 TO-BE는 permanent.InstanceId.IsEmpty만 확인하고 뒤에서 permanent.TopCard.Con,
DCGO/Assets/Scripts/Script/CardEffectCommons/MinMax_DP_Cost_Level/Level/IsMaxLevel.cs,IsMaxLevel.cs,src/HeadlessDCGO.Engine/Assets/Scripts/Script/CardEffectCommons/MinMax_DP_Cost_Level/Level/IsMaxLevel.cs,IsMaxLevel.cs,,Y,,,,,,,,,
DCGO/Assets/Scripts/Script/CardEffectCommons/MinMax_DP_Cost_Level/Level/IsMinLevel.cs,IsMinLevel.cs,src/HeadlessDCGO.Engine/Assets/Scripts/Script/CardEffectCommons/MinMax_DP_Cost_Level/Level/IsMinLevel.cs,IsMinLevel.cs,,Y,,,,,,,,"[위임] IsMinLevel: AS-IS는 permanent.TopCard.Owner!=owner 체크 후 IsPermanentExistsOnOwnerBattleAreaDigimon(permanent, pe",
,,src/HeadlessDCGO.Engine/Assets/Scripts/Script/CardEffectCommons/NewModelContinuousScan.cs,NewModelContinuousScan.cs,,Y,Y,,,,,,,,
,,src/HeadlessDCGO.Engine/Assets/Scripts/Script/CardEffectCommons/ReplacementHelpers.cs,ReplacementHelpers.cs,삭제:발명물은퇴(2026-07-24),,,,,[미러발명] ReplacementEffect/Request/Result 데이터모델(AS-IS 무대응). 전 타입 비주석 외부참조 0=완전 dead → 삭제완료(빌드 0오류).,,,,,
,,src/HeadlessDCGO.Engine/Assets/Scripts/Script/CardEffectCommons/RestrictionHelpers.cs,RestrictionHelpers.cs,,Y,Y,,,,,,,,Y
DCGO/Assets/Scripts/Script/CardEffectCommons/RevealLibrary.cs,RevealLibrary.cs,src/HeadlessDCGO.Engine/Assets/Scripts/Script/CardEffectCommons/RevealLibrary.cs,RevealLibrary.cs,,Y,,,,,,,,[위임] Mode-based card routing (AddHand/Discard/PlayForFree/PlayForCost) is reimplemented directly in TO-BE via Stage,
DCGO/Assets/Scripts/Script/CardEffectCommons/ShowReducedCost.cs,ShowReducedCost.cs,src/HeadlessDCGO.Engine/Assets/Scripts/Script/CardEffectCommons/ShowReducedCost.cs,ShowReducedCost.cs,,Y,,,,,,,,"[변경/발명추가] AS-IS ShowReducedCost 본문(PlayCardClass/PayCost 체크, Card.Owner.ExpectedMemory(Card.PayingCost(...)) 계산, ShowMem",
DCGO/Assets/Scripts/Script/CardEffectCommons/TrashDigivolutionCards.cs,TrashDigivolutionCards.cs,src/HeadlessDCGO.Engine/Assets/Scripts/Script/CardEffectCommons/TrashDigivolutionCards.cs,TrashDigivolutionCards.cs,,Y,,,,,,,,[위임] TO-BE is a bridge/delegate: the AS-IS-signature overload only adapts parameters and calls a DIFFERENT overload,
DCGO/Assets/Scripts/Script/CardEffectCommons/TrashLinkedCards.cs,TrashLinkedCards.cs,src/HeadlessDCGO.Engine/Assets/Scripts/Script/CardEffectCommons/TrashLinkedCards.cs,TrashLinkedCards.cs,,Y,,,,,,,,[스텁] TO-BE SelectTrashLinkedCards 본문이 AS-IS 1:1 가드(maxCount<=0/activateClass null)만 이식하고 실제 선택 루프(퍼머넌트 반복선택→링크카드 선택,
DCGO/Assets/Scripts/Script/CardEffectFactory.cs,CardEffectFactory.cs,src/HeadlessDCGO.Engine/Assets/Scripts/Script/CardEffectFactory.cs,CardEffectFactory.cs,,Y,,,,,,,,[위임] PlaySelfDigimonAfterBattleSecurityEffect(AS-IS:285/TOBE:1006) 내부에서 6건: (1) AS-IS:390 IsPermanentExistsOnOwnerB,Y
DCGO/Assets/Scripts/Script/CardEffectFactory/AddAppfusionMethod.cs,AddAppfusionMethod.cs,src/HeadlessDCGO.Engine/Assets/Scripts/Script/CardEffectFactory/AddAppfusionMethod.cs,AddAppfusionMethod.cs,,Y,,,,,,,,,
DCGO/Assets/Scripts/Script/CardEffectFactory/AddDigivolutionRequirement.cs,AddDigivolutionRequirement.cs,src/HeadlessDCGO.Engine/Assets/Scripts/Script/CardEffectFactory/AddDigivolutionRequirement.cs,AddDigivolutionRequirement.cs,,Y,,,,,,,,,
DCGO/Assets/Scripts/Script/CardEffectFactory/AddLinkRequirement.cs,AddLinkRequirement.cs,src/HeadlessDCGO.Engine/Assets/Scripts/Script/CardEffectFactory/AddLinkRequirement.cs,AddLinkRequirement.cs,,Y,,,,,,,,,
DCGO/Assets/Scripts/Script/CardEffectFactory/CanNoReturnToDeck.cs,CanNoReturnToDeck.cs,src/HeadlessDCGO.Engine/Assets/Scripts/Script/CardEffectFactory/CanNoReturnToDeck.cs,CanNoReturnToDeck.cs,,Y,,,,,,,,,
DCGO/Assets/Scripts/Script/CardEffectFactory/CanNotAttack.cs,CanNotAttack.cs,src/HeadlessDCGO.Engine/Assets/Scripts/Script/CardEffectFactory/CanNotAttack.cs,CanNotAttack.cs,,Y,,,,,,,,,
DCGO/Assets/Scripts/Script/CardEffectFactory/CanNotBeAttacked.cs,CanNotBeAttacked.cs,src/HeadlessDCGO.Engine/Assets/Scripts/Script/CardEffectFactory/CanNotBeAttacked.cs,CanNotBeAttacked.cs,,Y,,,,,,,,,
DCGO/Assets/Scripts/Script/CardEffectFactory/CanNotBeBlocked.cs,CanNotBeBlocked.cs,src/HeadlessDCGO.Engine/Assets/Scripts/Script/CardEffectFactory/CanNotBeBlocked.cs,CanNotBeBlocked.cs,,Y,,,,,,,,,
DCGO/Assets/Scripts/Script/CardEffectFactory/CanNotBeDeleted.cs,CanNotBeDeleted.cs,src/HeadlessDCGO.Engine/Assets/Scripts/Script/CardEffectFactory/CanNotBeDeleted.cs,CanNotBeDeleted.cs,,Y,,,,,,,,,
DCGO/Assets/Scripts/Script/CardEffectFactory/CanNotBeDeletedByBattle.cs,CanNotBeDeletedByBattle.cs,src/HeadlessDCGO.Engine/Assets/Scripts/Script/CardEffectFactory/CanNotBeDeletedByBattle.cs,CanNotBeDeletedByBattle.cs,,Y,,,,,,,,,
DCGO/Assets/Scripts/Script/CardEffectFactory/CanNotBeDeletedByEffect.cs,CanNotBeDeletedByEffect.cs,src/HeadlessDCGO.Engine/Assets/Scripts/Script/CardEffectFactory/CanNotBeDeletedByEffect.cs,CanNotBeDeletedByEffect.cs,,Y,,,,,,,,,
DCGO/Assets/Scripts/Script/CardEffectFactory/CanNotBeRemoved.cs,CanNotBeRemoved.cs,src/HeadlessDCGO.Engine/Assets/Scripts/Script/CardEffectFactory/CanNotBeRemoved.cs,CanNotBeRemoved.cs,,Y,,,,,,,,,
DCGO/Assets/Scripts/Script/CardEffectFactory/CanNotBeTrashedByEffect.cs,CanNotBeTrashedByEffect.cs,src/HeadlessDCGO.Engine/Assets/Scripts/Script/CardEffectFactory/CanNotBeTrashedByEffect.cs,CanNotBeTrashedByEffect.cs,,Y,,,,,,,,,
DCGO/Assets/Scripts/Script/CardEffectFactory/CanNotBlock.cs,CanNotBlock.cs,src/HeadlessDCGO.Engine/Assets/Scripts/Script/CardEffectFactory/CanNotBlock.cs,CanNotBlock.cs,,Y,,,,,,,,,
DCGO/Assets/Scripts/Script/CardEffectFactory/CanNotDigivolve.cs,CanNotDigivolve.cs,src/HeadlessDCGO.Engine/Assets/Scripts/Script/CardEffectFactory/CanNotDigivolve.cs,CanNotDigivolve.cs,,Y,,,,,,,,,
DCGO/Assets/Scripts/Script/CardEffectFactory/CanNotReturnToHand.cs,CanNotReturnToHand.cs,src/HeadlessDCGO.Engine/Assets/Scripts/Script/CardEffectFactory/CanNotReturnToHand.cs,CanNotReturnToHand.cs,,Y,,,,,,,,,
DCGO/Assets/Scripts/Script/CardEffectFactory/CanNotSuspend.cs,CanNotSuspend.cs,src/HeadlessDCGO.Engine/Assets/Scripts/Script/CardEffectFactory/CanNotSuspend.cs,CanNotSuspend.cs,,Y,,,,,,,,,
DCGO/Assets/Scripts/Script/CardEffectFactory/CanNotUnsuspend.cs,CanNotUnsuspend.cs,src/HeadlessDCGO.Engine/Assets/Scripts/Script/CardEffectFactory/CanNotUnsuspend.cs,CanNotUnsuspend.cs,,Y,,,,,,,,,
DCGO/Assets/Scripts/Script/CardEffectFactory/ChangeCardDP.cs,ChangeCardDP.cs,src/HeadlessDCGO.Engine/Assets/Scripts/Script/CardEffectFactory/ChangeCardDP.cs,ChangeCardDP.cs,,Y,,,,,,,,,
DCGO/Assets/Scripts/Script/CardEffectFactory/ChangeDP.cs,ChangeDP.cs,src/HeadlessDCGO.Engine/Assets/Scripts/Script/CardEffectFactory/ChangeDP.cs,ChangeDP.cs,,Y,,,,,,,,,
DCGO/Assets/Scripts/Script/CardEffectFactory/ChangeDigivolutionCost.cs,ChangeDigivolutionCost.cs,src/HeadlessDCGO.Engine/Assets/Scripts/Script/CardEffectFactory/ChangeDigivolutionCost.cs,ChangeDigivolutionCost.cs,,Y,,,,,,,,,
DCGO/Assets/Scripts/Script/CardEffectFactory/ChangeLinkMax.cs,ChangeLinkMax.cs,src/HeadlessDCGO.Engine/Assets/Scripts/Script/CardEffectFactory/ChangeLinkMax.cs,ChangeLinkMax.cs,,Y,,,,,,,,,
DCGO/Assets/Scripts/Script/CardEffectFactory/ChangeOriginDP.cs,ChangeOriginDP.cs,src/HeadlessDCGO.Engine/Assets/Scripts/Script/CardEffectFactory/ChangeOriginDP.cs,ChangeOriginDP.cs,,Y,,,,,,,,,
DCGO/Assets/Scripts/Script/CardEffectFactory/ChangePlayCost.cs,ChangePlayCost.cs,src/HeadlessDCGO.Engine/Assets/Scripts/Script/CardEffectFactory/ChangePlayCost.cs,ChangePlayCost.cs,,Y,,,,,,,,,
DCGO/Assets/Scripts/Script/CardEffectFactory/ChangeSAttack.cs,ChangeSAttack.cs,src/HeadlessDCGO.Engine/Assets/Scripts/Script/CardEffectFactory/ChangeSAttack.cs,ChangeSAttack.cs,,Y,,,,,,,,[변경/발명추가] AS-IS line 228 InvertSAttackStaticEffect: SetHashString($'InvertSecA_{card.CardID}') vs TO-BE line 238: SetHas,
DCGO/Assets/Scripts/Script/CardEffectFactory/ImmuneFromDPMinus.cs,ImmuneFromDPMinus.cs,src/HeadlessDCGO.Engine/Assets/Scripts/Script/CardEffectFactory/ImmuneFromDPMinus.cs,ImmuneFromDPMinus.cs,,Y,,,,,,,,,
DCGO/Assets/Scripts/Script/CardEffectFactory/KeyWordEffects/Alliance.cs,Alliance.cs,src/HeadlessDCGO.Engine/Assets/Scripts/Script/CardEffectFactory/KeyWordEffects/Alliance.cs,Alliance.cs,,Y,,,,,,,,,
DCGO/Assets/Scripts/Script/CardEffectFactory/KeyWordEffects/ArmorPurge.cs,ArmorPurge.cs,src/HeadlessDCGO.Engine/Assets/Scripts/Script/CardEffectFactory/KeyWordEffects/ArmorPurge.cs,ArmorPurge.cs,,Y,,,,,,,,[변경/발명추가] SetHashString uses `card.CardID` in AS-IS (ArmorPurge.cs:15) vs `card.CardNumber` in TO-BE — a different sourc,
DCGO/Assets/Scripts/Script/CardEffectFactory/KeyWordEffects/ArtsDigivolve.cs,ArtsDigivolve.cs,src/HeadlessDCGO.Engine/Assets/Scripts/Script/CardEffectFactory/KeyWordEffects/ArtsDigivolve.cs,ArtsDigivolve.cs,,Y,,,,,,,,,
DCGO/Assets/Scripts/Script/CardEffectFactory/KeyWordEffects/Ascension.cs,Ascension.cs,src/HeadlessDCGO.Engine/Assets/Scripts/Script/CardEffectFactory/KeyWordEffects/Ascension.cs,Ascension.cs,,Y,,,,,,,,,
DCGO/Assets/Scripts/Script/CardEffectFactory/KeyWordEffects/Barrier.cs,Barrier.cs,src/HeadlessDCGO.Engine/Assets/Scripts/Script/CardEffectFactory/KeyWordEffects/Barrier.cs,Barrier.cs,,Y,,,,,,,,,
DCGO/Assets/Scripts/Script/CardEffectFactory/KeyWordEffects/BlastDNADigivolution.cs,BlastDNADigivolution.cs,src/HeadlessDCGO.Engine/Assets/Scripts/Script/CardEffectFactory/KeyWordEffects/BlastDNADigivolution.cs,BlastDNADigivolution.cs,,Y,,,,,,,,[삭제] SelectCardCoroutine: AS-IS only materializes the played Permanent when a valid frameID exists (PreferredFrame(,
DCGO/Assets/Scripts/Script/CardEffectFactory/KeyWordEffects/BlastDigivolution.cs,BlastDigivolution.cs,src/HeadlessDCGO.Engine/Assets/Scripts/Script/CardEffectFactory/KeyWordEffects/BlastDigivolution.cs,BlastDigivolution.cs,,Y,,,,,,,,,
DCGO/Assets/Scripts/Script/CardEffectFactory/KeyWordEffects/Blitz.cs,Blitz.cs,src/HeadlessDCGO.Engine/Assets/Scripts/Script/CardEffectFactory/KeyWordEffects/Blitz.cs,Blitz.cs,,Y,,,,,,,,,
DCGO/Assets/Scripts/Script/CardEffectFactory/KeyWordEffects/Blocker.cs,Blocker.cs,src/HeadlessDCGO.Engine/Assets/Scripts/Script/CardEffectFactory/KeyWordEffects/Blocker.cs,Blocker.cs,,Y,,,,,,,,,
DCGO/Assets/Scripts/Script/CardEffectFactory/KeyWordEffects/Collision.cs,Collision.cs,src/HeadlessDCGO.Engine/Assets/Scripts/Script/CardEffectFactory/KeyWordEffects/Collision.cs,Collision.cs,,Y,,,,,,,,,
DCGO/Assets/Scripts/Script/CardEffectFactory/KeyWordEffects/Decode.cs,Decode.cs,src/HeadlessDCGO.Engine/Assets/Scripts/Script/CardEffectFactory/KeyWordEffects/Decode.cs,Decode.cs,,Y,,,,,,,,,
DCGO/Assets/Scripts/Script/CardEffectFactory/KeyWordEffects/Decoy.cs,Decoy.cs,src/HeadlessDCGO.Engine/Assets/Scripts/Script/CardEffectFactory/KeyWordEffects/Decoy.cs,Decoy.cs,,Y,,,,,,,,,
DCGO/Assets/Scripts/Script/CardEffectFactory/KeyWordEffects/Evade.cs,Evade.cs,src/HeadlessDCGO.Engine/Assets/Scripts/Script/CardEffectFactory/KeyWordEffects/Evade.cs,Evade.cs,,Y,,,,,,,,[변경/발명추가] EvadeEffect's SetHashString uses $'Evade_{card.CardNumber}' in TO-BE versus $'Evade_{card.CardID}' in AS-IS — ,
DCGO/Assets/Scripts/Script/CardEffectFactory/KeyWordEffects/Execute.cs,Execute.cs,src/HeadlessDCGO.Engine/Assets/Scripts/Script/CardEffectFactory/KeyWordEffects/Execute.cs,Execute.cs,,Y,,,,,,,,,
DCGO/Assets/Scripts/Script/CardEffectFactory/KeyWordEffects/Fortitude.cs,Fortitude.cs,src/HeadlessDCGO.Engine/Assets/Scripts/Script/CardEffectFactory/KeyWordEffects/Fortitude.cs,Fortitude.cs,,Y,,,,,,,,[변경/발명추가] AS-IS line 42: SetHashString($'Fortitude_{card.CardID}'...) vs TO-BE line 52: SetHashString($'Fortitude_{card.,
DCGO/Assets/Scripts/Script/CardEffectFactory/KeyWordEffects/Fragment.cs,Fragment.cs,src/HeadlessDCGO.Engine/Assets/Scripts/Script/CardEffectFactory/KeyWordEffects/Fragment.cs,Fragment.cs,,Y,,,,,,,,[변경/발명추가] AS-IS line 38: SetHashString($'Fragment_{card.CardID}'...) vs TO-BE line 48: SetHashString($'Fragment_{card.Ca,
DCGO/Assets/Scripts/Script/CardEffectFactory/KeyWordEffects/Iceclad.cs,Iceclad.cs,src/HeadlessDCGO.Engine/Assets/Scripts/Script/CardEffectFactory/KeyWordEffects/Iceclad.cs,Iceclad.cs,,Y,,,,,,,,,
DCGO/Assets/Scripts/Script/CardEffectFactory/KeyWordEffects/Jamming.cs,Jamming.cs,src/HeadlessDCGO.Engine/Assets/Scripts/Script/CardEffectFactory/KeyWordEffects/Jamming.cs,Jamming.cs,,Y,,,,,,,,,
DCGO/Assets/Scripts/Script/CardEffectFactory/KeyWordEffects/Link.cs,Link.cs,src/HeadlessDCGO.Engine/Assets/Scripts/Script/CardEffectFactory/KeyWordEffects/Link.cs,Link.cs,,Y,,,,,,,,,
DCGO/Assets/Scripts/Script/CardEffectFactory/KeyWordEffects/MaterialSave.cs,MaterialSave.cs,src/HeadlessDCGO.Engine/Assets/Scripts/Script/CardEffectFactory/KeyWordEffects/MaterialSave.cs,MaterialSave.cs,,Y,,,,,,,,,
DCGO/Assets/Scripts/Script/CardEffectFactory/KeyWordEffects/Overclock.cs,Overclock.cs,src/HeadlessDCGO.Engine/Assets/Scripts/Script/CardEffectFactory/KeyWordEffects/Overclock.cs,Overclock.cs,,Y,,,,,,,,,
DCGO/Assets/Scripts/Script/CardEffectFactory/KeyWordEffects/Partition.cs,Partition.cs,src/HeadlessDCGO.Engine/Assets/Scripts/Script/CardEffectFactory/KeyWordEffects/Partition.cs,Partition.cs,,Y,,,,,,,,,
DCGO/Assets/Scripts/Script/CardEffectFactory/KeyWordEffects/Pierce.cs,Pierce.cs,src/HeadlessDCGO.Engine/Assets/Scripts/Script/CardEffectFactory/KeyWordEffects/Pierce.cs,Pierce.cs,,Y,,,,,,,,,
DCGO/Assets/Scripts/Script/CardEffectFactory/KeyWordEffects/Progress.cs,Progress.cs,src/HeadlessDCGO.Engine/Assets/Scripts/Script/CardEffectFactory/KeyWordEffects/Progress.cs,Progress.cs,,Y,,,,,,,,,
DCGO/Assets/Scripts/Script/CardEffectFactory/KeyWordEffects/Raid.cs,Raid.cs,src/HeadlessDCGO.Engine/Assets/Scripts/Script/CardEffectFactory/KeyWordEffects/Raid.cs,Raid.cs,,Y,,,,,,,,,
DCGO/Assets/Scripts/Script/CardEffectFactory/KeyWordEffects/Reboot.cs,Reboot.cs,src/HeadlessDCGO.Engine/Assets/Scripts/Script/CardEffectFactory/KeyWordEffects/Reboot.cs,Reboot.cs,,Y,,,,,,,,,
DCGO/Assets/Scripts/Script/CardEffectFactory/KeyWordEffects/Retaliation.cs,Retaliation.cs,src/HeadlessDCGO.Engine/Assets/Scripts/Script/CardEffectFactory/KeyWordEffects/Retaliation.cs,Retaliation.cs,,Y,,,,,,,,,
DCGO/Assets/Scripts/Script/CardEffectFactory/KeyWordEffects/Rush.cs,Rush.cs,src/HeadlessDCGO.Engine/Assets/Scripts/Script/CardEffectFactory/KeyWordEffects/Rush.cs,Rush.cs,,Y,,,,,,,,,
DCGO/Assets/Scripts/Script/CardEffectFactory/KeyWordEffects/Save.cs,Save.cs,src/HeadlessDCGO.Engine/Assets/Scripts/Script/CardEffectFactory/KeyWordEffects/Save.cs,Save.cs,,Y,,,,,,,,,
DCGO/Assets/Scripts/Script/CardEffectFactory/KeyWordEffects/Scapegoat.cs,Scapegoat.cs,src/HeadlessDCGO.Engine/Assets/Scripts/Script/CardEffectFactory/KeyWordEffects/Scapegoat.cs,Scapegoat.cs,,Y,,,,,,,,[변경/발명추가] ScapegoatEffect SetHashString uses AS-IS card.CardID (:42) vs TO-BE card.CardNumber (:51) — different source p,
DCGO/Assets/Scripts/Script/CardEffectFactory/KeyWordEffects/Training.cs,Training.cs,src/HeadlessDCGO.Engine/Assets/Scripts/Script/CardEffectFactory/KeyWordEffects/Training.cs,Training.cs,,Y,,,,,,,,,
DCGO/Assets/Scripts/Script/CardEffectFactory/KeyWordEffects/Vortex.cs,Vortex.cs,src/HeadlessDCGO.Engine/Assets/Scripts/Script/CardEffectFactory/KeyWordEffects/Vortex.cs,Vortex.cs,,Y,,,,,,,,,
DCGO/Assets/Scripts/Script/CardEffectFactory/TreatAsDigimon.cs,TreatAsDigimon.cs,src/HeadlessDCGO.Engine/Assets/Scripts/Script/CardEffectFactory/TreatAsDigimon.cs,TreatAsDigimon.cs,,Y,,,,,,,,,
DCGO/Assets/Scripts/Script/CardEffectFactory/VortexCanAttackPlayers.cs,VortexCanAttackPlayers.cs,src/HeadlessDCGO.Engine/Assets/Scripts/Script/CardEffectFactory/VortexCanAttackPlayers.cs,VortexCanAttackPlayers.cs,,Y,,,,,,,,,
DCGO/Assets/Scripts/Script/CardEffectInterfaces.cs,CardEffectInterfaces.cs,src/HeadlessDCGO.Engine/Assets/Scripts/Script/CardEffectInterfaces.cs,CardEffectInterfaces.cs,,Y,,,,,,,,,
DCGO/Assets/Scripts/Script/CardEffects/ActivateClass.cs,ActivateClass.cs,src/HeadlessDCGO.Engine/Assets/Scripts/Script/CardEffects/ActivateClass.cs,ActivateClass.cs,,Y,,,,,,,,,
DCGO/Assets/Scripts/Script/CardEffects/AddAppFusionConditionClass.cs,AddAppFusionConditionClass.cs,src/HeadlessDCGO.Engine/Assets/Scripts/Script/CardEffects/AddAppFusionConditionClass.cs,AddAppFusionConditionClass.cs,,Y,,,,,,,,,
DCGO/Assets/Scripts/Script/CardEffects/AddAssemblyConditionClass.cs,AddAssemblyConditionClass.cs,src/HeadlessDCGO.Engine/Assets/Scripts/Script/CardEffects/AddAssemblyConditionClass.cs,AddAssemblyConditionClass.cs,,Y,,,,,,,,,
DCGO/Assets/Scripts/Script/CardEffects/AddBurstDigivolutionConditionClass.cs,AddBurstDigivolutionConditionClass.cs,src/HeadlessDCGO.Engine/Assets/Scripts/Script/CardEffects/AddBurstDigivolutionConditionClass.cs,AddBurstDigivolutionConditionClass.cs,,Y,,,,,,,,,
DCGO/Assets/Scripts/Script/CardEffects/AddDetailClass.cs,AddDetailClass.cs,src/HeadlessDCGO.Engine/Assets/Scripts/Script/CardEffects/AddDetailClass.cs,AddDetailClass.cs,,Y,,,,,,,,,
DCGO/Assets/Scripts/Script/CardEffects/AddDigiXrosConditionClass.cs,AddDigiXrosConditionClass.cs,src/HeadlessDCGO.Engine/Assets/Scripts/Script/CardEffects/AddDigiXrosConditionClass.cs,AddDigiXrosConditionClass.cs,,Y,,,,,,,,,
DCGO/Assets/Scripts/Script/CardEffects/AddEvolutionConditionClass.cs,AddEvolutionConditionClass.cs,src/HeadlessDCGO.Engine/Assets/Scripts/Script/CardEffects/AddEvolutionConditionClass.cs,AddEvolutionConditionClass.cs,,Y,,,,,,,,,
DCGO/Assets/Scripts/Script/CardEffects/AddJogressConditionClass.cs,AddJogressConditionClass.cs,src/HeadlessDCGO.Engine/Assets/Scripts/Script/CardEffects/AddJogressConditionClass.cs,AddJogressConditionClass.cs,,Y,,,,,,,,,
DCGO/Assets/Scripts/Script/CardEffects/AddJogressLevelsClass.cs,AddJogressLevelsClass.cs,src/HeadlessDCGO.Engine/Assets/Scripts/Script/CardEffects/AddJogressLevelsClass.cs,AddJogressLevelsClass.cs,,Y,,,,,,,,,
DCGO/Assets/Scripts/Script/CardEffects/AddLinkConditionClass.cs,AddLinkConditionClass.cs,src/HeadlessDCGO.Engine/Assets/Scripts/Script/CardEffects/AddLinkConditionClass.cs,AddLinkConditionClass.cs,,Y,,,,,,,,,
DCGO/Assets/Scripts/Script/CardEffects/AddMaxTrashCountDigiXrosClass.cs,AddMaxTrashCountDigiXrosClass.cs,src/HeadlessDCGO.Engine/Assets/Scripts/Script/CardEffects/AddMaxTrashCountDigiXrosClass.cs,AddMaxTrashCountDigiXrosClass.cs,,Y,,,,,,,,,
DCGO/Assets/Scripts/Script/CardEffects/AddMaxUnderTamerCountDigiXrosClass.cs,AddMaxUnderTamerCountDigiXrosClass.cs,src/HeadlessDCGO.Engine/Assets/Scripts/Script/CardEffects/AddMaxUnderTamerCountDigiXrosClass.cs,AddMaxUnderTamerCountDigiXrosClass.cs,,Y,,,,,,,,,
DCGO/Assets/Scripts/Script/CardEffects/AddSkillClass.cs,AddSkillClass.cs,src/HeadlessDCGO.Engine/Assets/Scripts/Script/CardEffects/AddSkillClass.cs,AddSkillClass.cs,,Y,,,,,,,,,
DCGO/Assets/Scripts/Script/CardEffects/BlockerClass.cs,BlockerClass.cs,src/HeadlessDCGO.Engine/Assets/Scripts/Script/CardEffects/BlockerClass.cs,BlockerClass.cs,,Y,,,,,,,,,
DCGO/Assets/Scripts/Script/CardEffects/CanAttackTargetDefendingPermanentClass.cs,CanAttackTargetDefendingPermanentClass.cs,src/HeadlessDCGO.Engine/Assets/Scripts/Script/CardEffects/CanAttackTargetDefendingPermanentClass.cs,CanAttackTargetDefendingPermanentClass.cs,,Y,,,,,,,,,
DCGO/Assets/Scripts/Script/CardEffects/CanNotAffectedClass.cs,CanNotAffectedClass.cs,src/HeadlessDCGO.Engine/Assets/Scripts/Script/CardEffects/CanNotAffectedClass.cs,CanNotAffectedClass.cs,,Y,,,,,,,,,
DCGO/Assets/Scripts/Script/CardEffects/CanNotAttackTargetDefendingPermanentClass.cs,CanNotAttackTargetDefendingPermanentClass.cs,src/HeadlessDCGO.Engine/Assets/Scripts/Script/CardEffects/CanNotAttackTargetDefendingPermanentClass.cs,CanNotAttackTargetDefendingPermanentClass.cs,,Y,,,,,,,,,
DCGO/Assets/Scripts/Script/CardEffects/CanNotBeDestroyedByBattleClass.cs,CanNotBeDestroyedByBattleClass.cs,src/HeadlessDCGO.Engine/Assets/Scripts/Script/CardEffects/CanNotBeDestroyedByBattleClass.cs,CanNotBeDestroyedByBattleClass.cs,,Y,,,,,,,,,
DCGO/Assets/Scripts/Script/CardEffects/CanNotBeDestroyedBySkillClass.cs,CanNotBeDestroyedBySkillClass.cs,src/HeadlessDCGO.Engine/Assets/Scripts/Script/CardEffects/CanNotBeDestroyedBySkillClass.cs,CanNotBeDestroyedBySkillClass.cs,,Y,,,,,,,,,
DCGO/Assets/Scripts/Script/CardEffects/CanNotBeDestroyedClass.cs,CanNotBeDestroyedClass.cs,src/HeadlessDCGO.Engine/Assets/Scripts/Script/CardEffects/CanNotBeDestroyedClass.cs,CanNotBeDestroyedClass.cs,,Y,,,,,,,,,
DCGO/Assets/Scripts/Script/CardEffects/CanNotBeRemovedClass.cs,CanNotBeRemovedClass.cs,src/HeadlessDCGO.Engine/Assets/Scripts/Script/CardEffects/CanNotBeRemovedClass.cs,CanNotBeRemovedClass.cs,,Y,,,,,,,,,
DCGO/Assets/Scripts/Script/CardEffects/CanNotEvolveClass.cs,CanNotEvolveClass.cs,src/HeadlessDCGO.Engine/Assets/Scripts/Script/CardEffects/CanNotEvolveClass.cs,CanNotEvolveClass.cs,,Y,,,,,,,,,
DCGO/Assets/Scripts/Script/CardEffects/CanNotMoveClass.cs,CanNotMoveClass.cs,src/HeadlessDCGO.Engine/Assets/Scripts/Script/CardEffects/CanNotMoveClass.cs,CanNotMoveClass.cs,,Y,,,,,,,,,
DCGO/Assets/Scripts/Script/CardEffects/CanNotPlayClass.cs,CanNotPlayClass.cs,src/HeadlessDCGO.Engine/Assets/Scripts/Script/CardEffects/CanNotPlayClass.cs,CanNotPlayClass.cs,,Y,,,,,,,,,
DCGO/Assets/Scripts/Script/CardEffects/CanNotPutFieldClass.cs,CanNotPutFieldClass.cs,src/HeadlessDCGO.Engine/Assets/Scripts/Script/CardEffects/CanNotPutFieldClass.cs,CanNotPutFieldClass.cs,,Y,,,,,,,,,
DCGO/Assets/Scripts/Script/CardEffects/CanNotSelectBySkillClass.cs,CanNotSelectBySkillClass.cs,src/HeadlessDCGO.Engine/Assets/Scripts/Script/CardEffects/CanNotSelectBySkillClass.cs,CanNotSelectBySkillClass.cs,,Y,,,,,,,,,
DCGO/Assets/Scripts/Script/CardEffects/CanNotSuspendClass.cs,CanNotSuspendClass.cs,src/HeadlessDCGO.Engine/Assets/Scripts/Script/CardEffects/CanNotSuspendClass.cs,CanNotSuspendClass.cs,,Y,,,,,,,,,
DCGO/Assets/Scripts/Script/CardEffects/CanNotSwitchAttackTargetClass.cs,CanNotSwitchAttackTargetClass.cs,src/HeadlessDCGO.Engine/Assets/Scripts/Script/CardEffects/CanNotSwitchAttackTargetClass.cs,CanNotSwitchAttackTargetClass.cs,,Y,,,,,,,,,
DCGO/Assets/Scripts/Script/CardEffects/CanNotTrashFromDigivolutionCardsClass.cs,CanNotTrashFromDigivolutionCardsClass.cs,src/HeadlessDCGO.Engine/Assets/Scripts/Script/CardEffects/CanNotTrashFromDigivolutionCardsClass.cs,CanNotTrashFromDigivolutionCardsClass.cs,,Y,,,,,,,,,
DCGO/Assets/Scripts/Script/CardEffects/CanNotUnsuspendClass.cs,CanNotUnsuspendClass.cs,src/HeadlessDCGO.Engine/Assets/Scripts/Script/CardEffects/CanNotUnsuspendClass.cs,CanNotUnsuspendClass.cs,,Y,,,,,,,,,
DCGO/Assets/Scripts/Script/CardEffects/CanSelectAssemblyClass.cs,CanSelectAssemblyClass.cs,src/HeadlessDCGO.Engine/Assets/Scripts/Script/CardEffects/CanSelectAssemblyClass.cs,CanSelectAssemblyClass.cs,,Y,,,,,,,,,
DCGO/Assets/Scripts/Script/CardEffects/CanSelectDigiXrosClass.cs,CanSelectDigiXrosClass.cs,src/HeadlessDCGO.Engine/Assets/Scripts/Script/CardEffects/CanSelectDigiXrosClass.cs,CanSelectDigiXrosClass.cs,,Y,,,,,,,,,
DCGO/Assets/Scripts/Script/CardEffects/CanSuspendByDigisorptionClass.cs,CanSuspendByDigisorptionClass.cs,src/HeadlessDCGO.Engine/Assets/Scripts/Script/CardEffects/CanSuspendByDigisorptionClass.cs,CanSuspendByDigisorptionClass.cs,,Y,,,,,,,,,
DCGO/Assets/Scripts/Script/CardEffects/CannotAddMemoryClass.cs,CannotAddMemoryClass.cs,src/HeadlessDCGO.Engine/Assets/Scripts/Script/CardEffects/CannotAddMemoryClass.cs,CannotAddMemoryClass.cs,,Y,,,,,,,,,
DCGO/Assets/Scripts/Script/CardEffects/CannotAddSecurityClass.cs,CannotAddSecurityClass.cs,src/HeadlessDCGO.Engine/Assets/Scripts/Script/CardEffects/CannotAddSecurityClass.cs,CannotAddSecurityClass.cs,,Y,,,,,,,,,
DCGO/Assets/Scripts/Script/CardEffects/CannotBlockClass.cs,CannotBlockClass.cs,src/HeadlessDCGO.Engine/Assets/Scripts/Script/CardEffects/CannotBlockClass.cs,CannotBlockClass.cs,,Y,,,,,,,,,
DCGO/Assets/Scripts/Script/CardEffects/CannotIgnoreDigivolutionConditionClass.cs,CannotIgnoreDigivolutionConditionClass.cs,src/HeadlessDCGO.Engine/Assets/Scripts/Script/CardEffects/CannotIgnoreDigivolutionConditionClass.cs,CannotIgnoreDigivolutionConditionClass.cs,,Y,,,,,,,,,
DCGO/Assets/Scripts/Script/CardEffects/CannotReduceCostClass.cs,CannotReduceCostClass.cs,src/HeadlessDCGO.Engine/Assets/Scripts/Script/CardEffects/CannotReduceCostClass.cs,CannotReduceCostClass.cs,,Y,,,,,,,,,
DCGO/Assets/Scripts/Script/CardEffects/CannotReturnToHandClass.cs,CannotReturnToHandClass.cs,src/HeadlessDCGO.Engine/Assets/Scripts/Script/CardEffects/CannotReturnToHandClass.cs,CannotReturnToHandClass.cs,,Y,,,,,,,,,
DCGO/Assets/Scripts/Script/CardEffects/CannotReturnToLibraryClass.cs,CannotReturnToLibraryClass.cs,src/HeadlessDCGO.Engine/Assets/Scripts/Script/CardEffects/CannotReturnToLibraryClass.cs,CannotReturnToLibraryClass.cs,,Y,,,,,,,,,
DCGO/Assets/Scripts/Script/CardEffects/ChangeBaseCardColorClass.cs,ChangeBaseCardColorClass.cs,src/HeadlessDCGO.Engine/Assets/Scripts/Script/CardEffects/ChangeBaseCardColorClass.cs,ChangeBaseCardColorClass.cs,,Y,,,,,,,,,
DCGO/Assets/Scripts/Script/CardEffects/ChangeBaseCardNameClass.cs,ChangeBaseCardNameClass.cs,src/HeadlessDCGO.Engine/Assets/Scripts/Script/CardEffects/ChangeBaseCardNameClass.cs,ChangeBaseCardNameClass.cs,,Y,,,,,,,,,
DCGO/Assets/Scripts/Script/CardEffects/ChangeBaseDPClass.cs,ChangeBaseDPClass.cs,src/HeadlessDCGO.Engine/Assets/Scripts/Script/CardEffects/ChangeBaseDPClass.cs,ChangeBaseDPClass.cs,,Y,,,,,,,,,
DCGO/Assets/Scripts/Script/CardEffects/ChangeCardColorClass.cs,ChangeCardColorClass.cs,src/HeadlessDCGO.Engine/Assets/Scripts/Script/CardEffects/ChangeCardColorClass.cs,ChangeCardColorClass.cs,,Y,,,,,,,,,
DCGO/Assets/Scripts/Script/CardEffects/ChangeCardDPClass.cs,ChangeCardDPClass.cs,src/HeadlessDCGO.Engine/Assets/Scripts/Script/CardEffects/ChangeCardDPClass.cs,ChangeCardDPClass.cs,,Y,,,,,,,,,
DCGO/Assets/Scripts/Script/CardEffects/ChangeCardLevelClass .cs,ChangeCardLevelClass .cs,src/HeadlessDCGO.Engine/Assets/Scripts/Script/CardEffects/ChangeCardLevelClass .cs,ChangeCardLevelClass .cs,,Y,,,,,,,,,
DCGO/Assets/Scripts/Script/CardEffects/ChangeCardLevelForAssemblyClass.cs,ChangeCardLevelForAssemblyClass.cs,src/HeadlessDCGO.Engine/Assets/Scripts/Script/CardEffects/ChangeCardLevelForAssemblyClass.cs,ChangeCardLevelForAssemblyClass.cs,,Y,,,,,,,,,
DCGO/Assets/Scripts/Script/CardEffects/ChangeCardNamesClass.cs,ChangeCardNamesClass.cs,src/HeadlessDCGO.Engine/Assets/Scripts/Script/CardEffects/ChangeCardNamesClass.cs,ChangeCardNamesClass.cs,,Y,,,,,,,,,
DCGO/Assets/Scripts/Script/CardEffects/ChangeCardNamesForDigiXrosClass.cs,ChangeCardNamesForDigiXrosClass.cs,src/HeadlessDCGO.Engine/Assets/Scripts/Script/CardEffects/ChangeCardNamesForDigiXrosClass.cs,ChangeCardNamesForDigiXrosClass.cs,,Y,,,,,,,,,
DCGO/Assets/Scripts/Script/CardEffects/ChangeCostClass.cs,ChangeCostClass.cs,src/HeadlessDCGO.Engine/Assets/Scripts/Script/CardEffects/ChangeCostClass.cs,ChangeCostClass.cs,,Y,,,,,,,,,
DCGO/Assets/Scripts/Script/CardEffects/ChangeDPClass.cs,ChangeDPClass.cs,src/HeadlessDCGO.Engine/Assets/Scripts/Script/CardEffects/ChangeDPClass.cs,ChangeDPClass.cs,,Y,,,,,,,,,
DCGO/Assets/Scripts/Script/CardEffects/ChangeDPDeleteEffectMaxDPClass.cs,ChangeDPDeleteEffectMaxDPClass.cs,src/HeadlessDCGO.Engine/Assets/Scripts/Script/CardEffects/ChangeDPDeleteEffectMaxDPClass.cs,ChangeDPDeleteEffectMaxDPClass.cs,,Y,,,,,,,,,
DCGO/Assets/Scripts/Script/CardEffects/ChangeEndTurnMinMemoryClass.cs,ChangeEndTurnMinMemoryClass.cs,src/HeadlessDCGO.Engine/Assets/Scripts/Script/CardEffects/ChangeEndTurnMinMemoryClass.cs,ChangeEndTurnMinMemoryClass.cs,,Y,,,,,,,,,
DCGO/Assets/Scripts/Script/CardEffects/ChangeLinkCostClass.cs,ChangeLinkCostClass.cs,src/HeadlessDCGO.Engine/Assets/Scripts/Script/CardEffects/ChangeLinkCostClass.cs,ChangeLinkCostClass.cs,,Y,,,,,,,,,
DCGO/Assets/Scripts/Script/CardEffects/ChangeLinkMaxClass.cs,ChangeLinkMaxClass.cs,src/HeadlessDCGO.Engine/Assets/Scripts/Script/CardEffects/ChangeLinkMaxClass.cs,ChangeLinkMaxClass.cs,,Y,,,,,,,,,
DCGO/Assets/Scripts/Script/CardEffects/ChangePermanentLevelClass.cs,ChangePermanentLevelClass.cs,src/HeadlessDCGO.Engine/Assets/Scripts/Script/CardEffects/ChangePermanentLevelClass.cs,ChangePermanentLevelClass.cs,,Y,,,,,,,,,
DCGO/Assets/Scripts/Script/CardEffects/ChangeSAttackClass.cs,ChangeSAttackClass.cs,src/HeadlessDCGO.Engine/Assets/Scripts/Script/CardEffects/ChangeSAttackClass.cs,ChangeSAttackClass.cs,,Y,,,,,,,,,
DCGO/Assets/Scripts/Script/CardEffects/ChangeTraitsClass.cs,ChangeTraitsClass.cs,src/HeadlessDCGO.Engine/Assets/Scripts/Script/CardEffects/ChangeTraitsClass.cs,ChangeTraitsClass.cs,,Y,,,,,,,,,
DCGO/Assets/Scripts/Script/CardEffects/CollisionClass.cs,CollisionClass.cs,src/HeadlessDCGO.Engine/Assets/Scripts/Script/CardEffects/CollisionClass.cs,CollisionClass.cs,,Y,,,,,,,,,
DCGO/Assets/Scripts/Script/CardEffects/DisableEffectClass.cs,DisableEffectClass.cs,src/HeadlessDCGO.Engine/Assets/Scripts/Script/CardEffects/DisableEffectClass.cs,DisableEffectClass.cs,,Y,,,,,,,,,
DCGO/Assets/Scripts/Script/CardEffects/DontBattleSecurityDigimonClass.cs,DontBattleSecurityDigimonClass.cs,src/HeadlessDCGO.Engine/Assets/Scripts/Script/CardEffects/DontBattleSecurityDigimonClass.cs,DontBattleSecurityDigimonClass.cs,,Y,,,,,,,,,
DCGO/Assets/Scripts/Script/CardEffects/DontHaveDPClass.cs,DontHaveDPClass.cs,src/HeadlessDCGO.Engine/Assets/Scripts/Script/CardEffects/DontHaveDPClass.cs,DontHaveDPClass.cs,,Y,,,,,,,,,
DCGO/Assets/Scripts/Script/CardEffects/IcecladClass.cs,IcecladClass.cs,src/HeadlessDCGO.Engine/Assets/Scripts/Script/CardEffects/IcecladClass.cs,IcecladClass.cs,,Y,,,,,,,,,
DCGO/Assets/Scripts/Script/CardEffects/IgnoreColorConditionClass.cs,IgnoreColorConditionClass.cs,src/HeadlessDCGO.Engine/Assets/Scripts/Script/CardEffects/IgnoreColorConditionClass.cs,IgnoreColorConditionClass.cs,,Y,,,,,,,,,
DCGO/Assets/Scripts/Script/CardEffects/ImmuneFromDPMinusClass.cs,ImmuneFromDPMinusClass.cs,src/HeadlessDCGO.Engine/Assets/Scripts/Script/CardEffects/ImmuneFromDPMinusClass.cs,ImmuneFromDPMinusClass.cs,,Y,,,,,,,,,
DCGO/Assets/Scripts/Script/CardEffects/ImmuneFromDeDigivolveClass.cs,ImmuneFromDeDigivolveClass.cs,src/HeadlessDCGO.Engine/Assets/Scripts/Script/CardEffects/ImmuneFromDeDigivolveClass.cs,ImmuneFromDeDigivolveClass.cs,,Y,,,,,,,,,
DCGO/Assets/Scripts/Script/CardEffects/ImmuneFromStackTrashingClass.cs,ImmuneFromStackTrashingClass.cs,src/HeadlessDCGO.Engine/Assets/Scripts/Script/CardEffects/ImmuneFromStackTrashingClass.cs,ImmuneFromStackTrashingClass.cs,,Y,,,,,,,,,
DCGO/Assets/Scripts/Script/CardEffects/InvertSAttackClass.cs,InvertSAttackClass.cs,src/HeadlessDCGO.Engine/Assets/Scripts/Script/CardEffects/InvertSAttackClass.cs,InvertSAttackClass.cs,,Y,,,,,,,,,
DCGO/Assets/Scripts/Script/CardEffects/RebootClass.cs,RebootClass.cs,src/HeadlessDCGO.Engine/Assets/Scripts/Script/CardEffects/RebootClass.cs,RebootClass.cs,,Y,,,,,,,,,
,,src/HeadlessDCGO.Engine/Assets/Scripts/Script/CardEffects/RestrictionCarriers.cs,RestrictionCarriers.cs,,Y,Y,,,,,,,,
DCGO/Assets/Scripts/Script/CardEffects/RushClass.cs,RushClass.cs,src/HeadlessDCGO.Engine/Assets/Scripts/Script/CardEffects/RushClass.cs,RushClass.cs,,Y,,,,,,,,,
DCGO/Assets/Scripts/Script/CardEffects/ScapegoatClass.cs,ScapegoatClass.cs,src/HeadlessDCGO.Engine/Assets/Scripts/Script/CardEffects/ScapegoatClass.cs,ScapegoatClass.cs,,Y,,,,,,,,,
DCGO/Assets/Scripts/Script/CardEffects/TreatAsDigimonClass.cs,TreatAsDigimonClass.cs,src/HeadlessDCGO.Engine/Assets/Scripts/Script/CardEffects/TreatAsDigimonClass.cs,TreatAsDigimonClass.cs,,Y,,,,,,,,,
DCGO/Assets/Scripts/Script/CardEffects/VortexCanAttackPlayersClass.cs,VortexCanAttackPlayersClass.cs,src/HeadlessDCGO.Engine/Assets/Scripts/Script/CardEffects/VortexCanAttackPlayersClass.cs,VortexCanAttackPlayersClass.cs,,Y,,,,,,,,,
DCGO/Assets/Scripts/Script/CardImagePanel.cs,CardImagePanel.cs,,,,,,"에셋/UI 유틸: StreamingAssets에 카드이미지 존재여부 점검 패널(OffAnimation=MonoBehaviour)(전문 확인), 게임규칙 0 → 미러 불요",,,,,,,
DCGO/Assets/Scripts/Script/CardInfo.cs,CardInfo.cs,src/HeadlessDCGO.Engine/Assets/Scripts/Script/CardInfo.cs,CardInfo.cs,,Y,,,,,,,,"[스텁] TO-BE is a bare TODO skeleton stub (comment only, 0 members). AS-IS is a full MonoBehaviour with BackGrounds/B",
DCGO/Assets/Scripts/Script/CardObjectController.cs,CardObjectController.cs,src/HeadlessDCGO.Engine/Assets/Scripts/Script/CardObjectController.cs,CardObjectController.cs,,Y,,,,,,,,[삭제] TO-BE ports only a subset of the AS-IS static helpers (RemoveFromAllArea/CreateNewPermanent/RemoveField/AddTra,
DCGO/Assets/Scripts/Script/CardPrefab_CreateDeck.cs,CardPrefab_CreateDeck.cs,src/HeadlessDCGO.Engine/Assets/Scripts/Script/CardPrefab_CreateDeck.cs,CardPrefab_CreateDeck.cs,,Y,,,,,,,,[스텁] TO-BE가 7줄 스켈레톤('TODO: Skeleton only.')뿐이며 AS-IS 로직(643줄) 전체 미구현.,
DCGO/Assets/Scripts/Script/CardSource.cs,CardSource.cs,src/HeadlessDCGO.Engine/Assets/Scripts/Script/CardSource.cs,CardSource.cs,,Y,,,,,,,,[선대조] opus 심층 대조(별도 문서 CONGRUENCE_5FILES),
DCGO/Assets/Scripts/Script/CheckCardPanel.cs,CheckCardPanel.cs,src/HeadlessDCGO.Engine/Assets/Scripts/Script/CheckCardPanel.cs,CheckCardPanel.cs,,Y,,,,,,,,[스텁] TO-BE가 7줄 스켈레톤('TODO: Skeleton only.')뿐이며 AS-IS 로직(435줄) 전체 미구현.,
DCGO/Assets/Scripts/Script/CheckEffectDisabledClass.cs,CheckEffectDisabledClass.cs,src/HeadlessDCGO.Engine/Assets/Scripts/Script/CheckEffectDisabledClass.cs,CheckEffectDisabledClass.cs,,Y,,,,,,,,,
DCGO/Assets/Scripts/Script/CheckUpdate.cs,CheckUpdate.cs,,,,,,"네트워킹/업데이트 UI: 구글스프레드시트 리더로 버전비교+DL URL 안내(전문 확인), 게임규칙 0 → 미러 불요",,,,,,,
DCGO/Assets/Scripts/Script/CircleFill.cs,CircleFill.cs,,,,,,"순수 UI VFX: Image.fillAmount 타이머 채움 애니메이션(전문 확인), 게임규칙 0 → 미러 불요",,,,,,,
DCGO/Assets/Scripts/Script/ColorDropdownController.cs,ColorDropdownController.cs,,,,,,"덱빌더 UI: 색상 드롭다운 캡션/아이템 라벨 색칠(CardColor 표시용)(전문 확인), 게임규칙 상태변이 0 → 미러 불요",,,,,,,
DCGO/Assets/Scripts/Script/Combinations.cs,Combinations.cs,src/HeadlessDCGO.Engine/Assets/Scripts/Script/Combinations.cs,Combinations.cs,,Y,,,,,,,,[스텁] TOBE는 'TODO: Skeleton only. Port or implement deterministic .NET logic later.' 주석 8줄뿐인 스텁이며 AS-IS의 GetCombinat,
DCGO/Assets/Scripts/Script/CommandButton.cs,CommandButton.cs,,,,,,"순수 UI 입력: IPointerClickHandler 클릭 SE+UnityAction 호출(전문 확인), 게임규칙 0 → 미러 불요",,,,,,,
DCGO/Assets/Scripts/Script/CommandPanel.cs,CommandPanel.cs,,,,,,"순수 UI: 카드 커맨드 버튼패널 배치/표시(CardCommand=UI 커맨드 기술자)(전문 확인), 게임규칙 판정 0 → 미러 불요",,,,,,,
DCGO/Assets/Scripts/Script/CommandText.cs,CommandText.cs,,,,,,"순수 UI: 커맨드 메시지 텍스트 표시+Animator(전문 확인), 게임규칙 0 → 미러 불요",,,,,,,
DCGO/Assets/Scripts/Script/ContinuousController.cs,ContinuousController.cs,src/HeadlessDCGO.Engine/Assets/Scripts/Script/ContinuousController.cs,ContinuousController.cs,,Y,,,,,,,,[스텁] TO-BE is a 7-line skeleton placeholder comment ('Skeleton only'); AS-IS has 1844 lines of real logic (token da,
DCGO/Assets/Scripts/Script/ConvertBinaryNumber.cs,ConvertBinaryNumber.cs,src/HeadlessDCGO.Engine/Assets/Scripts/Script/ConvertBinaryNumber.cs,ConvertBinaryNumber.cs,,Y,,,,,,,,[스텁] TOBE는 'TODO: Skeleton only. Port or implement deterministic .NET logic later.' 주석 8줄뿐인 스텁이며 AS-IS의 NStringToNK,
DCGO/Assets/Scripts/Script/CreateNewDeckButton.cs,CreateNewDeckButton.cs,src/HeadlessDCGO.Engine/Assets/Scripts/Script/CreateNewDeckButton.cs,CreateNewDeckButton.cs,,Y,,,,,,,,[스텁] TO-BE is a 7-line skeleton stub; AS-IS is a real 174-line component. No logic ported.,
DCGO/Assets/Scripts/Script/CreateRoom.cs,CreateRoom.cs,,,,,,"UI/네트워킹 셋업: 룸생성 패널+isAI/isRandomMatch 플래그 세팅·roomManager 호출(전문 확인), 게임규칙 0 → 미러 불요",,,,,,,
DCGO/Assets/Scripts/Script/CutInGif.cs,CutInGif.cs,,,,,,"순수 VFX: 스프라이트 프레임 gif 애니메이션(Image)(전문 확인), 게임규칙 0 → 미러 불요",,,,,,,
DCGO/Assets/Scripts/Script/CutInProcess.cs,CutInProcess.cs,src/HeadlessDCGO.Engine/Assets/Scripts/Script/CutInProcess.cs,CutInProcess.cs,,Y,,,,,,,,"[삭제] TO-BE는 STOP 주석뿐(코드 0줄)이고 AS-IS CutInProcessCoroutine(:12-109, end-game/DP<=0 trash/DP==0 Destroy 루프)이 dead-cod",
DCGO/Assets/Scripts/Script/DataBase.cs,DataBase.cs,src/HeadlessDCGO.Engine/Assets/Scripts/Script/DataBase.cs,DataBase.cs,,Y,,,,,,,,"[변경/발명추가] TO-BE is an explicitly 'minimal mirror, grown member-by-member' — only ReplaceToASCII/IsXAntibodyString/keywor",
DCGO/Assets/Scripts/Script/DeckBuildingRule.cs,DeckBuildingRule.cs,src/HeadlessDCGO.Engine/Assets/Scripts/Script/DeckBuildingRule.cs,DeckBuildingRule.cs,,Y,,,,,,,,[스텁] TO-BE가 7줄 스켈레톤(TODO 주석뿐)이고 AS-IS는 IsValidDeck/ModifiedDeckData/MaxCount_BanList/CanAddCard 등 실로직 212줄 전체 미이식,
DCGO/Assets/Scripts/Script/DeckCodeUtility.cs,DeckCodeUtility.cs,src/HeadlessDCGO.Engine/Assets/Scripts/Script/DeckCodeUtility.cs,DeckCodeUtility.cs,,Y,,,,,,,,[스텁] TO-BE가 7줄 스켈레톤('TODO: Skeleton only. Port or implement deterministic .NET logic later.')뿐이며 AS-IS의 GetDeckBuil,
DCGO/Assets/Scripts/Script/DeckData.cs,DeckData.cs,src/HeadlessDCGO.Engine/Assets/Scripts/Script/DeckData.cs,DeckData.cs,,Y,,,,,,,,[스텁] TO-BE는 7줄 TODO 스켈레톤('Skeleton only. Port or implement deterministic .NET logic later.'); AS-IS는 840줄 실로직(덱코드 파,
DCGO/Assets/Scripts/Script/DeckInfoPanel.cs,DeckInfoPanel.cs,src/HeadlessDCGO.Engine/Assets/Scripts/Script/DeckInfoPanel.cs,DeckInfoPanel.cs,,Y,,,,,,,,[스텁] TO-BE is a 7-line skeleton stub; AS-IS is a real 350-line component. No logic ported.,
DCGO/Assets/Scripts/Script/DeckInfoPrefab.cs,DeckInfoPrefab.cs,,,,,,"덱빌더 UI: 덱 리스트 항목 표시(키카드 이미지/색 아이콘/이름)(전문 확인), 게임플레이 상태변이 0 → 미러 불요",,,,,,,
DCGO/Assets/Scripts/Script/DeckListPanel.cs,DeckListPanel.cs,src/HeadlessDCGO.Engine/Assets/Scripts/Script/DeckListPanel.cs,DeckListPanel.cs,,Y,,,,,,,,[스텁] TO-BE가 7줄 스켈레톤(TODO 주석뿐)이고 AS-IS는 SetUpDeckListPanel/OpenCoroutine/SetUpDeckCard 등 실로직 176줄 전체 미이식,
DCGO/Assets/Scripts/Script/DeckMode.cs,DeckMode.cs,,,,,,"순수 UI 화면전환: 덱모드 UI Off/SetUp 호출만(전문 확인), 게임규칙 0 → 미러 불요",,,,,,,
DCGO/Assets/Scripts/Script/DetailCard_DeckEditor.cs,DetailCard_DeckEditor.cs,src/HeadlessDCGO.Engine/Assets/Scripts/Script/DetailCard_DeckEditor.cs,DetailCard_DeckEditor.cs,,Y,,,,,,,,"[스텁] TO-BE는 'TODO: Skeleton only' 7줄 스텁; AS-IS의 SetUpDetailCard(UI 바인딩+로케일/색상 분기 로직 포함, :71-509)·OffDetailCard(:512",
DCGO/Assets/Scripts/Script/DigiXrosEffectObject.cs,DigiXrosEffectObject.cs,src/HeadlessDCGO.Engine/Assets/Scripts/Script/DigiXrosEffectObject.cs,DigiXrosEffectObject.cs,,Y,,,,,,,,"[스텁] TO-BE는 7줄 TODO 스켈레톤; AS-IS의 EvolutionEffectAnimation 오버라이드(showCutInAnimation 가드·animTime), Shake, PlaySlashSE",
DCGO/Assets/Scripts/Script/Draggable.cs,Draggable.cs,,,,,,"순수 UI 입력: 드래그 베이스(마우스→로컬좌표, DropArea 레이캐스트)(전문 확인), 게임규칙 0 → 미러 불요",,,,,,,
DCGO/Assets/Scripts/Script/Draggable_Card.cs,Draggable_Card.cs,,,,,,"순수 UI 입력: 덱빌더 카드 드래그 핸들러(Draggable 상속)(전문 확인), 게임규칙 0 → 미러 불요",,,,,,,
DCGO/Assets/Scripts/Script/Draggable_HandCard.cs,Draggable_HandCard.cs,,,,,,"순수 UI 입력: 핸드카드 드래그/호버(스케일/피벗/리페어런트)(전문 확인), 게임규칙 판정 0 → 미러 불요",,,,,,,
DCGO/Assets/Scripts/Script/Draggable_Window.cs,Draggable_Window.cs,,,,,,"순수 UI 입력: 창 드래그 이동+범위 클램프(전문 확인), 게임규칙 0 → 미러 불요",,,,,,,
DCGO/Assets/Scripts/Script/DropArea.cs,DropArea.cs,,,,,,"순수 UI: 드롭 대상 패널 토글+자식탐색 유틸(전문 확인), 게임규칙 0 → 미러 불요",,,,,,,
DCGO/Assets/Scripts/Script/EditDeck.cs,EditDeck.cs,src/HeadlessDCGO.Engine/Assets/Scripts/Script/EditDeck.cs,EditDeck.cs,,Y,,,,,,,,"[스텁] TO-BE is a 7-line skeleton stub (Decision: PORT / TODO comment only, no code); AS-IS has ~1350 lines of real d",
DCGO/Assets/Scripts/Script/Effect Examples/Link_Examples.cs,Link_Examples.cs,src/HeadlessDCGO.Engine/Assets/Scripts/Script/Effect Examples/Link_Examples.cs,Link_Examples.cs,,Y,,,,,,,,"[스텁] TO-BE는 'TODO: Skeleton only' 7줄 스텁; AS-IS CardEffects(EffectTiming,CardSource) 오버라이드 전체(Link Condition/Basic l",
DCGO/Assets/Scripts/Script/Effects.cs,Effects.cs,src/HeadlessDCGO.Engine/Assets/Scripts/Script/Effects.cs,Effects.cs,,Y,,,,,,,,[스텁] TO-BE is a 7-line skeleton stub ('TODO: Skeleton only. Port or implement deterministic .NET logic later.'); AS,
DCGO/Assets/Scripts/Script/EnterRoom.cs,EnterRoom.cs,,,,,,"네트워킹/UI: MonoBehaviourPunCallbacks Photon 룸 입장 처리(전문 확인), 게임규칙 0 → 미러 불요",,,,,,,
DCGO/Assets/Scripts/Script/EvolutionEffectObject.cs,EvolutionEffectObject.cs,,,,,,"순수 VFX: 진화 컷인 애니메이션 베이스(Animator/스프라이트/SE)(전문 확인), 게임규칙 0 → 미러 불요",,,,,,,
DCGO/Assets/Scripts/Script/FieldPermanentCard.cs,FieldPermanentCard.cs,src/HeadlessDCGO.Engine/Assets/Scripts/Script/FieldPermanentCard.cs,FieldPermanentCard.cs,,Y,,,,,,,,[스텁] TO-BE is a 7-line skeleton stub ('TODO: Skeleton only.'); AS-IS is a real component (901 lines per batch weigh,
DCGO/Assets/Scripts/Script/FilterCardList.cs,FilterCardList.cs,,,,,,"덱빌더 UI: 검색/필터 술어 빌더(CEntity_Base 이름·코스트·레벨·색·종별·세트 표시필터), 드롭다운/토글 입력 의존이고 게임플레이 상태변이·판정 0(전문 확인) → 미러 불요",,,,,,,
DCGO/Assets/Scripts/Script/FirstPlayerIndexIdToggle.cs,FirstPlayerIndexIdToggle.cs,,,,,,"순수 UI 입력: 선공 선택 토글 UnityAction 전달(전문 확인), 게임규칙 0 → 미러 불요",,,,,,,
DCGO/Assets/Scripts/Script/GManager.cs,GManager.cs,src/HeadlessDCGO.Engine/Assets/Scripts/Script/GManager.cs,GManager.cs,,Y,,,,,,,,[변경/발명추가] TO-BE only implements instance/turnStateMachine/autoProcessing/autoProcessing_CutIn/attackProcess/userSelectio,
DCGO/Assets/Scripts/Script/GSSReader.cs,GSSReader.cs,src/HeadlessDCGO.Engine/Assets/Scripts/Script/GSSReader.cs,GSSReader.cs,,Y,,,,,,,,[스텁] TO-BE is a 7-line skeleton stub ('TODO: Skeleton only. Port or implement deterministic .NET logic later.'); AS,
DCGO/Assets/Scripts/Script/GameContext.cs,GameContext.cs,src/HeadlessDCGO.Engine/Assets/Scripts/Script/GameContext.cs,GameContext.cs,,Y,,,,,,,,"[변경/발명추가] Missing from TO-BE: SetPlayerID, PlayerFromID(int), SwitchTurnPlayer/DoSwitchTurnPlayer, FirstPlayer field, an",
DCGO/Assets/Scripts/Script/GameRandom.cs,GameRandom.cs,src/HeadlessDCGO.Engine/Assets/Scripts/Script/GameRandom.cs,GameRandom.cs,,Y,,,,,,,,"[스텁] TO-BE is a bare TODO skeleton stub (comment only, 0 members). AS-IS is a fully-implemented deterministic Xoshi",
DCGO/Assets/Scripts/Script/GameplayOption.cs,GameplayOption.cs,,,,,,"UI 옵션패널: 토글로 ContinuousController 설정플래그(autoEffectOrder/autoHatch 등) 쓰기만이고 설정상태는 ContinuousController 소유(전문 확인), 이 파일에 규칙로직 0 → 미러 불요",,,,,,,
DCGO/Assets/Scripts/Script/GifImage.cs,GifImage.cs,,,,,,"순수 VFX: 스프라이트 프레임 gif 애니메이션(전문 확인), 게임규칙 0 → 미러 불요",,,,,,,
DCGO/Assets/Scripts/Script/GlowAnimation.cs,GlowAnimation.cs,,,,,,"빈 MonoBehaviour 스텁: Start/Update 본문 비어있음(전문 확인), 로직 0 → 미러 불요",,,,,,,
DCGO/Assets/Scripts/Script/GraphicsOptionPanel.cs,GraphicsOptionPanel.cs,,,,,,OffAnimation 상속 MonoBehaviour UI 패널—배경파티클 토글 on/off를 Animator로 여닫는 옵션창 표시일 뿐 게임규칙 로직 없음(헤드리스 스코프밖),,,,,,,
DCGO/Assets/Scripts/Script/HandCard.cs,HandCard.cs,src/HeadlessDCGO.Engine/Assets/Scripts/Script/HandCard.cs,HandCard.cs,,Y,,,,,,,,[스텁] TO-BE is a 7-line skeleton placeholder comment; AS-IS has 1025 lines of real UI/state logic (SetUpHandCardImag,
DCGO/Assets/Scripts/Script/HandContoller.cs,HandContoller.cs,,,,,,MonoBehaviour에 isDragging bool 하나만 든 드래그 상태 플래그—순수 UI 입력 표시용이라 헤드리스 미포팅,,,,,,,
DCGO/Assets/Scripts/Script/Helper Scripts/AdjustUIColor.cs,AdjustUIColor.cs,,,,,,Image 컴포넌트 스프라이트 없으면 회색 칠하는 Unity 표시 헬퍼—게임규칙 무관,,,,,,,
DCGO/Assets/Scripts/Script/Helper Scripts/DisableForBanlist.cs,DisableForBanlist.cs,,,,,,밴리스트 사용여부(ContinuousController.useBanlist)에 따라 Button.interactable 토글하는 UI 표시 헬퍼—룰 상태를 읽어 버튼만 켜고 끔,,,,,,,
DCGO/Assets/Scripts/Script/HideCannotSelectObject.cs,HideCannotSelectObject.cs,,,,,,FieldPermanentCard 위치·IsSuspended를 읽어 마스크 Image를 배치/회전시키는 오버레이 연출—규칙 계산 없이 이미 계산된 상태를 그려주기만 함,,,,,,,
DCGO/Assets/Scripts/Script/HomeMode.cs,HomeMode.cs,,,,,,Photon 연결·홈 화면 패널 on/off·BGM을 다루는 로비 UI 씬 매니저—게임규칙 로직 없음,,,,,,,
DCGO/Assets/Scripts/Script/Hypertext/ObjectPool.cs,ObjectPool.cs,,,,,,uGUI-Hypertext(MIT) 제네릭 오브젝트 풀—링크 텍스트 렌더 최적화용 UI 유틸리티라 헤드리스 무관,,,,,,,
DCGO/Assets/Scripts/Script/Hypertext/TextLink.cs,TextLink.cs,,,,,,TMP_Text 링크 클릭 감지해 PlayLog.OnLinkPressed 발화하는 IPointerClickHandler—순수 UI 입력 처리,,,,,,,
DCGO/Assets/Scripts/Script/ICardEffect.cs,ICardEffect.cs,src/HeadlessDCGO.Engine/Assets/Scripts/Script/ICardEffect.cs,ICardEffect.cs,,Y,,,,,,,,,
DCGO/Assets/Scripts/Script/IEnumerableExtension.cs,IEnumerableExtension.cs,src/HeadlessDCGO.Engine/Assets/Scripts/Script/IEnumerableExtension.cs,IEnumerableExtension.cs,,Y,,,,,,,,,
DCGO/Assets/Scripts/Script/JogressEffectObject.cs,JogressEffectObject.cs,src/HeadlessDCGO.Engine/Assets/Scripts/Script/JogressEffectObject.cs,JogressEffectObject.cs,,Y,,,,,,,,[스텁] TO-BE는 헤더 주석만 있는 빈 스켈레톤; AS-IS의 EvolutionEffectAnimation 오버라이드 미포팅,
DCGO/Assets/Scripts/Script/JsonSerializedClass.cs,JsonSerializedClass.cs,src/HeadlessDCGO.Engine/Assets/Scripts/Script/JsonSerializedClass.cs,JsonSerializedClass.cs,,Y,,,,,,,,[스텁] TO-BE는 헤더 주석만 있는 빈 스켈레톤('TODO: Skeleton only'); AS-IS의 6개 데이터 클래스(RootObject/CardData/AlternateArt/DigivolveCo,
DCGO/Assets/Scripts/Script/LanguagePanel.cs,LanguagePanel.cs,,,,,,언어 토글 목록을 Animator로 여닫으며 ContinuousController.language 저장하는 옵션 UI 패널—표시/설정 저장만,,,,,,,
DCGO/Assets/Scripts/Script/LanguageToggle.cs,LanguageToggle.cs,,,,,,Language 값을 든 Toggle 래퍼 MonoBehaviour—언어 선택 UI 요소,,,,,,,
DCGO/Assets/Scripts/Script/LoadCSV_CardEntity.cs,LoadCSV_CardEntity.cs,src/HeadlessDCGO.Engine/Assets/Scripts/Script/LoadCSV_CardEntity.cs,LoadCSV_CardEntity.cs,,Y,,,,,,,,[스텁] TO-BE is a 7-line skeleton stub with zero symbols. AS-IS (8 lines) is a ScriptableObject with a [CreateAssetMe,
DCGO/Assets/Scripts/Script/LoadJSON_CardEntity.cs,LoadJSON_CardEntity.cs,src/HeadlessDCGO.Engine/Assets/Scripts/Script/LoadJSON_CardEntity.cs,LoadJSON_CardEntity.cs,,Y,,,,,,,,"[스텁] TO-BE는 7줄짜리 스켈레톤 스텁(Decision: PORT / TODO 주석뿐, 코드 없음); AS-IS는 실제 JSON 카드엔티티 로딩 로직을 보유(전체 미포팅).",
DCGO/Assets/Scripts/Script/LoadingObject.cs,LoadingObject.cs,,,,,,로딩 애니메이션(아구몬 이동·점 텍스트·DOTween) 표시 코루틴 뭉치—순수 연출이라 미포팅,,,,,,,
DCGO/Assets/Scripts/Script/LobbyManager_FriendMatch.cs,LobbyManager_FriendMatch.cs,,,,,,Photon 친구매칭 방 생성/입장/목록 갱신을 다루는 네트워킹 로비 UI 매니저—대전 규칙 아닌 매치메이킹,,,,,,,
DCGO/Assets/Scripts/Script/LobbyManager_RandomMatch.cs,LobbyManager_RandomMatch.cs,,,,,,Photon 랜덤매칭 방 검색/생성/씬전환을 다루는 네트워킹 로비 UI 매니저—매치메이킹 로직이라 헤드리스 스코프밖,,,,,,,
DCGO/Assets/Scripts/Script/LocalizeTMPro.cs,LocalizeTMPro.cs,,,,,,language에 따라 TMP/Text의 폰트·문구·크기를 바꾸는 현지화 표시 컴포넌트—게임규칙 무관,,,,,,,
DCGO/Assets/Scripts/Script/LocalizeUtility.cs,LocalizeUtility.cs,,,,,,ENG/JPN 문자열 택일 반환하는 현지화 헬퍼—UI 문구용이라 미포팅,,,,,,,
DCGO/Assets/Scripts/Script/MainPhaseAction/ActivateCardAction.cs,ActivateCardAction.cs,src/HeadlessDCGO.Engine/Assets/Scripts/Script/MainPhaseAction/ActivateCardAction.cs,ActivateCardAction.cs,,Y,,,,,,,,[삭제] AS-IS ActivateCardAction(byte[] bytes) 역직렬화 생성자가 TO-BE에서 삭제; AS-IS Deserialize/Serialize 메서드(Protocol.Deserial,
DCGO/Assets/Scripts/Script/MainPhaseAction/ActivatePermanentAction.cs,ActivatePermanentAction.cs,src/HeadlessDCGO.Engine/Assets/Scripts/Script/MainPhaseAction/ActivatePermanentAction.cs,ActivatePermanentAction.cs,,Y,,,,,,,,[삭제] AS-IS has a second constructor ActivatePermanentAction(byte[] bytes) plus Deserialize(byte[]) and Serialize() ,
DCGO/Assets/Scripts/Script/MainPhaseAction/AttackPermanentAction.cs,AttackPermanentAction.cs,src/HeadlessDCGO.Engine/Assets/Scripts/Script/MainPhaseAction/AttackPermanentAction.cs,AttackPermanentAction.cs,삭제:재이관완료(ProcessAsync→pump-only Illegal·열거→dispatcher·CanAttack/CanAttackTargetDigimon 재기반)(2026-07-28),Y,,,,,,,,"[스텁] TO-BE는 AS-IS의 byte[] 생성자, Deserialize(byte[]), Serialize() 메서드 3개를 전부 삭제(Photon 전송 스트립 주석은 있으나 대체 구현 없이 순수 삭제)",
DCGO/Assets/Scripts/Script/MainPhaseAction/CheatAction.cs,CheatAction.cs,src/HeadlessDCGO.Engine/Assets/Scripts/Script/MainPhaseAction/CheatAction.cs,CheatAction.cs,,Y,,,,,,,,"[스텁] TO-BE는 7줄 TODO 스켈레톤; AS-IS는 CheatAction 클래스 전체(2종 생성자, Execute의 8종 CheatType 분기·GManager 코루틴 디스패치, Deserialize",
DCGO/Assets/Scripts/Script/MainPhaseAction/MainPhaseAction.cs,MainPhaseAction.cs,src/HeadlessDCGO.Engine/Assets/Scripts/Script/MainPhaseAction/MainPhaseAction.cs,MainPhaseAction.cs,,Y,,,,,,,,,
DCGO/Assets/Scripts/Script/MainPhaseAction/PassAction.cs,PassAction.cs,src/HeadlessDCGO.Engine/Assets/Scripts/Script/MainPhaseAction/PassAction.cs,PassAction.cs,,Y,,,,,,,,,
DCGO/Assets/Scripts/Script/MainPhaseAction/PlayCardAction.cs,PlayCardAction.cs,src/HeadlessDCGO.Engine/Assets/Scripts/Script/MainPhaseAction/PlayCardAction.cs,PlayCardAction.cs,삭제:재이관완료(ProcessAsync 은퇴·열거→dispatcher 재하우징·AS-IS getter 재기반)(2026-07-28),Y,,,,,,,,[삭제] AS-IS has a second constructor PlayCardAction(byte[] bytes) plus Deserialize(byte[]) and Serialize() Photon-pr,
DCGO/Assets/Scripts/Script/MemoryObject.cs,MemoryObject.cs,,,,,,메모리 게이지 탭 점등·현재값 오브젝트를 DOTween으로 이동시키는 UI 연출—메모리 규칙 자체는 이미 엔진(State/PlayerZoneAdapter.cs·PlayCardAction.cs)에 포팅됨,,,,,,,
DCGO/Assets/Scripts/Script/MemoryPredictionLine.cs,MemoryPredictionLine.cs,,,,,,LineRenderer로 메모리 예측 포물선을 그리는 시각화—값 클램프도 그리기용일 뿐 규칙 계산 아님,,,,,,,
DCGO/Assets/Scripts/Script/MultipleSkills.cs,MultipleSkills.cs,src/HeadlessDCGO.Engine/Assets/Scripts/Script/MultipleSkills.cs,MultipleSkills.cs,,Y,,,,,,,,[삭제] AS-IS :270/:304 AutomaticOrder.GetSkillIndexAutomaticOrder + ContinuousController.autoEffectOrder auto-pick sh,Y
DCGO/Assets/Scripts/Script/Networking/GamePacketFactory.cs,GamePacketFactory.cs,src/HeadlessDCGO.Engine/Assets/Scripts/Script/Networking/GamePacketFactory.cs,GamePacketFactory.cs,,Y,,,,,,,,[스텁] TO-BE is a 7-line skeleton stub ('TODO: Skeleton only.'); AS-IS has full Register/Create/GetId packet-factory ,
DCGO/Assets/Scripts/Script/Networking/GamePacketRegistration.cs,GamePacketRegistration.cs,src/HeadlessDCGO.Engine/Assets/Scripts/Script/Networking/GamePacketRegistration.cs,GamePacketRegistration.cs,,Y,,,,,,,,[스텁] TO-BE가 7줄 스켈레톤('TODO: Skeleton only.')뿐이며 AS-IS의 PacketRegistration.RegisterAll(6개 GamePacketFactory.Register ,
DCGO/Assets/Scripts/Script/Networking/IGamePacket.cs,IGamePacket.cs,src/HeadlessDCGO.Engine/Assets/Scripts/Script/Networking/IGamePacket.cs,IGamePacket.cs,,Y,,,,,,,,[스텁] TO-BE는 7줄 스켈레톤 주석뿐; AS-IS의 IGamePacket 인터페이스(Serialize/Deserialize 계약) 자체가 미이행,
DCGO/Assets/Scripts/Script/Networking/PhotonTester.cs,PhotonTester.cs,,,,,,키 입력으로 Photon 리전 연결을 시험하는 개발용 네트워킹 테스터—게임규칙 무관,,,,,,,
DCGO/Assets/Scripts/Script/NextPhaseButton.cs,NextPhaseButton.cs,src/HeadlessDCGO.Engine/Assets/Scripts/Script/NextPhaseButton.cs,NextPhaseButton.cs,,Y,,,,,,,,[스텁] TO-BE가 7줄 스켈레톤(TODO 주석뿐)이고 AS-IS는 OnClick/CoverCoroutine/Update/SwitchTurnSprite 등 실로직 203줄 전체 미이식,
DCGO/Assets/Scripts/Script/OffAnimation.cs,OffAnimation.cs,,,,,,gameObject 비활성화 가상메서드만 든 UI 패널 베이스 MonoBehaviour—연출 기반 클래스라 미포팅,,,,,,,
DCGO/Assets/Scripts/Script/OfficialCardListUtility.cs,OfficialCardListUtility.cs,src/HeadlessDCGO.Engine/Assets/Scripts/Script/OfficialCardListUtility.cs,OfficialCardListUtility.cs,,Y,,,,,,,,"[스텁] TO-BE is a 7-line skeleton stub (Decision: PORT / TODO comment only, no code); AS-IS has ~1330+ lines of real ",
DCGO/Assets/Scripts/Script/OpenURL.cs,OpenURL.cs,,,,,,Application.OpenURL로 링크/트윗 여는 외부링크 헬퍼—게임규칙 무관,,,,,,,
DCGO/Assets/Scripts/Script/Opening.cs,Opening.cs,,,,,,오프닝 씬 총괄 MonoBehaviour(로딩·레이캐스트 호버·YesNo 패널·클릭이펙트·배경)—규칙은 ContinuousController/엔진에 있고 이건 씬 표시 오케스트레이션,,,,,,,
DCGO/Assets/Scripts/Script/OpeningButton.cs,OpeningButton.cs,,,,,,선택 오브젝트 표시·SE 재생하는 오프닝 버튼 UI 컴포넌트—입력/연출만,,,,,,,
DCGO/Assets/Scripts/Script/OptionPanel.cs,OptionPanel.cs,,,,,,볼륨·창크기·언어 등 하위 옵션 패널을 여닫는 상위 옵션창 UI 매니저—게임규칙 로직 없음,,,,,,,
DCGO/Assets/Scripts/Script/OptionResolutionClass.cs,OptionResolutionClass.cs,src/HeadlessDCGO.Engine/Assets/Scripts/Script/OptionResolutionClass.cs,OptionResolutionClass.cs,,Y,,,,,,,,,
DCGO/Assets/Scripts/Script/OptionUtility.cs,OptionUtility.cs,,,,,,Toggle 초기화·값변경시 저장/SE 재생을 감싸는 옵션 UI 헬퍼—표시/설정 저장 유틸,,,,,,,
DCGO/Assets/Scripts/Script/OptionalSkill.cs,OptionalSkill.cs,src/HeadlessDCGO.Engine/Assets/Scripts/Script/OptionalSkill.cs,OptionalSkill.cs,,Y,,,,,,,,,
DCGO/Assets/Scripts/Script/PatchBackground.cs,PatchBackground.cs,,,,,,StreamingAssets에서 배경 스프라이트 로드해 Image에 넣는 표시 컴포넌트—연출/에셋 로드,,,,,,,
DCGO/Assets/Scripts/Script/PatchNotes.cs,PatchNotes.cs,,,,,,패치노트 패널 여닫기·외부 URL 열기·현지화 문구 세팅하는 UI 패널—게임규칙 무관,,,,,,,
DCGO/Assets/Scripts/Script/Permanent.cs,Permanent.cs,src/HeadlessDCGO.Engine/Assets/Scripts/Script/Permanent.cs,Permanent.cs,,Y,,,,,,,,[선대조] opus 심층 대조(별도 문서 CONGRUENCE_5FILES),
DCGO/Assets/Scripts/Script/PermanentDetail.cs,PermanentDetail.cs,src/HeadlessDCGO.Engine/Assets/Scripts/Script/PermanentDetail.cs,PermanentDetail.cs,,Y,,,,,,,,[스텁] TO-BE is a 7-line skeleton placeholder comment; AS-IS has 444 lines of real logic (OpenUnitDetail effect-strin,
DCGO/Assets/Scripts/Script/PermanentEffectFactory.cs,PermanentEffectFactory.cs,src/HeadlessDCGO.Engine/Assets/Scripts/Script/PermanentEffectFactory.cs,PermanentEffectFactory.cs,,Y,,,,,,,,[삭제] CanNotSwitchAttackTargetEffect.PermanentCondition (AS-IS PermanentEffectFactory.cs:123-126: `permanent != null,
DCGO/Assets/Scripts/Script/PlayLog.cs,PlayLog.cs,,,,,,플레이 로그 텍스트 표시·카드ID 링크화·클릭시 카드상세 오픈—엔진 상태(ActiveCardList)를 읽어 표시할 뿐 규칙 계산 없음,,,,,,,
DCGO/Assets/Scripts/Script/Player.cs,Player.cs,src/HeadlessDCGO.Engine/Assets/Scripts/Script/Player.cs,Player.cs,,Y,,,,,,,,[삭제] self-documented partial mirror: CanMove (P6C1) drops the AS-IS fieldCardFrames empty-frame capacity check (Pla,
DCGO/Assets/Scripts/Script/PlayerInfo.cs,PlayerInfo.cs,,,,,,플레이어명 InputField·승수 Text를 세팅/저장하는 프로필 UI—표시/PlayerPrefs 저장만,,,,,,,
DCGO/Assets/Scripts/Script/PlayerPrefsUtil.cs,PlayerPrefsUtil.cs,,,,,,Unity PlayerPrefs bool/객체/리스트 직렬화 저장·로드 래퍼—로컬 영속화 유틸이라 헤드리스 무관,,,,,,,
DCGO/Assets/Scripts/Script/PlayerSelection/CardSelection.cs,CardSelection.cs,src/HeadlessDCGO.Engine/Assets/Scripts/Script/PlayerSelection/CardSelection.cs,CardSelection.cs,,Y,,,,,,,,[스텁] TO-BE is a 7-line skeleton stub ('TODO: Skeleton only.'); AS-IS has the IPlayerSelection CardIDList holder cla,
DCGO/Assets/Scripts/Script/PlayerSelection/IPlayerSelection.cs,IPlayerSelection.cs,src/HeadlessDCGO.Engine/Assets/Scripts/Script/PlayerSelection/IPlayerSelection.cs,IPlayerSelection.cs,,Y,,,,,,,,[스텁] TO-BE가 7줄 스켈레톤 주석뿐('TODO: Skeleton only.')이며 AS-IS는 빈 인터페이스 선언이지만 실제 마커 인터페이스 정의(interface IPlayerSelection{}),
DCGO/Assets/Scripts/Script/PlayerSelection/PermanentSelection.cs,PermanentSelection.cs,src/HeadlessDCGO.Engine/Assets/Scripts/Script/PlayerSelection/PermanentSelection.cs,PermanentSelection.cs,,Y,,,,,,,,[스텁] TO-BE is a skeleton stub ('TODO: Skeleton only') while AS-IS is a small real data class (IsTurnPlayerList/Perm,
DCGO/Assets/Scripts/Script/PlayerSelection/ValueSelection.cs,ValueSelection.cs,src/HeadlessDCGO.Engine/Assets/Scripts/Script/PlayerSelection/ValueSelection.cs,ValueSelection.cs,,Y,,,,,,,,"[스텁] TO-BE is a bare TODO skeleton stub (comment only, 0 members). AS-IS has ValueSelection(int)/ValueSelection(boo",
DCGO/Assets/Scripts/Script/PointerShine.cs,PointerShine.cs,,,,,,포인터 진입/이탈시 Image.color를 바꾸는 호버 연출 컴포넌트—순수 UI,,,,,,,
DCGO/Assets/Scripts/Script/ProfanityFilter/AllowList.cs,AllowList.cs,,,,,,비속어필터 허용목록(추가/포함/삭제) 데이터 자료구조—플레이어명 검열용 라이브러리라 대전 규칙 아님,,,,,,,
DCGO/Assets/Scripts/Script/ProfanityFilter/Interfaces/IAllowList.cs,IAllowList.cs,,,,,,MIT 3rd-party ProfanityFilter 라이브러리의 채팅 욕설 허용목록 인터페이스일 뿐 게임규칙 로직이 없어 헤드리스 엔진 스코프 밖(미포팅),,,,,,,
DCGO/Assets/Scripts/Script/ProfanityFilter/Interfaces/IProfanityFilter.cs,IProfanityFilter.cs,,,,,,MIT 3rd-party 채팅 욕설필터 API 인터페이스(IsProfanity/CensorString 등)로 게임규칙 무관이라 미포팅,,,,,,,
DCGO/Assets/Scripts/Script/ProfanityFilter/ProfanityBase.cs,ProfanityBase.cs,,,,,,욕설 단어목록 add/remove/count 관리 베이스 클래스로 채팅 검열용이며 게임규칙 로직 없음(미포팅),,,,,,,
DCGO/Assets/Scripts/Script/ProfanityFilter/ProfanityFilter.cs,ProfanityFilter.cs,,,,,,정규식·다단어 매칭으로 채팅 텍스트 욕설 탐지/검열하는 3rd-party 구현이라 게임규칙과 무관(미포팅),,,,,,,
DCGO/Assets/Scripts/Script/ProfanityFilter/ProfanityList.cs,ProfanityList.cs,,,,,,하드코딩 욕설 단어배열 데이터 파일로 순수 데이터이며 게임규칙 로직 없음(미포팅),,,,,,,
DCGO/Assets/Scripts/Script/RectTransformExtension.cs,RectTransformExtension.cs,,,,,,RectTransform 화면 코너 가시성을 계산하는 Unity UI 유틸 확장으로 게임규칙 로직 없음(미포팅),,,,,,,
DCGO/Assets/Scripts/Script/ResizeWindow.cs,ResizeWindow.cs,,,,,,Screen.SetResolution/전체화면 토글 등 창 해상도 설정 UI라 순수 표시/입력(미포팅),,,,,,,
DCGO/Assets/Scripts/Script/ResultObject.cs,ResultObject.cs,,,,,,승/패/무/절단 결과를 이미지·텍스트로 표시하는 UI로 승자판정은 GManager가 전달받아 표시만 함(미포팅),,,,,,,
DCGO/Assets/Scripts/Script/RoomManager.cs,RoomManager.cs,,,,,,Photon 룸 로비 네트워킹+UI(방 생성/준비완료/씬 로드)로 규칙 로직 없이 매칭/네트워킹 담당(미포팅),,,,,,,
DCGO/Assets/Scripts/Script/SecurityBreakGlass.cs,SecurityBreakGlass.cs,,,,,,시큐리티 깨지는 유리의 Rigidbody/Material 3D 연출 컴포넌트로 순수 비주얼(미포팅),,,,,,,
DCGO/Assets/Scripts/Script/SecurityObject.cs,SecurityObject.cs,,,,,,시큐리티 스택 개수/faceup 아이콘을 표시하는 UI로 GManager.OnSecurityStackChanged를 구독해 표시만 하며 규칙은 엔진 소유(미포팅),,,,,,,
DCGO/Assets/Scripts/Script/SelectAppFusionEffect.cs,SelectAppFusionEffect.cs,src/HeadlessDCGO.Engine/Assets/Scripts/Script/SelectAppFusionEffect.cs,SelectAppFusionEffect.cs,,Y,,,,,,,,,
DCGO/Assets/Scripts/Script/SelectAssemblyClass.cs,SelectAssemblyClass.cs,src/HeadlessDCGO.Engine/Assets/Scripts/Script/SelectAssemblyClass.cs,SelectAssemblyClass.cs,,Y,,,,,,,,,
DCGO/Assets/Scripts/Script/SelectAttackEffect.cs,SelectAttackEffect.cs,src/HeadlessDCGO.Engine/Assets/Scripts/Script/SelectAttackEffect.cs,SelectAttackEffect.cs,,Y,,,,,,,,,
DCGO/Assets/Scripts/Script/SelectBattleDeck.cs,SelectBattleDeck.cs,,,,,,대전 덱 선택 UI 패널(스크롤/애니/선택버튼)로 순수 UI·입력(미포팅),,,,,,,
DCGO/Assets/Scripts/Script/SelectBattleMode.cs,SelectBattleMode.cs,,,,,,랜덤/룸/봇 대전모드 선택 UI와 Photon 연결 흐름으로 UI·네트워킹뿐 규칙 없음(미포팅),,,,,,,
DCGO/Assets/Scripts/Script/SelectBurstDigivolutionEffect.cs,SelectBurstDigivolutionEffect.cs,src/HeadlessDCGO.Engine/Assets/Scripts/Script/SelectBurstDigivolutionEffect.cs,SelectBurstDigivolutionEffect.cs,,Y,,,,,,,,[변경/발명추가] BounceTamer: the AS-IS HandBounceClaass bounce process's PRE cut-in windows (WhenReturntoHandAnyone/WhenRemove,
DCGO/Assets/Scripts/Script/SelectCardEffect.cs,SelectCardEffect.cs,src/HeadlessDCGO.Engine/Assets/Scripts/Script/SelectCardEffect.cs,SelectCardEffect.cs,,Y,,,,,,,,[삭제] IsSecurityLooking flag (AS-IS :380/:1008) never set in TO-BE Activate (file's own comment RD-W4-4 confirms no ,Y
DCGO/Assets/Scripts/Script/SelectCardPanel.cs,SelectCardPanel.cs,src/HeadlessDCGO.Engine/Assets/Scripts/Script/SelectCardPanel.cs,SelectCardPanel.cs,,Y,,,,,,,,"[스텁] TO-BE is an intentionally bodiless stub (comment: 'left intentionally bodiless', reclassified as pure Unity UI",
DCGO/Assets/Scripts/Script/SelectCommand.cs,SelectCommand.cs,,,,,,커맨드 선택 버튼 UI 프리팹(텍스트/클릭 이벤트)으로 순수 UI(미포팅),,,,,,,
DCGO/Assets/Scripts/Script/SelectCommandPanel.cs,SelectCommandPanel.cs,,,,,,커맨드 선택 패널 UI(버튼 생성·애니)로 Command_SelectCommand도 UI 뷰모델이며 규칙 로직 없음(미포팅),,,,,,,
DCGO/Assets/Scripts/Script/SelectCountEffect.cs,SelectCountEffect.cs,src/HeadlessDCGO.Engine/Assets/Scripts/Script/SelectCountEffect.cs,SelectCountEffect.cs,,Y,,,,,,,,[삭제] AS-IS :118-123 autoMaxCardCount/autoMinDigivolutionCost preference shortcut (auto-resolves to min/max WITHOUT ,
DCGO/Assets/Scripts/Script/SelectDNACondition.cs,SelectDNACondition.cs,src/HeadlessDCGO.Engine/Assets/Scripts/Script/SelectDNACondition.cs,SelectDNACondition.cs,,Y,,,,,,,,,
DCGO/Assets/Scripts/Script/SelectDeck.cs,SelectDeck.cs,src/HeadlessDCGO.Engine/Assets/Scripts/Script/SelectDeck.cs,SelectDeck.cs,,Y,,,,,,,,[스텁] TO-BE가 7줄 스켈레톤 주석뿐('Left intentionally bodiless')이며 AS-IS의 SetUpSelectDeck/SetDeckList/OnClickCopyDeckListButt,
DCGO/Assets/Scripts/Script/SelectDigiXrosClass.cs,SelectDigiXrosClass.cs,src/HeadlessDCGO.Engine/Assets/Scripts/Script/SelectDigiXrosClass.cs,SelectDigiXrosClass.cs,,Y,,,,,,,,,
DCGO/Assets/Scripts/Script/SelectHandEffect.cs,SelectHandEffect.cs,src/HeadlessDCGO.Engine/Assets/Scripts/Script/SelectHandEffect.cs,SelectHandEffect.cs,,Y,,,,,,,,"[삭제] AS-IS Discard builds IDiscardHand(cardSource, hashtable) carrying {'CardEffect':_cardEffect} per-card (:709/:7",Y
DCGO/Assets/Scripts/Script/SelectJogressEffect.cs,SelectJogressEffect.cs,src/HeadlessDCGO.Engine/Assets/Scripts/Script/SelectJogressEffect.cs,SelectJogressEffect.cs,,Y,,,,,,,,"[스텁] TO-BE is an intentionally bodiless stub (comment: 'left intentionally bodiless', reclassified as UI-flow orche",
DCGO/Assets/Scripts/Script/SelectPermanentEffect.cs,SelectPermanentEffect.cs,src/HeadlessDCGO.Engine/Assets/Scripts/Script/SelectPermanentEffect.cs,SelectPermanentEffect.cs,,Y,,,,,,,,[위임] Attack Mode가 AS-IS(:1009-1036)는 각 SelectAttackEffect.Activate()를 순차 await해 공격 완결 후 _afterSelectPermanentCorout,Y
DCGO/Assets/Scripts/Script/ServerRegionPanel.cs,ServerRegionPanel.cs,,,,,,Photon 서버 리전 선택 설정 UI 패널로 게임규칙 무관(미포팅),,,,,,,
DCGO/Assets/Scripts/Script/ServerRegionToggle.cs,ServerRegionToggle.cs,,,,,,서버 리전 토글 UI 컴포넌트로 순수 UI(미포팅),,,,,,,
DCGO/Assets/Scripts/Script/ShowEffectDiscriptionObject.cs,ShowEffectDiscriptionObject.cs,,,,,,효과 설명 텍스트·카드이미지를 DOTween으로 표시하는 팝업 UI로 표시 전용(미포팅),,,,,,,
DCGO/Assets/Scripts/Script/ShowPhaseNotificationObject.cs,ShowPhaseNotificationObject.cs,src/HeadlessDCGO.Engine/Assets/Scripts/Script/ShowPhaseNotificationObject.cs,ShowPhaseNotificationObject.cs,,Y,,,,,,,,[스텁] TO-BE는 헤더 주석만 있는 빈 스켈레톤; AS-IS의 Init/ShowPhase/CloseCoroutine(GManager.turnStateMachine.IsSelecting 토글 포함)/Off,
DCGO/Assets/Scripts/Script/ShowPhaseObject.cs,ShowPhaseObject.cs,src/HeadlessDCGO.Engine/Assets/Scripts/Script/ShowPhaseObject.cs,ShowPhaseObject.cs,,Y,,,,,,,,"[스텁] TO-BE is a skeleton stub ('TODO: Skeleton only.'). All AS-IS logic (Start/Update/ShowPhase, PhaseIcon.SetUpPha",
DCGO/Assets/Scripts/Script/ShowTurnPlayerObject.cs,ShowTurnPlayerObject.cs,,,,,,'Your/Opponent's Turn' 배너를 표시하는 UI로 표시 전용이며 규칙 없음(미포팅),,,,,,,
DCGO/Assets/Scripts/Script/ShuffleDeckCode.cs,ShuffleDeckCode.cs,src/HeadlessDCGO.Engine/Assets/Scripts/Script/ShuffleDeckCode.cs,ShuffleDeckCode.cs,,Y,,,,,,,,[스텁] TO-BE is a 7-line skeleton stub ('TODO: Skeleton only. Port or implement deterministic .NET logic later.') whi,
DCGO/Assets/Scripts/Script/SideBar.cs,SideBar.cs,,,,,,사이드바 접기/펼치기 DOTween UI로 순수 UI(미포팅),,,,,,,
DCGO/Assets/Scripts/Script/SimpleCircleLayoutGroup.cs,SimpleCircleLayoutGroup.cs,,,,,,자식 UI를 원형으로 배치하는 Unity 레이아웃 그룹으로 순수 UI 레이아웃(미포팅),,,,,,,
DCGO/Assets/Scripts/Script/SkillInfo.cs,SkillInfo.cs,src/HeadlessDCGO.Engine/Assets/Scripts/Script/SkillInfo.cs,SkillInfo.cs,,Y,,,,,,,,,
DCGO/Assets/Scripts/Script/SoundObject.cs,SoundObject.cs,,,,,,AudioSource로 효과음 재생 후 자기파괴하는 오디오 연출 컴포넌트로 규칙 로직 없음(미포팅),,,,,,,
DCGO/Assets/Scripts/Script/SpellRestoration.cs,SpellRestoration.cs,src/HeadlessDCGO.Engine/Assets/Scripts/Script/SpellRestoration.cs,SpellRestoration.cs,,Y,,,,,,,,"[스텁] TO-BE is a bare TODO skeleton stub (comment only, 0 members). AS-IS has the convertTable field plus ToSpellRes",
DCGO/Assets/Scripts/Script/StarterDeck.cs,StarterDeck.cs,src/HeadlessDCGO.Engine/Assets/Scripts/Script/StarterDeck.cs,StarterDeck.cs,,Y,,,,,,,,[스텁] TO-BE가 7줄 스켈레톤('TODO: Skeleton only.')뿐이며 AS-IS의 StarterDeck.SetStarterDecks/StarterDeckData.AddDeckData/HasPl,
DCGO/Assets/Scripts/Script/StreamingAssetsUtility.cs,StreamingAssetsUtility.cs,src/HeadlessDCGO.Engine/Assets/Scripts/Script/StreamingAssetsUtility.cs,StreamingAssetsUtility.cs,,Y,,,,,,,,[스텁] TO-BE is a skeleton stub ('TODO: Skeleton only. Port or implement deterministic .NET logic later.'). All AS-IS,
DCGO/Assets/Scripts/Script/TargetArrow.cs,TargetArrow.cs,,,,,,공격 타겟 화살표를 RectTransform으로 렌더/애니하는 UI로 순수 표시(미포팅),,,,,,,
DCGO/Assets/Scripts/Script/TestWWW.cs,TestWWW.cs,,,,,,digimoncard.com에서 카드 이미지/텍스트를 긁어 파일 저장하는 에디터용 개발 도구로 런타임 규칙과 무관(미포팅),,,,,,,
DCGO/Assets/Scripts/Script/Title.cs,Title.cs,,,,,,타이틀 화면 UI(클릭 시 홈 전환·DOTween 페이드)로 순수 UI(미포팅),,,,,,,
DCGO/Assets/Scripts/Script/TrialDraw.cs,TrialDraw.cs,,,,,,덱 에디터의 시험 드로우(goldfish) 미리보기 UI로 RandomUtility.ShuffledDeckCards 셔플만 쓰는 프리뷰이며 대전 규칙 아님(미포팅),,,,,,,
DCGO/Assets/Scripts/Script/TurnStateMachine.cs,TurnStateMachine.cs,src/HeadlessDCGO.Engine/Assets/Scripts/Script/TurnStateMachine.cs,TurnStateMachine.cs,,Y,,,,,,,,"[위임] AS-IS 3374줄 vs TO-BE 825줄. SetMainPhase UI디스패치 전체(AS-IS :1354-2872, ~1500줄)가 '비-스코프'로 완전 누락; AI 자동플레이 로직(:989-",
DCGO/Assets/Scripts/Script/UserSelectionManager.cs,UserSelectionManager.cs,src/HeadlessDCGO.Engine/Assets/Scripts/Script/UserSelectionManager.cs,UserSelectionManager.cs,,Y,,,,,,,,[위임] AS-IS opponent/AI branch (SetIntSelection/SetBoolSelection :127-140/:181-194) does a specific UnityEngine.Rand,
DCGO/Assets/Scripts/Script/Utils.cs,Utils.cs,src/HeadlessDCGO.Engine/Assets/Scripts/Script/Utils.cs,Utils.cs,,Y,,,,,,,,,
DCGO/Assets/Scripts/Script/VolumePanel.cs,VolumePanel.cs,,,,,,SE/BGM 볼륨 슬라이더 설정 UI로 게임규칙 무관(미포팅),,,,,,,
DCGO/Assets/Scripts/Script/YesNoObject.cs,YesNoObject.cs,,,,,,예/아니오 다이얼로그 UI 프리팹으로 순수 UI(미포팅),,,,,,,
,,src/HeadlessDCGO.Engine/Headless/Services/ZoneMoveMetadataKeys.cs,ZoneMoveMetadataKeys.cs,신규:substrate 인프라(EnteredThisTurnKey re-home from MatchStateMutationSink)(2026-07-25),,,,,,,,,,
