path,filename
src/HeadlessDCGO.Engine/Assets/Scripts/CardEffect/AD1/Black/AD1_023.cs,AD1_023.cs
src/HeadlessDCGO.Engine/Assets/Scripts/CardEffect/AD1/Blue/AD1_010.cs,AD1_010.cs
src/HeadlessDCGO.Engine/Assets/Scripts/CardEffect/AD1/Blue/AD1_011.cs,AD1_011.cs
src/HeadlessDCGO.Engine/Assets/Scripts/CardEffect/AD1/Blue/AD1_012.cs,AD1_012.cs
src/HeadlessDCGO.Engine/Assets/Scripts/CardEffect/AD1/Blue/AD1_013.cs,AD1_013.cs
src/HeadlessDCGO.Engine/Assets/Scripts/CardEffect/AD1/Blue/AD1_014.cs,AD1_014.cs
src/HeadlessDCGO.Engine/Assets/Scripts/CardEffect/AD1/Blue/AD1_019.cs,AD1_019.cs
src/HeadlessDCGO.Engine/Assets/Scripts/CardEffect/AD1/Blue/AD1_020.cs,AD1_020.cs
src/HeadlessDCGO.Engine/Assets/Scripts/CardEffect/AD1/Blue/AD1_024.cs,AD1_024.cs
src/HeadlessDCGO.Engine/Assets/Scripts/CardEffect/AD1/Green/AD1_022.cs,AD1_022.cs
src/HeadlessDCGO.Engine/Assets/Scripts/CardEffect/AD1/Purple/AD1_018.cs,AD1_018.cs
src/HeadlessDCGO.Engine/Assets/Scripts/CardEffect/AD1/Red/AD1_001.cs,AD1_001.cs
src/HeadlessDCGO.Engine/Assets/Scripts/CardEffect/AD1/Red/AD1_002.cs,AD1_002.cs
src/HeadlessDCGO.Engine/Assets/Scripts/CardEffect/AD1/Red/AD1_003.cs,AD1_003.cs
src/HeadlessDCGO.Engine/Assets/Scripts/CardEffect/AD1/Red/AD1_004.cs,AD1_004.cs
src/HeadlessDCGO.Engine/Assets/Scripts/CardEffect/AD1/Red/AD1_005.cs,AD1_005.cs
src/HeadlessDCGO.Engine/Assets/Scripts/CardEffect/AD1/Red/AD1_006.cs,AD1_006.cs
src/HeadlessDCGO.Engine/Assets/Scripts/CardEffect/AD1/Red/AD1_007.cs,AD1_007.cs
src/HeadlessDCGO.Engine/Assets/Scripts/CardEffect/AD1/Red/AD1_008.cs,AD1_008.cs
src/HeadlessDCGO.Engine/Assets/Scripts/CardEffect/AD1/Red/AD1_009.cs,AD1_009.cs
src/HeadlessDCGO.Engine/Assets/Scripts/CardEffect/AD1/Red/AD1_025.cs,AD1_025.cs
src/HeadlessDCGO.Engine/Assets/Scripts/CardEffect/AD1/Yellow/AD1_015.cs,AD1_015.cs
src/HeadlessDCGO.Engine/Assets/Scripts/CardEffect/AD1/Yellow/AD1_016.cs,AD1_016.cs
src/HeadlessDCGO.Engine/Assets/Scripts/CardEffect/AD1/Yellow/AD1_017.cs,AD1_017.cs
src/HeadlessDCGO.Engine/Assets/Scripts/CardEffect/AD1/Yellow/AD1_021.cs,AD1_021.cs
src/HeadlessDCGO.Engine/Assets/Scripts/CardEffect/BT1/Blue/BT1_003.cs,BT1_003.cs
src/HeadlessDCGO.Engine/Assets/Scripts/CardEffect/BT1/Blue/BT1_004.cs,BT1_004.cs
src/HeadlessDCGO.Engine/Assets/Scripts/CardEffect/BT1/Blue/BT1_029.cs,BT1_029.cs
src/HeadlessDCGO.Engine/Assets/Scripts/CardEffect/BT1/Blue/BT1_030.cs,BT1_030.cs
src/HeadlessDCGO.Engine/Assets/Scripts/CardEffect/BT1/Blue/BT1_031.cs,BT1_031.cs
src/HeadlessDCGO.Engine/Assets/Scripts/CardEffect/BT1/Blue/BT1_033.cs,BT1_033.cs
src/HeadlessDCGO.Engine/Assets/Scripts/CardEffect/BT1/Blue/BT1_034.cs,BT1_034.cs
src/HeadlessDCGO.Engine/Assets/Scripts/CardEffect/BT1/Blue/BT1_035.cs,BT1_035.cs
src/HeadlessDCGO.Engine/Assets/Scripts/CardEffect/BT1/Blue/BT1_036.cs,BT1_036.cs
src/HeadlessDCGO.Engine/Assets/Scripts/CardEffect/BT1/Blue/BT1_039.cs,BT1_039.cs
src/HeadlessDCGO.Engine/Assets/Scripts/CardEffect/BT1/Blue/BT1_040.cs,BT1_040.cs
src/HeadlessDCGO.Engine/Assets/Scripts/CardEffect/BT1/Blue/BT1_041.cs,BT1_041.cs
src/HeadlessDCGO.Engine/Assets/Scripts/CardEffect/BT1/Blue/BT1_043.cs,BT1_043.cs
src/HeadlessDCGO.Engine/Assets/Scripts/CardEffect/BT1/Blue/BT1_044.cs,BT1_044.cs
src/HeadlessDCGO.Engine/Assets/Scripts/CardEffect/BT1/Blue/BT1_086.cs,BT1_086.cs
src/HeadlessDCGO.Engine/Assets/Scripts/CardEffect/BT1/Blue/BT1_096.cs,BT1_096.cs
src/HeadlessDCGO.Engine/Assets/Scripts/CardEffect/BT1/Blue/BT1_097.cs,BT1_097.cs
src/HeadlessDCGO.Engine/Assets/Scripts/CardEffect/BT1/Blue/BT1_098.cs,BT1_098.cs
src/HeadlessDCGO.Engine/Assets/Scripts/CardEffect/BT1/Blue/BT1_099.cs,BT1_099.cs
src/HeadlessDCGO.Engine/Assets/Scripts/CardEffect/BT1/Blue/BT1_100.cs,BT1_100.cs
src/HeadlessDCGO.Engine/Assets/Scripts/CardEffect/BT1/Blue/BT1_101.cs,BT1_101.cs
src/HeadlessDCGO.Engine/Assets/Scripts/CardEffect/BT1/Blue/BT1_115.cs,BT1_115.cs
src/HeadlessDCGO.Engine/Assets/Scripts/CardEffect/BT1/Green/BT1_007.cs,BT1_007.cs
src/HeadlessDCGO.Engine/Assets/Scripts/CardEffect/BT1/Green/BT1_008.cs,BT1_008.cs
src/HeadlessDCGO.Engine/Assets/Scripts/CardEffect/BT1/Green/BT1_066.cs,BT1_066.cs
src/HeadlessDCGO.Engine/Assets/Scripts/CardEffect/BT1/Green/BT1_067.cs,BT1_067.cs
src/HeadlessDCGO.Engine/Assets/Scripts/CardEffect/BT1/Green/BT1_068.cs,BT1_068.cs
src/HeadlessDCGO.Engine/Assets/Scripts/CardEffect/BT1/Green/BT1_070.cs,BT1_070.cs
src/HeadlessDCGO.Engine/Assets/Scripts/CardEffect/BT1/Green/BT1_073.cs,BT1_073.cs
src/HeadlessDCGO.Engine/Assets/Scripts/CardEffect/BT1/Green/BT1_074.cs,BT1_074.cs
src/HeadlessDCGO.Engine/Assets/Scripts/CardEffect/BT1/Green/BT1_076.cs,BT1_076.cs
src/HeadlessDCGO.Engine/Assets/Scripts/CardEffect/BT1/Green/BT1_077.cs,BT1_077.cs
src/HeadlessDCGO.Engine/Assets/Scripts/CardEffect/BT1/Green/BT1_078.cs,BT1_078.cs
src/HeadlessDCGO.Engine/Assets/Scripts/CardEffect/BT1/Green/BT1_079.cs,BT1_079.cs
src/HeadlessDCGO.Engine/Assets/Scripts/CardEffect/BT1/Green/BT1_081.cs,BT1_081.cs
src/HeadlessDCGO.Engine/Assets/Scripts/CardEffect/BT1/Green/BT1_082.cs,BT1_082.cs
src/HeadlessDCGO.Engine/Assets/Scripts/CardEffect/BT1/Green/BT1_083.cs,BT1_083.cs
src/HeadlessDCGO.Engine/Assets/Scripts/CardEffect/BT1/Green/BT1_088.cs,BT1_088.cs
src/HeadlessDCGO.Engine/Assets/Scripts/CardEffect/BT1/Green/BT1_089.cs,BT1_089.cs
src/HeadlessDCGO.Engine/Assets/Scripts/CardEffect/BT1/Green/BT1_108.cs,BT1_108.cs
src/HeadlessDCGO.Engine/Assets/Scripts/CardEffect/BT1/Green/BT1_109.cs,BT1_109.cs
src/HeadlessDCGO.Engine/Assets/Scripts/CardEffect/BT1/Green/BT1_110.cs,BT1_110.cs
src/HeadlessDCGO.Engine/Assets/Scripts/CardEffect/BT1/Green/BT1_111.cs,BT1_111.cs
src/HeadlessDCGO.Engine/Assets/Scripts/CardEffect/BT1/Green/BT1_112.cs,BT1_112.cs
src/HeadlessDCGO.Engine/Assets/Scripts/CardEffect/BT1/Green/BT1_113.cs,BT1_113.cs
src/HeadlessDCGO.Engine/Assets/Scripts/CardEffect/BT1/Red/BT1_001.cs,BT1_001.cs
src/HeadlessDCGO.Engine/Assets/Scripts/CardEffect/BT1/Red/BT1_002.cs,BT1_002.cs
src/HeadlessDCGO.Engine/Assets/Scripts/CardEffect/BT1/Red/BT1_010.cs,BT1_010.cs
src/HeadlessDCGO.Engine/Assets/Scripts/CardEffect/BT1/Red/BT1_011.cs,BT1_011.cs
src/HeadlessDCGO.Engine/Assets/Scripts/CardEffect/BT1/Red/BT1_012.cs,BT1_012.cs
src/HeadlessDCGO.Engine/Assets/Scripts/CardEffect/BT1/Red/BT1_015.cs,BT1_015.cs
src/HeadlessDCGO.Engine/Assets/Scripts/CardEffect/BT1/Red/BT1_016.cs,BT1_016.cs
src/HeadlessDCGO.Engine/Assets/Scripts/CardEffect/BT1/Red/BT1_017.cs,BT1_017.cs
src/HeadlessDCGO.Engine/Assets/Scripts/CardEffect/BT1/Red/BT1_018.cs,BT1_018.cs
src/HeadlessDCGO.Engine/Assets/Scripts/CardEffect/BT1/Red/BT1_021.cs,BT1_021.cs
src/HeadlessDCGO.Engine/Assets/Scripts/CardEffect/BT1/Red/BT1_022.cs,BT1_022.cs
src/HeadlessDCGO.Engine/Assets/Scripts/CardEffect/BT1/Red/BT1_023.cs,BT1_023.cs
src/HeadlessDCGO.Engine/Assets/Scripts/CardEffect/BT1/Red/BT1_025.cs,BT1_025.cs
src/HeadlessDCGO.Engine/Assets/Scripts/CardEffect/BT1/Red/BT1_026.cs,BT1_026.cs
src/HeadlessDCGO.Engine/Assets/Scripts/CardEffect/BT1/Red/BT1_085.cs,BT1_085.cs
src/HeadlessDCGO.Engine/Assets/Scripts/CardEffect/BT1/Red/BT1_090.cs,BT1_090.cs
src/HeadlessDCGO.Engine/Assets/Scripts/CardEffect/BT1/Red/BT1_091.cs,BT1_091.cs
src/HeadlessDCGO.Engine/Assets/Scripts/CardEffect/BT1/Red/BT1_092.cs,BT1_092.cs
src/HeadlessDCGO.Engine/Assets/Scripts/CardEffect/BT1/Red/BT1_093.cs,BT1_093.cs
src/HeadlessDCGO.Engine/Assets/Scripts/CardEffect/BT1/Red/BT1_094.cs,BT1_094.cs
src/HeadlessDCGO.Engine/Assets/Scripts/CardEffect/BT1/Red/BT1_095.cs,BT1_095.cs
src/HeadlessDCGO.Engine/Assets/Scripts/CardEffect/BT1/Red/BT1_114.cs,BT1_114.cs
src/HeadlessDCGO.Engine/Assets/Scripts/CardEffect/BT1/White/BT1_084.cs,BT1_084.cs
src/HeadlessDCGO.Engine/Assets/Scripts/CardEffect/BT1/Yellow/BT1_005.cs,BT1_005.cs
src/HeadlessDCGO.Engine/Assets/Scripts/CardEffect/BT1/Yellow/BT1_006.cs,BT1_006.cs
src/HeadlessDCGO.Engine/Assets/Scripts/CardEffect/BT1/Yellow/BT1_046.cs,BT1_046.cs
src/HeadlessDCGO.Engine/Assets/Scripts/CardEffect/BT1/Yellow/BT1_048.cs,BT1_048.cs
src/HeadlessDCGO.Engine/Assets/Scripts/CardEffect/BT1/Yellow/BT1_049.cs,BT1_049.cs
src/HeadlessDCGO.Engine/Assets/Scripts/CardEffect/BT1/Yellow/BT1_053.cs,BT1_053.cs
src/HeadlessDCGO.Engine/Assets/Scripts/CardEffect/BT1/Yellow/BT1_054.cs,BT1_054.cs
src/HeadlessDCGO.Engine/Assets/Scripts/CardEffect/BT1/Yellow/BT1_055.cs,BT1_055.cs
src/HeadlessDCGO.Engine/Assets/Scripts/CardEffect/BT1/Yellow/BT1_056.cs,BT1_056.cs
src/HeadlessDCGO.Engine/Assets/Scripts/CardEffect/BT1/Yellow/BT1_060.cs,BT1_060.cs
src/HeadlessDCGO.Engine/Assets/Scripts/CardEffect/BT1/Yellow/BT1_061.cs,BT1_061.cs
src/HeadlessDCGO.Engine/Assets/Scripts/CardEffect/BT1/Yellow/BT1_062.cs,BT1_062.cs
src/HeadlessDCGO.Engine/Assets/Scripts/CardEffect/BT1/Yellow/BT1_063.cs,BT1_063.cs
src/HeadlessDCGO.Engine/Assets/Scripts/CardEffect/BT1/Yellow/BT1_087.cs,BT1_087.cs
src/HeadlessDCGO.Engine/Assets/Scripts/CardEffect/BT1/Yellow/BT1_102.cs,BT1_102.cs
src/HeadlessDCGO.Engine/Assets/Scripts/CardEffect/BT1/Yellow/BT1_103.cs,BT1_103.cs
src/HeadlessDCGO.Engine/Assets/Scripts/CardEffect/BT1/Yellow/BT1_104.cs,BT1_104.cs
src/HeadlessDCGO.Engine/Assets/Scripts/CardEffect/BT1/Yellow/BT1_105.cs,BT1_105.cs
src/HeadlessDCGO.Engine/Assets/Scripts/CardEffect/BT1/Yellow/BT1_106.cs,BT1_106.cs
src/HeadlessDCGO.Engine/Assets/Scripts/CardEffect/BT1/Yellow/BT1_107.cs,BT1_107.cs
src/HeadlessDCGO.Engine/Assets/Scripts/CardEffect/BT10/Black/BT10_005.cs,BT10_005.cs
src/HeadlessDCGO.Engine/Assets/Scripts/CardEffect/BT10/Black/BT10_058.cs,BT10_058.cs
src/HeadlessDCGO.Engine/Assets/Scripts/CardEffect/BT10/Black/BT10_059.cs,BT10_059.cs
src/HeadlessDCGO.Engine/Assets/Scripts/CardEffect/BT10/Black/BT10_060.cs,BT10_060.cs
src/HeadlessDCGO.Engine/Assets/Scripts/CardEffect/BT10/Black/BT10_061.cs,BT10_061.cs
src/HeadlessDCGO.Engine/Assets/Scripts/CardEffect/BT10/Black/BT10_063.cs,BT10_063.cs
src/HeadlessDCGO.Engine/Assets/Scripts/CardEffect/BT10/Black/BT10_066.cs,BT10_066.cs
src/HeadlessDCGO.Engine/Assets/Scripts/CardEffect/BT10/Black/BT10_067.cs,BT10_067.cs
src/HeadlessDCGO.Engine/Assets/Scripts/CardEffect/BT10/Black/BT10_068.cs,BT10_068.cs
src/HeadlessDCGO.Engine/Assets/Scripts/CardEffect/BT10/Black/BT10_069.cs,BT10_069.cs
src/HeadlessDCGO.Engine/Assets/Scripts/CardEffect/BT10/Black/BT10_070.cs,BT10_070.cs
src/HeadlessDCGO.Engine/Assets/Scripts/CardEffect/BT10/Black/BT10_092.cs,BT10_092.cs
src/HeadlessDCGO.Engine/Assets/Scripts/CardEffect/BT10/Black/BT10_104.cs,BT10_104.cs
src/HeadlessDCGO.Engine/Assets/Scripts/CardEffect/BT10/Black/BT10_105.cs,BT10_105.cs
src/HeadlessDCGO.Engine/Assets/Scripts/CardEffect/BT10/Black/BT10_106.cs,BT10_106.cs
src/HeadlessDCGO.Engine/Assets/Scripts/CardEffect/BT10/Blue/BT10_002.cs,BT10_002.cs
src/HeadlessDCGO.Engine/Assets/Scripts/CardEffect/BT10/Blue/BT10_018.cs,BT10_018.cs
src/HeadlessDCGO.Engine/Assets/Scripts/CardEffect/BT10/Blue/BT10_019.cs,BT10_019.cs
src/HeadlessDCGO.Engine/Assets/Scripts/CardEffect/BT10/Blue/BT10_020.cs,BT10_020.cs
src/HeadlessDCGO.Engine/Assets/Scripts/CardEffect/BT10/Blue/BT10_021.cs,BT10_021.cs
src/HeadlessDCGO.Engine/Assets/Scripts/CardEffect/BT10/Blue/BT10_023.cs,BT10_023.cs
src/HeadlessDCGO.Engine/Assets/Scripts/CardEffect/BT10/Blue/BT10_024.cs,BT10_024.cs
src/HeadlessDCGO.Engine/Assets/Scripts/CardEffect/BT10/Blue/BT10_025.cs,BT10_025.cs
src/HeadlessDCGO.Engine/Assets/Scripts/CardEffect/BT10/Blue/BT10_026.cs,BT10_026.cs
src/HeadlessDCGO.Engine/Assets/Scripts/CardEffect/BT10/Blue/BT10_027.cs,BT10_027.cs
src/HeadlessDCGO.Engine/Assets/Scripts/CardEffect/BT10/Blue/BT10_028.cs,BT10_028.cs
src/HeadlessDCGO.Engine/Assets/Scripts/CardEffect/BT10/Blue/BT10_088.cs,BT10_088.cs
src/HeadlessDCGO.Engine/Assets/Scripts/CardEffect/BT10/Blue/BT10_097.cs,BT10_097.cs
src/HeadlessDCGO.Engine/Assets/Scripts/CardEffect/BT10/Blue/BT10_098.cs,BT10_098.cs
src/HeadlessDCGO.Engine/Assets/Scripts/CardEffect/BT10/Green/BT10_004.cs,BT10_004.cs
src/HeadlessDCGO.Engine/Assets/Scripts/CardEffect/BT10/Green/BT10_044.cs,BT10_044.cs
src/HeadlessDCGO.Engine/Assets/Scripts/CardEffect/BT10/Green/BT10_045.cs,BT10_045.cs
src/HeadlessDCGO.Engine/Assets/Scripts/CardEffect/BT10/Green/BT10_046.cs,BT10_046.cs
src/HeadlessDCGO.Engine/Assets/Scripts/CardEffect/BT10/Green/BT10_048.cs,BT10_048.cs
src/HeadlessDCGO.Engine/Assets/Scripts/CardEffect/BT10/Green/BT10_049.cs,BT10_049.cs
src/HeadlessDCGO.Engine/Assets/Scripts/CardEffect/BT10/Green/BT10_050.cs,BT10_050.cs
src/HeadlessDCGO.Engine/Assets/Scripts/CardEffect/BT10/Green/BT10_051.cs,BT10_051.cs
src/HeadlessDCGO.Engine/Assets/Scripts/CardEffect/BT10/Green/BT10_052.cs,BT10_052.cs
src/HeadlessDCGO.Engine/Assets/Scripts/CardEffect/BT10/Green/BT10_053.cs,BT10_053.cs
src/HeadlessDCGO.Engine/Assets/Scripts/CardEffect/BT10/Green/BT10_054.cs,BT10_054.cs
src/HeadlessDCGO.Engine/Assets/Scripts/CardEffect/BT10/Green/BT10_056.cs,BT10_056.cs
src/HeadlessDCGO.Engine/Assets/Scripts/CardEffect/BT10/Green/BT10_057.cs,BT10_057.cs
src/HeadlessDCGO.Engine/Assets/Scripts/CardEffect/BT10/Green/BT10_090.cs,BT10_090.cs
src/HeadlessDCGO.Engine/Assets/Scripts/CardEffect/BT10/Green/BT10_091.cs,BT10_091.cs
src/HeadlessDCGO.Engine/Assets/Scripts/CardEffect/BT10/Green/BT10_102.cs,BT10_102.cs
src/HeadlessDCGO.Engine/Assets/Scripts/CardEffect/BT10/Green/BT10_103.cs,BT10_103.cs
src/HeadlessDCGO.Engine/Assets/Scripts/CardEffect/BT10/Purple/BT10_006.cs,BT10_006.cs
src/HeadlessDCGO.Engine/Assets/Scripts/CardEffect/BT10/Purple/BT10_071.cs,BT10_071.cs
src/HeadlessDCGO.Engine/Assets/Scripts/CardEffect/BT10/Purple/BT10_072.cs,BT10_072.cs
src/HeadlessDCGO.Engine/Assets/Scripts/CardEffect/BT10/Purple/BT10_073.cs,BT10_073.cs
src/HeadlessDCGO.Engine/Assets/Scripts/CardEffect/BT10/Purple/BT10_074.cs,BT10_074.cs
src/HeadlessDCGO.Engine/Assets/Scripts/CardEffect/BT10/Purple/BT10_075.cs,BT10_075.cs
src/HeadlessDCGO.Engine/Assets/Scripts/CardEffect/BT10/Purple/BT10_076.cs,BT10_076.cs
src/HeadlessDCGO.Engine/Assets/Scripts/CardEffect/BT10/Purple/BT10_077.cs,BT10_077.cs
src/HeadlessDCGO.Engine/Assets/Scripts/CardEffect/BT10/Purple/BT10_078.cs,BT10_078.cs
src/HeadlessDCGO.Engine/Assets/Scripts/CardEffect/BT10/Purple/BT10_080.cs,BT10_080.cs
src/HeadlessDCGO.Engine/Assets/Scripts/CardEffect/BT10/Purple/BT10_081.cs,BT10_081.cs
src/HeadlessDCGO.Engine/Assets/Scripts/CardEffect/BT10/Purple/BT10_082.cs,BT10_082.cs
src/HeadlessDCGO.Engine/Assets/Scripts/CardEffect/BT10/Purple/BT10_083.cs,BT10_083.cs
src/HeadlessDCGO.Engine/Assets/Scripts/CardEffect/BT10/Purple/BT10_084.cs,BT10_084.cs
src/HeadlessDCGO.Engine/Assets/Scripts/CardEffect/BT10/Purple/BT10_093.cs,BT10_093.cs
src/HeadlessDCGO.Engine/Assets/Scripts/CardEffect/BT10/Purple/BT10_107.cs,BT10_107.cs
src/HeadlessDCGO.Engine/Assets/Scripts/CardEffect/BT10/Purple/BT10_108.cs,BT10_108.cs
src/HeadlessDCGO.Engine/Assets/Scripts/CardEffect/BT10/Red/BT10_001.cs,BT10_001.cs
src/HeadlessDCGO.Engine/Assets/Scripts/CardEffect/BT10/Red/BT10_007.cs,BT10_007.cs
src/HeadlessDCGO.Engine/Assets/Scripts/CardEffect/BT10/Red/BT10_008.cs,BT10_008.cs
src/HeadlessDCGO.Engine/Assets/Scripts/CardEffect/BT10/Red/BT10_009.cs,BT10_009.cs
src/HeadlessDCGO.Engine/Assets/Scripts/CardEffect/BT10/Red/BT10_011.cs,BT10_011.cs
src/HeadlessDCGO.Engine/Assets/Scripts/CardEffect/BT10/Red/BT10_012.cs,BT10_012.cs
src/HeadlessDCGO.Engine/Assets/Scripts/CardEffect/BT10/Red/BT10_013.cs,BT10_013.cs
src/HeadlessDCGO.Engine/Assets/Scripts/CardEffect/BT10/Red/BT10_014.cs,BT10_014.cs
src/HeadlessDCGO.Engine/Assets/Scripts/CardEffect/BT10/Red/BT10_015.cs,BT10_015.cs
src/HeadlessDCGO.Engine/Assets/Scripts/CardEffect/BT10/Red/BT10_016.cs,BT10_016.cs
src/HeadlessDCGO.Engine/Assets/Scripts/CardEffect/BT10/Red/BT10_087.cs,BT10_087.cs
src/HeadlessDCGO.Engine/Assets/Scripts/CardEffect/BT10/Red/BT10_094.cs,BT10_094.cs
src/HeadlessDCGO.Engine/Assets/Scripts/CardEffect/BT10/Red/BT10_095.cs,BT10_095.cs
src/HeadlessDCGO.Engine/Assets/Scripts/CardEffect/BT10/Red/BT10_096.cs,BT10_096.cs
src/HeadlessDCGO.Engine/Assets/Scripts/CardEffect/BT10/Red/BT10_111.cs,BT10_111.cs
src/HeadlessDCGO.Engine/Assets/Scripts/CardEffect/BT10/Red/BT10_112.cs,BT10_112.cs
src/HeadlessDCGO.Engine/Assets/Scripts/CardEffect/BT10/White/BT10_085.cs,BT10_085.cs
src/HeadlessDCGO.Engine/Assets/Scripts/CardEffect/BT10/White/BT10_086.cs,BT10_086.cs
src/HeadlessDCGO.Engine/Assets/Scripts/CardEffect/BT10/White/BT10_109.cs,BT10_109.cs
src/HeadlessDCGO.Engine/Assets/Scripts/CardEffect/BT10/White/BT10_110.cs,BT10_110.cs
src/HeadlessDCGO.Engine/Assets/Scripts/CardEffect/BT10/Yellow/BT10_003.cs,BT10_003.cs
src/HeadlessDCGO.Engine/Assets/Scripts/CardEffect/BT10/Yellow/BT10_029.cs,BT10_029.cs
src/HeadlessDCGO.Engine/Assets/Scripts/CardEffect/BT10/Yellow/BT10_030.cs,BT10_030.cs
src/HeadlessDCGO.Engine/Assets/Scripts/CardEffect/BT10/Yellow/BT10_031.cs,BT10_031.cs
src/HeadlessDCGO.Engine/Assets/Scripts/CardEffect/BT10/Yellow/BT10_032.cs,BT10_032.cs
src/HeadlessDCGO.Engine/Assets/Scripts/CardEffect/BT10/Yellow/BT10_034.cs,BT10_034.cs
src/HeadlessDCGO.Engine/Assets/Scripts/CardEffect/BT10/Yellow/BT10_035.cs,BT10_035.cs
src/HeadlessDCGO.Engine/Assets/Scripts/CardEffect/BT10/Yellow/BT10_036.cs,BT10_036.cs
src/HeadlessDCGO.Engine/Assets/Scripts/CardEffect/BT10/Yellow/BT10_038.cs,BT10_038.cs
src/HeadlessDCGO.Engine/Assets/Scripts/CardEffect/BT10/Yellow/BT10_039.cs,BT10_039.cs
src/HeadlessDCGO.Engine/Assets/Scripts/CardEffect/BT10/Yellow/BT10_040.cs,BT10_040.cs
src/HeadlessDCGO.Engine/Assets/Scripts/CardEffect/BT10/Yellow/BT10_041.cs,BT10_041.cs
src/HeadlessDCGO.Engine/Assets/Scripts/CardEffect/BT10/Yellow/BT10_042.cs,BT10_042.cs
src/HeadlessDCGO.Engine/Assets/Scripts/CardEffect/BT10/Yellow/BT10_089.cs,BT10_089.cs
src/HeadlessDCGO.Engine/Assets/Scripts/CardEffect/BT10/Yellow/BT10_099.cs,BT10_099.cs
src/HeadlessDCGO.Engine/Assets/Scripts/CardEffect/BT10/Yellow/BT10_100.cs,BT10_100.cs
src/HeadlessDCGO.Engine/Assets/Scripts/CardEffect/BT10/Yellow/BT10_101.cs,BT10_101.cs
src/HeadlessDCGO.Engine/Assets/Scripts/CardEffect/BT11/Black/BT11_005.cs,BT11_005.cs
src/HeadlessDCGO.Engine/Assets/Scripts/CardEffect/BT11/Black/BT11_060.cs,BT11_060.cs
src/HeadlessDCGO.Engine/Assets/Scripts/CardEffect/BT11/Black/BT11_061.cs,BT11_061.cs
src/HeadlessDCGO.Engine/Assets/Scripts/CardEffect/BT11/Black/BT11_062.cs,BT11_062.cs
src/HeadlessDCGO.Engine/Assets/Scripts/CardEffect/BT11/Black/BT11_063.cs,BT11_063.cs
src/HeadlessDCGO.Engine/Assets/Scripts/CardEffect/BT11/Black/BT11_064.cs,BT11_064.cs
src/HeadlessDCGO.Engine/Assets/Scripts/CardEffect/BT11/Black/BT11_065.cs,BT11_065.cs
src/HeadlessDCGO.Engine/Assets/Scripts/CardEffect/BT11/Black/BT11_067.cs,BT11_067.cs
src/HeadlessDCGO.Engine/Assets/Scripts/CardEffect/BT11/Black/BT11_068.cs,BT11_068.cs
src/HeadlessDCGO.Engine/Assets/Scripts/CardEffect/BT11/Black/BT11_069.cs,BT11_069.cs
src/HeadlessDCGO.Engine/Assets/Scripts/CardEffect/BT11/Black/BT11_070.cs,BT11_070.cs
src/HeadlessDCGO.Engine/Assets/Scripts/CardEffect/BT11/Black/BT11_071.cs,BT11_071.cs
src/HeadlessDCGO.Engine/Assets/Scripts/CardEffect/BT11/Black/BT11_072.cs,BT11_072.cs
src/HeadlessDCGO.Engine/Assets/Scripts/CardEffect/BT11/Black/BT11_073.cs,BT11_073.cs
src/HeadlessDCGO.Engine/Assets/Scripts/CardEffect/BT11/Black/BT11_074.cs,BT11_074.cs
src/HeadlessDCGO.Engine/Assets/Scripts/CardEffect/BT11/Black/BT11_092.cs,BT11_092.cs
src/HeadlessDCGO.Engine/Assets/Scripts/CardEffect/BT11/Black/BT11_093.cs,BT11_093.cs
src/HeadlessDCGO.Engine/Assets/Scripts/CardEffect/BT11/Black/BT11_105.cs,BT11_105.cs
src/HeadlessDCGO.Engine/Assets/Scripts/CardEffect/BT11/Black/BT11_106.cs,BT11_106.cs
src/HeadlessDCGO.Engine/Assets/Scripts/CardEffect/BT11/Black/BT11_107.cs,BT11_107.cs
src/HeadlessDCGO.Engine/Assets/Scripts/CardEffect/BT11/Black/BT11_108.cs,BT11_108.cs
src/HeadlessDCGO.Engine/Assets/Scripts/CardEffect/BT11/Black/BT11_111.cs,BT11_111.cs
src/HeadlessDCGO.Engine/Assets/Scripts/CardEffect/BT11/Blue/BT11_002.cs,BT11_002.cs
src/HeadlessDCGO.Engine/Assets/Scripts/CardEffect/BT11/Blue/BT11_020.cs,BT11_020.cs
src/HeadlessDCGO.Engine/Assets/Scripts/CardEffect/BT11/Blue/BT11_022.cs,BT11_022.cs
src/HeadlessDCGO.Engine/Assets/Scripts/CardEffect/BT11/Blue/BT11_023.cs,BT11_023.cs
src/HeadlessDCGO.Engine/Assets/Scripts/CardEffect/BT11/Blue/BT11_024.cs,BT11_024.cs
src/HeadlessDCGO.Engine/Assets/Scripts/CardEffect/BT11/Blue/BT11_025.cs,BT11_025.cs
src/HeadlessDCGO.Engine/Assets/Scripts/CardEffect/BT11/Blue/BT11_027.cs,BT11_027.cs
src/HeadlessDCGO.Engine/Assets/Scripts/CardEffect/BT11/Blue/BT11_028.cs,BT11_028.cs
src/HeadlessDCGO.Engine/Assets/Scripts/CardEffect/BT11/Blue/BT11_029.cs,BT11_029.cs
src/HeadlessDCGO.Engine/Assets/Scripts/CardEffect/BT11/Blue/BT11_030.cs,BT11_030.cs
src/HeadlessDCGO.Engine/Assets/Scripts/CardEffect/BT11/Blue/BT11_031.cs,BT11_031.cs
src/HeadlessDCGO.Engine/Assets/Scripts/CardEffect/BT11/Blue/BT11_032.cs,BT11_032.cs
src/HeadlessDCGO.Engine/Assets/Scripts/CardEffect/BT11/Blue/BT11_033.cs,BT11_033.cs
src/HeadlessDCGO.Engine/Assets/Scripts/CardEffect/BT11/Blue/BT11_090.cs,BT11_090.cs
src/HeadlessDCGO.Engine/Assets/Scripts/CardEffect/BT11/Blue/BT11_098.cs,BT11_098.cs
src/HeadlessDCGO.Engine/Assets/Scripts/CardEffect/BT11/Blue/BT11_099.cs,BT11_099.cs
src/HeadlessDCGO.Engine/Assets/Scripts/CardEffect/BT11/Blue/BT11_112.cs,BT11_112.cs
src/HeadlessDCGO.Engine/Assets/Scripts/CardEffect/BT11/Green/BT11_004.cs,BT11_004.cs
src/HeadlessDCGO.Engine/Assets/Scripts/CardEffect/BT11/Green/BT11_046.cs,BT11_046.cs
src/HeadlessDCGO.Engine/Assets/Scripts/CardEffect/BT11/Green/BT11_047.cs,BT11_047.cs
src/HeadlessDCGO.Engine/Assets/Scripts/CardEffect/BT11/Green/BT11_049.cs,BT11_049.cs
src/HeadlessDCGO.Engine/Assets/Scripts/CardEffect/BT11/Green/BT11_050.cs,BT11_050.cs
src/HeadlessDCGO.Engine/Assets/Scripts/CardEffect/BT11/Green/BT11_052.cs,BT11_052.cs
src/HeadlessDCGO.Engine/Assets/Scripts/CardEffect/BT11/Green/BT11_054.cs,BT11_054.cs
src/HeadlessDCGO.Engine/Assets/Scripts/CardEffect/BT11/Green/BT11_055.cs,BT11_055.cs
src/HeadlessDCGO.Engine/Assets/Scripts/CardEffect/BT11/Green/BT11_056.cs,BT11_056.cs
src/HeadlessDCGO.Engine/Assets/Scripts/CardEffect/BT11/Green/BT11_057.cs,BT11_057.cs
src/HeadlessDCGO.Engine/Assets/Scripts/CardEffect/BT11/Green/BT11_058.cs,BT11_058.cs
src/HeadlessDCGO.Engine/Assets/Scripts/CardEffect/BT11/Green/BT11_059.cs,BT11_059.cs
src/HeadlessDCGO.Engine/Assets/Scripts/CardEffect/BT11/Green/BT11_091.cs,BT11_091.cs
src/HeadlessDCGO.Engine/Assets/Scripts/CardEffect/BT11/Green/BT11_102.cs,BT11_102.cs
src/HeadlessDCGO.Engine/Assets/Scripts/CardEffect/BT11/Green/BT11_103.cs,BT11_103.cs
src/HeadlessDCGO.Engine/Assets/Scripts/CardEffect/BT11/Green/BT11_104.cs,BT11_104.cs
src/HeadlessDCGO.Engine/Assets/Scripts/CardEffect/BT11/Purple/BT11_006.cs,BT11_006.cs
src/HeadlessDCGO.Engine/Assets/Scripts/CardEffect/BT11/Purple/BT11_076.cs,BT11_076.cs
src/HeadlessDCGO.Engine/Assets/Scripts/CardEffect/BT11/Purple/BT11_077.cs,BT11_077.cs
src/HeadlessDCGO.Engine/Assets/Scripts/CardEffect/BT11/Purple/BT11_078.cs,BT11_078.cs
src/HeadlessDCGO.Engine/Assets/Scripts/CardEffect/BT11/Purple/BT11_079.cs,BT11_079.cs
src/HeadlessDCGO.Engine/Assets/Scripts/CardEffect/BT11/Purple/BT11_080.cs,BT11_080.cs
src/HeadlessDCGO.Engine/Assets/Scripts/CardEffect/BT11/Purple/BT11_081.cs,BT11_081.cs
src/HeadlessDCGO.Engine/Assets/Scripts/CardEffect/BT11/Purple/BT11_082.cs,BT11_082.cs
src/HeadlessDCGO.Engine/Assets/Scripts/CardEffect/BT11/Purple/BT11_083.cs,BT11_083.cs
src/HeadlessDCGO.Engine/Assets/Scripts/CardEffect/BT11/Purple/BT11_084.cs,BT11_084.cs
src/HeadlessDCGO.Engine/Assets/Scripts/CardEffect/BT11/Purple/BT11_085.cs,BT11_085.cs
src/HeadlessDCGO.Engine/Assets/Scripts/CardEffect/BT11/Purple/BT11_086.cs,BT11_086.cs
src/HeadlessDCGO.Engine/Assets/Scripts/CardEffect/BT11/Purple/BT11_087.cs,BT11_087.cs
src/HeadlessDCGO.Engine/Assets/Scripts/CardEffect/BT11/Purple/BT11_088.cs,BT11_088.cs
src/HeadlessDCGO.Engine/Assets/Scripts/CardEffect/BT11/Purple/BT11_094.cs,BT11_094.cs
src/HeadlessDCGO.Engine/Assets/Scripts/CardEffect/BT11/Purple/BT11_109.cs,BT11_109.cs
src/HeadlessDCGO.Engine/Assets/Scripts/CardEffect/BT11/Purple/BT11_110.cs,BT11_110.cs
src/HeadlessDCGO.Engine/Assets/Scripts/CardEffect/BT11/Red/BT11_001.cs,BT11_001.cs
src/HeadlessDCGO.Engine/Assets/Scripts/CardEffect/BT11/Red/BT11_007.cs,BT11_007.cs
src/HeadlessDCGO.Engine/Assets/Scripts/CardEffect/BT11/Red/BT11_008.cs,BT11_008.cs
src/HeadlessDCGO.Engine/Assets/Scripts/CardEffect/BT11/Red/BT11_009.cs,BT11_009.cs
src/HeadlessDCGO.Engine/Assets/Scripts/CardEffect/BT11/Red/BT11_010.cs,BT11_010.cs
src/HeadlessDCGO.Engine/Assets/Scripts/CardEffect/BT11/Red/BT11_011.cs,BT11_011.cs
src/HeadlessDCGO.Engine/Assets/Scripts/CardEffect/BT11/Red/BT11_012.cs,BT11_012.cs
src/HeadlessDCGO.Engine/Assets/Scripts/CardEffect/BT11/Red/BT11_014.cs,BT11_014.cs
src/HeadlessDCGO.Engine/Assets/Scripts/CardEffect/BT11/Red/BT11_015.cs,BT11_015.cs
src/HeadlessDCGO.Engine/Assets/Scripts/CardEffect/BT11/Red/BT11_016.cs,BT11_016.cs
src/HeadlessDCGO.Engine/Assets/Scripts/CardEffect/BT11/Red/BT11_017.cs,BT11_017.cs
src/HeadlessDCGO.Engine/Assets/Scripts/CardEffect/BT11/Red/BT11_018.cs,BT11_018.cs
src/HeadlessDCGO.Engine/Assets/Scripts/CardEffect/BT11/Red/BT11_019.cs,BT11_019.cs
src/HeadlessDCGO.Engine/Assets/Scripts/CardEffect/BT11/Red/BT11_089.cs,BT11_089.cs
src/HeadlessDCGO.Engine/Assets/Scripts/CardEffect/BT11/Red/BT11_096.cs,BT11_096.cs
src/HeadlessDCGO.Engine/Assets/Scripts/CardEffect/BT11/Red/BT11_097.cs,BT11_097.cs
src/HeadlessDCGO.Engine/Assets/Scripts/CardEffect/BT11/White/BT11_095.cs,BT11_095.cs
src/HeadlessDCGO.Engine/Assets/Scripts/CardEffect/BT11/Yellow/BT11_003.cs,BT11_003.cs
src/HeadlessDCGO.Engine/Assets/Scripts/CardEffect/BT11/Yellow/BT11_034.cs,BT11_034.cs
src/HeadlessDCGO.Engine/Assets/Scripts/CardEffect/BT11/Yellow/BT11_036.cs,BT11_036.cs
src/HeadlessDCGO.Engine/Assets/Scripts/CardEffect/BT11/Yellow/BT11_038.cs,BT11_038.cs
src/HeadlessDCGO.Engine/Assets/Scripts/CardEffect/BT11/Yellow/BT11_039.cs,BT11_039.cs
src/HeadlessDCGO.Engine/Assets/Scripts/CardEffect/BT11/Yellow/BT11_040.cs,BT11_040.cs
src/HeadlessDCGO.Engine/Assets/Scripts/CardEffect/BT11/Yellow/BT11_041.cs,BT11_041.cs
src/HeadlessDCGO.Engine/Assets/Scripts/CardEffect/BT11/Yellow/BT11_042.cs,BT11_042.cs
src/HeadlessDCGO.Engine/Assets/Scripts/CardEffect/BT11/Yellow/BT11_043.cs,BT11_043.cs
src/HeadlessDCGO.Engine/Assets/Scripts/CardEffect/BT11/Yellow/BT11_044.cs,BT11_044.cs
src/HeadlessDCGO.Engine/Assets/Scripts/CardEffect/BT11/Yellow/BT11_045.cs,BT11_045.cs
src/HeadlessDCGO.Engine/Assets/Scripts/CardEffect/BT11/Yellow/BT11_100.cs,BT11_100.cs
src/HeadlessDCGO.Engine/Assets/Scripts/CardEffect/BT11/Yellow/BT11_101.cs,BT11_101.cs
src/HeadlessDCGO.Engine/Assets/Scripts/CardEffect/BT12/Black/BT12_005.cs,BT12_005.cs
src/HeadlessDCGO.Engine/Assets/Scripts/CardEffect/BT12/Black/BT12_058.cs,BT12_058.cs
src/HeadlessDCGO.Engine/Assets/Scripts/CardEffect/BT12/Black/BT12_059.cs,BT12_059.cs
src/HeadlessDCGO.Engine/Assets/Scripts/CardEffect/BT12/Black/BT12_060.cs,BT12_060.cs
src/HeadlessDCGO.Engine/Assets/Scripts/CardEffect/BT12/Black/BT12_061.cs,BT12_061.cs
src/HeadlessDCGO.Engine/Assets/Scripts/CardEffect/BT12/Black/BT12_062.cs,BT12_062.cs
src/HeadlessDCGO.Engine/Assets/Scripts/CardEffect/BT12/Black/BT12_063.cs,BT12_063.cs
src/HeadlessDCGO.Engine/Assets/Scripts/CardEffect/BT12/Black/BT12_064.cs,BT12_064.cs
src/HeadlessDCGO.Engine/Assets/Scripts/CardEffect/BT12/Black/BT12_065.cs,BT12_065.cs
src/HeadlessDCGO.Engine/Assets/Scripts/CardEffect/BT12/Black/BT12_066.cs,BT12_066.cs
src/HeadlessDCGO.Engine/Assets/Scripts/CardEffect/BT12/Black/BT12_067.cs,BT12_067.cs
src/HeadlessDCGO.Engine/Assets/Scripts/CardEffect/BT12/Black/BT12_068.cs,BT12_068.cs
src/HeadlessDCGO.Engine/Assets/Scripts/CardEffect/BT12/Black/BT12_070.cs,BT12_070.cs
src/HeadlessDCGO.Engine/Assets/Scripts/CardEffect/BT12/Black/BT12_071.cs,BT12_071.cs
src/HeadlessDCGO.Engine/Assets/Scripts/CardEffect/BT12/Black/BT12_072.cs,BT12_072.cs
src/HeadlessDCGO.Engine/Assets/Scripts/CardEffect/BT12/Black/BT12_094.cs,BT12_094.cs
src/HeadlessDCGO.Engine/Assets/Scripts/CardEffect/BT12/Black/BT12_095.cs,BT12_095.cs
src/HeadlessDCGO.Engine/Assets/Scripts/CardEffect/BT12/Black/BT12_107.cs,BT12_107.cs
src/HeadlessDCGO.Engine/Assets/Scripts/CardEffect/BT12/Blue/BT12_002.cs,BT12_002.cs
src/HeadlessDCGO.Engine/Assets/Scripts/CardEffect/BT12/Blue/BT12_019.cs,BT12_019.cs
src/HeadlessDCGO.Engine/Assets/Scripts/CardEffect/BT12/Blue/BT12_021.cs,BT12_021.cs
src/HeadlessDCGO.Engine/Assets/Scripts/CardEffect/BT12/Blue/BT12_022.cs,BT12_022.cs
src/HeadlessDCGO.Engine/Assets/Scripts/CardEffect/BT12/Blue/BT12_024.cs,BT12_024.cs
src/HeadlessDCGO.Engine/Assets/Scripts/CardEffect/BT12/Blue/BT12_025.cs,BT12_025.cs
src/HeadlessDCGO.Engine/Assets/Scripts/CardEffect/BT12/Blue/BT12_026.cs,BT12_026.cs
src/HeadlessDCGO.Engine/Assets/Scripts/CardEffect/BT12/Blue/BT12_027.cs,BT12_027.cs
src/HeadlessDCGO.Engine/Assets/Scripts/CardEffect/BT12/Blue/BT12_028.cs,BT12_028.cs
src/HeadlessDCGO.Engine/Assets/Scripts/CardEffect/BT12/Blue/BT12_029.cs,BT12_029.cs
src/HeadlessDCGO.Engine/Assets/Scripts/CardEffect/BT12/Blue/BT12_030.cs,BT12_030.cs
src/HeadlessDCGO.Engine/Assets/Scripts/CardEffect/BT12/Blue/BT12_031.cs,BT12_031.cs
src/HeadlessDCGO.Engine/Assets/Scripts/CardEffect/BT12/Blue/BT12_032.cs,BT12_032.cs
src/HeadlessDCGO.Engine/Assets/Scripts/CardEffect/BT12/Blue/BT12_090.cs,BT12_090.cs
src/HeadlessDCGO.Engine/Assets/Scripts/CardEffect/BT12/Blue/BT12_101.cs,BT12_101.cs
src/HeadlessDCGO.Engine/Assets/Scripts/CardEffect/BT12/Blue/BT12_102.cs,BT12_102.cs
src/HeadlessDCGO.Engine/Assets/Scripts/CardEffect/BT12/Green/BT12_004.cs,BT12_004.cs
src/HeadlessDCGO.Engine/Assets/Scripts/CardEffect/BT12/Green/BT12_045.cs,BT12_045.cs
src/HeadlessDCGO.Engine/Assets/Scripts/CardEffect/BT12/Green/BT12_047.cs,BT12_047.cs
src/HeadlessDCGO.Engine/Assets/Scripts/CardEffect/BT12/Green/BT12_048.cs,BT12_048.cs
src/HeadlessDCGO.Engine/Assets/Scripts/CardEffect/BT12/Green/BT12_050.cs,BT12_050.cs
src/HeadlessDCGO.Engine/Assets/Scripts/CardEffect/BT12/Green/BT12_051.cs,BT12_051.cs
src/HeadlessDCGO.Engine/Assets/Scripts/CardEffect/BT12/Green/BT12_053.cs,BT12_053.cs
src/HeadlessDCGO.Engine/Assets/Scripts/CardEffect/BT12/Green/BT12_054.cs,BT12_054.cs
src/HeadlessDCGO.Engine/Assets/Scripts/CardEffect/BT12/Green/BT12_055.cs,BT12_055.cs
src/HeadlessDCGO.Engine/Assets/Scripts/CardEffect/BT12/Green/BT12_056.cs,BT12_056.cs
src/HeadlessDCGO.Engine/Assets/Scripts/CardEffect/BT12/Green/BT12_057.cs,BT12_057.cs
src/HeadlessDCGO.Engine/Assets/Scripts/CardEffect/BT12/Green/BT12_093.cs,BT12_093.cs
src/HeadlessDCGO.Engine/Assets/Scripts/CardEffect/BT12/Green/BT12_105.cs,BT12_105.cs
src/HeadlessDCGO.Engine/Assets/Scripts/CardEffect/BT12/Green/BT12_106.cs,BT12_106.cs
src/HeadlessDCGO.Engine/Assets/Scripts/CardEffect/BT12/Purple/BT12_006.cs,BT12_006.cs
src/HeadlessDCGO.Engine/Assets/Scripts/CardEffect/BT12/Purple/BT12_073.cs,BT12_073.cs
src/HeadlessDCGO.Engine/Assets/Scripts/CardEffect/BT12/Purple/BT12_074.cs,BT12_074.cs
src/HeadlessDCGO.Engine/Assets/Scripts/CardEffect/BT12/Purple/BT12_075.cs,BT12_075.cs
src/HeadlessDCGO.Engine/Assets/Scripts/CardEffect/BT12/Purple/BT12_076.cs,BT12_076.cs
src/HeadlessDCGO.Engine/Assets/Scripts/CardEffect/BT12/Purple/BT12_077.cs,BT12_077.cs
src/HeadlessDCGO.Engine/Assets/Scripts/CardEffect/BT12/Purple/BT12_078.cs,BT12_078.cs
src/HeadlessDCGO.Engine/Assets/Scripts/CardEffect/BT12/Purple/BT12_080.cs,BT12_080.cs
src/HeadlessDCGO.Engine/Assets/Scripts/CardEffect/BT12/Purple/BT12_081.cs,BT12_081.cs
src/HeadlessDCGO.Engine/Assets/Scripts/CardEffect/BT12/Purple/BT12_082.cs,BT12_082.cs
src/HeadlessDCGO.Engine/Assets/Scripts/CardEffect/BT12/Purple/BT12_083.cs,BT12_083.cs
src/HeadlessDCGO.Engine/Assets/Scripts/CardEffect/BT12/Purple/BT12_084.cs,BT12_084.cs
src/HeadlessDCGO.Engine/Assets/Scripts/CardEffect/BT12/Purple/BT12_085.cs,BT12_085.cs
src/HeadlessDCGO.Engine/Assets/Scripts/CardEffect/BT12/Purple/BT12_096.cs,BT12_096.cs
src/HeadlessDCGO.Engine/Assets/Scripts/CardEffect/BT12/Purple/BT12_097.cs,BT12_097.cs
src/HeadlessDCGO.Engine/Assets/Scripts/CardEffect/BT12/Purple/BT12_109.cs,BT12_109.cs
src/HeadlessDCGO.Engine/Assets/Scripts/CardEffect/BT12/Purple/BT12_110.cs,BT12_110.cs
src/HeadlessDCGO.Engine/Assets/Scripts/CardEffect/BT12/Purple/BT12_111.cs,BT12_111.cs
src/HeadlessDCGO.Engine/Assets/Scripts/CardEffect/BT12/Red/BT12_001.cs,BT12_001.cs
src/HeadlessDCGO.Engine/Assets/Scripts/CardEffect/BT12/Red/BT12_007.cs,BT12_007.cs
src/HeadlessDCGO.Engine/Assets/Scripts/CardEffect/BT12/Red/BT12_008.cs,BT12_008.cs
src/HeadlessDCGO.Engine/Assets/Scripts/CardEffect/BT12/Red/BT12_009.cs,BT12_009.cs
src/HeadlessDCGO.Engine/Assets/Scripts/CardEffect/BT12/Red/BT12_010.cs,BT12_010.cs
src/HeadlessDCGO.Engine/Assets/Scripts/CardEffect/BT12/Red/BT12_011.cs,BT12_011.cs
src/HeadlessDCGO.Engine/Assets/Scripts/CardEffect/BT12/Red/BT12_012.cs,BT12_012.cs
src/HeadlessDCGO.Engine/Assets/Scripts/CardEffect/BT12/Red/BT12_013.cs,BT12_013.cs
src/HeadlessDCGO.Engine/Assets/Scripts/CardEffect/BT12/Red/BT12_014.cs,BT12_014.cs
src/HeadlessDCGO.Engine/Assets/Scripts/CardEffect/BT12/Red/BT12_015.cs,BT12_015.cs
src/HeadlessDCGO.Engine/Assets/Scripts/CardEffect/BT12/Red/BT12_016.cs,BT12_016.cs
src/HeadlessDCGO.Engine/Assets/Scripts/CardEffect/BT12/Red/BT12_017.cs,BT12_017.cs
src/HeadlessDCGO.Engine/Assets/Scripts/CardEffect/BT12/Red/BT12_018.cs,BT12_018.cs
src/HeadlessDCGO.Engine/Assets/Scripts/CardEffect/BT12/Red/BT12_087.cs,BT12_087.cs
src/HeadlessDCGO.Engine/Assets/Scripts/CardEffect/BT12/Red/BT12_088.cs,BT12_088.cs
src/HeadlessDCGO.Engine/Assets/Scripts/CardEffect/BT12/Red/BT12_089.cs,BT12_089.cs
src/HeadlessDCGO.Engine/Assets/Scripts/CardEffect/BT12/Red/BT12_099.cs,BT12_099.cs
src/HeadlessDCGO.Engine/Assets/Scripts/CardEffect/BT12/Red/BT12_100.cs,BT12_100.cs
src/HeadlessDCGO.Engine/Assets/Scripts/CardEffect/BT12/Red/BT12_108.cs,BT12_108.cs
src/HeadlessDCGO.Engine/Assets/Scripts/CardEffect/BT12/White/BT12_086.cs,BT12_086.cs
src/HeadlessDCGO.Engine/Assets/Scripts/CardEffect/BT12/White/BT12_098.cs,BT12_098.cs
src/HeadlessDCGO.Engine/Assets/Scripts/CardEffect/BT12/White/BT12_112.cs,BT12_112.cs
src/HeadlessDCGO.Engine/Assets/Scripts/CardEffect/BT12/Yellow/BT12_003.cs,BT12_003.cs
src/HeadlessDCGO.Engine/Assets/Scripts/CardEffect/BT12/Yellow/BT12_034.cs,BT12_034.cs
src/HeadlessDCGO.Engine/Assets/Scripts/CardEffect/BT12/Yellow/BT12_035.cs,BT12_035.cs
src/HeadlessDCGO.Engine/Assets/Scripts/CardEffect/BT12/Yellow/BT12_037.cs,BT12_037.cs
src/HeadlessDCGO.Engine/Assets/Scripts/CardEffect/BT12/Yellow/BT12_038.cs,BT12_038.cs
src/HeadlessDCGO.Engine/Assets/Scripts/CardEffect/BT12/Yellow/BT12_039.cs,BT12_039.cs
src/HeadlessDCGO.Engine/Assets/Scripts/CardEffect/BT12/Yellow/BT12_041.cs,BT12_041.cs
src/HeadlessDCGO.Engine/Assets/Scripts/CardEffect/BT12/Yellow/BT12_042.cs,BT12_042.cs
src/HeadlessDCGO.Engine/Assets/Scripts/CardEffect/BT12/Yellow/BT12_043.cs,BT12_043.cs
src/HeadlessDCGO.Engine/Assets/Scripts/CardEffect/BT12/Yellow/BT12_044.cs,BT12_044.cs
src/HeadlessDCGO.Engine/Assets/Scripts/CardEffect/BT12/Yellow/BT12_091.cs,BT12_091.cs
src/HeadlessDCGO.Engine/Assets/Scripts/CardEffect/BT12/Yellow/BT12_092.cs,BT12_092.cs
src/HeadlessDCGO.Engine/Assets/Scripts/CardEffect/BT12/Yellow/BT12_103.cs,BT12_103.cs
src/HeadlessDCGO.Engine/Assets/Scripts/CardEffect/BT12/Yellow/BT12_104.cs,BT12_104.cs
src/HeadlessDCGO.Engine/Assets/Scripts/CardEffect/BT13/Black/BT13_005.cs,BT13_005.cs
src/HeadlessDCGO.Engine/Assets/Scripts/CardEffect/BT13/Black/BT13_061.cs,BT13_061.cs
src/HeadlessDCGO.Engine/Assets/Scripts/CardEffect/BT13/Black/BT13_062.cs,BT13_062.cs
src/HeadlessDCGO.Engine/Assets/Scripts/CardEffect/BT13/Black/BT13_063.cs,BT13_063.cs
src/HeadlessDCGO.Engine/Assets/Scripts/CardEffect/BT13/Black/BT13_064.cs,BT13_064.cs
src/HeadlessDCGO.Engine/Assets/Scripts/CardEffect/BT13/Black/BT13_065.cs,BT13_065.cs
src/HeadlessDCGO.Engine/Assets/Scripts/CardEffect/BT13/Black/BT13_067.cs,BT13_067.cs
src/HeadlessDCGO.Engine/Assets/Scripts/CardEffect/BT13/Black/BT13_068.cs,BT13_068.cs
src/HeadlessDCGO.Engine/Assets/Scripts/CardEffect/BT13/Black/BT13_069.cs,BT13_069.cs
src/HeadlessDCGO.Engine/Assets/Scripts/CardEffect/BT13/Black/BT13_070.cs,BT13_070.cs
src/HeadlessDCGO.Engine/Assets/Scripts/CardEffect/BT13/Black/BT13_071.cs,BT13_071.cs
src/HeadlessDCGO.Engine/Assets/Scripts/CardEffect/BT13/Black/BT13_072.cs,BT13_072.cs
src/HeadlessDCGO.Engine/Assets/Scripts/CardEffect/BT13/Black/BT13_073.cs,BT13_073.cs
src/HeadlessDCGO.Engine/Assets/Scripts/CardEffect/BT13/Black/BT13_074.cs,BT13_074.cs
src/HeadlessDCGO.Engine/Assets/Scripts/CardEffect/BT13/Black/BT13_075.cs,BT13_075.cs
src/HeadlessDCGO.Engine/Assets/Scripts/CardEffect/BT13/Black/BT13_076.cs,BT13_076.cs
src/HeadlessDCGO.Engine/Assets/Scripts/CardEffect/BT13/Black/BT13_077.cs,BT13_077.cs
src/HeadlessDCGO.Engine/Assets/Scripts/CardEffect/BT13/Black/BT13_108.cs,BT13_108.cs
src/HeadlessDCGO.Engine/Assets/Scripts/CardEffect/BT13/Blue/BT13_002.cs,BT13_002.cs
src/HeadlessDCGO.Engine/Assets/Scripts/CardEffect/BT13/Blue/BT13_021.cs,BT13_021.cs
src/HeadlessDCGO.Engine/Assets/Scripts/CardEffect/BT13/Blue/BT13_023.cs,BT13_023.cs
src/HeadlessDCGO.Engine/Assets/Scripts/CardEffect/BT13/Blue/BT13_025.cs,BT13_025.cs
src/HeadlessDCGO.Engine/Assets/Scripts/CardEffect/BT13/Blue/BT13_026.cs,BT13_026.cs
src/HeadlessDCGO.Engine/Assets/Scripts/CardEffect/BT13/Blue/BT13_027.cs,BT13_027.cs
src/HeadlessDCGO.Engine/Assets/Scripts/CardEffect/BT13/Blue/BT13_028.cs,BT13_028.cs
src/HeadlessDCGO.Engine/Assets/Scripts/CardEffect/BT13/Blue/BT13_029.cs,BT13_029.cs
src/HeadlessDCGO.Engine/Assets/Scripts/CardEffect/BT13/Blue/BT13_030.cs,BT13_030.cs
src/HeadlessDCGO.Engine/Assets/Scripts/CardEffect/BT13/Blue/BT13_031.cs,BT13_031.cs
src/HeadlessDCGO.Engine/Assets/Scripts/CardEffect/BT13/Blue/BT13_032.cs,BT13_032.cs
src/HeadlessDCGO.Engine/Assets/Scripts/CardEffect/BT13/Blue/BT13_033.cs,BT13_033.cs
src/HeadlessDCGO.Engine/Assets/Scripts/CardEffect/BT13/Blue/BT13_096.cs,BT13_096.cs
src/HeadlessDCGO.Engine/Assets/Scripts/CardEffect/BT13/Blue/BT13_097.cs,BT13_097.cs
src/HeadlessDCGO.Engine/Assets/Scripts/CardEffect/BT13/Blue/BT13_105.cs,BT13_105.cs
src/HeadlessDCGO.Engine/Assets/Scripts/CardEffect/BT13/Green/BT13_004.cs,BT13_004.cs
src/HeadlessDCGO.Engine/Assets/Scripts/CardEffect/BT13/Green/BT13_047.cs,BT13_047.cs
src/HeadlessDCGO.Engine/Assets/Scripts/CardEffect/BT13/Green/BT13_048.cs,BT13_048.cs
src/HeadlessDCGO.Engine/Assets/Scripts/CardEffect/BT13/Green/BT13_049.cs,BT13_049.cs
src/HeadlessDCGO.Engine/Assets/Scripts/CardEffect/BT13/Green/BT13_050.cs,BT13_050.cs
src/HeadlessDCGO.Engine/Assets/Scripts/CardEffect/BT13/Green/BT13_051.cs,BT13_051.cs
src/HeadlessDCGO.Engine/Assets/Scripts/CardEffect/BT13/Green/BT13_052.cs,BT13_052.cs
src/HeadlessDCGO.Engine/Assets/Scripts/CardEffect/BT13/Green/BT13_053.cs,BT13_053.cs
src/HeadlessDCGO.Engine/Assets/Scripts/CardEffect/BT13/Green/BT13_054.cs,BT13_054.cs
src/HeadlessDCGO.Engine/Assets/Scripts/CardEffect/BT13/Green/BT13_055.cs,BT13_055.cs
src/HeadlessDCGO.Engine/Assets/Scripts/CardEffect/BT13/Green/BT13_056.cs,BT13_056.cs
src/HeadlessDCGO.Engine/Assets/Scripts/CardEffect/BT13/Green/BT13_057.cs,BT13_057.cs
src/HeadlessDCGO.Engine/Assets/Scripts/CardEffect/BT13/Green/BT13_058.cs,BT13_058.cs
src/HeadlessDCGO.Engine/Assets/Scripts/CardEffect/BT13/Green/BT13_059.cs,BT13_059.cs
src/HeadlessDCGO.Engine/Assets/Scripts/CardEffect/BT13/Green/BT13_060.cs,BT13_060.cs
src/HeadlessDCGO.Engine/Assets/Scripts/CardEffect/BT13/Green/BT13_100.cs,BT13_100.cs
src/HeadlessDCGO.Engine/Assets/Scripts/CardEffect/BT13/Green/BT13_107.cs,BT13_107.cs
src/HeadlessDCGO.Engine/Assets/Scripts/CardEffect/BT13/Purple/BT13_006.cs,BT13_006.cs
src/HeadlessDCGO.Engine/Assets/Scripts/CardEffect/BT13/Purple/BT13_078.cs,BT13_078.cs
src/HeadlessDCGO.Engine/Assets/Scripts/CardEffect/BT13/Purple/BT13_079.cs,BT13_079.cs
src/HeadlessDCGO.Engine/Assets/Scripts/CardEffect/BT13/Purple/BT13_080.cs,BT13_080.cs
src/HeadlessDCGO.Engine/Assets/Scripts/CardEffect/BT13/Purple/BT13_081.cs,BT13_081.cs
src/HeadlessDCGO.Engine/Assets/Scripts/CardEffect/BT13/Purple/BT13_082.cs,BT13_082.cs
src/HeadlessDCGO.Engine/Assets/Scripts/CardEffect/BT13/Purple/BT13_083.cs,BT13_083.cs
src/HeadlessDCGO.Engine/Assets/Scripts/CardEffect/BT13/Purple/BT13_084.cs,BT13_084.cs
src/HeadlessDCGO.Engine/Assets/Scripts/CardEffect/BT13/Purple/BT13_085.cs,BT13_085.cs
src/HeadlessDCGO.Engine/Assets/Scripts/CardEffect/BT13/Purple/BT13_086.cs,BT13_086.cs
src/HeadlessDCGO.Engine/Assets/Scripts/CardEffect/BT13/Purple/BT13_087.cs,BT13_087.cs
src/HeadlessDCGO.Engine/Assets/Scripts/CardEffect/BT13/Purple/BT13_088.cs,BT13_088.cs
src/HeadlessDCGO.Engine/Assets/Scripts/CardEffect/BT13/Purple/BT13_089.cs,BT13_089.cs
src/HeadlessDCGO.Engine/Assets/Scripts/CardEffect/BT13/Purple/BT13_090.cs,BT13_090.cs
src/HeadlessDCGO.Engine/Assets/Scripts/CardEffect/BT13/Purple/BT13_091.cs,BT13_091.cs
src/HeadlessDCGO.Engine/Assets/Scripts/CardEffect/BT13/Purple/BT13_092.cs,BT13_092.cs
src/HeadlessDCGO.Engine/Assets/Scripts/CardEffect/BT13/Purple/BT13_102.cs,BT13_102.cs
src/HeadlessDCGO.Engine/Assets/Scripts/CardEffect/BT13/Purple/BT13_103.cs,BT13_103.cs
src/HeadlessDCGO.Engine/Assets/Scripts/CardEffect/BT13/Purple/BT13_109.cs,BT13_109.cs
src/HeadlessDCGO.Engine/Assets/Scripts/CardEffect/BT13/Red/BT13_001.cs,BT13_001.cs
src/HeadlessDCGO.Engine/Assets/Scripts/CardEffect/BT13/Red/BT13_008.cs,BT13_008.cs
src/HeadlessDCGO.Engine/Assets/Scripts/CardEffect/BT13/Red/BT13_009.cs,BT13_009.cs
src/HeadlessDCGO.Engine/Assets/Scripts/CardEffect/BT13/Red/BT13_010.cs,BT13_010.cs
src/HeadlessDCGO.Engine/Assets/Scripts/CardEffect/BT13/Red/BT13_011.cs,BT13_011.cs
src/HeadlessDCGO.Engine/Assets/Scripts/CardEffect/BT13/Red/BT13_012.cs,BT13_012.cs
src/HeadlessDCGO.Engine/Assets/Scripts/CardEffect/BT13/Red/BT13_013.cs,BT13_013.cs
src/HeadlessDCGO.Engine/Assets/Scripts/CardEffect/BT13/Red/BT13_014.cs,BT13_014.cs
src/HeadlessDCGO.Engine/Assets/Scripts/CardEffect/BT13/Red/BT13_015.cs,BT13_015.cs
src/HeadlessDCGO.Engine/Assets/Scripts/CardEffect/BT13/Red/BT13_016.cs,BT13_016.cs
src/HeadlessDCGO.Engine/Assets/Scripts/CardEffect/BT13/Red/BT13_017.cs,BT13_017.cs
src/HeadlessDCGO.Engine/Assets/Scripts/CardEffect/BT13/Red/BT13_018.cs,BT13_018.cs
src/HeadlessDCGO.Engine/Assets/Scripts/CardEffect/BT13/Red/BT13_019.cs,BT13_019.cs
src/HeadlessDCGO.Engine/Assets/Scripts/CardEffect/BT13/Red/BT13_020.cs,BT13_020.cs
src/HeadlessDCGO.Engine/Assets/Scripts/CardEffect/BT13/Red/BT13_094.cs,BT13_094.cs
src/HeadlessDCGO.Engine/Assets/Scripts/CardEffect/BT13/Red/BT13_095.cs,BT13_095.cs
src/HeadlessDCGO.Engine/Assets/Scripts/CardEffect/BT13/Red/BT13_104.cs,BT13_104.cs
src/HeadlessDCGO.Engine/Assets/Scripts/CardEffect/BT13/Red/BT13_111.cs,BT13_111.cs
src/HeadlessDCGO.Engine/Assets/Scripts/CardEffect/BT13/White/BT13_007.cs,BT13_007.cs
src/HeadlessDCGO.Engine/Assets/Scripts/CardEffect/BT13/White/BT13_093.cs,BT13_093.cs
src/HeadlessDCGO.Engine/Assets/Scripts/CardEffect/BT13/White/BT13_110.cs,BT13_110.cs
src/HeadlessDCGO.Engine/Assets/Scripts/CardEffect/BT13/White/BT13_112.cs,BT13_112.cs
src/HeadlessDCGO.Engine/Assets/Scripts/CardEffect/BT13/Yellow/BT13_003.cs,BT13_003.cs
src/HeadlessDCGO.Engine/Assets/Scripts/CardEffect/BT13/Yellow/BT13_034.cs,BT13_034.cs
src/HeadlessDCGO.Engine/Assets/Scripts/CardEffect/BT13/Yellow/BT13_035.cs,BT13_035.cs
src/HeadlessDCGO.Engine/Assets/Scripts/CardEffect/BT13/Yellow/BT13_036.cs,BT13_036.cs
src/HeadlessDCGO.Engine/Assets/Scripts/CardEffect/BT13/Yellow/BT13_037.cs,BT13_037.cs
src/HeadlessDCGO.Engine/Assets/Scripts/CardEffect/BT13/Yellow/BT13_038.cs,BT13_038.cs
src/HeadlessDCGO.Engine/Assets/Scripts/CardEffect/BT13/Yellow/BT13_039.cs,BT13_039.cs
src/HeadlessDCGO.Engine/Assets/Scripts/CardEffect/BT13/Yellow/BT13_040.cs,BT13_040.cs
src/HeadlessDCGO.Engine/Assets/Scripts/CardEffect/BT13/Yellow/BT13_041.cs,BT13_041.cs
src/HeadlessDCGO.Engine/Assets/Scripts/CardEffect/BT13/Yellow/BT13_042.cs,BT13_042.cs
src/HeadlessDCGO.Engine/Assets/Scripts/CardEffect/BT13/Yellow/BT13_043.cs,BT13_043.cs
src/HeadlessDCGO.Engine/Assets/Scripts/CardEffect/BT13/Yellow/BT13_044.cs,BT13_044.cs
src/HeadlessDCGO.Engine/Assets/Scripts/CardEffect/BT13/Yellow/BT13_045.cs,BT13_045.cs
src/HeadlessDCGO.Engine/Assets/Scripts/CardEffect/BT13/Yellow/BT13_046.cs,BT13_046.cs
src/HeadlessDCGO.Engine/Assets/Scripts/CardEffect/BT13/Yellow/BT13_098.cs,BT13_098.cs
src/HeadlessDCGO.Engine/Assets/Scripts/CardEffect/BT13/Yellow/BT13_099.cs,BT13_099.cs
src/HeadlessDCGO.Engine/Assets/Scripts/CardEffect/BT13/Yellow/BT13_101.cs,BT13_101.cs
src/HeadlessDCGO.Engine/Assets/Scripts/CardEffect/BT13/Yellow/BT13_106.cs,BT13_106.cs
src/HeadlessDCGO.Engine/Assets/Scripts/CardEffect/BT14/Black/BT14_005.cs,BT14_005.cs
src/HeadlessDCGO.Engine/Assets/Scripts/CardEffect/BT14/Black/BT14_056.cs,BT14_056.cs
src/HeadlessDCGO.Engine/Assets/Scripts/CardEffect/BT14/Black/BT14_057.cs,BT14_057.cs
src/HeadlessDCGO.Engine/Assets/Scripts/CardEffect/BT14/Black/BT14_058.cs,BT14_058.cs
src/HeadlessDCGO.Engine/Assets/Scripts/CardEffect/BT14/Black/BT14_059.cs,BT14_059.cs
src/HeadlessDCGO.Engine/Assets/Scripts/CardEffect/BT14/Black/BT14_060.cs,BT14_060.cs
src/HeadlessDCGO.Engine/Assets/Scripts/CardEffect/BT14/Black/BT14_061.cs,BT14_061.cs
src/HeadlessDCGO.Engine/Assets/Scripts/CardEffect/BT14/Black/BT14_062.cs,BT14_062.cs
src/HeadlessDCGO.Engine/Assets/Scripts/CardEffect/BT14/Black/BT14_063.cs,BT14_063.cs
src/HeadlessDCGO.Engine/Assets/Scripts/CardEffect/BT14/Black/BT14_064.cs,BT14_064.cs
src/HeadlessDCGO.Engine/Assets/Scripts/CardEffect/BT14/Black/BT14_065.cs,BT14_065.cs
src/HeadlessDCGO.Engine/Assets/Scripts/CardEffect/BT14/Black/BT14_066.cs,BT14_066.cs
src/HeadlessDCGO.Engine/Assets/Scripts/CardEffect/BT14/Black/BT14_067.cs,BT14_067.cs
src/HeadlessDCGO.Engine/Assets/Scripts/CardEffect/BT14/Black/BT14_068.cs,BT14_068.cs
src/HeadlessDCGO.Engine/Assets/Scripts/CardEffect/BT14/Black/BT14_086.cs,BT14_086.cs
src/HeadlessDCGO.Engine/Assets/Scripts/CardEffect/BT14/Black/BT14_097.cs,BT14_097.cs
src/HeadlessDCGO.Engine/Assets/Scripts/CardEffect/BT14/Black/BT14_098.cs,BT14_098.cs
src/HeadlessDCGO.Engine/Assets/Scripts/CardEffect/BT14/Blue/BT14_002.cs,BT14_002.cs
src/HeadlessDCGO.Engine/Assets/Scripts/CardEffect/BT14/Blue/BT14_019.cs,BT14_019.cs
src/HeadlessDCGO.Engine/Assets/Scripts/CardEffect/BT14/Blue/BT14_020.cs,BT14_020.cs
src/HeadlessDCGO.Engine/Assets/Scripts/CardEffect/BT14/Blue/BT14_021.cs,BT14_021.cs
src/HeadlessDCGO.Engine/Assets/Scripts/CardEffect/BT14/Blue/BT14_022.cs,BT14_022.cs
src/HeadlessDCGO.Engine/Assets/Scripts/CardEffect/BT14/Blue/BT14_023.cs,BT14_023.cs
src/HeadlessDCGO.Engine/Assets/Scripts/CardEffect/BT14/Blue/BT14_026.cs,BT14_026.cs
src/HeadlessDCGO.Engine/Assets/Scripts/CardEffect/BT14/Blue/BT14_027.cs,BT14_027.cs
src/HeadlessDCGO.Engine/Assets/Scripts/CardEffect/BT14/Blue/BT14_028.cs,BT14_028.cs
src/HeadlessDCGO.Engine/Assets/Scripts/CardEffect/BT14/Blue/BT14_029.cs,BT14_029.cs
src/HeadlessDCGO.Engine/Assets/Scripts/CardEffect/BT14/Blue/BT14_030.cs,BT14_030.cs
src/HeadlessDCGO.Engine/Assets/Scripts/CardEffect/BT14/Blue/BT14_083.cs,BT14_083.cs
src/HeadlessDCGO.Engine/Assets/Scripts/CardEffect/BT14/Blue/BT14_091.cs,BT14_091.cs
src/HeadlessDCGO.Engine/Assets/Scripts/CardEffect/BT14/Blue/BT14_092.cs,BT14_092.cs
src/HeadlessDCGO.Engine/Assets/Scripts/CardEffect/BT14/Green/BT14_004.cs,BT14_004.cs
src/HeadlessDCGO.Engine/Assets/Scripts/CardEffect/BT14/Green/BT14_042.cs,BT14_042.cs
src/HeadlessDCGO.Engine/Assets/Scripts/CardEffect/BT14/Green/BT14_043.cs,BT14_043.cs
src/HeadlessDCGO.Engine/Assets/Scripts/CardEffect/BT14/Green/BT14_044.cs,BT14_044.cs
src/HeadlessDCGO.Engine/Assets/Scripts/CardEffect/BT14/Green/BT14_046.cs,BT14_046.cs
src/HeadlessDCGO.Engine/Assets/Scripts/CardEffect/BT14/Green/BT14_047.cs,BT14_047.cs
src/HeadlessDCGO.Engine/Assets/Scripts/CardEffect/BT14/Green/BT14_048.cs,BT14_048.cs
src/HeadlessDCGO.Engine/Assets/Scripts/CardEffect/BT14/Green/BT14_049.cs,BT14_049.cs
src/HeadlessDCGO.Engine/Assets/Scripts/CardEffect/BT14/Green/BT14_050.cs,BT14_050.cs
src/HeadlessDCGO.Engine/Assets/Scripts/CardEffect/BT14/Green/BT14_051.cs,BT14_051.cs
src/HeadlessDCGO.Engine/Assets/Scripts/CardEffect/BT14/Green/BT14_052.cs,BT14_052.cs
src/HeadlessDCGO.Engine/Assets/Scripts/CardEffect/BT14/Green/BT14_053.cs,BT14_053.cs
src/HeadlessDCGO.Engine/Assets/Scripts/CardEffect/BT14/Green/BT14_054.cs,BT14_054.cs
src/HeadlessDCGO.Engine/Assets/Scripts/CardEffect/BT14/Green/BT14_085.cs,BT14_085.cs
src/HeadlessDCGO.Engine/Assets/Scripts/CardEffect/BT14/Green/BT14_095.cs,BT14_095.cs
src/HeadlessDCGO.Engine/Assets/Scripts/CardEffect/BT14/Green/BT14_096.cs,BT14_096.cs
src/HeadlessDCGO.Engine/Assets/Scripts/CardEffect/BT14/Purple/BT14_006.cs,BT14_006.cs
src/HeadlessDCGO.Engine/Assets/Scripts/CardEffect/BT14/Purple/BT14_070.cs,BT14_070.cs
src/HeadlessDCGO.Engine/Assets/Scripts/CardEffect/BT14/Purple/BT14_071.cs,BT14_071.cs
src/HeadlessDCGO.Engine/Assets/Scripts/CardEffect/BT14/Purple/BT14_072.cs,BT14_072.cs
src/HeadlessDCGO.Engine/Assets/Scripts/CardEffect/BT14/Purple/BT14_073.cs,BT14_073.cs
src/HeadlessDCGO.Engine/Assets/Scripts/CardEffect/BT14/Purple/BT14_074.cs,BT14_074.cs
src/HeadlessDCGO.Engine/Assets/Scripts/CardEffect/BT14/Purple/BT14_075.cs,BT14_075.cs
src/HeadlessDCGO.Engine/Assets/Scripts/CardEffect/BT14/Purple/BT14_076.cs,BT14_076.cs
src/HeadlessDCGO.Engine/Assets/Scripts/CardEffect/BT14/Purple/BT14_077.cs,BT14_077.cs
src/HeadlessDCGO.Engine/Assets/Scripts/CardEffect/BT14/Purple/BT14_078.cs,BT14_078.cs
src/HeadlessDCGO.Engine/Assets/Scripts/CardEffect/BT14/Purple/BT14_079.cs,BT14_079.cs
src/HeadlessDCGO.Engine/Assets/Scripts/CardEffect/BT14/Purple/BT14_080.cs,BT14_080.cs
src/HeadlessDCGO.Engine/Assets/Scripts/CardEffect/BT14/Purple/BT14_081.cs,BT14_081.cs
src/HeadlessDCGO.Engine/Assets/Scripts/CardEffect/BT14/Purple/BT14_087.cs,BT14_087.cs
src/HeadlessDCGO.Engine/Assets/Scripts/CardEffect/BT14/Purple/BT14_099.cs,BT14_099.cs
src/HeadlessDCGO.Engine/Assets/Scripts/CardEffect/BT14/Purple/BT14_100.cs,BT14_100.cs
src/HeadlessDCGO.Engine/Assets/Scripts/CardEffect/BT14/Red/BT14_001.cs,BT14_001.cs
src/HeadlessDCGO.Engine/Assets/Scripts/CardEffect/BT14/Red/BT14_007.cs,BT14_007.cs
src/HeadlessDCGO.Engine/Assets/Scripts/CardEffect/BT14/Red/BT14_008.cs,BT14_008.cs
src/HeadlessDCGO.Engine/Assets/Scripts/CardEffect/BT14/Red/BT14_012.cs,BT14_012.cs
src/HeadlessDCGO.Engine/Assets/Scripts/CardEffect/BT14/Red/BT14_013.cs,BT14_013.cs
src/HeadlessDCGO.Engine/Assets/Scripts/CardEffect/BT14/Red/BT14_014.cs,BT14_014.cs
src/HeadlessDCGO.Engine/Assets/Scripts/CardEffect/BT14/Red/BT14_015.cs,BT14_015.cs
src/HeadlessDCGO.Engine/Assets/Scripts/CardEffect/BT14/Red/BT14_016.cs,BT14_016.cs
src/HeadlessDCGO.Engine/Assets/Scripts/CardEffect/BT14/Red/BT14_017.cs,BT14_017.cs
src/HeadlessDCGO.Engine/Assets/Scripts/CardEffect/BT14/Red/BT14_018.cs,BT14_018.cs
src/HeadlessDCGO.Engine/Assets/Scripts/CardEffect/BT14/Red/BT14_082.cs,BT14_082.cs
src/HeadlessDCGO.Engine/Assets/Scripts/CardEffect/BT14/Red/BT14_089.cs,BT14_089.cs
src/HeadlessDCGO.Engine/Assets/Scripts/CardEffect/BT14/Red/BT14_090.cs,BT14_090.cs
src/HeadlessDCGO.Engine/Assets/Scripts/CardEffect/BT14/Red/BT14_101.cs,BT14_101.cs
src/HeadlessDCGO.Engine/Assets/Scripts/CardEffect/BT14/White/BT14_088.cs,BT14_088.cs
src/HeadlessDCGO.Engine/Assets/Scripts/CardEffect/BT14/Yellow/BT14_003.cs,BT14_003.cs
src/HeadlessDCGO.Engine/Assets/Scripts/CardEffect/BT14/Yellow/BT14_031.cs,BT14_031.cs
src/HeadlessDCGO.Engine/Assets/Scripts/CardEffect/BT14/Yellow/BT14_032.cs,BT14_032.cs
src/HeadlessDCGO.Engine/Assets/Scripts/CardEffect/BT14/Yellow/BT14_033.cs,BT14_033.cs
src/HeadlessDCGO.Engine/Assets/Scripts/CardEffect/BT14/Yellow/BT14_034.cs,BT14_034.cs
src/HeadlessDCGO.Engine/Assets/Scripts/CardEffect/BT14/Yellow/BT14_035.cs,BT14_035.cs
src/HeadlessDCGO.Engine/Assets/Scripts/CardEffect/BT14/Yellow/BT14_036.cs,BT14_036.cs
src/HeadlessDCGO.Engine/Assets/Scripts/CardEffect/BT14/Yellow/BT14_037.cs,BT14_037.cs
src/HeadlessDCGO.Engine/Assets/Scripts/CardEffect/BT14/Yellow/BT14_038.cs,BT14_038.cs
src/HeadlessDCGO.Engine/Assets/Scripts/CardEffect/BT14/Yellow/BT14_039.cs,BT14_039.cs
src/HeadlessDCGO.Engine/Assets/Scripts/CardEffect/BT14/Yellow/BT14_040.cs,BT14_040.cs
src/HeadlessDCGO.Engine/Assets/Scripts/CardEffect/BT14/Yellow/BT14_041.cs,BT14_041.cs
src/HeadlessDCGO.Engine/Assets/Scripts/CardEffect/BT14/Yellow/BT14_084.cs,BT14_084.cs
src/HeadlessDCGO.Engine/Assets/Scripts/CardEffect/BT14/Yellow/BT14_093.cs,BT14_093.cs
src/HeadlessDCGO.Engine/Assets/Scripts/CardEffect/BT14/Yellow/BT14_094.cs,BT14_094.cs
src/HeadlessDCGO.Engine/Assets/Scripts/CardEffect/BT14/Yellow/BT14_102.cs,BT14_102.cs
src/HeadlessDCGO.Engine/Assets/Scripts/CardEffect/BT15/Black/BT15_005.cs,BT15_005.cs
src/HeadlessDCGO.Engine/Assets/Scripts/CardEffect/BT15/Black/BT15_055.cs,BT15_055.cs
src/HeadlessDCGO.Engine/Assets/Scripts/CardEffect/BT15/Black/BT15_056.cs,BT15_056.cs
src/HeadlessDCGO.Engine/Assets/Scripts/CardEffect/BT15/Black/BT15_057.cs,BT15_057.cs
src/HeadlessDCGO.Engine/Assets/Scripts/CardEffect/BT15/Black/BT15_058.cs,BT15_058.cs
src/HeadlessDCGO.Engine/Assets/Scripts/CardEffect/BT15/Black/BT15_059.cs,BT15_059.cs
src/HeadlessDCGO.Engine/Assets/Scripts/CardEffect/BT15/Black/BT15_060.cs,BT15_060.cs
src/HeadlessDCGO.Engine/Assets/Scripts/CardEffect/BT15/Black/BT15_061.cs,BT15_061.cs
src/HeadlessDCGO.Engine/Assets/Scripts/CardEffect/BT15/Black/BT15_062.cs,BT15_062.cs
src/HeadlessDCGO.Engine/Assets/Scripts/CardEffect/BT15/Black/BT15_063.cs,BT15_063.cs
src/HeadlessDCGO.Engine/Assets/Scripts/CardEffect/BT15/Black/BT15_064.cs,BT15_064.cs
src/HeadlessDCGO.Engine/Assets/Scripts/CardEffect/BT15/Black/BT15_065.cs,BT15_065.cs
src/HeadlessDCGO.Engine/Assets/Scripts/CardEffect/BT15/Black/BT15_066.cs,BT15_066.cs
src/HeadlessDCGO.Engine/Assets/Scripts/CardEffect/BT15/Black/BT15_067.cs,BT15_067.cs
src/HeadlessDCGO.Engine/Assets/Scripts/CardEffect/BT15/Black/BT15_086.cs,BT15_086.cs
src/HeadlessDCGO.Engine/Assets/Scripts/CardEffect/BT15/Black/BT15_087.cs,BT15_087.cs
src/HeadlessDCGO.Engine/Assets/Scripts/CardEffect/BT15/Black/BT15_096.cs,BT15_096.cs
src/HeadlessDCGO.Engine/Assets/Scripts/CardEffect/BT15/Black/BT15_097.cs,BT15_097.cs
src/HeadlessDCGO.Engine/Assets/Scripts/CardEffect/BT15/Blue/BT15_002.cs,BT15_002.cs
src/HeadlessDCGO.Engine/Assets/Scripts/CardEffect/BT15/Blue/BT15_019.cs,BT15_019.cs
src/HeadlessDCGO.Engine/Assets/Scripts/CardEffect/BT15/Blue/BT15_020.cs,BT15_020.cs
src/HeadlessDCGO.Engine/Assets/Scripts/CardEffect/BT15/Blue/BT15_021.cs,BT15_021.cs
src/HeadlessDCGO.Engine/Assets/Scripts/CardEffect/BT15/Blue/BT15_022.cs,BT15_022.cs
src/HeadlessDCGO.Engine/Assets/Scripts/CardEffect/BT15/Blue/BT15_023.cs,BT15_023.cs
src/HeadlessDCGO.Engine/Assets/Scripts/CardEffect/BT15/Blue/BT15_024.cs,BT15_024.cs
src/HeadlessDCGO.Engine/Assets/Scripts/CardEffect/BT15/Blue/BT15_025.cs,BT15_025.cs
src/HeadlessDCGO.Engine/Assets/Scripts/CardEffect/BT15/Blue/BT15_026.cs,BT15_026.cs
src/HeadlessDCGO.Engine/Assets/Scripts/CardEffect/BT15/Blue/BT15_027.cs,BT15_027.cs
src/HeadlessDCGO.Engine/Assets/Scripts/CardEffect/BT15/Blue/BT15_028.cs,BT15_028.cs
src/HeadlessDCGO.Engine/Assets/Scripts/CardEffect/BT15/Blue/BT15_029.cs,BT15_029.cs
src/HeadlessDCGO.Engine/Assets/Scripts/CardEffect/BT15/Blue/BT15_030.cs,BT15_030.cs
src/HeadlessDCGO.Engine/Assets/Scripts/CardEffect/BT15/Blue/BT15_031.cs,BT15_031.cs
src/HeadlessDCGO.Engine/Assets/Scripts/CardEffect/BT15/Blue/BT15_032.cs,BT15_032.cs
src/HeadlessDCGO.Engine/Assets/Scripts/CardEffect/BT15/Blue/BT15_083.cs,BT15_083.cs
src/HeadlessDCGO.Engine/Assets/Scripts/CardEffect/BT15/Blue/BT15_090.cs,BT15_090.cs
src/HeadlessDCGO.Engine/Assets/Scripts/CardEffect/BT15/Blue/BT15_091.cs,BT15_091.cs
src/HeadlessDCGO.Engine/Assets/Scripts/CardEffect/BT15/Blue/BT15_101.cs,BT15_101.cs
src/HeadlessDCGO.Engine/Assets/Scripts/CardEffect/BT15/Green/BT15_004.cs,BT15_004.cs
src/HeadlessDCGO.Engine/Assets/Scripts/CardEffect/BT15/Green/BT15_043.cs,BT15_043.cs
src/HeadlessDCGO.Engine/Assets/Scripts/CardEffect/BT15/Green/BT15_044.cs,BT15_044.cs
src/HeadlessDCGO.Engine/Assets/Scripts/CardEffect/BT15/Green/BT15_045.cs,BT15_045.cs
src/HeadlessDCGO.Engine/Assets/Scripts/CardEffect/BT15/Green/BT15_046.cs,BT15_046.cs
src/HeadlessDCGO.Engine/Assets/Scripts/CardEffect/BT15/Green/BT15_047.cs,BT15_047.cs
src/HeadlessDCGO.Engine/Assets/Scripts/CardEffect/BT15/Green/BT15_048.cs,BT15_048.cs
src/HeadlessDCGO.Engine/Assets/Scripts/CardEffect/BT15/Green/BT15_049.cs,BT15_049.cs
src/HeadlessDCGO.Engine/Assets/Scripts/CardEffect/BT15/Green/BT15_050.cs,BT15_050.cs
src/HeadlessDCGO.Engine/Assets/Scripts/CardEffect/BT15/Green/BT15_051.cs,BT15_051.cs
src/HeadlessDCGO.Engine/Assets/Scripts/CardEffect/BT15/Green/BT15_052.cs,BT15_052.cs
src/HeadlessDCGO.Engine/Assets/Scripts/CardEffect/BT15/Green/BT15_053.cs,BT15_053.cs
src/HeadlessDCGO.Engine/Assets/Scripts/CardEffect/BT15/Green/BT15_054.cs,BT15_054.cs
src/HeadlessDCGO.Engine/Assets/Scripts/CardEffect/BT15/Green/BT15_085.cs,BT15_085.cs
src/HeadlessDCGO.Engine/Assets/Scripts/CardEffect/BT15/Green/BT15_094.cs,BT15_094.cs
src/HeadlessDCGO.Engine/Assets/Scripts/CardEffect/BT15/Green/BT15_095.cs,BT15_095.cs
src/HeadlessDCGO.Engine/Assets/Scripts/CardEffect/BT15/Purple/BT15_006.cs,BT15_006.cs
src/HeadlessDCGO.Engine/Assets/Scripts/CardEffect/BT15/Purple/BT15_068.cs,BT15_068.cs
src/HeadlessDCGO.Engine/Assets/Scripts/CardEffect/BT15/Purple/BT15_069.cs,BT15_069.cs
src/HeadlessDCGO.Engine/Assets/Scripts/CardEffect/BT15/Purple/BT15_070.cs,BT15_070.cs
src/HeadlessDCGO.Engine/Assets/Scripts/CardEffect/BT15/Purple/BT15_071.cs,BT15_071.cs
src/HeadlessDCGO.Engine/Assets/Scripts/CardEffect/BT15/Purple/BT15_072.cs,BT15_072.cs
src/HeadlessDCGO.Engine/Assets/Scripts/CardEffect/BT15/Purple/BT15_073.cs,BT15_073.cs
src/HeadlessDCGO.Engine/Assets/Scripts/CardEffect/BT15/Purple/BT15_074.cs,BT15_074.cs
src/HeadlessDCGO.Engine/Assets/Scripts/CardEffect/BT15/Purple/BT15_075.cs,BT15_075.cs
src/HeadlessDCGO.Engine/Assets/Scripts/CardEffect/BT15/Purple/BT15_076.cs,BT15_076.cs
src/HeadlessDCGO.Engine/Assets/Scripts/CardEffect/BT15/Purple/BT15_077.cs,BT15_077.cs
src/HeadlessDCGO.Engine/Assets/Scripts/CardEffect/BT15/Purple/BT15_078.cs,BT15_078.cs
src/HeadlessDCGO.Engine/Assets/Scripts/CardEffect/BT15/Purple/BT15_079.cs,BT15_079.cs
src/HeadlessDCGO.Engine/Assets/Scripts/CardEffect/BT15/Purple/BT15_080.cs,BT15_080.cs
src/HeadlessDCGO.Engine/Assets/Scripts/CardEffect/BT15/Purple/BT15_081.cs,BT15_081.cs
src/HeadlessDCGO.Engine/Assets/Scripts/CardEffect/BT15/Purple/BT15_098.cs,BT15_098.cs
src/HeadlessDCGO.Engine/Assets/Scripts/CardEffect/BT15/Purple/BT15_099.cs,BT15_099.cs
src/HeadlessDCGO.Engine/Assets/Scripts/CardEffect/BT15/Purple/BT15_100.cs,BT15_100.cs
src/HeadlessDCGO.Engine/Assets/Scripts/CardEffect/BT15/Red/BT15_001.cs,BT15_001.cs
src/HeadlessDCGO.Engine/Assets/Scripts/CardEffect/BT15/Red/BT15_007.cs,BT15_007.cs
src/HeadlessDCGO.Engine/Assets/Scripts/CardEffect/BT15/Red/BT15_008.cs,BT15_008.cs
src/HeadlessDCGO.Engine/Assets/Scripts/CardEffect/BT15/Red/BT15_009.cs,BT15_009.cs
src/HeadlessDCGO.Engine/Assets/Scripts/CardEffect/BT15/Red/BT15_010.cs,BT15_010.cs
src/HeadlessDCGO.Engine/Assets/Scripts/CardEffect/BT15/Red/BT15_011.cs,BT15_011.cs
src/HeadlessDCGO.Engine/Assets/Scripts/CardEffect/BT15/Red/BT15_012.cs,BT15_012.cs
src/HeadlessDCGO.Engine/Assets/Scripts/CardEffect/BT15/Red/BT15_013.cs,BT15_013.cs
src/HeadlessDCGO.Engine/Assets/Scripts/CardEffect/BT15/Red/BT15_014.cs,BT15_014.cs
src/HeadlessDCGO.Engine/Assets/Scripts/CardEffect/BT15/Red/BT15_015.cs,BT15_015.cs
src/HeadlessDCGO.Engine/Assets/Scripts/CardEffect/BT15/Red/BT15_016.cs,BT15_016.cs
src/HeadlessDCGO.Engine/Assets/Scripts/CardEffect/BT15/Red/BT15_017.cs,BT15_017.cs
src/HeadlessDCGO.Engine/Assets/Scripts/CardEffect/BT15/Red/BT15_018.cs,BT15_018.cs
src/HeadlessDCGO.Engine/Assets/Scripts/CardEffect/BT15/Red/BT15_082.cs,BT15_082.cs
src/HeadlessDCGO.Engine/Assets/Scripts/CardEffect/BT15/Red/BT15_088.cs,BT15_088.cs
src/HeadlessDCGO.Engine/Assets/Scripts/CardEffect/BT15/Red/BT15_089.cs,BT15_089.cs
src/HeadlessDCGO.Engine/Assets/Scripts/CardEffect/BT15/White/BT15_102.cs,BT15_102.cs
src/HeadlessDCGO.Engine/Assets/Scripts/CardEffect/BT15/Yellow/BT15_003.cs,BT15_003.cs
src/HeadlessDCGO.Engine/Assets/Scripts/CardEffect/BT15/Yellow/BT15_033.cs,BT15_033.cs
src/HeadlessDCGO.Engine/Assets/Scripts/CardEffect/BT15/Yellow/BT15_034.cs,BT15_034.cs
src/HeadlessDCGO.Engine/Assets/Scripts/CardEffect/BT15/Yellow/BT15_035.cs,BT15_035.cs
src/HeadlessDCGO.Engine/Assets/Scripts/CardEffect/BT15/Yellow/BT15_036.cs,BT15_036.cs
src/HeadlessDCGO.Engine/Assets/Scripts/CardEffect/BT15/Yellow/BT15_037.cs,BT15_037.cs
src/HeadlessDCGO.Engine/Assets/Scripts/CardEffect/BT15/Yellow/BT15_038.cs,BT15_038.cs
src/HeadlessDCGO.Engine/Assets/Scripts/CardEffect/BT15/Yellow/BT15_039.cs,BT15_039.cs
src/HeadlessDCGO.Engine/Assets/Scripts/CardEffect/BT15/Yellow/BT15_040.cs,BT15_040.cs
src/HeadlessDCGO.Engine/Assets/Scripts/CardEffect/BT15/Yellow/BT15_041.cs,BT15_041.cs
src/HeadlessDCGO.Engine/Assets/Scripts/CardEffect/BT15/Yellow/BT15_042.cs,BT15_042.cs
src/HeadlessDCGO.Engine/Assets/Scripts/CardEffect/BT15/Yellow/BT15_084.cs,BT15_084.cs
src/HeadlessDCGO.Engine/Assets/Scripts/CardEffect/BT15/Yellow/BT15_092.cs,BT15_092.cs
src/HeadlessDCGO.Engine/Assets/Scripts/CardEffect/BT15/Yellow/BT15_093.cs,BT15_093.cs
src/HeadlessDCGO.Engine/Assets/Scripts/CardEffect/BT16/Black/BT16_005.cs,BT16_005.cs
src/HeadlessDCGO.Engine/Assets/Scripts/CardEffect/BT16/Black/BT16_049.cs,BT16_049.cs
src/HeadlessDCGO.Engine/Assets/Scripts/CardEffect/BT16/Black/BT16_050.cs,BT16_050.cs
src/HeadlessDCGO.Engine/Assets/Scripts/CardEffect/BT16/Black/BT16_051.cs,BT16_051.cs
src/HeadlessDCGO.Engine/Assets/Scripts/CardEffect/BT16/Black/BT16_052.cs,BT16_052.cs
src/HeadlessDCGO.Engine/Assets/Scripts/CardEffect/BT16/Black/BT16_052_token.cs,BT16_052_token.cs
src/HeadlessDCGO.Engine/Assets/Scripts/CardEffect/BT16/Black/BT16_053.cs,BT16_053.cs
src/HeadlessDCGO.Engine/Assets/Scripts/CardEffect/BT16/Black/BT16_054.cs,BT16_054.cs
src/HeadlessDCGO.Engine/Assets/Scripts/CardEffect/BT16/Black/BT16_055.cs,BT16_055.cs
src/HeadlessDCGO.Engine/Assets/Scripts/CardEffect/BT16/Black/BT16_056.cs,BT16_056.cs
src/HeadlessDCGO.Engine/Assets/Scripts/CardEffect/BT16/Black/BT16_057.cs,BT16_057.cs
src/HeadlessDCGO.Engine/Assets/Scripts/CardEffect/BT16/Black/BT16_058.cs,BT16_058.cs
src/HeadlessDCGO.Engine/Assets/Scripts/CardEffect/BT16/Black/BT16_059.cs,BT16_059.cs
src/HeadlessDCGO.Engine/Assets/Scripts/CardEffect/BT16/Black/BT16_060.cs,BT16_060.cs
src/HeadlessDCGO.Engine/Assets/Scripts/CardEffect/BT16/Black/BT16_061.cs,BT16_061.cs
src/HeadlessDCGO.Engine/Assets/Scripts/CardEffect/BT16/Black/BT16_062.cs,BT16_062.cs
src/HeadlessDCGO.Engine/Assets/Scripts/CardEffect/BT16/Black/BT16_063.cs,BT16_063.cs
src/HeadlessDCGO.Engine/Assets/Scripts/CardEffect/BT16/Black/BT16_064.cs,BT16_064.cs
src/HeadlessDCGO.Engine/Assets/Scripts/CardEffect/BT16/Black/BT16_065.cs,BT16_065.cs
src/HeadlessDCGO.Engine/Assets/Scripts/CardEffect/BT16/Black/BT16_087.cs,BT16_087.cs
src/HeadlessDCGO.Engine/Assets/Scripts/CardEffect/BT16/Black/BT16_088.cs,BT16_088.cs
src/HeadlessDCGO.Engine/Assets/Scripts/CardEffect/BT16/Black/BT16_096.cs,BT16_096.cs
src/HeadlessDCGO.Engine/Assets/Scripts/CardEffect/BT16/Black/BT16_097.cs,BT16_097.cs
src/HeadlessDCGO.Engine/Assets/Scripts/CardEffect/BT16/Black/BT16_098.cs,BT16_098.cs
src/HeadlessDCGO.Engine/Assets/Scripts/CardEffect/BT16/Blue/BT16_002.cs,BT16_002.cs
src/HeadlessDCGO.Engine/Assets/Scripts/CardEffect/BT16/Blue/BT16_016.cs,BT16_016.cs
src/HeadlessDCGO.Engine/Assets/Scripts/CardEffect/BT16/Blue/BT16_017.cs,BT16_017.cs
src/HeadlessDCGO.Engine/Assets/Scripts/CardEffect/BT16/Blue/BT16_018.cs,BT16_018.cs
src/HeadlessDCGO.Engine/Assets/Scripts/CardEffect/BT16/Blue/BT16_019.cs,BT16_019.cs
src/HeadlessDCGO.Engine/Assets/Scripts/CardEffect/BT16/Blue/BT16_020.cs,BT16_020.cs
src/HeadlessDCGO.Engine/Assets/Scripts/CardEffect/BT16/Blue/BT16_021.cs,BT16_021.cs
src/HeadlessDCGO.Engine/Assets/Scripts/CardEffect/BT16/Blue/BT16_022.cs,BT16_022.cs
src/HeadlessDCGO.Engine/Assets/Scripts/CardEffect/BT16/Blue/BT16_023.cs,BT16_023.cs
src/HeadlessDCGO.Engine/Assets/Scripts/CardEffect/BT16/Blue/BT16_024.cs,BT16_024.cs
src/HeadlessDCGO.Engine/Assets/Scripts/CardEffect/BT16/Blue/BT16_025.cs,BT16_025.cs
src/HeadlessDCGO.Engine/Assets/Scripts/CardEffect/BT16/Blue/BT16_026.cs,BT16_026.cs
src/HeadlessDCGO.Engine/Assets/Scripts/CardEffect/BT16/Blue/BT16_027.cs,BT16_027.cs
src/HeadlessDCGO.Engine/Assets/Scripts/CardEffect/BT16/Blue/BT16_028.cs,BT16_028.cs
src/HeadlessDCGO.Engine/Assets/Scripts/CardEffect/BT16/Blue/BT16_085.cs,BT16_085.cs
src/HeadlessDCGO.Engine/Assets/Scripts/CardEffect/BT16/Blue/BT16_092.cs,BT16_092.cs
src/HeadlessDCGO.Engine/Assets/Scripts/CardEffect/BT16/Green/BT16_004.cs,BT16_004.cs
src/HeadlessDCGO.Engine/Assets/Scripts/CardEffect/BT16/Green/BT16_037.cs,BT16_037.cs
src/HeadlessDCGO.Engine/Assets/Scripts/CardEffect/BT16/Green/BT16_038.cs,BT16_038.cs
src/HeadlessDCGO.Engine/Assets/Scripts/CardEffect/BT16/Green/BT16_039.cs,BT16_039.cs
src/HeadlessDCGO.Engine/Assets/Scripts/CardEffect/BT16/Green/BT16_040.cs,BT16_040.cs
src/HeadlessDCGO.Engine/Assets/Scripts/CardEffect/BT16/Green/BT16_041.cs,BT16_041.cs
src/HeadlessDCGO.Engine/Assets/Scripts/CardEffect/BT16/Green/BT16_042.cs,BT16_042.cs
src/HeadlessDCGO.Engine/Assets/Scripts/CardEffect/BT16/Green/BT16_043.cs,BT16_043.cs
src/HeadlessDCGO.Engine/Assets/Scripts/CardEffect/BT16/Green/BT16_044.cs,BT16_044.cs
src/HeadlessDCGO.Engine/Assets/Scripts/CardEffect/BT16/Green/BT16_045.cs,BT16_045.cs
src/HeadlessDCGO.Engine/Assets/Scripts/CardEffect/BT16/Green/BT16_046.cs,BT16_046.cs
src/HeadlessDCGO.Engine/Assets/Scripts/CardEffect/BT16/Green/BT16_047.cs,BT16_047.cs
src/HeadlessDCGO.Engine/Assets/Scripts/CardEffect/BT16/Green/BT16_048.cs,BT16_048.cs
src/HeadlessDCGO.Engine/Assets/Scripts/CardEffect/BT16/Green/BT16_095.cs,BT16_095.cs
src/HeadlessDCGO.Engine/Assets/Scripts/CardEffect/BT16/Purple/BT16_006.cs,BT16_006.cs
src/HeadlessDCGO.Engine/Assets/Scripts/CardEffect/BT16/Purple/BT16_066.cs,BT16_066.cs
src/HeadlessDCGO.Engine/Assets/Scripts/CardEffect/BT16/Purple/BT16_067.cs,BT16_067.cs
src/HeadlessDCGO.Engine/Assets/Scripts/CardEffect/BT16/Purple/BT16_068.cs,BT16_068.cs
src/HeadlessDCGO.Engine/Assets/Scripts/CardEffect/BT16/Purple/BT16_069.cs,BT16_069.cs
src/HeadlessDCGO.Engine/Assets/Scripts/CardEffect/BT16/Purple/BT16_070.cs,BT16_070.cs
src/HeadlessDCGO.Engine/Assets/Scripts/CardEffect/BT16/Purple/BT16_071.cs,BT16_071.cs
src/HeadlessDCGO.Engine/Assets/Scripts/CardEffect/BT16/Purple/BT16_072.cs,BT16_072.cs
src/HeadlessDCGO.Engine/Assets/Scripts/CardEffect/BT16/Purple/BT16_073.cs,BT16_073.cs
src/HeadlessDCGO.Engine/Assets/Scripts/CardEffect/BT16/Purple/BT16_074.cs,BT16_074.cs
src/HeadlessDCGO.Engine/Assets/Scripts/CardEffect/BT16/Purple/BT16_075.cs,BT16_075.cs
src/HeadlessDCGO.Engine/Assets/Scripts/CardEffect/BT16/Purple/BT16_076.cs,BT16_076.cs
src/HeadlessDCGO.Engine/Assets/Scripts/CardEffect/BT16/Purple/BT16_077.cs,BT16_077.cs
src/HeadlessDCGO.Engine/Assets/Scripts/CardEffect/BT16/Purple/BT16_078.cs,BT16_078.cs
src/HeadlessDCGO.Engine/Assets/Scripts/CardEffect/BT16/Purple/BT16_079.cs,BT16_079.cs
src/HeadlessDCGO.Engine/Assets/Scripts/CardEffect/BT16/Purple/BT16_080.cs,BT16_080.cs
src/HeadlessDCGO.Engine/Assets/Scripts/CardEffect/BT16/Purple/BT16_081.cs,BT16_081.cs
src/HeadlessDCGO.Engine/Assets/Scripts/CardEffect/BT16/Purple/BT16_089.cs,BT16_089.cs
src/HeadlessDCGO.Engine/Assets/Scripts/CardEffect/BT16/Purple/BT16_099.cs,BT16_099.cs
src/HeadlessDCGO.Engine/Assets/Scripts/CardEffect/BT16/Purple/BT16_100.cs,BT16_100.cs
src/HeadlessDCGO.Engine/Assets/Scripts/CardEffect/BT16/Red/BT16_001.cs,BT16_001.cs
src/HeadlessDCGO.Engine/Assets/Scripts/CardEffect/BT16/Red/BT16_007.cs,BT16_007.cs
src/HeadlessDCGO.Engine/Assets/Scripts/CardEffect/BT16/Red/BT16_008.cs,BT16_008.cs
src/HeadlessDCGO.Engine/Assets/Scripts/CardEffect/BT16/Red/BT16_009.cs,BT16_009.cs
src/HeadlessDCGO.Engine/Assets/Scripts/CardEffect/BT16/Red/BT16_010.cs,BT16_010.cs
src/HeadlessDCGO.Engine/Assets/Scripts/CardEffect/BT16/Red/BT16_011.cs,BT16_011.cs
src/HeadlessDCGO.Engine/Assets/Scripts/CardEffect/BT16/Red/BT16_012.cs,BT16_012.cs
src/HeadlessDCGO.Engine/Assets/Scripts/CardEffect/BT16/Red/BT16_013.cs,BT16_013.cs
src/HeadlessDCGO.Engine/Assets/Scripts/CardEffect/BT16/Red/BT16_014.cs,BT16_014.cs
src/HeadlessDCGO.Engine/Assets/Scripts/CardEffect/BT16/Red/BT16_015.cs,BT16_015.cs
src/HeadlessDCGO.Engine/Assets/Scripts/CardEffect/BT16/Red/BT16_084.cs,BT16_084.cs
src/HeadlessDCGO.Engine/Assets/Scripts/CardEffect/BT16/Red/BT16_091.cs,BT16_091.cs
src/HeadlessDCGO.Engine/Assets/Scripts/CardEffect/BT16/White/BT16_082.cs,BT16_082.cs
src/HeadlessDCGO.Engine/Assets/Scripts/CardEffect/BT16/White/BT16_083.cs,BT16_083.cs
src/HeadlessDCGO.Engine/Assets/Scripts/CardEffect/BT16/White/BT16_090.cs,BT16_090.cs
src/HeadlessDCGO.Engine/Assets/Scripts/CardEffect/BT16/Yellow/BT16_003.cs,BT16_003.cs
src/HeadlessDCGO.Engine/Assets/Scripts/CardEffect/BT16/Yellow/BT16_029.cs,BT16_029.cs
src/HeadlessDCGO.Engine/Assets/Scripts/CardEffect/BT16/Yellow/BT16_030.cs,BT16_030.cs
src/HeadlessDCGO.Engine/Assets/Scripts/CardEffect/BT16/Yellow/BT16_031.cs,BT16_031.cs
src/HeadlessDCGO.Engine/Assets/Scripts/CardEffect/BT16/Yellow/BT16_032.cs,BT16_032.cs
src/HeadlessDCGO.Engine/Assets/Scripts/CardEffect/BT16/Yellow/BT16_033.cs,BT16_033.cs
src/HeadlessDCGO.Engine/Assets/Scripts/CardEffect/BT16/Yellow/BT16_034.cs,BT16_034.cs
src/HeadlessDCGO.Engine/Assets/Scripts/CardEffect/BT16/Yellow/BT16_035.cs,BT16_035.cs
src/HeadlessDCGO.Engine/Assets/Scripts/CardEffect/BT16/Yellow/BT16_036.cs,BT16_036.cs
src/HeadlessDCGO.Engine/Assets/Scripts/CardEffect/BT16/Yellow/BT16_086.cs,BT16_086.cs
src/HeadlessDCGO.Engine/Assets/Scripts/CardEffect/BT16/Yellow/BT16_093.cs,BT16_093.cs
src/HeadlessDCGO.Engine/Assets/Scripts/CardEffect/BT16/Yellow/BT16_094.cs,BT16_094.cs
src/HeadlessDCGO.Engine/Assets/Scripts/CardEffect/BT16/Yellow/BT16_101.cs,BT16_101.cs
src/HeadlessDCGO.Engine/Assets/Scripts/CardEffect/BT16/Yellow/BT16_102.cs,BT16_102.cs
src/HeadlessDCGO.Engine/Assets/Scripts/CardEffect/BT17/Black/BT17_005.cs,BT17_005.cs
src/HeadlessDCGO.Engine/Assets/Scripts/CardEffect/BT17/Black/BT17_052.cs,BT17_052.cs
src/HeadlessDCGO.Engine/Assets/Scripts/CardEffect/BT17/Black/BT17_053.cs,BT17_053.cs
src/HeadlessDCGO.Engine/Assets/Scripts/CardEffect/BT17/Black/BT17_054.cs,BT17_054.cs
src/HeadlessDCGO.Engine/Assets/Scripts/CardEffect/BT17/Black/BT17_055.cs,BT17_055.cs
src/HeadlessDCGO.Engine/Assets/Scripts/CardEffect/BT17/Black/BT17_056.cs,BT17_056.cs
src/HeadlessDCGO.Engine/Assets/Scripts/CardEffect/BT17/Black/BT17_057.cs,BT17_057.cs
src/HeadlessDCGO.Engine/Assets/Scripts/CardEffect/BT17/Black/BT17_058.cs,BT17_058.cs
src/HeadlessDCGO.Engine/Assets/Scripts/CardEffect/BT17/Black/BT17_059.cs,BT17_059.cs
src/HeadlessDCGO.Engine/Assets/Scripts/CardEffect/BT17/Black/BT17_060.cs,BT17_060.cs
src/HeadlessDCGO.Engine/Assets/Scripts/CardEffect/BT17/Black/BT17_100.cs,BT17_100.cs
src/HeadlessDCGO.Engine/Assets/Scripts/CardEffect/BT17/Blue/BT17_002.cs,BT17_002.cs
src/HeadlessDCGO.Engine/Assets/Scripts/CardEffect/BT17/Blue/BT17_019.cs,BT17_019.cs
src/HeadlessDCGO.Engine/Assets/Scripts/CardEffect/BT17/Blue/BT17_020.cs,BT17_020.cs
src/HeadlessDCGO.Engine/Assets/Scripts/CardEffect/BT17/Blue/BT17_021.cs,BT17_021.cs
src/HeadlessDCGO.Engine/Assets/Scripts/CardEffect/BT17/Blue/BT17_022.cs,BT17_022.cs
src/HeadlessDCGO.Engine/Assets/Scripts/CardEffect/BT17/Blue/BT17_023.cs,BT17_023.cs
src/HeadlessDCGO.Engine/Assets/Scripts/CardEffect/BT17/Blue/BT17_024.cs,BT17_024.cs
src/HeadlessDCGO.Engine/Assets/Scripts/CardEffect/BT17/Blue/BT17_025.cs,BT17_025.cs
src/HeadlessDCGO.Engine/Assets/Scripts/CardEffect/BT17/Blue/BT17_026.cs,BT17_026.cs
src/HeadlessDCGO.Engine/Assets/Scripts/CardEffect/BT17/Blue/BT17_027.cs,BT17_027.cs
src/HeadlessDCGO.Engine/Assets/Scripts/CardEffect/BT17/Blue/BT17_028.cs,BT17_028.cs
src/HeadlessDCGO.Engine/Assets/Scripts/CardEffect/BT17/Blue/BT17_082.cs,BT17_082.cs
src/HeadlessDCGO.Engine/Assets/Scripts/CardEffect/BT17/Blue/BT17_083.cs,BT17_083.cs
src/HeadlessDCGO.Engine/Assets/Scripts/CardEffect/BT17/Blue/BT17_084.cs,BT17_084.cs
src/HeadlessDCGO.Engine/Assets/Scripts/CardEffect/BT17/Blue/BT17_097.cs,BT17_097.cs
src/HeadlessDCGO.Engine/Assets/Scripts/CardEffect/BT17/Green/BT17_004.cs,BT17_004.cs
src/HeadlessDCGO.Engine/Assets/Scripts/CardEffect/BT17/Green/BT17_042.cs,BT17_042.cs
src/HeadlessDCGO.Engine/Assets/Scripts/CardEffect/BT17/Green/BT17_043.cs,BT17_043.cs
src/HeadlessDCGO.Engine/Assets/Scripts/CardEffect/BT17/Green/BT17_044.cs,BT17_044.cs
src/HeadlessDCGO.Engine/Assets/Scripts/CardEffect/BT17/Green/BT17_045.cs,BT17_045.cs
src/HeadlessDCGO.Engine/Assets/Scripts/CardEffect/BT17/Green/BT17_046.cs,BT17_046.cs
src/HeadlessDCGO.Engine/Assets/Scripts/CardEffect/BT17/Green/BT17_047.cs,BT17_047.cs
src/HeadlessDCGO.Engine/Assets/Scripts/CardEffect/BT17/Green/BT17_048.cs,BT17_048.cs
src/HeadlessDCGO.Engine/Assets/Scripts/CardEffect/BT17/Green/BT17_049.cs,BT17_049.cs
src/HeadlessDCGO.Engine/Assets/Scripts/CardEffect/BT17/Green/BT17_050.cs,BT17_050.cs
src/HeadlessDCGO.Engine/Assets/Scripts/CardEffect/BT17/Green/BT17_051.cs,BT17_051.cs
src/HeadlessDCGO.Engine/Assets/Scripts/CardEffect/BT17/Green/BT17_088.cs,BT17_088.cs
src/HeadlessDCGO.Engine/Assets/Scripts/CardEffect/BT17/Green/BT17_089.cs,BT17_089.cs
src/HeadlessDCGO.Engine/Assets/Scripts/CardEffect/BT17/Purple/BT17_006.cs,BT17_006.cs
src/HeadlessDCGO.Engine/Assets/Scripts/CardEffect/BT17/Purple/BT17_061.cs,BT17_061.cs
src/HeadlessDCGO.Engine/Assets/Scripts/CardEffect/BT17/Purple/BT17_062.cs,BT17_062.cs
src/HeadlessDCGO.Engine/Assets/Scripts/CardEffect/BT17/Purple/BT17_063.cs,BT17_063.cs
src/HeadlessDCGO.Engine/Assets/Scripts/CardEffect/BT17/Purple/BT17_064.cs,BT17_064.cs
src/HeadlessDCGO.Engine/Assets/Scripts/CardEffect/BT17/Purple/BT17_065.cs,BT17_065.cs
src/HeadlessDCGO.Engine/Assets/Scripts/CardEffect/BT17/Purple/BT17_066.cs,BT17_066.cs
src/HeadlessDCGO.Engine/Assets/Scripts/CardEffect/BT17/Purple/BT17_067.cs,BT17_067.cs
src/HeadlessDCGO.Engine/Assets/Scripts/CardEffect/BT17/Purple/BT17_068.cs,BT17_068.cs
src/HeadlessDCGO.Engine/Assets/Scripts/CardEffect/BT17/Purple/BT17_069.cs,BT17_069.cs
src/HeadlessDCGO.Engine/Assets/Scripts/CardEffect/BT17/Purple/BT17_070.cs,BT17_070.cs
src/HeadlessDCGO.Engine/Assets/Scripts/CardEffect/BT17/Purple/BT17_071.cs,BT17_071.cs
src/HeadlessDCGO.Engine/Assets/Scripts/CardEffect/BT17/Purple/BT17_072.cs,BT17_072.cs
src/HeadlessDCGO.Engine/Assets/Scripts/CardEffect/BT17/Purple/BT17_073.cs,BT17_073.cs
src/HeadlessDCGO.Engine/Assets/Scripts/CardEffect/BT17/Purple/BT17_090.cs,BT17_090.cs
src/HeadlessDCGO.Engine/Assets/Scripts/CardEffect/BT17/Purple/BT17_091.cs,BT17_091.cs
src/HeadlessDCGO.Engine/Assets/Scripts/CardEffect/BT17/Purple/BT17_101.cs,BT17_101.cs
src/HeadlessDCGO.Engine/Assets/Scripts/CardEffect/BT17/Red/BT17_001.cs,BT17_001.cs
src/HeadlessDCGO.Engine/Assets/Scripts/CardEffect/BT17/Red/BT17_007.cs,BT17_007.cs
src/HeadlessDCGO.Engine/Assets/Scripts/CardEffect/BT17/Red/BT17_008.cs,BT17_008.cs
src/HeadlessDCGO.Engine/Assets/Scripts/CardEffect/BT17/Red/BT17_009.cs,BT17_009.cs
src/HeadlessDCGO.Engine/Assets/Scripts/CardEffect/BT17/Red/BT17_010.cs,BT17_010.cs
src/HeadlessDCGO.Engine/Assets/Scripts/CardEffect/BT17/Red/BT17_011.cs,BT17_011.cs
src/HeadlessDCGO.Engine/Assets/Scripts/CardEffect/BT17/Red/BT17_012.cs,BT17_012.cs
src/HeadlessDCGO.Engine/Assets/Scripts/CardEffect/BT17/Red/BT17_013.cs,BT17_013.cs
src/HeadlessDCGO.Engine/Assets/Scripts/CardEffect/BT17/Red/BT17_014.cs,BT17_014.cs
src/HeadlessDCGO.Engine/Assets/Scripts/CardEffect/BT17/Red/BT17_015.cs,BT17_015.cs
src/HeadlessDCGO.Engine/Assets/Scripts/CardEffect/BT17/Red/BT17_016.cs,BT17_016.cs
src/HeadlessDCGO.Engine/Assets/Scripts/CardEffect/BT17/Red/BT17_017.cs,BT17_017.cs
src/HeadlessDCGO.Engine/Assets/Scripts/CardEffect/BT17/Red/BT17_018.cs,BT17_018.cs
src/HeadlessDCGO.Engine/Assets/Scripts/CardEffect/BT17/Red/BT17_079.cs,BT17_079.cs
src/HeadlessDCGO.Engine/Assets/Scripts/CardEffect/BT17/Red/BT17_080.cs,BT17_080.cs
src/HeadlessDCGO.Engine/Assets/Scripts/CardEffect/BT17/Red/BT17_081.cs,BT17_081.cs
src/HeadlessDCGO.Engine/Assets/Scripts/CardEffect/BT17/Red/BT17_094.cs,BT17_094.cs
src/HeadlessDCGO.Engine/Assets/Scripts/CardEffect/BT17/Red/BT17_095.cs,BT17_095.cs
src/HeadlessDCGO.Engine/Assets/Scripts/CardEffect/BT17/Red/BT17_096.cs,BT17_096.cs
src/HeadlessDCGO.Engine/Assets/Scripts/CardEffect/BT17/White/BT17_074.cs,BT17_074.cs
src/HeadlessDCGO.Engine/Assets/Scripts/CardEffect/BT17/White/BT17_075.cs,BT17_075.cs
src/HeadlessDCGO.Engine/Assets/Scripts/CardEffect/BT17/White/BT17_076.cs,BT17_076.cs
src/HeadlessDCGO.Engine/Assets/Scripts/CardEffect/BT17/White/BT17_077.cs,BT17_077.cs
src/HeadlessDCGO.Engine/Assets/Scripts/CardEffect/BT17/White/BT17_078.cs,BT17_078.cs
src/HeadlessDCGO.Engine/Assets/Scripts/CardEffect/BT17/White/BT17_092.cs,BT17_092.cs
src/HeadlessDCGO.Engine/Assets/Scripts/CardEffect/BT17/White/BT17_093.cs,BT17_093.cs
src/HeadlessDCGO.Engine/Assets/Scripts/CardEffect/BT17/White/BT17_102.cs,BT17_102.cs
src/HeadlessDCGO.Engine/Assets/Scripts/CardEffect/BT17/Yellow/BT17_003.cs,BT17_003.cs
src/HeadlessDCGO.Engine/Assets/Scripts/CardEffect/BT17/Yellow/BT17_029.cs,BT17_029.cs
src/HeadlessDCGO.Engine/Assets/Scripts/CardEffect/BT17/Yellow/BT17_030.cs,BT17_030.cs
src/HeadlessDCGO.Engine/Assets/Scripts/CardEffect/BT17/Yellow/BT17_031.cs,BT17_031.cs
src/HeadlessDCGO.Engine/Assets/Scripts/CardEffect/BT17/Yellow/BT17_032.cs,BT17_032.cs
src/HeadlessDCGO.Engine/Assets/Scripts/CardEffect/BT17/Yellow/BT17_033.cs,BT17_033.cs
src/HeadlessDCGO.Engine/Assets/Scripts/CardEffect/BT17/Yellow/BT17_034.cs,BT17_034.cs
src/HeadlessDCGO.Engine/Assets/Scripts/CardEffect/BT17/Yellow/BT17_035.cs,BT17_035.cs
src/HeadlessDCGO.Engine/Assets/Scripts/CardEffect/BT17/Yellow/BT17_036.cs,BT17_036.cs
src/HeadlessDCGO.Engine/Assets/Scripts/CardEffect/BT17/Yellow/BT17_037.cs,BT17_037.cs
src/HeadlessDCGO.Engine/Assets/Scripts/CardEffect/BT17/Yellow/BT17_038.cs,BT17_038.cs
src/HeadlessDCGO.Engine/Assets/Scripts/CardEffect/BT17/Yellow/BT17_039.cs,BT17_039.cs
src/HeadlessDCGO.Engine/Assets/Scripts/CardEffect/BT17/Yellow/BT17_040.cs,BT17_040.cs
src/HeadlessDCGO.Engine/Assets/Scripts/CardEffect/BT17/Yellow/BT17_041.cs,BT17_041.cs
src/HeadlessDCGO.Engine/Assets/Scripts/CardEffect/BT17/Yellow/BT17_085.cs,BT17_085.cs
src/HeadlessDCGO.Engine/Assets/Scripts/CardEffect/BT17/Yellow/BT17_086.cs,BT17_086.cs
src/HeadlessDCGO.Engine/Assets/Scripts/CardEffect/BT17/Yellow/BT17_087.cs,BT17_087.cs
src/HeadlessDCGO.Engine/Assets/Scripts/CardEffect/BT17/Yellow/BT17_098.cs,BT17_098.cs
src/HeadlessDCGO.Engine/Assets/Scripts/CardEffect/BT17/Yellow/BT17_099.cs,BT17_099.cs
src/HeadlessDCGO.Engine/Assets/Scripts/CardEffect/BT18/Black/BT18_005.cs,BT18_005.cs
src/HeadlessDCGO.Engine/Assets/Scripts/CardEffect/BT18/Black/BT18_057.cs,BT18_057.cs
src/HeadlessDCGO.Engine/Assets/Scripts/CardEffect/BT18/Black/BT18_058.cs,BT18_058.cs
src/HeadlessDCGO.Engine/Assets/Scripts/CardEffect/BT18/Black/BT18_059.cs,BT18_059.cs
src/HeadlessDCGO.Engine/Assets/Scripts/CardEffect/BT18/Black/BT18_060.cs,BT18_060.cs
src/HeadlessDCGO.Engine/Assets/Scripts/CardEffect/BT18/Black/BT18_061.cs,BT18_061.cs
src/HeadlessDCGO.Engine/Assets/Scripts/CardEffect/BT18/Black/BT18_062.cs,BT18_062.cs
src/HeadlessDCGO.Engine/Assets/Scripts/CardEffect/BT18/Black/BT18_063.cs,BT18_063.cs
src/HeadlessDCGO.Engine/Assets/Scripts/CardEffect/BT18/Black/BT18_064.cs,BT18_064.cs
src/HeadlessDCGO.Engine/Assets/Scripts/CardEffect/BT18/Black/BT18_065.cs,BT18_065.cs
src/HeadlessDCGO.Engine/Assets/Scripts/CardEffect/BT18/Black/BT18_066.cs,BT18_066.cs
src/HeadlessDCGO.Engine/Assets/Scripts/CardEffect/BT18/Black/BT18_067.cs,BT18_067.cs
src/HeadlessDCGO.Engine/Assets/Scripts/CardEffect/BT18/Black/BT18_068.cs,BT18_068.cs
src/HeadlessDCGO.Engine/Assets/Scripts/CardEffect/BT18/Black/BT18_069.cs,BT18_069.cs
src/HeadlessDCGO.Engine/Assets/Scripts/CardEffect/BT18/Black/BT18_070.cs,BT18_070.cs
src/HeadlessDCGO.Engine/Assets/Scripts/CardEffect/BT18/Black/BT18_071.cs,BT18_071.cs
src/HeadlessDCGO.Engine/Assets/Scripts/CardEffect/BT18/Black/BT18_072.cs,BT18_072.cs
src/HeadlessDCGO.Engine/Assets/Scripts/CardEffect/BT18/Black/BT18_073.cs,BT18_073.cs
src/HeadlessDCGO.Engine/Assets/Scripts/CardEffect/BT18/Black/BT18_074.cs,BT18_074.cs
src/HeadlessDCGO.Engine/Assets/Scripts/CardEffect/BT18/Black/BT18_091.cs,BT18_091.cs
src/HeadlessDCGO.Engine/Assets/Scripts/CardEffect/BT18/Black/BT18_092.cs,BT18_092.cs
src/HeadlessDCGO.Engine/Assets/Scripts/CardEffect/BT18/Blue/BT18_002.cs,BT18_002.cs
src/HeadlessDCGO.Engine/Assets/Scripts/CardEffect/BT18/Blue/BT18_021.cs,BT18_021.cs
src/HeadlessDCGO.Engine/Assets/Scripts/CardEffect/BT18/Blue/BT18_022.cs,BT18_022.cs
src/HeadlessDCGO.Engine/Assets/Scripts/CardEffect/BT18/Blue/BT18_023.cs,BT18_023.cs
src/HeadlessDCGO.Engine/Assets/Scripts/CardEffect/BT18/Blue/BT18_024.cs,BT18_024.cs
src/HeadlessDCGO.Engine/Assets/Scripts/CardEffect/BT18/Blue/BT18_025.cs,BT18_025.cs
src/HeadlessDCGO.Engine/Assets/Scripts/CardEffect/BT18/Blue/BT18_026.cs,BT18_026.cs
src/HeadlessDCGO.Engine/Assets/Scripts/CardEffect/BT18/Blue/BT18_027.cs,BT18_027.cs
src/HeadlessDCGO.Engine/Assets/Scripts/CardEffect/BT18/Blue/BT18_028.cs,BT18_028.cs
src/HeadlessDCGO.Engine/Assets/Scripts/CardEffect/BT18/Blue/BT18_029.cs,BT18_029.cs
src/HeadlessDCGO.Engine/Assets/Scripts/CardEffect/BT18/Blue/BT18_089.cs,BT18_089.cs
src/HeadlessDCGO.Engine/Assets/Scripts/CardEffect/BT18/Green/BT18_004.cs,BT18_004.cs
src/HeadlessDCGO.Engine/Assets/Scripts/CardEffect/BT18/Green/BT18_043.cs,BT18_043.cs
src/HeadlessDCGO.Engine/Assets/Scripts/CardEffect/BT18/Green/BT18_044.cs,BT18_044.cs
src/HeadlessDCGO.Engine/Assets/Scripts/CardEffect/BT18/Green/BT18_045.cs,BT18_045.cs
src/HeadlessDCGO.Engine/Assets/Scripts/CardEffect/BT18/Green/BT18_046.cs,BT18_046.cs
src/HeadlessDCGO.Engine/Assets/Scripts/CardEffect/BT18/Green/BT18_047.cs,BT18_047.cs
src/HeadlessDCGO.Engine/Assets/Scripts/CardEffect/BT18/Green/BT18_048.cs,BT18_048.cs
src/HeadlessDCGO.Engine/Assets/Scripts/CardEffect/BT18/Green/BT18_049.cs,BT18_049.cs
src/HeadlessDCGO.Engine/Assets/Scripts/CardEffect/BT18/Green/BT18_050.cs,BT18_050.cs
src/HeadlessDCGO.Engine/Assets/Scripts/CardEffect/BT18/Green/BT18_051.cs,BT18_051.cs
src/HeadlessDCGO.Engine/Assets/Scripts/CardEffect/BT18/Green/BT18_052.cs,BT18_052.cs
src/HeadlessDCGO.Engine/Assets/Scripts/CardEffect/BT18/Green/BT18_053.cs,BT18_053.cs
src/HeadlessDCGO.Engine/Assets/Scripts/CardEffect/BT18/Green/BT18_054.cs,BT18_054.cs
src/HeadlessDCGO.Engine/Assets/Scripts/CardEffect/BT18/Green/BT18_055.cs,BT18_055.cs
src/HeadlessDCGO.Engine/Assets/Scripts/CardEffect/BT18/Green/BT18_056.cs,BT18_056.cs
src/HeadlessDCGO.Engine/Assets/Scripts/CardEffect/BT18/Green/BT18_090.cs,BT18_090.cs
src/HeadlessDCGO.Engine/Assets/Scripts/CardEffect/BT18/Purple/BT18_006.cs,BT18_006.cs
src/HeadlessDCGO.Engine/Assets/Scripts/CardEffect/BT18/Purple/BT18_075.cs,BT18_075.cs
src/HeadlessDCGO.Engine/Assets/Scripts/CardEffect/BT18/Purple/BT18_076.cs,BT18_076.cs
src/HeadlessDCGO.Engine/Assets/Scripts/CardEffect/BT18/Purple/BT18_077.cs,BT18_077.cs
src/HeadlessDCGO.Engine/Assets/Scripts/CardEffect/BT18/Purple/BT18_078.cs,BT18_078.cs
src/HeadlessDCGO.Engine/Assets/Scripts/CardEffect/BT18/Purple/BT18_079.cs,BT18_079.cs
src/HeadlessDCGO.Engine/Assets/Scripts/CardEffect/BT18/Purple/BT18_080.cs,BT18_080.cs
src/HeadlessDCGO.Engine/Assets/Scripts/CardEffect/BT18/Purple/BT18_081.cs,BT18_081.cs
src/HeadlessDCGO.Engine/Assets/Scripts/CardEffect/BT18/Purple/BT18_082.cs,BT18_082.cs
src/HeadlessDCGO.Engine/Assets/Scripts/CardEffect/BT18/Purple/BT18_083.cs,BT18_083.cs
src/HeadlessDCGO.Engine/Assets/Scripts/CardEffect/BT18/Purple/BT18_084.cs,BT18_084.cs
src/HeadlessDCGO.Engine/Assets/Scripts/CardEffect/BT18/Purple/BT18_085.cs,BT18_085.cs
src/HeadlessDCGO.Engine/Assets/Scripts/CardEffect/BT18/Purple/BT18_093.cs,BT18_093.cs
src/HeadlessDCGO.Engine/Assets/Scripts/CardEffect/BT18/Purple/BT18_094.cs,BT18_094.cs
src/HeadlessDCGO.Engine/Assets/Scripts/CardEffect/BT18/Purple/BT18_099.cs,BT18_099.cs
src/HeadlessDCGO.Engine/Assets/Scripts/CardEffect/BT18/Purple/BT18_100.cs,BT18_100.cs
src/HeadlessDCGO.Engine/Assets/Scripts/CardEffect/BT18/Purple/BT18_101.cs,BT18_101.cs
src/HeadlessDCGO.Engine/Assets/Scripts/CardEffect/BT18/Red/BT18_001.cs,BT18_001.cs
src/HeadlessDCGO.Engine/Assets/Scripts/CardEffect/BT18/Red/BT18_007.cs,BT18_007.cs
src/HeadlessDCGO.Engine/Assets/Scripts/CardEffect/BT18/Red/BT18_008.cs,BT18_008.cs
src/HeadlessDCGO.Engine/Assets/Scripts/CardEffect/BT18/Red/BT18_009.cs,BT18_009.cs
src/HeadlessDCGO.Engine/Assets/Scripts/CardEffect/BT18/Red/BT18_010.cs,BT18_010.cs
src/HeadlessDCGO.Engine/Assets/Scripts/CardEffect/BT18/Red/BT18_011.cs,BT18_011.cs
src/HeadlessDCGO.Engine/Assets/Scripts/CardEffect/BT18/Red/BT18_012.cs,BT18_012.cs
src/HeadlessDCGO.Engine/Assets/Scripts/CardEffect/BT18/Red/BT18_013.cs,BT18_013.cs
src/HeadlessDCGO.Engine/Assets/Scripts/CardEffect/BT18/Red/BT18_014.cs,BT18_014.cs
src/HeadlessDCGO.Engine/Assets/Scripts/CardEffect/BT18/Red/BT18_015.cs,BT18_015.cs
src/HeadlessDCGO.Engine/Assets/Scripts/CardEffect/BT18/Red/BT18_016.cs,BT18_016.cs
src/HeadlessDCGO.Engine/Assets/Scripts/CardEffect/BT18/Red/BT18_017.cs,BT18_017.cs
src/HeadlessDCGO.Engine/Assets/Scripts/CardEffect/BT18/Red/BT18_018.cs,BT18_018.cs
src/HeadlessDCGO.Engine/Assets/Scripts/CardEffect/BT18/Red/BT18_019.cs,BT18_019.cs
src/HeadlessDCGO.Engine/Assets/Scripts/CardEffect/BT18/Red/BT18_087.cs,BT18_087.cs
src/HeadlessDCGO.Engine/Assets/Scripts/CardEffect/BT18/Red/BT18_088.cs,BT18_088.cs
src/HeadlessDCGO.Engine/Assets/Scripts/CardEffect/BT18/Red/BT18_095.cs,BT18_095.cs
src/HeadlessDCGO.Engine/Assets/Scripts/CardEffect/BT18/Red/BT18_096.cs,BT18_096.cs
src/HeadlessDCGO.Engine/Assets/Scripts/CardEffect/BT18/White/BT18_086.cs,BT18_086.cs
src/HeadlessDCGO.Engine/Assets/Scripts/CardEffect/BT18/White/BT18_102.cs,BT18_102.cs
src/HeadlessDCGO.Engine/Assets/Scripts/CardEffect/BT18/Yellow/BT18_003.cs,BT18_003.cs
src/HeadlessDCGO.Engine/Assets/Scripts/CardEffect/BT18/Yellow/BT18_030.cs,BT18_030.cs
src/HeadlessDCGO.Engine/Assets/Scripts/CardEffect/BT18/Yellow/BT18_031.cs,BT18_031.cs
src/HeadlessDCGO.Engine/Assets/Scripts/CardEffect/BT18/Yellow/BT18_032.cs,BT18_032.cs
src/HeadlessDCGO.Engine/Assets/Scripts/CardEffect/BT18/Yellow/BT18_033.cs,BT18_033.cs
src/HeadlessDCGO.Engine/Assets/Scripts/CardEffect/BT18/Yellow/BT18_034.cs,BT18_034.cs
src/HeadlessDCGO.Engine/Assets/Scripts/CardEffect/BT18/Yellow/BT18_035.cs,BT18_035.cs
src/HeadlessDCGO.Engine/Assets/Scripts/CardEffect/BT18/Yellow/BT18_036.cs,BT18_036.cs
src/HeadlessDCGO.Engine/Assets/Scripts/CardEffect/BT18/Yellow/BT18_037.cs,BT18_037.cs
src/HeadlessDCGO.Engine/Assets/Scripts/CardEffect/BT18/Yellow/BT18_038.cs,BT18_038.cs
src/HeadlessDCGO.Engine/Assets/Scripts/CardEffect/BT18/Yellow/BT18_039.cs,BT18_039.cs
src/HeadlessDCGO.Engine/Assets/Scripts/CardEffect/BT18/Yellow/BT18_040.cs,BT18_040.cs
src/HeadlessDCGO.Engine/Assets/Scripts/CardEffect/BT18/Yellow/BT18_041.cs,BT18_041.cs
src/HeadlessDCGO.Engine/Assets/Scripts/CardEffect/BT18/Yellow/BT18_042.cs,BT18_042.cs
src/HeadlessDCGO.Engine/Assets/Scripts/CardEffect/BT18/Yellow/BT18_097.cs,BT18_097.cs
src/HeadlessDCGO.Engine/Assets/Scripts/CardEffect/BT18/Yellow/BT18_098.cs,BT18_098.cs
src/HeadlessDCGO.Engine/Assets/Scripts/CardEffect/BT19/Black/BT19_005.cs,BT19_005.cs
src/HeadlessDCGO.Engine/Assets/Scripts/CardEffect/BT19/Black/BT19_055.cs,BT19_055.cs
src/HeadlessDCGO.Engine/Assets/Scripts/CardEffect/BT19/Black/BT19_056.cs,BT19_056.cs
src/HeadlessDCGO.Engine/Assets/Scripts/CardEffect/BT19/Black/BT19_057.cs,BT19_057.cs
src/HeadlessDCGO.Engine/Assets/Scripts/CardEffect/BT19/Black/BT19_058.cs,BT19_058.cs
src/HeadlessDCGO.Engine/Assets/Scripts/CardEffect/BT19/Black/BT19_059.cs,BT19_059.cs
src/HeadlessDCGO.Engine/Assets/Scripts/CardEffect/BT19/Black/BT19_060.cs,BT19_060.cs
src/HeadlessDCGO.Engine/Assets/Scripts/CardEffect/BT19/Black/BT19_061.cs,BT19_061.cs
src/HeadlessDCGO.Engine/Assets/Scripts/CardEffect/BT19/Black/BT19_062.cs,BT19_062.cs
src/HeadlessDCGO.Engine/Assets/Scripts/CardEffect/BT19/Black/BT19_063.cs,BT19_063.cs
src/HeadlessDCGO.Engine/Assets/Scripts/CardEffect/BT19/Black/BT19_064.cs,BT19_064.cs
src/HeadlessDCGO.Engine/Assets/Scripts/CardEffect/BT19/Black/BT19_065.cs,BT19_065.cs
src/HeadlessDCGO.Engine/Assets/Scripts/CardEffect/BT19/Black/BT19_086.cs,BT19_086.cs
src/HeadlessDCGO.Engine/Assets/Scripts/CardEffect/BT19/Black/BT19_087.cs,BT19_087.cs
src/HeadlessDCGO.Engine/Assets/Scripts/CardEffect/BT19/Blue/BT19_002.cs,BT19_002.cs
src/HeadlessDCGO.Engine/Assets/Scripts/CardEffect/BT19/Blue/BT19_016.cs,BT19_016.cs
src/HeadlessDCGO.Engine/Assets/Scripts/CardEffect/BT19/Blue/BT19_017.cs,BT19_017.cs
src/HeadlessDCGO.Engine/Assets/Scripts/CardEffect/BT19/Blue/BT19_018.cs,BT19_018.cs
src/HeadlessDCGO.Engine/Assets/Scripts/CardEffect/BT19/Blue/BT19_019.cs,BT19_019.cs
src/HeadlessDCGO.Engine/Assets/Scripts/CardEffect/BT19/Blue/BT19_020.cs,BT19_020.cs
src/HeadlessDCGO.Engine/Assets/Scripts/CardEffect/BT19/Blue/BT19_021.cs,BT19_021.cs
src/HeadlessDCGO.Engine/Assets/Scripts/CardEffect/BT19/Blue/BT19_022.cs,BT19_022.cs
src/HeadlessDCGO.Engine/Assets/Scripts/CardEffect/BT19/Blue/BT19_023.cs,BT19_023.cs
src/HeadlessDCGO.Engine/Assets/Scripts/CardEffect/BT19/Blue/BT19_024.cs,BT19_024.cs
src/HeadlessDCGO.Engine/Assets/Scripts/CardEffect/BT19/Blue/BT19_025.cs,BT19_025.cs
src/HeadlessDCGO.Engine/Assets/Scripts/CardEffect/BT19/Blue/BT19_026.cs,BT19_026.cs
src/HeadlessDCGO.Engine/Assets/Scripts/CardEffect/BT19/Blue/BT19_027.cs,BT19_027.cs
src/HeadlessDCGO.Engine/Assets/Scripts/CardEffect/BT19/Blue/BT19_028.cs,BT19_028.cs
src/HeadlessDCGO.Engine/Assets/Scripts/CardEffect/BT19/Blue/BT19_081.cs,BT19_081.cs
src/HeadlessDCGO.Engine/Assets/Scripts/CardEffect/BT19/Blue/BT19_082.cs,BT19_082.cs
src/HeadlessDCGO.Engine/Assets/Scripts/CardEffect/BT19/Blue/BT19_092.cs,BT19_092.cs
src/HeadlessDCGO.Engine/Assets/Scripts/CardEffect/BT19/Green/BT19_004.cs,BT19_004.cs
src/HeadlessDCGO.Engine/Assets/Scripts/CardEffect/BT19/Green/BT19_044.cs,BT19_044.cs
src/HeadlessDCGO.Engine/Assets/Scripts/CardEffect/BT19/Green/BT19_045.cs,BT19_045.cs
src/HeadlessDCGO.Engine/Assets/Scripts/CardEffect/BT19/Green/BT19_046.cs,BT19_046.cs
src/HeadlessDCGO.Engine/Assets/Scripts/CardEffect/BT19/Green/BT19_047.cs,BT19_047.cs
src/HeadlessDCGO.Engine/Assets/Scripts/CardEffect/BT19/Green/BT19_048.cs,BT19_048.cs
src/HeadlessDCGO.Engine/Assets/Scripts/CardEffect/BT19/Green/BT19_049.cs,BT19_049.cs
src/HeadlessDCGO.Engine/Assets/Scripts/CardEffect/BT19/Green/BT19_050.cs,BT19_050.cs
src/HeadlessDCGO.Engine/Assets/Scripts/CardEffect/BT19/Green/BT19_051.cs,BT19_051.cs
src/HeadlessDCGO.Engine/Assets/Scripts/CardEffect/BT19/Green/BT19_052.cs,BT19_052.cs
src/HeadlessDCGO.Engine/Assets/Scripts/CardEffect/BT19/Green/BT19_053.cs,BT19_053.cs
src/HeadlessDCGO.Engine/Assets/Scripts/CardEffect/BT19/Green/BT19_054.cs,BT19_054.cs
src/HeadlessDCGO.Engine/Assets/Scripts/CardEffect/BT19/Green/BT19_084.cs,BT19_084.cs
src/HeadlessDCGO.Engine/Assets/Scripts/CardEffect/BT19/Green/BT19_085.cs,BT19_085.cs
src/HeadlessDCGO.Engine/Assets/Scripts/CardEffect/BT19/Green/BT19_095.cs,BT19_095.cs
src/HeadlessDCGO.Engine/Assets/Scripts/CardEffect/BT19/Green/BT19_096.cs,BT19_096.cs
src/HeadlessDCGO.Engine/Assets/Scripts/CardEffect/BT19/Purple/BT19_006.cs,BT19_006.cs
src/HeadlessDCGO.Engine/Assets/Scripts/CardEffect/BT19/Purple/BT19_066.cs,BT19_066.cs
src/HeadlessDCGO.Engine/Assets/Scripts/CardEffect/BT19/Purple/BT19_067.cs,BT19_067.cs
src/HeadlessDCGO.Engine/Assets/Scripts/CardEffect/BT19/Purple/BT19_068.cs,BT19_068.cs
src/HeadlessDCGO.Engine/Assets/Scripts/CardEffect/BT19/Purple/BT19_069.cs,BT19_069.cs
src/HeadlessDCGO.Engine/Assets/Scripts/CardEffect/BT19/Purple/BT19_070.cs,BT19_070.cs
src/HeadlessDCGO.Engine/Assets/Scripts/CardEffect/BT19/Purple/BT19_071.cs,BT19_071.cs
src/HeadlessDCGO.Engine/Assets/Scripts/CardEffect/BT19/Purple/BT19_072.cs,BT19_072.cs
src/HeadlessDCGO.Engine/Assets/Scripts/CardEffect/BT19/Purple/BT19_073.cs,BT19_073.cs
src/HeadlessDCGO.Engine/Assets/Scripts/CardEffect/BT19/Purple/BT19_074.cs,BT19_074.cs
src/HeadlessDCGO.Engine/Assets/Scripts/CardEffect/BT19/Purple/BT19_075.cs,BT19_075.cs
src/HeadlessDCGO.Engine/Assets/Scripts/CardEffect/BT19/Purple/BT19_088.cs,BT19_088.cs
src/HeadlessDCGO.Engine/Assets/Scripts/CardEffect/BT19/Purple/BT19_097.cs,BT19_097.cs
src/HeadlessDCGO.Engine/Assets/Scripts/CardEffect/BT19/Purple/BT19_098.cs,BT19_098.cs
src/HeadlessDCGO.Engine/Assets/Scripts/CardEffect/BT19/Purple/BT19_099.cs,BT19_099.cs
src/HeadlessDCGO.Engine/Assets/Scripts/CardEffect/BT19/Red/BT19_001.cs,BT19_001.cs
src/HeadlessDCGO.Engine/Assets/Scripts/CardEffect/BT19/Red/BT19_007.cs,BT19_007.cs
src/HeadlessDCGO.Engine/Assets/Scripts/CardEffect/BT19/Red/BT19_008.cs,BT19_008.cs
src/HeadlessDCGO.Engine/Assets/Scripts/CardEffect/BT19/Red/BT19_009.cs,BT19_009.cs
src/HeadlessDCGO.Engine/Assets/Scripts/CardEffect/BT19/Red/BT19_010.cs,BT19_010.cs
src/HeadlessDCGO.Engine/Assets/Scripts/CardEffect/BT19/Red/BT19_011.cs,BT19_011.cs
src/HeadlessDCGO.Engine/Assets/Scripts/CardEffect/BT19/Red/BT19_012.cs,BT19_012.cs
src/HeadlessDCGO.Engine/Assets/Scripts/CardEffect/BT19/Red/BT19_013.cs,BT19_013.cs
src/HeadlessDCGO.Engine/Assets/Scripts/CardEffect/BT19/Red/BT19_014.cs,BT19_014.cs
src/HeadlessDCGO.Engine/Assets/Scripts/CardEffect/BT19/Red/BT19_015.cs,BT19_015.cs
src/HeadlessDCGO.Engine/Assets/Scripts/CardEffect/BT19/Red/BT19_079.cs,BT19_079.cs
src/HeadlessDCGO.Engine/Assets/Scripts/CardEffect/BT19/Red/BT19_080.cs,BT19_080.cs
src/HeadlessDCGO.Engine/Assets/Scripts/CardEffect/BT19/Red/BT19_089.cs,BT19_089.cs
src/HeadlessDCGO.Engine/Assets/Scripts/CardEffect/BT19/Red/BT19_090.cs,BT19_090.cs
src/HeadlessDCGO.Engine/Assets/Scripts/CardEffect/BT19/Red/BT19_091.cs,BT19_091.cs
src/HeadlessDCGO.Engine/Assets/Scripts/CardEffect/BT19/Red/BT19_101.cs,BT19_101.cs
src/HeadlessDCGO.Engine/Assets/Scripts/CardEffect/BT19/White/BT19_076.cs,BT19_076.cs
src/HeadlessDCGO.Engine/Assets/Scripts/CardEffect/BT19/White/BT19_077.cs,BT19_077.cs
src/HeadlessDCGO.Engine/Assets/Scripts/CardEffect/BT19/White/BT19_078.cs,BT19_078.cs
src/HeadlessDCGO.Engine/Assets/Scripts/CardEffect/BT19/White/BT19_100.cs,BT19_100.cs
src/HeadlessDCGO.Engine/Assets/Scripts/CardEffect/BT19/White/BT19_102.cs,BT19_102.cs
src/HeadlessDCGO.Engine/Assets/Scripts/CardEffect/BT19/Yellow/BT19_003.cs,BT19_003.cs
src/HeadlessDCGO.Engine/Assets/Scripts/CardEffect/BT19/Yellow/BT19_029.cs,BT19_029.cs
src/HeadlessDCGO.Engine/Assets/Scripts/CardEffect/BT19/Yellow/BT19_030.cs,BT19_030.cs
src/HeadlessDCGO.Engine/Assets/Scripts/CardEffect/BT19/Yellow/BT19_031.cs,BT19_031.cs
src/HeadlessDCGO.Engine/Assets/Scripts/CardEffect/BT19/Yellow/BT19_032.cs,BT19_032.cs
src/HeadlessDCGO.Engine/Assets/Scripts/CardEffect/BT19/Yellow/BT19_033.cs,BT19_033.cs
src/HeadlessDCGO.Engine/Assets/Scripts/CardEffect/BT19/Yellow/BT19_034.cs,BT19_034.cs
src/HeadlessDCGO.Engine/Assets/Scripts/CardEffect/BT19/Yellow/BT19_035.cs,BT19_035.cs
src/HeadlessDCGO.Engine/Assets/Scripts/CardEffect/BT19/Yellow/BT19_036.cs,BT19_036.cs
src/HeadlessDCGO.Engine/Assets/Scripts/CardEffect/BT19/Yellow/BT19_037.cs,BT19_037.cs
src/HeadlessDCGO.Engine/Assets/Scripts/CardEffect/BT19/Yellow/BT19_038.cs,BT19_038.cs
src/HeadlessDCGO.Engine/Assets/Scripts/CardEffect/BT19/Yellow/BT19_039.cs,BT19_039.cs
src/HeadlessDCGO.Engine/Assets/Scripts/CardEffect/BT19/Yellow/BT19_040.cs,BT19_040.cs
src/HeadlessDCGO.Engine/Assets/Scripts/CardEffect/BT19/Yellow/BT19_040_token.cs,BT19_040_token.cs
src/HeadlessDCGO.Engine/Assets/Scripts/CardEffect/BT19/Yellow/BT19_041.cs,BT19_041.cs
src/HeadlessDCGO.Engine/Assets/Scripts/CardEffect/BT19/Yellow/BT19_042.cs,BT19_042.cs
src/HeadlessDCGO.Engine/Assets/Scripts/CardEffect/BT19/Yellow/BT19_043.cs,BT19_043.cs
src/HeadlessDCGO.Engine/Assets/Scripts/CardEffect/BT19/Yellow/BT19_083.cs,BT19_083.cs
src/HeadlessDCGO.Engine/Assets/Scripts/CardEffect/BT19/Yellow/BT19_093.cs,BT19_093.cs
src/HeadlessDCGO.Engine/Assets/Scripts/CardEffect/BT19/Yellow/BT19_094.cs,BT19_094.cs
src/HeadlessDCGO.Engine/Assets/Scripts/CardEffect/BT2/Black/BT2_005.cs,BT2_005.cs
src/HeadlessDCGO.Engine/Assets/Scripts/CardEffect/BT2/Black/BT2_006.cs,BT2_006.cs
src/HeadlessDCGO.Engine/Assets/Scripts/CardEffect/BT2/Black/BT2_053.cs,BT2_053.cs
src/HeadlessDCGO.Engine/Assets/Scripts/CardEffect/BT2/Black/BT2_055.cs,BT2_055.cs
src/HeadlessDCGO.Engine/Assets/Scripts/CardEffect/BT2/Black/BT2_057.cs,BT2_057.cs
src/HeadlessDCGO.Engine/Assets/Scripts/CardEffect/BT2/Black/BT2_058.cs,BT2_058.cs
src/HeadlessDCGO.Engine/Assets/Scripts/CardEffect/BT2/Black/BT2_059.cs,BT2_059.cs
src/HeadlessDCGO.Engine/Assets/Scripts/CardEffect/BT2/Black/BT2_062.cs,BT2_062.cs
src/HeadlessDCGO.Engine/Assets/Scripts/CardEffect/BT2/Black/BT2_063.cs,BT2_063.cs
src/HeadlessDCGO.Engine/Assets/Scripts/CardEffect/BT2/Black/BT2_065.cs,BT2_065.cs
src/HeadlessDCGO.Engine/Assets/Scripts/CardEffect/BT2/Black/BT2_066.cs,BT2_066.cs
src/HeadlessDCGO.Engine/Assets/Scripts/CardEffect/BT2/Black/BT2_089.cs,BT2_089.cs
src/HeadlessDCGO.Engine/Assets/Scripts/CardEffect/BT2/Black/BT2_103.cs,BT2_103.cs
src/HeadlessDCGO.Engine/Assets/Scripts/CardEffect/BT2/Black/BT2_104.cs,BT2_104.cs
src/HeadlessDCGO.Engine/Assets/Scripts/CardEffect/BT2/Black/BT2_105.cs,BT2_105.cs
src/HeadlessDCGO.Engine/Assets/Scripts/CardEffect/BT2/Black/BT2_106.cs,BT2_106.cs
src/HeadlessDCGO.Engine/Assets/Scripts/CardEffect/BT2/Black/BT2_112.cs,BT2_112.cs
src/HeadlessDCGO.Engine/Assets/Scripts/CardEffect/BT2/Blue/BT2_002.cs,BT2_002.cs
src/HeadlessDCGO.Engine/Assets/Scripts/CardEffect/BT2/Blue/BT2_021.cs,BT2_021.cs
src/HeadlessDCGO.Engine/Assets/Scripts/CardEffect/BT2/Blue/BT2_023.cs,BT2_023.cs
src/HeadlessDCGO.Engine/Assets/Scripts/CardEffect/BT2/Blue/BT2_025.cs,BT2_025.cs
src/HeadlessDCGO.Engine/Assets/Scripts/CardEffect/BT2/Blue/BT2_026.cs,BT2_026.cs
src/HeadlessDCGO.Engine/Assets/Scripts/CardEffect/BT2/Blue/BT2_028.cs,BT2_028.cs
src/HeadlessDCGO.Engine/Assets/Scripts/CardEffect/BT2/Blue/BT2_029.cs,BT2_029.cs
src/HeadlessDCGO.Engine/Assets/Scripts/CardEffect/BT2/Blue/BT2_030.cs,BT2_030.cs
src/HeadlessDCGO.Engine/Assets/Scripts/CardEffect/BT2/Blue/BT2_031.cs,BT2_031.cs
src/HeadlessDCGO.Engine/Assets/Scripts/CardEffect/BT2/Blue/BT2_032.cs,BT2_032.cs
src/HeadlessDCGO.Engine/Assets/Scripts/CardEffect/BT2/Blue/BT2_085.cs,BT2_085.cs
src/HeadlessDCGO.Engine/Assets/Scripts/CardEffect/BT2/Blue/BT2_086.cs,BT2_086.cs
src/HeadlessDCGO.Engine/Assets/Scripts/CardEffect/BT2/Blue/BT2_094.cs,BT2_094.cs
src/HeadlessDCGO.Engine/Assets/Scripts/CardEffect/BT2/Blue/BT2_095.cs,BT2_095.cs
src/HeadlessDCGO.Engine/Assets/Scripts/CardEffect/BT2/Blue/BT2_096.cs,BT2_096.cs
src/HeadlessDCGO.Engine/Assets/Scripts/CardEffect/BT2/Green/BT2_004.cs,BT2_004.cs
src/HeadlessDCGO.Engine/Assets/Scripts/CardEffect/BT2/Green/BT2_044.cs,BT2_044.cs
src/HeadlessDCGO.Engine/Assets/Scripts/CardEffect/BT2/Green/BT2_045.cs,BT2_045.cs
src/HeadlessDCGO.Engine/Assets/Scripts/CardEffect/BT2/Green/BT2_046.cs,BT2_046.cs
src/HeadlessDCGO.Engine/Assets/Scripts/CardEffect/BT2/Green/BT2_047.cs,BT2_047.cs
src/HeadlessDCGO.Engine/Assets/Scripts/CardEffect/BT2/Green/BT2_049.cs,BT2_049.cs
src/HeadlessDCGO.Engine/Assets/Scripts/CardEffect/BT2/Green/BT2_050.cs,BT2_050.cs
src/HeadlessDCGO.Engine/Assets/Scripts/CardEffect/BT2/Green/BT2_051.cs,BT2_051.cs
src/HeadlessDCGO.Engine/Assets/Scripts/CardEffect/BT2/Green/BT2_088.cs,BT2_088.cs
src/HeadlessDCGO.Engine/Assets/Scripts/CardEffect/BT2/Green/BT2_100.cs,BT2_100.cs
src/HeadlessDCGO.Engine/Assets/Scripts/CardEffect/BT2/Green/BT2_101.cs,BT2_101.cs
src/HeadlessDCGO.Engine/Assets/Scripts/CardEffect/BT2/Green/BT2_102.cs,BT2_102.cs
src/HeadlessDCGO.Engine/Assets/Scripts/CardEffect/BT2/Purple/BT2_007.cs,BT2_007.cs
src/HeadlessDCGO.Engine/Assets/Scripts/CardEffect/BT2/Purple/BT2_008.cs,BT2_008.cs
src/HeadlessDCGO.Engine/Assets/Scripts/CardEffect/BT2/Purple/BT2_068.cs,BT2_068.cs
src/HeadlessDCGO.Engine/Assets/Scripts/CardEffect/BT2/Purple/BT2_069.cs,BT2_069.cs
src/HeadlessDCGO.Engine/Assets/Scripts/CardEffect/BT2/Purple/BT2_070.cs,BT2_070.cs
src/HeadlessDCGO.Engine/Assets/Scripts/CardEffect/BT2/Purple/BT2_071.cs,BT2_071.cs
src/HeadlessDCGO.Engine/Assets/Scripts/CardEffect/BT2/Purple/BT2_073.cs,BT2_073.cs
src/HeadlessDCGO.Engine/Assets/Scripts/CardEffect/BT2/Purple/BT2_074.cs,BT2_074.cs
src/HeadlessDCGO.Engine/Assets/Scripts/CardEffect/BT2/Purple/BT2_077.cs,BT2_077.cs
src/HeadlessDCGO.Engine/Assets/Scripts/CardEffect/BT2/Purple/BT2_078.cs,BT2_078.cs
src/HeadlessDCGO.Engine/Assets/Scripts/CardEffect/BT2/Purple/BT2_079.cs,BT2_079.cs
src/HeadlessDCGO.Engine/Assets/Scripts/CardEffect/BT2/Purple/BT2_080.cs,BT2_080.cs
src/HeadlessDCGO.Engine/Assets/Scripts/CardEffect/BT2/Purple/BT2_081.cs,BT2_081.cs
src/HeadlessDCGO.Engine/Assets/Scripts/CardEffect/BT2/Purple/BT2_090.cs,BT2_090.cs
src/HeadlessDCGO.Engine/Assets/Scripts/CardEffect/BT2/Purple/BT2_107.cs,BT2_107.cs
src/HeadlessDCGO.Engine/Assets/Scripts/CardEffect/BT2/Purple/BT2_108.cs,BT2_108.cs
src/HeadlessDCGO.Engine/Assets/Scripts/CardEffect/BT2/Purple/BT2_109.cs,BT2_109.cs
src/HeadlessDCGO.Engine/Assets/Scripts/CardEffect/BT2/Purple/BT2_110.cs,BT2_110.cs
src/HeadlessDCGO.Engine/Assets/Scripts/CardEffect/BT2/Purple/BT2_111.cs,BT2_111.cs
src/HeadlessDCGO.Engine/Assets/Scripts/CardEffect/BT2/Red/BT2_001.cs,BT2_001.cs
src/HeadlessDCGO.Engine/Assets/Scripts/CardEffect/BT2/Red/BT2_010.cs,BT2_010.cs
src/HeadlessDCGO.Engine/Assets/Scripts/CardEffect/BT2/Red/BT2_012.cs,BT2_012.cs
src/HeadlessDCGO.Engine/Assets/Scripts/CardEffect/BT2/Red/BT2_013.cs,BT2_013.cs
src/HeadlessDCGO.Engine/Assets/Scripts/CardEffect/BT2/Red/BT2_015.cs,BT2_015.cs
src/HeadlessDCGO.Engine/Assets/Scripts/CardEffect/BT2/Red/BT2_017.cs,BT2_017.cs
src/HeadlessDCGO.Engine/Assets/Scripts/CardEffect/BT2/Red/BT2_018.cs,BT2_018.cs
src/HeadlessDCGO.Engine/Assets/Scripts/CardEffect/BT2/Red/BT2_019.cs,BT2_019.cs
src/HeadlessDCGO.Engine/Assets/Scripts/CardEffect/BT2/Red/BT2_020.cs,BT2_020.cs
src/HeadlessDCGO.Engine/Assets/Scripts/CardEffect/BT2/Red/BT2_084.cs,BT2_084.cs
src/HeadlessDCGO.Engine/Assets/Scripts/CardEffect/BT2/Red/BT2_091.cs,BT2_091.cs
src/HeadlessDCGO.Engine/Assets/Scripts/CardEffect/BT2/Red/BT2_092.cs,BT2_092.cs
src/HeadlessDCGO.Engine/Assets/Scripts/CardEffect/BT2/Red/BT2_093.cs,BT2_093.cs
src/HeadlessDCGO.Engine/Assets/Scripts/CardEffect/BT2/White/BT2_082.cs,BT2_082.cs
src/HeadlessDCGO.Engine/Assets/Scripts/CardEffect/BT2/White/BT2_083.cs,BT2_083.cs
src/HeadlessDCGO.Engine/Assets/Scripts/CardEffect/BT2/Yellow/BT2_003.cs,BT2_003.cs
src/HeadlessDCGO.Engine/Assets/Scripts/CardEffect/BT2/Yellow/BT2_033.cs,BT2_033.cs
src/HeadlessDCGO.Engine/Assets/Scripts/CardEffect/BT2/Yellow/BT2_034.cs,BT2_034.cs
src/HeadlessDCGO.Engine/Assets/Scripts/CardEffect/BT2/Yellow/BT2_035.cs,BT2_035.cs
src/HeadlessDCGO.Engine/Assets/Scripts/CardEffect/BT2/Yellow/BT2_036.cs,BT2_036.cs
src/HeadlessDCGO.Engine/Assets/Scripts/CardEffect/BT2/Yellow/BT2_038.cs,BT2_038.cs
src/HeadlessDCGO.Engine/Assets/Scripts/CardEffect/BT2/Yellow/BT2_039.cs,BT2_039.cs
src/HeadlessDCGO.Engine/Assets/Scripts/CardEffect/BT2/Yellow/BT2_040.cs,BT2_040.cs
src/HeadlessDCGO.Engine/Assets/Scripts/CardEffect/BT2/Yellow/BT2_041.cs,BT2_041.cs
src/HeadlessDCGO.Engine/Assets/Scripts/CardEffect/BT2/Yellow/BT2_087.cs,BT2_087.cs
src/HeadlessDCGO.Engine/Assets/Scripts/CardEffect/BT2/Yellow/BT2_097.cs,BT2_097.cs
src/HeadlessDCGO.Engine/Assets/Scripts/CardEffect/BT2/Yellow/BT2_098.cs,BT2_098.cs
src/HeadlessDCGO.Engine/Assets/Scripts/CardEffect/BT2/Yellow/BT2_099.cs,BT2_099.cs
src/HeadlessDCGO.Engine/Assets/Scripts/CardEffect/BT20/Black/BT20_005.cs,BT20_005.cs
src/HeadlessDCGO.Engine/Assets/Scripts/CardEffect/BT20/Black/BT20_046.cs,BT20_046.cs
src/HeadlessDCGO.Engine/Assets/Scripts/CardEffect/BT20/Black/BT20_047.cs,BT20_047.cs
src/HeadlessDCGO.Engine/Assets/Scripts/CardEffect/BT20/Black/BT20_048.cs,BT20_048.cs
src/HeadlessDCGO.Engine/Assets/Scripts/CardEffect/BT20/Black/BT20_049.cs,BT20_049.cs
src/HeadlessDCGO.Engine/Assets/Scripts/CardEffect/BT20/Black/BT20_050.cs,BT20_050.cs
src/HeadlessDCGO.Engine/Assets/Scripts/CardEffect/BT20/Black/BT20_051.cs,BT20_051.cs
src/HeadlessDCGO.Engine/Assets/Scripts/CardEffect/BT20/Black/BT20_052.cs,BT20_052.cs
src/HeadlessDCGO.Engine/Assets/Scripts/CardEffect/BT20/Black/BT20_053.cs,BT20_053.cs
src/HeadlessDCGO.Engine/Assets/Scripts/CardEffect/BT20/Black/BT20_054.cs,BT20_054.cs
src/HeadlessDCGO.Engine/Assets/Scripts/CardEffect/BT20/Black/BT20_055.cs,BT20_055.cs
src/HeadlessDCGO.Engine/Assets/Scripts/CardEffect/BT20/Black/BT20_056.cs,BT20_056.cs
src/HeadlessDCGO.Engine/Assets/Scripts/CardEffect/BT20/Black/BT20_057.cs,BT20_057.cs
src/HeadlessDCGO.Engine/Assets/Scripts/CardEffect/BT20/Black/BT20_058.cs,BT20_058.cs
src/HeadlessDCGO.Engine/Assets/Scripts/CardEffect/BT20/Black/BT20_059.cs,BT20_059.cs
src/HeadlessDCGO.Engine/Assets/Scripts/CardEffect/BT20/Black/BT20_060.cs,BT20_060.cs
src/HeadlessDCGO.Engine/Assets/Scripts/CardEffect/BT20/Black/BT20_086.cs,BT20_086.cs
src/HeadlessDCGO.Engine/Assets/Scripts/CardEffect/BT20/Black/BT20_087.cs,BT20_087.cs
src/HeadlessDCGO.Engine/Assets/Scripts/CardEffect/BT20/Black/BT20_095.cs,BT20_095.cs
src/HeadlessDCGO.Engine/Assets/Scripts/CardEffect/BT20/Blue/BT20_002.cs,BT20_002.cs
src/HeadlessDCGO.Engine/Assets/Scripts/CardEffect/BT20/Blue/BT20_022.cs,BT20_022.cs
src/HeadlessDCGO.Engine/Assets/Scripts/CardEffect/BT20/Blue/BT20_023.cs,BT20_023.cs
src/HeadlessDCGO.Engine/Assets/Scripts/CardEffect/BT20/Blue/BT20_024.cs,BT20_024.cs
src/HeadlessDCGO.Engine/Assets/Scripts/CardEffect/BT20/Blue/BT20_025.cs,BT20_025.cs
src/HeadlessDCGO.Engine/Assets/Scripts/CardEffect/BT20/Blue/BT20_026.cs,BT20_026.cs
src/HeadlessDCGO.Engine/Assets/Scripts/CardEffect/BT20/Blue/BT20_027.cs,BT20_027.cs
src/HeadlessDCGO.Engine/Assets/Scripts/CardEffect/BT20/Blue/BT20_028.cs,BT20_028.cs
src/HeadlessDCGO.Engine/Assets/Scripts/CardEffect/BT20/Blue/BT20_102.cs,BT20_102.cs
src/HeadlessDCGO.Engine/Assets/Scripts/CardEffect/BT20/Green/BT20_004.cs,BT20_004.cs
src/HeadlessDCGO.Engine/Assets/Scripts/CardEffect/BT20/Green/BT20_038.cs,BT20_038.cs
src/HeadlessDCGO.Engine/Assets/Scripts/CardEffect/BT20/Green/BT20_039.cs,BT20_039.cs
src/HeadlessDCGO.Engine/Assets/Scripts/CardEffect/BT20/Green/BT20_040.cs,BT20_040.cs
src/HeadlessDCGO.Engine/Assets/Scripts/CardEffect/BT20/Green/BT20_041.cs,BT20_041.cs
src/HeadlessDCGO.Engine/Assets/Scripts/CardEffect/BT20/Green/BT20_042.cs,BT20_042.cs
src/HeadlessDCGO.Engine/Assets/Scripts/CardEffect/BT20/Green/BT20_043.cs,BT20_043.cs
src/HeadlessDCGO.Engine/Assets/Scripts/CardEffect/BT20/Green/BT20_044.cs,BT20_044.cs
src/HeadlessDCGO.Engine/Assets/Scripts/CardEffect/BT20/Green/BT20_045.cs,BT20_045.cs
src/HeadlessDCGO.Engine/Assets/Scripts/CardEffect/BT20/Green/BT20_085.cs,BT20_085.cs
src/HeadlessDCGO.Engine/Assets/Scripts/CardEffect/BT20/Green/BT20_101.cs,BT20_101.cs
src/HeadlessDCGO.Engine/Assets/Scripts/CardEffect/BT20/Purple/BT20_006.cs,BT20_006.cs
src/HeadlessDCGO.Engine/Assets/Scripts/CardEffect/BT20/Purple/BT20_061.cs,BT20_061.cs
src/HeadlessDCGO.Engine/Assets/Scripts/CardEffect/BT20/Purple/BT20_062.cs,BT20_062.cs
src/HeadlessDCGO.Engine/Assets/Scripts/CardEffect/BT20/Purple/BT20_063.cs,BT20_063.cs
src/HeadlessDCGO.Engine/Assets/Scripts/CardEffect/BT20/Purple/BT20_064.cs,BT20_064.cs
src/HeadlessDCGO.Engine/Assets/Scripts/CardEffect/BT20/Purple/BT20_065.cs,BT20_065.cs
src/HeadlessDCGO.Engine/Assets/Scripts/CardEffect/BT20/Purple/BT20_066.cs,BT20_066.cs
src/HeadlessDCGO.Engine/Assets/Scripts/CardEffect/BT20/Purple/BT20_067.cs,BT20_067.cs
src/HeadlessDCGO.Engine/Assets/Scripts/CardEffect/BT20/Purple/BT20_068.cs,BT20_068.cs
src/HeadlessDCGO.Engine/Assets/Scripts/CardEffect/BT20/Purple/BT20_069.cs,BT20_069.cs
src/HeadlessDCGO.Engine/Assets/Scripts/CardEffect/BT20/Purple/BT20_070.cs,BT20_070.cs
src/HeadlessDCGO.Engine/Assets/Scripts/CardEffect/BT20/Purple/BT20_071.cs,BT20_071.cs
src/HeadlessDCGO.Engine/Assets/Scripts/CardEffect/BT20/Purple/BT20_072.cs,BT20_072.cs
src/HeadlessDCGO.Engine/Assets/Scripts/CardEffect/BT20/Purple/BT20_073.cs,BT20_073.cs
src/HeadlessDCGO.Engine/Assets/Scripts/CardEffect/BT20/Purple/BT20_074.cs,BT20_074.cs
src/HeadlessDCGO.Engine/Assets/Scripts/CardEffect/BT20/Purple/BT20_075.cs,BT20_075.cs
src/HeadlessDCGO.Engine/Assets/Scripts/CardEffect/BT20/Purple/BT20_076.cs,BT20_076.cs
src/HeadlessDCGO.Engine/Assets/Scripts/CardEffect/BT20/Purple/BT20_077.cs,BT20_077.cs
src/HeadlessDCGO.Engine/Assets/Scripts/CardEffect/BT20/Purple/BT20_078.cs,BT20_078.cs
src/HeadlessDCGO.Engine/Assets/Scripts/CardEffect/BT20/Purple/BT20_079.cs,BT20_079.cs
src/HeadlessDCGO.Engine/Assets/Scripts/CardEffect/BT20/Purple/BT20_080.cs,BT20_080.cs
src/HeadlessDCGO.Engine/Assets/Scripts/CardEffect/BT20/Purple/BT20_081.cs,BT20_081.cs
src/HeadlessDCGO.Engine/Assets/Scripts/CardEffect/BT20/Purple/BT20_082.cs,BT20_082.cs
src/HeadlessDCGO.Engine/Assets/Scripts/CardEffect/BT20/Purple/BT20_088.cs,BT20_088.cs
src/HeadlessDCGO.Engine/Assets/Scripts/CardEffect/BT20/Purple/BT20_089.cs,BT20_089.cs
src/HeadlessDCGO.Engine/Assets/Scripts/CardEffect/BT20/Purple/BT20_090.cs,BT20_090.cs
src/HeadlessDCGO.Engine/Assets/Scripts/CardEffect/BT20/Purple/BT20_096.cs,BT20_096.cs
src/HeadlessDCGO.Engine/Assets/Scripts/CardEffect/BT20/Purple/BT20_097.cs,BT20_097.cs
src/HeadlessDCGO.Engine/Assets/Scripts/CardEffect/BT20/Purple/BT20_098.cs,BT20_098.cs
src/HeadlessDCGO.Engine/Assets/Scripts/CardEffect/BT20/Red/BT20_001.cs,BT20_001.cs
src/HeadlessDCGO.Engine/Assets/Scripts/CardEffect/BT20/Red/BT20_007.cs,BT20_007.cs
src/HeadlessDCGO.Engine/Assets/Scripts/CardEffect/BT20/Red/BT20_008.cs,BT20_008.cs
src/HeadlessDCGO.Engine/Assets/Scripts/CardEffect/BT20/Red/BT20_009.cs,BT20_009.cs
src/HeadlessDCGO.Engine/Assets/Scripts/CardEffect/BT20/Red/BT20_010.cs,BT20_010.cs
src/HeadlessDCGO.Engine/Assets/Scripts/CardEffect/BT20/Red/BT20_011.cs,BT20_011.cs
src/HeadlessDCGO.Engine/Assets/Scripts/CardEffect/BT20/Red/BT20_012.cs,BT20_012.cs
src/HeadlessDCGO.Engine/Assets/Scripts/CardEffect/BT20/Red/BT20_013.cs,BT20_013.cs
src/HeadlessDCGO.Engine/Assets/Scripts/CardEffect/BT20/Red/BT20_014.cs,BT20_014.cs
src/HeadlessDCGO.Engine/Assets/Scripts/CardEffect/BT20/Red/BT20_015.cs,BT20_015.cs
src/HeadlessDCGO.Engine/Assets/Scripts/CardEffect/BT20/Red/BT20_016.cs,BT20_016.cs
src/HeadlessDCGO.Engine/Assets/Scripts/CardEffect/BT20/Red/BT20_017.cs,BT20_017.cs
src/HeadlessDCGO.Engine/Assets/Scripts/CardEffect/BT20/Red/BT20_017_token.cs,BT20_017_token.cs
src/HeadlessDCGO.Engine/Assets/Scripts/CardEffect/BT20/Red/BT20_018.cs,BT20_018.cs
src/HeadlessDCGO.Engine/Assets/Scripts/CardEffect/BT20/Red/BT20_019.cs,BT20_019.cs
src/HeadlessDCGO.Engine/Assets/Scripts/CardEffect/BT20/Red/BT20_020.cs,BT20_020.cs
src/HeadlessDCGO.Engine/Assets/Scripts/CardEffect/BT20/Red/BT20_021.cs,BT20_021.cs
src/HeadlessDCGO.Engine/Assets/Scripts/CardEffect/BT20/Red/BT20_093.cs,BT20_093.cs
src/HeadlessDCGO.Engine/Assets/Scripts/CardEffect/BT20/Red/BT20_094.cs,BT20_094.cs
src/HeadlessDCGO.Engine/Assets/Scripts/CardEffect/BT20/White/BT20_083.cs,BT20_083.cs
src/HeadlessDCGO.Engine/Assets/Scripts/CardEffect/BT20/White/BT20_084.cs,BT20_084.cs
src/HeadlessDCGO.Engine/Assets/Scripts/CardEffect/BT20/White/BT20_091.cs,BT20_091.cs
src/HeadlessDCGO.Engine/Assets/Scripts/CardEffect/BT20/White/BT20_092.cs,BT20_092.cs
src/HeadlessDCGO.Engine/Assets/Scripts/CardEffect/BT20/White/BT20_099.cs,BT20_099.cs
src/HeadlessDCGO.Engine/Assets/Scripts/CardEffect/BT20/White/BT20_100.cs,BT20_100.cs
src/HeadlessDCGO.Engine/Assets/Scripts/CardEffect/BT20/Yellow/BT20_003.cs,BT20_003.cs
src/HeadlessDCGO.Engine/Assets/Scripts/CardEffect/BT20/Yellow/BT20_029.cs,BT20_029.cs
src/HeadlessDCGO.Engine/Assets/Scripts/CardEffect/BT20/Yellow/BT20_030.cs,BT20_030.cs
src/HeadlessDCGO.Engine/Assets/Scripts/CardEffect/BT20/Yellow/BT20_031.cs,BT20_031.cs
src/HeadlessDCGO.Engine/Assets/Scripts/CardEffect/BT20/Yellow/BT20_032.cs,BT20_032.cs
src/HeadlessDCGO.Engine/Assets/Scripts/CardEffect/BT20/Yellow/BT20_033.cs,BT20_033.cs
src/HeadlessDCGO.Engine/Assets/Scripts/CardEffect/BT20/Yellow/BT20_034.cs,BT20_034.cs
src/HeadlessDCGO.Engine/Assets/Scripts/CardEffect/BT20/Yellow/BT20_035.cs,BT20_035.cs
src/HeadlessDCGO.Engine/Assets/Scripts/CardEffect/BT20/Yellow/BT20_036.cs,BT20_036.cs
src/HeadlessDCGO.Engine/Assets/Scripts/CardEffect/BT20/Yellow/BT20_037.cs,BT20_037.cs
src/HeadlessDCGO.Engine/Assets/Scripts/CardEffect/BT21/Black/BT21_006.cs,BT21_006.cs
src/HeadlessDCGO.Engine/Assets/Scripts/CardEffect/BT21/Black/BT21_053.cs,BT21_053.cs
src/HeadlessDCGO.Engine/Assets/Scripts/CardEffect/BT21/Black/BT21_054.cs,BT21_054.cs
src/HeadlessDCGO.Engine/Assets/Scripts/CardEffect/BT21/Black/BT21_055.cs,BT21_055.cs
src/HeadlessDCGO.Engine/Assets/Scripts/CardEffect/BT21/Black/BT21_056.cs,BT21_056.cs
src/HeadlessDCGO.Engine/Assets/Scripts/CardEffect/BT21/Black/BT21_057.cs,BT21_057.cs
src/HeadlessDCGO.Engine/Assets/Scripts/CardEffect/BT21/Black/BT21_058.cs,BT21_058.cs
src/HeadlessDCGO.Engine/Assets/Scripts/CardEffect/BT21/Black/BT21_059.cs,BT21_059.cs
src/HeadlessDCGO.Engine/Assets/Scripts/CardEffect/BT21/Black/BT21_060.cs,BT21_060.cs
src/HeadlessDCGO.Engine/Assets/Scripts/CardEffect/BT21/Black/BT21_061.cs,BT21_061.cs
src/HeadlessDCGO.Engine/Assets/Scripts/CardEffect/BT21/Black/BT21_062.cs,BT21_062.cs
src/HeadlessDCGO.Engine/Assets/Scripts/CardEffect/BT21/Black/BT21_087.cs,BT21_087.cs
src/HeadlessDCGO.Engine/Assets/Scripts/CardEffect/BT21/Black/BT21_098.cs,BT21_098.cs
src/HeadlessDCGO.Engine/Assets/Scripts/CardEffect/BT21/Blue/BT21_003.cs,BT21_003.cs
src/HeadlessDCGO.Engine/Assets/Scripts/CardEffect/BT21/Blue/BT21_031.cs,BT21_031.cs
src/HeadlessDCGO.Engine/Assets/Scripts/CardEffect/BT21/Blue/BT21_032.cs,BT21_032.cs
src/HeadlessDCGO.Engine/Assets/Scripts/CardEffect/BT21/Blue/BT21_033.cs,BT21_033.cs
src/HeadlessDCGO.Engine/Assets/Scripts/CardEffect/BT21/Blue/BT21_034.cs,BT21_034.cs
src/HeadlessDCGO.Engine/Assets/Scripts/CardEffect/BT21/Blue/BT21_035.cs,BT21_035.cs
src/HeadlessDCGO.Engine/Assets/Scripts/CardEffect/BT21/Blue/BT21_036.cs,BT21_036.cs
src/HeadlessDCGO.Engine/Assets/Scripts/CardEffect/BT21/Blue/BT21_037.cs,BT21_037.cs
src/HeadlessDCGO.Engine/Assets/Scripts/CardEffect/BT21/Blue/BT21_038.cs,BT21_038.cs
src/HeadlessDCGO.Engine/Assets/Scripts/CardEffect/BT21/Blue/BT21_039.cs,BT21_039.cs
src/HeadlessDCGO.Engine/Assets/Scripts/CardEffect/BT21/Blue/BT21_085.cs,BT21_085.cs
src/HeadlessDCGO.Engine/Assets/Scripts/CardEffect/BT21/Blue/BT21_094.cs,BT21_094.cs
src/HeadlessDCGO.Engine/Assets/Scripts/CardEffect/BT21/Blue/BT21_095.cs,BT21_095.cs
src/HeadlessDCGO.Engine/Assets/Scripts/CardEffect/BT21/Green/BT21_005.cs,BT21_005.cs
src/HeadlessDCGO.Engine/Assets/Scripts/CardEffect/BT21/Green/BT21_046.cs,BT21_046.cs
src/HeadlessDCGO.Engine/Assets/Scripts/CardEffect/BT21/Green/BT21_047.cs,BT21_047.cs
src/HeadlessDCGO.Engine/Assets/Scripts/CardEffect/BT21/Green/BT21_048.cs,BT21_048.cs
src/HeadlessDCGO.Engine/Assets/Scripts/CardEffect/BT21/Green/BT21_049.cs,BT21_049.cs
src/HeadlessDCGO.Engine/Assets/Scripts/CardEffect/BT21/Green/BT21_050.cs,BT21_050.cs
src/HeadlessDCGO.Engine/Assets/Scripts/CardEffect/BT21/Green/BT21_051.cs,BT21_051.cs
src/HeadlessDCGO.Engine/Assets/Scripts/CardEffect/BT21/Green/BT21_052.cs,BT21_052.cs
src/HeadlessDCGO.Engine/Assets/Scripts/CardEffect/BT21/Green/BT21_097.cs,BT21_097.cs
src/HeadlessDCGO.Engine/Assets/Scripts/CardEffect/BT21/Purple/BT21_063.cs,BT21_063.cs
src/HeadlessDCGO.Engine/Assets/Scripts/CardEffect/BT21/Purple/BT21_064.cs,BT21_064.cs
src/HeadlessDCGO.Engine/Assets/Scripts/CardEffect/BT21/Purple/BT21_065.cs,BT21_065.cs
src/HeadlessDCGO.Engine/Assets/Scripts/CardEffect/BT21/Purple/BT21_066.cs,BT21_066.cs
src/HeadlessDCGO.Engine/Assets/Scripts/CardEffect/BT21/Purple/BT21_067.cs,BT21_067.cs
src/HeadlessDCGO.Engine/Assets/Scripts/CardEffect/BT21/Purple/BT21_068.cs,BT21_068.cs
src/HeadlessDCGO.Engine/Assets/Scripts/CardEffect/BT21/Purple/BT21_069.cs,BT21_069.cs
src/HeadlessDCGO.Engine/Assets/Scripts/CardEffect/BT21/Purple/BT21_070.cs,BT21_070.cs
src/HeadlessDCGO.Engine/Assets/Scripts/CardEffect/BT21/Purple/BT21_071.cs,BT21_071.cs
src/HeadlessDCGO.Engine/Assets/Scripts/CardEffect/BT21/Purple/BT21_072.cs,BT21_072.cs
src/HeadlessDCGO.Engine/Assets/Scripts/CardEffect/BT21/Purple/BT21_073.cs,BT21_073.cs
src/HeadlessDCGO.Engine/Assets/Scripts/CardEffect/BT21/Purple/BT21_074.cs,BT21_074.cs
src/HeadlessDCGO.Engine/Assets/Scripts/CardEffect/BT21/Purple/BT21_075.cs,BT21_075.cs
src/HeadlessDCGO.Engine/Assets/Scripts/CardEffect/BT21/Purple/BT21_076.cs,BT21_076.cs
src/HeadlessDCGO.Engine/Assets/Scripts/CardEffect/BT21/Purple/BT21_077.cs,BT21_077.cs
src/HeadlessDCGO.Engine/Assets/Scripts/CardEffect/BT21/Purple/BT21_078.cs,BT21_078.cs
src/HeadlessDCGO.Engine/Assets/Scripts/CardEffect/BT21/Purple/BT21_079.cs,BT21_079.cs
src/HeadlessDCGO.Engine/Assets/Scripts/CardEffect/BT21/Purple/BT21_088.cs,BT21_088.cs
src/HeadlessDCGO.Engine/Assets/Scripts/CardEffect/BT21/Purple/BT21_089.cs,BT21_089.cs
src/HeadlessDCGO.Engine/Assets/Scripts/CardEffect/BT21/Purple/BT21_099.cs,BT21_099.cs
src/HeadlessDCGO.Engine/Assets/Scripts/CardEffect/BT21/Purple/BT21_100.cs,BT21_100.cs
src/HeadlessDCGO.Engine/Assets/Scripts/CardEffect/BT21/Red/BT21_001.cs,BT21_001.cs
src/HeadlessDCGO.Engine/Assets/Scripts/CardEffect/BT21/Red/BT21_002.cs,BT21_002.cs
src/HeadlessDCGO.Engine/Assets/Scripts/CardEffect/BT21/Red/BT21_007.cs,BT21_007.cs
src/HeadlessDCGO.Engine/Assets/Scripts/CardEffect/BT21/Red/BT21_008.cs,BT21_008.cs
src/HeadlessDCGO.Engine/Assets/Scripts/CardEffect/BT21/Red/BT21_009.cs,BT21_009.cs
src/HeadlessDCGO.Engine/Assets/Scripts/CardEffect/BT21/Red/BT21_010.cs,BT21_010.cs
src/HeadlessDCGO.Engine/Assets/Scripts/CardEffect/BT21/Red/BT21_011.cs,BT21_011.cs
src/HeadlessDCGO.Engine/Assets/Scripts/CardEffect/BT21/Red/BT21_012.cs,BT21_012.cs
src/HeadlessDCGO.Engine/Assets/Scripts/CardEffect/BT21/Red/BT21_013.cs,BT21_013.cs
src/HeadlessDCGO.Engine/Assets/Scripts/CardEffect/BT21/Red/BT21_014.cs,BT21_014.cs
src/HeadlessDCGO.Engine/Assets/Scripts/CardEffect/BT21/Red/BT21_015.cs,BT21_015.cs
src/HeadlessDCGO.Engine/Assets/Scripts/CardEffect/BT21/Red/BT21_016.cs,BT21_016.cs
src/HeadlessDCGO.Engine/Assets/Scripts/CardEffect/BT21/Red/BT21_017.cs,BT21_017.cs
src/HeadlessDCGO.Engine/Assets/Scripts/CardEffect/BT21/Red/BT21_018.cs,BT21_018.cs
src/HeadlessDCGO.Engine/Assets/Scripts/CardEffect/BT21/Red/BT21_019.cs,BT21_019.cs
src/HeadlessDCGO.Engine/Assets/Scripts/CardEffect/BT21/Red/BT21_020.cs,BT21_020.cs
src/HeadlessDCGO.Engine/Assets/Scripts/CardEffect/BT21/Red/BT21_021.cs,BT21_021.cs
src/HeadlessDCGO.Engine/Assets/Scripts/CardEffect/BT21/Red/BT21_022.cs,BT21_022.cs
src/HeadlessDCGO.Engine/Assets/Scripts/CardEffect/BT21/Red/BT21_023.cs,BT21_023.cs
src/HeadlessDCGO.Engine/Assets/Scripts/CardEffect/BT21/Red/BT21_024.cs,BT21_024.cs
src/HeadlessDCGO.Engine/Assets/Scripts/CardEffect/BT21/Red/BT21_025.cs,BT21_025.cs
src/HeadlessDCGO.Engine/Assets/Scripts/CardEffect/BT21/Red/BT21_026.cs,BT21_026.cs
src/HeadlessDCGO.Engine/Assets/Scripts/CardEffect/BT21/Red/BT21_027.cs,BT21_027.cs
src/HeadlessDCGO.Engine/Assets/Scripts/CardEffect/BT21/Red/BT21_028.cs,BT21_028.cs
src/HeadlessDCGO.Engine/Assets/Scripts/CardEffect/BT21/Red/BT21_029.cs,BT21_029.cs
src/HeadlessDCGO.Engine/Assets/Scripts/CardEffect/BT21/Red/BT21_029_token.cs,BT21_029_token.cs
src/HeadlessDCGO.Engine/Assets/Scripts/CardEffect/BT21/Red/BT21_030.cs,BT21_030.cs
src/HeadlessDCGO.Engine/Assets/Scripts/CardEffect/BT21/Red/BT21_080.cs,BT21_080.cs
src/HeadlessDCGO.Engine/Assets/Scripts/CardEffect/BT21/Red/BT21_081.cs,BT21_081.cs
src/HeadlessDCGO.Engine/Assets/Scripts/CardEffect/BT21/Red/BT21_082.cs,BT21_082.cs
src/HeadlessDCGO.Engine/Assets/Scripts/CardEffect/BT21/Red/BT21_083.cs,BT21_083.cs
src/HeadlessDCGO.Engine/Assets/Scripts/CardEffect/BT21/Red/BT21_084.cs,BT21_084.cs
src/HeadlessDCGO.Engine/Assets/Scripts/CardEffect/BT21/Red/BT21_090.cs,BT21_090.cs
src/HeadlessDCGO.Engine/Assets/Scripts/CardEffect/BT21/Red/BT21_091.cs,BT21_091.cs
src/HeadlessDCGO.Engine/Assets/Scripts/CardEffect/BT21/Red/BT21_092.cs,BT21_092.cs
src/HeadlessDCGO.Engine/Assets/Scripts/CardEffect/BT21/Red/BT21_093.cs,BT21_093.cs
src/HeadlessDCGO.Engine/Assets/Scripts/CardEffect/BT21/White/BT21_101.cs,BT21_101.cs
src/HeadlessDCGO.Engine/Assets/Scripts/CardEffect/BT21/White/BT21_102.cs,BT21_102.cs
src/HeadlessDCGO.Engine/Assets/Scripts/CardEffect/BT21/Yellow/BT21_004.cs,BT21_004.cs
src/HeadlessDCGO.Engine/Assets/Scripts/CardEffect/BT21/Yellow/BT21_040.cs,BT21_040.cs
src/HeadlessDCGO.Engine/Assets/Scripts/CardEffect/BT21/Yellow/BT21_041.cs,BT21_041.cs
src/HeadlessDCGO.Engine/Assets/Scripts/CardEffect/BT21/Yellow/BT21_042.cs,BT21_042.cs
src/HeadlessDCGO.Engine/Assets/Scripts/CardEffect/BT21/Yellow/BT21_043.cs,BT21_043.cs
src/HeadlessDCGO.Engine/Assets/Scripts/CardEffect/BT21/Yellow/BT21_044.cs,BT21_044.cs
src/HeadlessDCGO.Engine/Assets/Scripts/CardEffect/BT21/Yellow/BT21_045.cs,BT21_045.cs
src/HeadlessDCGO.Engine/Assets/Scripts/CardEffect/BT21/Yellow/BT21_086.cs,BT21_086.cs
src/HeadlessDCGO.Engine/Assets/Scripts/CardEffect/BT21/Yellow/BT21_096.cs,BT21_096.cs
src/HeadlessDCGO.Engine/Assets/Scripts/CardEffect/BT22/Black/BT22_005.cs,BT22_005.cs
src/HeadlessDCGO.Engine/Assets/Scripts/CardEffect/BT22/Black/BT22_053.cs,BT22_053.cs
src/HeadlessDCGO.Engine/Assets/Scripts/CardEffect/BT22/Black/BT22_054.cs,BT22_054.cs
src/HeadlessDCGO.Engine/Assets/Scripts/CardEffect/BT22/Black/BT22_055.cs,BT22_055.cs
src/HeadlessDCGO.Engine/Assets/Scripts/CardEffect/BT22/Black/BT22_056.cs,BT22_056.cs
src/HeadlessDCGO.Engine/Assets/Scripts/CardEffect/BT22/Black/BT22_057.cs,BT22_057.cs
src/HeadlessDCGO.Engine/Assets/Scripts/CardEffect/BT22/Black/BT22_058.cs,BT22_058.cs
src/HeadlessDCGO.Engine/Assets/Scripts/CardEffect/BT22/Black/BT22_059.cs,BT22_059.cs
src/HeadlessDCGO.Engine/Assets/Scripts/CardEffect/BT22/Black/BT22_060.cs,BT22_060.cs
src/HeadlessDCGO.Engine/Assets/Scripts/CardEffect/BT22/Black/BT22_061.cs,BT22_061.cs
src/HeadlessDCGO.Engine/Assets/Scripts/CardEffect/BT22/Black/BT22_062.cs,BT22_062.cs
src/HeadlessDCGO.Engine/Assets/Scripts/CardEffect/BT22/Black/BT22_063.cs,BT22_063.cs
src/HeadlessDCGO.Engine/Assets/Scripts/CardEffect/BT22/Black/BT22_064.cs,BT22_064.cs
src/HeadlessDCGO.Engine/Assets/Scripts/CardEffect/BT22/Black/BT22_065.cs,BT22_065.cs
src/HeadlessDCGO.Engine/Assets/Scripts/CardEffect/BT22/Black/BT22_066.cs,BT22_066.cs
src/HeadlessDCGO.Engine/Assets/Scripts/CardEffect/BT22/Black/BT22_067.cs,BT22_067.cs
src/HeadlessDCGO.Engine/Assets/Scripts/CardEffect/BT22/Black/BT22_090.cs,BT22_090.cs
src/HeadlessDCGO.Engine/Assets/Scripts/CardEffect/BT22/Black/BT22_091.cs,BT22_091.cs
src/HeadlessDCGO.Engine/Assets/Scripts/CardEffect/BT22/Black/BT22_099.cs,BT22_099.cs
src/HeadlessDCGO.Engine/Assets/Scripts/CardEffect/BT22/Black/BT22_100.cs,BT22_100.cs
src/HeadlessDCGO.Engine/Assets/Scripts/CardEffect/BT22/Black/BT22_101.cs,BT22_101.cs
src/HeadlessDCGO.Engine/Assets/Scripts/CardEffect/BT22/Blue/BT22_001.cs,BT22_001.cs
src/HeadlessDCGO.Engine/Assets/Scripts/CardEffect/BT22/Blue/BT22_016.cs,BT22_016.cs
src/HeadlessDCGO.Engine/Assets/Scripts/CardEffect/BT22/Blue/BT22_017.cs,BT22_017.cs
src/HeadlessDCGO.Engine/Assets/Scripts/CardEffect/BT22/Blue/BT22_018.cs,BT22_018.cs
src/HeadlessDCGO.Engine/Assets/Scripts/CardEffect/BT22/Blue/BT22_019.cs,BT22_019.cs
src/HeadlessDCGO.Engine/Assets/Scripts/CardEffect/BT22/Blue/BT22_020.cs,BT22_020.cs
src/HeadlessDCGO.Engine/Assets/Scripts/CardEffect/BT22/Blue/BT22_021.cs,BT22_021.cs
src/HeadlessDCGO.Engine/Assets/Scripts/CardEffect/BT22/Blue/BT22_022.cs,BT22_022.cs
src/HeadlessDCGO.Engine/Assets/Scripts/CardEffect/BT22/Blue/BT22_023.cs,BT22_023.cs
src/HeadlessDCGO.Engine/Assets/Scripts/CardEffect/BT22/Blue/BT22_024.cs,BT22_024.cs
src/HeadlessDCGO.Engine/Assets/Scripts/CardEffect/BT22/Blue/BT22_025.cs,BT22_025.cs
src/HeadlessDCGO.Engine/Assets/Scripts/CardEffect/BT22/Blue/BT22_026.cs,BT22_026.cs
src/HeadlessDCGO.Engine/Assets/Scripts/CardEffect/BT22/Blue/BT22_027.cs,BT22_027.cs
src/HeadlessDCGO.Engine/Assets/Scripts/CardEffect/BT22/Blue/BT22_028.cs,BT22_028.cs
src/HeadlessDCGO.Engine/Assets/Scripts/CardEffect/BT22/Blue/BT22_085.cs,BT22_085.cs
src/HeadlessDCGO.Engine/Assets/Scripts/CardEffect/BT22/Blue/BT22_086.cs,BT22_086.cs
src/HeadlessDCGO.Engine/Assets/Scripts/CardEffect/BT22/Blue/BT22_096.cs,BT22_096.cs
src/HeadlessDCGO.Engine/Assets/Scripts/CardEffect/BT22/Green/BT22_004.cs,BT22_004.cs
src/HeadlessDCGO.Engine/Assets/Scripts/CardEffect/BT22/Green/BT22_043.cs,BT22_043.cs
src/HeadlessDCGO.Engine/Assets/Scripts/CardEffect/BT22/Green/BT22_044.cs,BT22_044.cs
src/HeadlessDCGO.Engine/Assets/Scripts/CardEffect/BT22/Green/BT22_045.cs,BT22_045.cs
src/HeadlessDCGO.Engine/Assets/Scripts/CardEffect/BT22/Green/BT22_046.cs,BT22_046.cs
src/HeadlessDCGO.Engine/Assets/Scripts/CardEffect/BT22/Green/BT22_047.cs,BT22_047.cs
src/HeadlessDCGO.Engine/Assets/Scripts/CardEffect/BT22/Green/BT22_048.cs,BT22_048.cs
src/HeadlessDCGO.Engine/Assets/Scripts/CardEffect/BT22/Green/BT22_049.cs,BT22_049.cs
src/HeadlessDCGO.Engine/Assets/Scripts/CardEffect/BT22/Green/BT22_050.cs,BT22_050.cs
src/HeadlessDCGO.Engine/Assets/Scripts/CardEffect/BT22/Green/BT22_051.cs,BT22_051.cs
src/HeadlessDCGO.Engine/Assets/Scripts/CardEffect/BT22/Green/BT22_052.cs,BT22_052.cs
src/HeadlessDCGO.Engine/Assets/Scripts/CardEffect/BT22/Purple/BT22_006.cs,BT22_006.cs
src/HeadlessDCGO.Engine/Assets/Scripts/CardEffect/BT22/Purple/BT22_068.cs,BT22_068.cs
src/HeadlessDCGO.Engine/Assets/Scripts/CardEffect/BT22/Purple/BT22_069.cs,BT22_069.cs
src/HeadlessDCGO.Engine/Assets/Scripts/CardEffect/BT22/Purple/BT22_070.cs,BT22_070.cs
src/HeadlessDCGO.Engine/Assets/Scripts/CardEffect/BT22/Purple/BT22_071.cs,BT22_071.cs
src/HeadlessDCGO.Engine/Assets/Scripts/CardEffect/BT22/Purple/BT22_072.cs,BT22_072.cs
src/HeadlessDCGO.Engine/Assets/Scripts/CardEffect/BT22/Purple/BT22_073.cs,BT22_073.cs
src/HeadlessDCGO.Engine/Assets/Scripts/CardEffect/BT22/Purple/BT22_074.cs,BT22_074.cs
src/HeadlessDCGO.Engine/Assets/Scripts/CardEffect/BT22/Purple/BT22_075.cs,BT22_075.cs
src/HeadlessDCGO.Engine/Assets/Scripts/CardEffect/BT22/Purple/BT22_076.cs,BT22_076.cs
src/HeadlessDCGO.Engine/Assets/Scripts/CardEffect/BT22/Purple/BT22_077.cs,BT22_077.cs
src/HeadlessDCGO.Engine/Assets/Scripts/CardEffect/BT22/Purple/BT22_078.cs,BT22_078.cs
src/HeadlessDCGO.Engine/Assets/Scripts/CardEffect/BT22/Purple/BT22_092.cs,BT22_092.cs
src/HeadlessDCGO.Engine/Assets/Scripts/CardEffect/BT22/Purple/BT22_102.cs,BT22_102.cs
src/HeadlessDCGO.Engine/Assets/Scripts/CardEffect/BT22/Red/BT22_008.cs,BT22_008.cs
src/HeadlessDCGO.Engine/Assets/Scripts/CardEffect/BT22/Red/BT22_009.cs,BT22_009.cs
src/HeadlessDCGO.Engine/Assets/Scripts/CardEffect/BT22/Red/BT22_010.cs,BT22_010.cs
src/HeadlessDCGO.Engine/Assets/Scripts/CardEffect/BT22/Red/BT22_011.cs,BT22_011.cs
src/HeadlessDCGO.Engine/Assets/Scripts/CardEffect/BT22/Red/BT22_012.cs,BT22_012.cs
src/HeadlessDCGO.Engine/Assets/Scripts/CardEffect/BT22/Red/BT22_013.cs,BT22_013.cs
src/HeadlessDCGO.Engine/Assets/Scripts/CardEffect/BT22/Red/BT22_014.cs,BT22_014.cs
src/HeadlessDCGO.Engine/Assets/Scripts/CardEffect/BT22/Red/BT22_015.cs,BT22_015.cs
src/HeadlessDCGO.Engine/Assets/Scripts/CardEffect/BT22/Red/BT22_083.cs,BT22_083.cs
src/HeadlessDCGO.Engine/Assets/Scripts/CardEffect/BT22/Red/BT22_084.cs,BT22_084.cs
src/HeadlessDCGO.Engine/Assets/Scripts/CardEffect/BT22/White/BT22_007.cs,BT22_007.cs
src/HeadlessDCGO.Engine/Assets/Scripts/CardEffect/BT22/White/BT22_079.cs,BT22_079.cs
src/HeadlessDCGO.Engine/Assets/Scripts/CardEffect/BT22/White/BT22_080.cs,BT22_080.cs
src/HeadlessDCGO.Engine/Assets/Scripts/CardEffect/BT22/White/BT22_081.cs,BT22_081.cs
src/HeadlessDCGO.Engine/Assets/Scripts/CardEffect/BT22/White/BT22_082.cs,BT22_082.cs
src/HeadlessDCGO.Engine/Assets/Scripts/CardEffect/BT22/White/BT22_093.cs,BT22_093.cs
src/HeadlessDCGO.Engine/Assets/Scripts/CardEffect/BT22/White/BT22_094.cs,BT22_094.cs
src/HeadlessDCGO.Engine/Assets/Scripts/CardEffect/BT22/White/BT22_095.cs,BT22_095.cs
src/HeadlessDCGO.Engine/Assets/Scripts/CardEffect/BT22/Yellow/BT22_002.cs,BT22_002.cs
src/HeadlessDCGO.Engine/Assets/Scripts/CardEffect/BT22/Yellow/BT22_003.cs,BT22_003.cs
src/HeadlessDCGO.Engine/Assets/Scripts/CardEffect/BT22/Yellow/BT22_029.cs,BT22_029.cs
src/HeadlessDCGO.Engine/Assets/Scripts/CardEffect/BT22/Yellow/BT22_030.cs,BT22_030.cs
src/HeadlessDCGO.Engine/Assets/Scripts/CardEffect/BT22/Yellow/BT22_031.cs,BT22_031.cs
src/HeadlessDCGO.Engine/Assets/Scripts/CardEffect/BT22/Yellow/BT22_032.cs,BT22_032.cs
src/HeadlessDCGO.Engine/Assets/Scripts/CardEffect/BT22/Yellow/BT22_033.cs,BT22_033.cs
src/HeadlessDCGO.Engine/Assets/Scripts/CardEffect/BT22/Yellow/BT22_034.cs,BT22_034.cs
src/HeadlessDCGO.Engine/Assets/Scripts/CardEffect/BT22/Yellow/BT22_035.cs,BT22_035.cs
src/HeadlessDCGO.Engine/Assets/Scripts/CardEffect/BT22/Yellow/BT22_036.cs,BT22_036.cs
src/HeadlessDCGO.Engine/Assets/Scripts/CardEffect/BT22/Yellow/BT22_037.cs,BT22_037.cs
src/HeadlessDCGO.Engine/Assets/Scripts/CardEffect/BT22/Yellow/BT22_038.cs,BT22_038.cs
src/HeadlessDCGO.Engine/Assets/Scripts/CardEffect/BT22/Yellow/BT22_039.cs,BT22_039.cs
src/HeadlessDCGO.Engine/Assets/Scripts/CardEffect/BT22/Yellow/BT22_040.cs,BT22_040.cs
src/HeadlessDCGO.Engine/Assets/Scripts/CardEffect/BT22/Yellow/BT22_041.cs,BT22_041.cs
src/HeadlessDCGO.Engine/Assets/Scripts/CardEffect/BT22/Yellow/BT22_042.cs,BT22_042.cs
src/HeadlessDCGO.Engine/Assets/Scripts/CardEffect/BT22/Yellow/BT22_087.cs,BT22_087.cs
src/HeadlessDCGO.Engine/Assets/Scripts/CardEffect/BT22/Yellow/BT22_088.cs,BT22_088.cs
src/HeadlessDCGO.Engine/Assets/Scripts/CardEffect/BT22/Yellow/BT22_089.cs,BT22_089.cs
src/HeadlessDCGO.Engine/Assets/Scripts/CardEffect/BT22/Yellow/BT22_097.cs,BT22_097.cs
src/HeadlessDCGO.Engine/Assets/Scripts/CardEffect/BT22/Yellow/BT22_098.cs,BT22_098.cs
src/HeadlessDCGO.Engine/Assets/Scripts/CardEffect/BT23/Black/BT23_003.cs,BT23_003.cs
src/HeadlessDCGO.Engine/Assets/Scripts/CardEffect/BT23/Black/BT23_049.cs,BT23_049.cs
src/HeadlessDCGO.Engine/Assets/Scripts/CardEffect/BT23/Black/BT23_050.cs,BT23_050.cs
src/HeadlessDCGO.Engine/Assets/Scripts/CardEffect/BT23/Black/BT23_051.cs,BT23_051.cs
src/HeadlessDCGO.Engine/Assets/Scripts/CardEffect/BT23/Black/BT23_052.cs,BT23_052.cs
src/HeadlessDCGO.Engine/Assets/Scripts/CardEffect/BT23/Black/BT23_053.cs,BT23_053.cs
src/HeadlessDCGO.Engine/Assets/Scripts/CardEffect/BT23/Black/BT23_054.cs,BT23_054.cs
src/HeadlessDCGO.Engine/Assets/Scripts/CardEffect/BT23/Black/BT23_055.cs,BT23_055.cs
src/HeadlessDCGO.Engine/Assets/Scripts/CardEffect/BT23/Black/BT23_056.cs,BT23_056.cs
src/HeadlessDCGO.Engine/Assets/Scripts/CardEffect/BT23/Black/BT23_057.cs,BT23_057.cs
src/HeadlessDCGO.Engine/Assets/Scripts/CardEffect/BT23/Black/BT23_057_token.cs,BT23_057_token.cs
src/HeadlessDCGO.Engine/Assets/Scripts/CardEffect/BT23/Black/BT23_058.cs,BT23_058.cs
src/HeadlessDCGO.Engine/Assets/Scripts/CardEffect/BT23/Black/BT23_059.cs,BT23_059.cs
src/HeadlessDCGO.Engine/Assets/Scripts/CardEffect/BT23/Black/BT23_060.cs,BT23_060.cs
src/HeadlessDCGO.Engine/Assets/Scripts/CardEffect/BT23/Black/BT23_085.cs,BT23_085.cs
src/HeadlessDCGO.Engine/Assets/Scripts/CardEffect/BT23/Black/BT23_086.cs,BT23_086.cs
src/HeadlessDCGO.Engine/Assets/Scripts/CardEffect/BT23/Black/BT23_096.cs,BT23_096.cs
src/HeadlessDCGO.Engine/Assets/Scripts/CardEffect/BT23/Blue/BT23_001.cs,BT23_001.cs
src/HeadlessDCGO.Engine/Assets/Scripts/CardEffect/BT23/Blue/BT23_016.cs,BT23_016.cs
src/HeadlessDCGO.Engine/Assets/Scripts/CardEffect/BT23/Blue/BT23_017.cs,BT23_017.cs
src/HeadlessDCGO.Engine/Assets/Scripts/CardEffect/BT23/Blue/BT23_018.cs,BT23_018.cs
src/HeadlessDCGO.Engine/Assets/Scripts/CardEffect/BT23/Blue/BT23_019.cs,BT23_019.cs
src/HeadlessDCGO.Engine/Assets/Scripts/CardEffect/BT23/Blue/BT23_020.cs,BT23_020.cs
src/HeadlessDCGO.Engine/Assets/Scripts/CardEffect/BT23/Blue/BT23_021.cs,BT23_021.cs
src/HeadlessDCGO.Engine/Assets/Scripts/CardEffect/BT23/Blue/BT23_022.cs,BT23_022.cs
src/HeadlessDCGO.Engine/Assets/Scripts/CardEffect/BT23/Blue/BT23_023.cs,BT23_023.cs
src/HeadlessDCGO.Engine/Assets/Scripts/CardEffect/BT23/Blue/BT23_024.cs,BT23_024.cs
src/HeadlessDCGO.Engine/Assets/Scripts/CardEffect/BT23/Blue/BT23_025.cs,BT23_025.cs
src/HeadlessDCGO.Engine/Assets/Scripts/CardEffect/BT23/Blue/BT23_079.cs,BT23_079.cs
src/HeadlessDCGO.Engine/Assets/Scripts/CardEffect/BT23/Blue/BT23_080.cs,BT23_080.cs
src/HeadlessDCGO.Engine/Assets/Scripts/CardEffect/BT23/Blue/BT23_092.cs,BT23_092.cs
src/HeadlessDCGO.Engine/Assets/Scripts/CardEffect/BT23/Blue/BT23_093.cs,BT23_093.cs
src/HeadlessDCGO.Engine/Assets/Scripts/CardEffect/BT23/Green/BT23_002.cs,BT23_002.cs
src/HeadlessDCGO.Engine/Assets/Scripts/CardEffect/BT23/Green/BT23_037.cs,BT23_037.cs
src/HeadlessDCGO.Engine/Assets/Scripts/CardEffect/BT23/Green/BT23_038.cs,BT23_038.cs
src/HeadlessDCGO.Engine/Assets/Scripts/CardEffect/BT23/Green/BT23_039.cs,BT23_039.cs
src/HeadlessDCGO.Engine/Assets/Scripts/CardEffect/BT23/Green/BT23_040.cs,BT23_040.cs
src/HeadlessDCGO.Engine/Assets/Scripts/CardEffect/BT23/Green/BT23_041.cs,BT23_041.cs
src/HeadlessDCGO.Engine/Assets/Scripts/CardEffect/BT23/Green/BT23_042.cs,BT23_042.cs
src/HeadlessDCGO.Engine/Assets/Scripts/CardEffect/BT23/Green/BT23_043.cs,BT23_043.cs
src/HeadlessDCGO.Engine/Assets/Scripts/CardEffect/BT23/Green/BT23_044.cs,BT23_044.cs
src/HeadlessDCGO.Engine/Assets/Scripts/CardEffect/BT23/Green/BT23_045.cs,BT23_045.cs
src/HeadlessDCGO.Engine/Assets/Scripts/CardEffect/BT23/Green/BT23_046.cs,BT23_046.cs
src/HeadlessDCGO.Engine/Assets/Scripts/CardEffect/BT23/Green/BT23_047.cs,BT23_047.cs
src/HeadlessDCGO.Engine/Assets/Scripts/CardEffect/BT23/Green/BT23_083.cs,BT23_083.cs
src/HeadlessDCGO.Engine/Assets/Scripts/CardEffect/BT23/Green/BT23_084.cs,BT23_084.cs
src/HeadlessDCGO.Engine/Assets/Scripts/CardEffect/BT23/Green/BT23_095.cs,BT23_095.cs
src/HeadlessDCGO.Engine/Assets/Scripts/CardEffect/BT23/Green/BT23_101.cs,BT23_101.cs
src/HeadlessDCGO.Engine/Assets/Scripts/CardEffect/BT23/Purple/BT23_004.cs,BT23_004.cs
src/HeadlessDCGO.Engine/Assets/Scripts/CardEffect/BT23/Purple/BT23_061.cs,BT23_061.cs
src/HeadlessDCGO.Engine/Assets/Scripts/CardEffect/BT23/Purple/BT23_062.cs,BT23_062.cs
src/HeadlessDCGO.Engine/Assets/Scripts/CardEffect/BT23/Purple/BT23_063.cs,BT23_063.cs
src/HeadlessDCGO.Engine/Assets/Scripts/CardEffect/BT23/Purple/BT23_064.cs,BT23_064.cs
src/HeadlessDCGO.Engine/Assets/Scripts/CardEffect/BT23/Purple/BT23_065.cs,BT23_065.cs
src/HeadlessDCGO.Engine/Assets/Scripts/CardEffect/BT23/Purple/BT23_066.cs,BT23_066.cs
src/HeadlessDCGO.Engine/Assets/Scripts/CardEffect/BT23/Purple/BT23_067.cs,BT23_067.cs
src/HeadlessDCGO.Engine/Assets/Scripts/CardEffect/BT23/Purple/BT23_068.cs,BT23_068.cs
src/HeadlessDCGO.Engine/Assets/Scripts/CardEffect/BT23/Purple/BT23_069.cs,BT23_069.cs
src/HeadlessDCGO.Engine/Assets/Scripts/CardEffect/BT23/Purple/BT23_070.cs,BT23_070.cs
src/HeadlessDCGO.Engine/Assets/Scripts/CardEffect/BT23/Purple/BT23_071.cs,BT23_071.cs
src/HeadlessDCGO.Engine/Assets/Scripts/CardEffect/BT23/Purple/BT23_087.cs,BT23_087.cs
src/HeadlessDCGO.Engine/Assets/Scripts/CardEffect/BT23/Purple/BT23_088.cs,BT23_088.cs
src/HeadlessDCGO.Engine/Assets/Scripts/CardEffect/BT23/Purple/BT23_097.cs,BT23_097.cs
src/HeadlessDCGO.Engine/Assets/Scripts/CardEffect/BT23/Purple/BT23_098.cs,BT23_098.cs
src/HeadlessDCGO.Engine/Assets/Scripts/CardEffect/BT23/Red/BT23_005.cs,BT23_005.cs
src/HeadlessDCGO.Engine/Assets/Scripts/CardEffect/BT23/Red/BT23_006.cs,BT23_006.cs
src/HeadlessDCGO.Engine/Assets/Scripts/CardEffect/BT23/Red/BT23_007.cs,BT23_007.cs
src/HeadlessDCGO.Engine/Assets/Scripts/CardEffect/BT23/Red/BT23_008.cs,BT23_008.cs
src/HeadlessDCGO.Engine/Assets/Scripts/CardEffect/BT23/Red/BT23_009.cs,BT23_009.cs
src/HeadlessDCGO.Engine/Assets/Scripts/CardEffect/BT23/Red/BT23_010.cs,BT23_010.cs
src/HeadlessDCGO.Engine/Assets/Scripts/CardEffect/BT23/Red/BT23_011.cs,BT23_011.cs
src/HeadlessDCGO.Engine/Assets/Scripts/CardEffect/BT23/Red/BT23_012.cs,BT23_012.cs
src/HeadlessDCGO.Engine/Assets/Scripts/CardEffect/BT23/Red/BT23_013.cs,BT23_013.cs
src/HeadlessDCGO.Engine/Assets/Scripts/CardEffect/BT23/Red/BT23_014.cs,BT23_014.cs
src/HeadlessDCGO.Engine/Assets/Scripts/CardEffect/BT23/Red/BT23_015.cs,BT23_015.cs
src/HeadlessDCGO.Engine/Assets/Scripts/CardEffect/BT23/Red/BT23_048.cs,BT23_048.cs
src/HeadlessDCGO.Engine/Assets/Scripts/CardEffect/BT23/Red/BT23_078.cs,BT23_078.cs
src/HeadlessDCGO.Engine/Assets/Scripts/CardEffect/BT23/Red/BT23_091.cs,BT23_091.cs
src/HeadlessDCGO.Engine/Assets/Scripts/CardEffect/BT23/White/BT23_072.cs,BT23_072.cs
src/HeadlessDCGO.Engine/Assets/Scripts/CardEffect/BT23/White/BT23_073.cs,BT23_073.cs
src/HeadlessDCGO.Engine/Assets/Scripts/CardEffect/BT23/White/BT23_074.cs,BT23_074.cs
src/HeadlessDCGO.Engine/Assets/Scripts/CardEffect/BT23/White/BT23_075.cs,BT23_075.cs
src/HeadlessDCGO.Engine/Assets/Scripts/CardEffect/BT23/White/BT23_076.cs,BT23_076.cs
src/HeadlessDCGO.Engine/Assets/Scripts/CardEffect/BT23/White/BT23_077.cs,BT23_077.cs
src/HeadlessDCGO.Engine/Assets/Scripts/CardEffect/BT23/White/BT23_089.cs,BT23_089.cs
src/HeadlessDCGO.Engine/Assets/Scripts/CardEffect/BT23/White/BT23_090.cs,BT23_090.cs
src/HeadlessDCGO.Engine/Assets/Scripts/CardEffect/BT23/White/BT23_099.cs,BT23_099.cs
src/HeadlessDCGO.Engine/Assets/Scripts/CardEffect/BT23/White/BT23_100.cs,BT23_100.cs
src/HeadlessDCGO.Engine/Assets/Scripts/CardEffect/BT23/Yellow/BT23_026.cs,BT23_026.cs
src/HeadlessDCGO.Engine/Assets/Scripts/CardEffect/BT23/Yellow/BT23_027.cs,BT23_027.cs
src/HeadlessDCGO.Engine/Assets/Scripts/CardEffect/BT23/Yellow/BT23_028.cs,BT23_028.cs
src/HeadlessDCGO.Engine/Assets/Scripts/CardEffect/BT23/Yellow/BT23_029.cs,BT23_029.cs
src/HeadlessDCGO.Engine/Assets/Scripts/CardEffect/BT23/Yellow/BT23_030.cs,BT23_030.cs
src/HeadlessDCGO.Engine/Assets/Scripts/CardEffect/BT23/Yellow/BT23_031.cs,BT23_031.cs
src/HeadlessDCGO.Engine/Assets/Scripts/CardEffect/BT23/Yellow/BT23_032.cs,BT23_032.cs
src/HeadlessDCGO.Engine/Assets/Scripts/CardEffect/BT23/Yellow/BT23_033.cs,BT23_033.cs
src/HeadlessDCGO.Engine/Assets/Scripts/CardEffect/BT23/Yellow/BT23_034.cs,BT23_034.cs
src/HeadlessDCGO.Engine/Assets/Scripts/CardEffect/BT23/Yellow/BT23_035.cs,BT23_035.cs
src/HeadlessDCGO.Engine/Assets/Scripts/CardEffect/BT23/Yellow/BT23_036.cs,BT23_036.cs
src/HeadlessDCGO.Engine/Assets/Scripts/CardEffect/BT23/Yellow/BT23_081.cs,BT23_081.cs
src/HeadlessDCGO.Engine/Assets/Scripts/CardEffect/BT23/Yellow/BT23_082.cs,BT23_082.cs
src/HeadlessDCGO.Engine/Assets/Scripts/CardEffect/BT23/Yellow/BT23_094.cs,BT23_094.cs
src/HeadlessDCGO.Engine/Assets/Scripts/CardEffect/BT23/Yellow/BT23_102.cs,BT23_102.cs
src/HeadlessDCGO.Engine/Assets/Scripts/CardEffect/BT24/Black/BT24_005.cs,BT24_005.cs
src/HeadlessDCGO.Engine/Assets/Scripts/CardEffect/BT24/Black/BT24_052.cs,BT24_052.cs
src/HeadlessDCGO.Engine/Assets/Scripts/CardEffect/BT24/Black/BT24_053.cs,BT24_053.cs
src/HeadlessDCGO.Engine/Assets/Scripts/CardEffect/BT24/Black/BT24_054.cs,BT24_054.cs
src/HeadlessDCGO.Engine/Assets/Scripts/CardEffect/BT24/Black/BT24_055.cs,BT24_055.cs
src/HeadlessDCGO.Engine/Assets/Scripts/CardEffect/BT24/Black/BT24_056.cs,BT24_056.cs
src/HeadlessDCGO.Engine/Assets/Scripts/CardEffect/BT24/Black/BT24_057.cs,BT24_057.cs
src/HeadlessDCGO.Engine/Assets/Scripts/CardEffect/BT24/Black/BT24_058.cs,BT24_058.cs
src/HeadlessDCGO.Engine/Assets/Scripts/CardEffect/BT24/Black/BT24_059.cs,BT24_059.cs
src/HeadlessDCGO.Engine/Assets/Scripts/CardEffect/BT24/Black/BT24_060.cs,BT24_060.cs
src/HeadlessDCGO.Engine/Assets/Scripts/CardEffect/BT24/Black/BT24_061.cs,BT24_061.cs
src/HeadlessDCGO.Engine/Assets/Scripts/CardEffect/BT24/Black/BT24_062.cs,BT24_062.cs
src/HeadlessDCGO.Engine/Assets/Scripts/CardEffect/BT24/Black/BT24_063.cs,BT24_063.cs
src/HeadlessDCGO.Engine/Assets/Scripts/CardEffect/BT24/Black/BT24_064.cs,BT24_064.cs
src/HeadlessDCGO.Engine/Assets/Scripts/CardEffect/BT24/Black/BT24_065.cs,BT24_065.cs
src/HeadlessDCGO.Engine/Assets/Scripts/CardEffect/BT24/Black/BT24_086.cs,BT24_086.cs
src/HeadlessDCGO.Engine/Assets/Scripts/CardEffect/BT24/Blue/BT24_002.cs,BT24_002.cs
src/HeadlessDCGO.Engine/Assets/Scripts/CardEffect/BT24/Blue/BT24_019.cs,BT24_019.cs
src/HeadlessDCGO.Engine/Assets/Scripts/CardEffect/BT24/Blue/BT24_020.cs,BT24_020.cs
src/HeadlessDCGO.Engine/Assets/Scripts/CardEffect/BT24/Blue/BT24_021.cs,BT24_021.cs
src/HeadlessDCGO.Engine/Assets/Scripts/CardEffect/BT24/Blue/BT24_022.cs,BT24_022.cs
src/HeadlessDCGO.Engine/Assets/Scripts/CardEffect/BT24/Blue/BT24_023.cs,BT24_023.cs
src/HeadlessDCGO.Engine/Assets/Scripts/CardEffect/BT24/Blue/BT24_024.cs,BT24_024.cs
src/HeadlessDCGO.Engine/Assets/Scripts/CardEffect/BT24/Blue/BT24_025.cs,BT24_025.cs
src/HeadlessDCGO.Engine/Assets/Scripts/CardEffect/BT24/Blue/BT24_026.cs,BT24_026.cs
src/HeadlessDCGO.Engine/Assets/Scripts/CardEffect/BT24/Blue/BT24_027.cs,BT24_027.cs
src/HeadlessDCGO.Engine/Assets/Scripts/CardEffect/BT24/Blue/BT24_028.cs,BT24_028.cs
src/HeadlessDCGO.Engine/Assets/Scripts/CardEffect/BT24/Blue/BT24_029.cs,BT24_029.cs
src/HeadlessDCGO.Engine/Assets/Scripts/CardEffect/BT24/Blue/BT24_030.cs,BT24_030.cs
src/HeadlessDCGO.Engine/Assets/Scripts/CardEffect/BT24/Blue/BT24_090.cs,BT24_090.cs
src/HeadlessDCGO.Engine/Assets/Scripts/CardEffect/BT24/Blue/BT24_091.cs,BT24_091.cs
src/HeadlessDCGO.Engine/Assets/Scripts/CardEffect/BT24/Green/BT24_004.cs,BT24_004.cs
src/HeadlessDCGO.Engine/Assets/Scripts/CardEffect/BT24/Green/BT24_042.cs,BT24_042.cs
src/HeadlessDCGO.Engine/Assets/Scripts/CardEffect/BT24/Green/BT24_043.cs,BT24_043.cs
src/HeadlessDCGO.Engine/Assets/Scripts/CardEffect/BT24/Green/BT24_044.cs,BT24_044.cs
src/HeadlessDCGO.Engine/Assets/Scripts/CardEffect/BT24/Green/BT24_045.cs,BT24_045.cs
src/HeadlessDCGO.Engine/Assets/Scripts/CardEffect/BT24/Green/BT24_046.cs,BT24_046.cs
src/HeadlessDCGO.Engine/Assets/Scripts/CardEffect/BT24/Green/BT24_047.cs,BT24_047.cs
src/HeadlessDCGO.Engine/Assets/Scripts/CardEffect/BT24/Green/BT24_048.cs,BT24_048.cs
src/HeadlessDCGO.Engine/Assets/Scripts/CardEffect/BT24/Green/BT24_049.cs,BT24_049.cs
src/HeadlessDCGO.Engine/Assets/Scripts/CardEffect/BT24/Green/BT24_050.cs,BT24_050.cs
src/HeadlessDCGO.Engine/Assets/Scripts/CardEffect/BT24/Green/BT24_051.cs,BT24_051.cs
src/HeadlessDCGO.Engine/Assets/Scripts/CardEffect/BT24/Green/BT24_085.cs,BT24_085.cs
src/HeadlessDCGO.Engine/Assets/Scripts/CardEffect/BT24/Green/BT24_094.cs,BT24_094.cs
src/HeadlessDCGO.Engine/Assets/Scripts/CardEffect/BT24/Green/BT24_095.cs,BT24_095.cs
src/HeadlessDCGO.Engine/Assets/Scripts/CardEffect/BT24/Purple/BT24_006.cs,BT24_006.cs
src/HeadlessDCGO.Engine/Assets/Scripts/CardEffect/BT24/Purple/BT24_007.cs,BT24_007.cs
src/HeadlessDCGO.Engine/Assets/Scripts/CardEffect/BT24/Purple/BT24_066.cs,BT24_066.cs
src/HeadlessDCGO.Engine/Assets/Scripts/CardEffect/BT24/Purple/BT24_067.cs,BT24_067.cs
src/HeadlessDCGO.Engine/Assets/Scripts/CardEffect/BT24/Purple/BT24_068.cs,BT24_068.cs
src/HeadlessDCGO.Engine/Assets/Scripts/CardEffect/BT24/Purple/BT24_069.cs,BT24_069.cs
src/HeadlessDCGO.Engine/Assets/Scripts/CardEffect/BT24/Purple/BT24_070.cs,BT24_070.cs
src/HeadlessDCGO.Engine/Assets/Scripts/CardEffect/BT24/Purple/BT24_071.cs,BT24_071.cs
src/HeadlessDCGO.Engine/Assets/Scripts/CardEffect/BT24/Purple/BT24_072.cs,BT24_072.cs
src/HeadlessDCGO.Engine/Assets/Scripts/CardEffect/BT24/Purple/BT24_073.cs,BT24_073.cs
src/HeadlessDCGO.Engine/Assets/Scripts/CardEffect/BT24/Purple/BT24_074.cs,BT24_074.cs
src/HeadlessDCGO.Engine/Assets/Scripts/CardEffect/BT24/Purple/BT24_075.cs,BT24_075.cs
src/HeadlessDCGO.Engine/Assets/Scripts/CardEffect/BT24/Purple/BT24_076.cs,BT24_076.cs
src/HeadlessDCGO.Engine/Assets/Scripts/CardEffect/BT24/Purple/BT24_077.cs,BT24_077.cs
src/HeadlessDCGO.Engine/Assets/Scripts/CardEffect/BT24/Purple/BT24_078.cs,BT24_078.cs
src/HeadlessDCGO.Engine/Assets/Scripts/CardEffect/BT24/Purple/BT24_079.cs,BT24_079.cs
src/HeadlessDCGO.Engine/Assets/Scripts/CardEffect/BT24/Purple/BT24_080.cs,BT24_080.cs
src/HeadlessDCGO.Engine/Assets/Scripts/CardEffect/BT24/Purple/BT24_081.cs,BT24_081.cs
src/HeadlessDCGO.Engine/Assets/Scripts/CardEffect/BT24/Purple/BT24_087.cs,BT24_087.cs
src/HeadlessDCGO.Engine/Assets/Scripts/CardEffect/BT24/Purple/BT24_088.cs,BT24_088.cs
src/HeadlessDCGO.Engine/Assets/Scripts/CardEffect/BT24/Purple/BT24_096.cs,BT24_096.cs
src/HeadlessDCGO.Engine/Assets/Scripts/CardEffect/BT24/Purple/BT24_097.cs,BT24_097.cs
src/HeadlessDCGO.Engine/Assets/Scripts/CardEffect/BT24/Purple/BT24_098.cs,BT24_098.cs
src/HeadlessDCGO.Engine/Assets/Scripts/CardEffect/BT24/Purple/BT24_099.cs,BT24_099.cs
src/HeadlessDCGO.Engine/Assets/Scripts/CardEffect/BT24/Red/BT24_001.cs,BT24_001.cs
src/HeadlessDCGO.Engine/Assets/Scripts/CardEffect/BT24/Red/BT24_008.cs,BT24_008.cs
src/HeadlessDCGO.Engine/Assets/Scripts/CardEffect/BT24/Red/BT24_009.cs,BT24_009.cs
src/HeadlessDCGO.Engine/Assets/Scripts/CardEffect/BT24/Red/BT24_010.cs,BT24_010.cs
src/HeadlessDCGO.Engine/Assets/Scripts/CardEffect/BT24/Red/BT24_011.cs,BT24_011.cs
src/HeadlessDCGO.Engine/Assets/Scripts/CardEffect/BT24/Red/BT24_012.cs,BT24_012.cs
src/HeadlessDCGO.Engine/Assets/Scripts/CardEffect/BT24/Red/BT24_013.cs,BT24_013.cs
src/HeadlessDCGO.Engine/Assets/Scripts/CardEffect/BT24/Red/BT24_014.cs,BT24_014.cs
src/HeadlessDCGO.Engine/Assets/Scripts/CardEffect/BT24/Red/BT24_015.cs,BT24_015.cs
src/HeadlessDCGO.Engine/Assets/Scripts/CardEffect/BT24/Red/BT24_016.cs,BT24_016.cs
src/HeadlessDCGO.Engine/Assets/Scripts/CardEffect/BT24/Red/BT24_017.cs,BT24_017.cs
src/HeadlessDCGO.Engine/Assets/Scripts/CardEffect/BT24/Red/BT24_018.cs,BT24_018.cs
src/HeadlessDCGO.Engine/Assets/Scripts/CardEffect/BT24/Red/BT24_082.cs,BT24_082.cs
src/HeadlessDCGO.Engine/Assets/Scripts/CardEffect/BT24/Red/BT24_083.cs,BT24_083.cs
src/HeadlessDCGO.Engine/Assets/Scripts/CardEffect/BT24/Red/BT24_089.cs,BT24_089.cs
src/HeadlessDCGO.Engine/Assets/Scripts/CardEffect/BT24/White/BT24_100.cs,BT24_100.cs
src/HeadlessDCGO.Engine/Assets/Scripts/CardEffect/BT24/White/BT24_102.cs,BT24_102.cs
src/HeadlessDCGO.Engine/Assets/Scripts/CardEffect/BT24/Yellow/BT24_003.cs,BT24_003.cs
src/HeadlessDCGO.Engine/Assets/Scripts/CardEffect/BT24/Yellow/BT24_031.cs,BT24_031.cs
src/HeadlessDCGO.Engine/Assets/Scripts/CardEffect/BT24/Yellow/BT24_032.cs,BT24_032.cs
src/HeadlessDCGO.Engine/Assets/Scripts/CardEffect/BT24/Yellow/BT24_033.cs,BT24_033.cs
src/HeadlessDCGO.Engine/Assets/Scripts/CardEffect/BT24/Yellow/BT24_034.cs,BT24_034.cs
src/HeadlessDCGO.Engine/Assets/Scripts/CardEffect/BT24/Yellow/BT24_035.cs,BT24_035.cs
src/HeadlessDCGO.Engine/Assets/Scripts/CardEffect/BT24/Yellow/BT24_036.cs,BT24_036.cs
src/HeadlessDCGO.Engine/Assets/Scripts/CardEffect/BT24/Yellow/BT24_037.cs,BT24_037.cs
src/HeadlessDCGO.Engine/Assets/Scripts/CardEffect/BT24/Yellow/BT24_038.cs,BT24_038.cs
src/HeadlessDCGO.Engine/Assets/Scripts/CardEffect/BT24/Yellow/BT24_039.cs,BT24_039.cs
src/HeadlessDCGO.Engine/Assets/Scripts/CardEffect/BT24/Yellow/BT24_040.cs,BT24_040.cs
src/HeadlessDCGO.Engine/Assets/Scripts/CardEffect/BT24/Yellow/BT24_041.cs,BT24_041.cs
src/HeadlessDCGO.Engine/Assets/Scripts/CardEffect/BT24/Yellow/BT24_084.cs,BT24_084.cs
src/HeadlessDCGO.Engine/Assets/Scripts/CardEffect/BT24/Yellow/BT24_092.cs,BT24_092.cs
src/HeadlessDCGO.Engine/Assets/Scripts/CardEffect/BT24/Yellow/BT24_093.cs,BT24_093.cs
src/HeadlessDCGO.Engine/Assets/Scripts/CardEffect/BT24/Yellow/BT24_101.cs,BT24_101.cs
src/HeadlessDCGO.Engine/Assets/Scripts/CardEffect/BT25/Black/BT25_005.cs,BT25_005.cs
src/HeadlessDCGO.Engine/Assets/Scripts/CardEffect/BT25/Black/BT25_061.cs,BT25_061.cs
src/HeadlessDCGO.Engine/Assets/Scripts/CardEffect/BT25/Black/BT25_062.cs,BT25_062.cs
src/HeadlessDCGO.Engine/Assets/Scripts/CardEffect/BT25/Black/BT25_063.cs,BT25_063.cs
src/HeadlessDCGO.Engine/Assets/Scripts/CardEffect/BT25/Black/BT25_064.cs,BT25_064.cs
src/HeadlessDCGO.Engine/Assets/Scripts/CardEffect/BT25/Black/BT25_065.cs,BT25_065.cs
src/HeadlessDCGO.Engine/Assets/Scripts/CardEffect/BT25/Black/BT25_066.cs,BT25_066.cs
src/HeadlessDCGO.Engine/Assets/Scripts/CardEffect/BT25/Black/BT25_067.cs,BT25_067.cs
src/HeadlessDCGO.Engine/Assets/Scripts/CardEffect/BT25/Black/BT25_068.cs,BT25_068.cs
src/HeadlessDCGO.Engine/Assets/Scripts/CardEffect/BT25/Black/BT25_069.cs,BT25_069.cs
src/HeadlessDCGO.Engine/Assets/Scripts/CardEffect/BT25/Black/BT25_070.cs,BT25_070.cs
src/HeadlessDCGO.Engine/Assets/Scripts/CardEffect/BT25/Black/BT25_071.cs,BT25_071.cs
src/HeadlessDCGO.Engine/Assets/Scripts/CardEffect/BT25/Black/BT25_072.cs,BT25_072.cs
src/HeadlessDCGO.Engine/Assets/Scripts/CardEffect/BT25/Black/BT25_073.cs,BT25_073.cs
src/HeadlessDCGO.Engine/Assets/Scripts/CardEffect/BT25/Black/BT25_074.cs,BT25_074.cs
src/HeadlessDCGO.Engine/Assets/Scripts/CardEffect/BT25/Black/BT25_075.cs,BT25_075.cs
src/HeadlessDCGO.Engine/Assets/Scripts/CardEffect/BT25/Black/BT25_076.cs,BT25_076.cs
src/HeadlessDCGO.Engine/Assets/Scripts/CardEffect/BT25/Black/BT25_077.cs,BT25_077.cs
src/HeadlessDCGO.Engine/Assets/Scripts/CardEffect/BT25/Black/BT25_091.cs,BT25_091.cs
src/HeadlessDCGO.Engine/Assets/Scripts/CardEffect/BT25/Black/BT25_100.cs,BT25_100.cs
src/HeadlessDCGO.Engine/Assets/Scripts/CardEffect/BT25/Black/BT25_101.cs,BT25_101.cs
src/HeadlessDCGO.Engine/Assets/Scripts/CardEffect/BT25/Black/BT25_102.cs,BT25_102.cs
src/HeadlessDCGO.Engine/Assets/Scripts/CardEffect/BT25/Blue/BT25_002.cs,BT25_002.cs
src/HeadlessDCGO.Engine/Assets/Scripts/CardEffect/BT25/Blue/BT25_021.cs,BT25_021.cs
src/HeadlessDCGO.Engine/Assets/Scripts/CardEffect/BT25/Blue/BT25_022.cs,BT25_022.cs
src/HeadlessDCGO.Engine/Assets/Scripts/CardEffect/BT25/Blue/BT25_023.cs,BT25_023.cs
src/HeadlessDCGO.Engine/Assets/Scripts/CardEffect/BT25/Blue/BT25_024.cs,BT25_024.cs
src/HeadlessDCGO.Engine/Assets/Scripts/CardEffect/BT25/Blue/BT25_025.cs,BT25_025.cs
src/HeadlessDCGO.Engine/Assets/Scripts/CardEffect/BT25/Blue/BT25_026.cs,BT25_026.cs
src/HeadlessDCGO.Engine/Assets/Scripts/CardEffect/BT25/Blue/BT25_027.cs,BT25_027.cs
src/HeadlessDCGO.Engine/Assets/Scripts/CardEffect/BT25/Blue/BT25_028.cs,BT25_028.cs
src/HeadlessDCGO.Engine/Assets/Scripts/CardEffect/BT25/Blue/BT25_029.cs,BT25_029.cs
src/HeadlessDCGO.Engine/Assets/Scripts/CardEffect/BT25/Blue/BT25_087.cs,BT25_087.cs
src/HeadlessDCGO.Engine/Assets/Scripts/CardEffect/BT25/Blue/BT25_096.cs,BT25_096.cs
src/HeadlessDCGO.Engine/Assets/Scripts/CardEffect/BT25/Green/BT25_004.cs,BT25_004.cs
src/HeadlessDCGO.Engine/Assets/Scripts/CardEffect/BT25/Green/BT25_045.cs,BT25_045.cs
src/HeadlessDCGO.Engine/Assets/Scripts/CardEffect/BT25/Green/BT25_046.cs,BT25_046.cs
src/HeadlessDCGO.Engine/Assets/Scripts/CardEffect/BT25/Green/BT25_047.cs,BT25_047.cs
src/HeadlessDCGO.Engine/Assets/Scripts/CardEffect/BT25/Green/BT25_048.cs,BT25_048.cs
src/HeadlessDCGO.Engine/Assets/Scripts/CardEffect/BT25/Green/BT25_049.cs,BT25_049.cs
src/HeadlessDCGO.Engine/Assets/Scripts/CardEffect/BT25/Green/BT25_050.cs,BT25_050.cs
src/HeadlessDCGO.Engine/Assets/Scripts/CardEffect/BT25/Green/BT25_051.cs,BT25_051.cs
src/HeadlessDCGO.Engine/Assets/Scripts/CardEffect/BT25/Green/BT25_052.cs,BT25_052.cs
src/HeadlessDCGO.Engine/Assets/Scripts/CardEffect/BT25/Green/BT25_053.cs,BT25_053.cs
src/HeadlessDCGO.Engine/Assets/Scripts/CardEffect/BT25/Green/BT25_054.cs,BT25_054.cs
src/HeadlessDCGO.Engine/Assets/Scripts/CardEffect/BT25/Green/BT25_055.cs,BT25_055.cs
src/HeadlessDCGO.Engine/Assets/Scripts/CardEffect/BT25/Green/BT25_056.cs,BT25_056.cs
src/HeadlessDCGO.Engine/Assets/Scripts/CardEffect/BT25/Green/BT25_057.cs,BT25_057.cs
src/HeadlessDCGO.Engine/Assets/Scripts/CardEffect/BT25/Green/BT25_058.cs,BT25_058.cs
src/HeadlessDCGO.Engine/Assets/Scripts/CardEffect/BT25/Green/BT25_059.cs,BT25_059.cs
src/HeadlessDCGO.Engine/Assets/Scripts/CardEffect/BT25/Green/BT25_060.cs,BT25_060.cs
src/HeadlessDCGO.Engine/Assets/Scripts/CardEffect/BT25/Green/BT25_089.cs,BT25_089.cs
src/HeadlessDCGO.Engine/Assets/Scripts/CardEffect/BT25/Green/BT25_090.cs,BT25_090.cs
src/HeadlessDCGO.Engine/Assets/Scripts/CardEffect/BT25/Green/BT25_099.cs,BT25_099.cs
src/HeadlessDCGO.Engine/Assets/Scripts/CardEffect/BT25/Purple/BT25_006.cs,BT25_006.cs
src/HeadlessDCGO.Engine/Assets/Scripts/CardEffect/BT25/Purple/BT25_078.cs,BT25_078.cs
src/HeadlessDCGO.Engine/Assets/Scripts/CardEffect/BT25/Purple/BT25_079.cs,BT25_079.cs
src/HeadlessDCGO.Engine/Assets/Scripts/CardEffect/BT25/Purple/BT25_080.cs,BT25_080.cs
src/HeadlessDCGO.Engine/Assets/Scripts/CardEffect/BT25/Purple/BT25_081.cs,BT25_081.cs
src/HeadlessDCGO.Engine/Assets/Scripts/CardEffect/BT25/Purple/BT25_082.cs,BT25_082.cs
src/HeadlessDCGO.Engine/Assets/Scripts/CardEffect/BT25/Purple/BT25_083.cs,BT25_083.cs
src/HeadlessDCGO.Engine/Assets/Scripts/CardEffect/BT25/Purple/BT25_084.cs,BT25_084.cs
src/HeadlessDCGO.Engine/Assets/Scripts/CardEffect/BT25/Purple/BT25_085.cs,BT25_085.cs
src/HeadlessDCGO.Engine/Assets/Scripts/CardEffect/BT25/Purple/BT25_092.cs,BT25_092.cs
src/HeadlessDCGO.Engine/Assets/Scripts/CardEffect/BT25/Red/BT25_001.cs,BT25_001.cs
src/HeadlessDCGO.Engine/Assets/Scripts/CardEffect/BT25/Red/BT25_007.cs,BT25_007.cs
src/HeadlessDCGO.Engine/Assets/Scripts/CardEffect/BT25/Red/BT25_008.cs,BT25_008.cs
src/HeadlessDCGO.Engine/Assets/Scripts/CardEffect/BT25/Red/BT25_009.cs,BT25_009.cs
src/HeadlessDCGO.Engine/Assets/Scripts/CardEffect/BT25/Red/BT25_010.cs,BT25_010.cs
src/HeadlessDCGO.Engine/Assets/Scripts/CardEffect/BT25/Red/BT25_011.cs,BT25_011.cs
src/HeadlessDCGO.Engine/Assets/Scripts/CardEffect/BT25/Red/BT25_012.cs,BT25_012.cs
src/HeadlessDCGO.Engine/Assets/Scripts/CardEffect/BT25/Red/BT25_013.cs,BT25_013.cs
src/HeadlessDCGO.Engine/Assets/Scripts/CardEffect/BT25/Red/BT25_014.cs,BT25_014.cs
src/HeadlessDCGO.Engine/Assets/Scripts/CardEffect/BT25/Red/BT25_015.cs,BT25_015.cs
src/HeadlessDCGO.Engine/Assets/Scripts/CardEffect/BT25/Red/BT25_016.cs,BT25_016.cs
src/HeadlessDCGO.Engine/Assets/Scripts/CardEffect/BT25/Red/BT25_017.cs,BT25_017.cs
src/HeadlessDCGO.Engine/Assets/Scripts/CardEffect/BT25/Red/BT25_018.cs,BT25_018.cs
src/HeadlessDCGO.Engine/Assets/Scripts/CardEffect/BT25/Red/BT25_019.cs,BT25_019.cs
src/HeadlessDCGO.Engine/Assets/Scripts/CardEffect/BT25/Red/BT25_020.cs,BT25_020.cs
src/HeadlessDCGO.Engine/Assets/Scripts/CardEffect/BT25/Red/BT25_086.cs,BT25_086.cs
src/HeadlessDCGO.Engine/Assets/Scripts/CardEffect/BT25/Red/BT25_093.cs,BT25_093.cs
src/HeadlessDCGO.Engine/Assets/Scripts/CardEffect/BT25/Red/BT25_094.cs,BT25_094.cs
src/HeadlessDCGO.Engine/Assets/Scripts/CardEffect/BT25/Red/BT25_095.cs,BT25_095.cs
src/HeadlessDCGO.Engine/Assets/Scripts/CardEffect/BT25/Red/BT25_103.cs,BT25_103.cs
src/HeadlessDCGO.Engine/Assets/Scripts/CardEffect/BT25/Red/BT25_104.cs,BT25_104.cs
src/HeadlessDCGO.Engine/Assets/Scripts/CardEffect/BT25/Yellow/BT25_002.cs,BT25_002.cs
src/HeadlessDCGO.Engine/Assets/Scripts/CardEffect/BT25/Yellow/BT25_030.cs,BT25_030.cs
src/HeadlessDCGO.Engine/Assets/Scripts/CardEffect/BT25/Yellow/BT25_031.cs,BT25_031.cs
src/HeadlessDCGO.Engine/Assets/Scripts/CardEffect/BT25/Yellow/BT25_032.cs,BT25_032.cs
src/HeadlessDCGO.Engine/Assets/Scripts/CardEffect/BT25/Yellow/BT25_033.cs,BT25_033.cs
src/HeadlessDCGO.Engine/Assets/Scripts/CardEffect/BT25/Yellow/BT25_034.cs,BT25_034.cs
src/HeadlessDCGO.Engine/Assets/Scripts/CardEffect/BT25/Yellow/BT25_035.cs,BT25_035.cs
src/HeadlessDCGO.Engine/Assets/Scripts/CardEffect/BT25/Yellow/BT25_036.cs,BT25_036.cs
src/HeadlessDCGO.Engine/Assets/Scripts/CardEffect/BT25/Yellow/BT25_037.cs,BT25_037.cs
src/HeadlessDCGO.Engine/Assets/Scripts/CardEffect/BT25/Yellow/BT25_038.cs,BT25_038.cs
src/HeadlessDCGO.Engine/Assets/Scripts/CardEffect/BT25/Yellow/BT25_039.cs,BT25_039.cs
src/HeadlessDCGO.Engine/Assets/Scripts/CardEffect/BT25/Yellow/BT25_040.cs,BT25_040.cs
src/HeadlessDCGO.Engine/Assets/Scripts/CardEffect/BT25/Yellow/BT25_041.cs,BT25_041.cs
src/HeadlessDCGO.Engine/Assets/Scripts/CardEffect/BT25/Yellow/BT25_042.cs,BT25_042.cs
src/HeadlessDCGO.Engine/Assets/Scripts/CardEffect/BT25/Yellow/BT25_043.cs,BT25_043.cs
src/HeadlessDCGO.Engine/Assets/Scripts/CardEffect/BT25/Yellow/BT25_044.cs,BT25_044.cs
src/HeadlessDCGO.Engine/Assets/Scripts/CardEffect/BT25/Yellow/BT25_088.cs,BT25_088.cs
src/HeadlessDCGO.Engine/Assets/Scripts/CardEffect/BT25/Yellow/BT25_097.cs,BT25_097.cs
src/HeadlessDCGO.Engine/Assets/Scripts/CardEffect/BT25/Yellow/BT25_098.cs,BT25_098.cs
src/HeadlessDCGO.Engine/Assets/Scripts/CardEffect/BT3/Black/BT3_005.cs,BT3_005.cs
src/HeadlessDCGO.Engine/Assets/Scripts/CardEffect/BT3/Black/BT3_063.cs,BT3_063.cs
src/HeadlessDCGO.Engine/Assets/Scripts/CardEffect/BT3/Black/BT3_064.cs,BT3_064.cs
src/HeadlessDCGO.Engine/Assets/Scripts/CardEffect/BT3/Black/BT3_066.cs,BT3_066.cs
src/HeadlessDCGO.Engine/Assets/Scripts/CardEffect/BT3/Black/BT3_070.cs,BT3_070.cs
src/HeadlessDCGO.Engine/Assets/Scripts/CardEffect/BT3/Black/BT3_071.cs,BT3_071.cs
src/HeadlessDCGO.Engine/Assets/Scripts/CardEffect/BT3/Black/BT3_073.cs,BT3_073.cs
src/HeadlessDCGO.Engine/Assets/Scripts/CardEffect/BT3/Black/BT3_074.cs,BT3_074.cs
src/HeadlessDCGO.Engine/Assets/Scripts/CardEffect/BT3/Black/BT3_075.cs,BT3_075.cs
src/HeadlessDCGO.Engine/Assets/Scripts/CardEffect/BT3/Black/BT3_095.cs,BT3_095.cs
src/HeadlessDCGO.Engine/Assets/Scripts/CardEffect/BT3/Black/BT3_105.cs,BT3_105.cs
src/HeadlessDCGO.Engine/Assets/Scripts/CardEffect/BT3/Black/BT3_106.cs,BT3_106.cs
src/HeadlessDCGO.Engine/Assets/Scripts/CardEffect/BT3/Black/BT3_107.cs,BT3_107.cs
src/HeadlessDCGO.Engine/Assets/Scripts/CardEffect/BT3/Blue/BT3_002.cs,BT3_002.cs
src/HeadlessDCGO.Engine/Assets/Scripts/CardEffect/BT3/Blue/BT3_025.cs,BT3_025.cs
src/HeadlessDCGO.Engine/Assets/Scripts/CardEffect/BT3/Blue/BT3_027.cs,BT3_027.cs
src/HeadlessDCGO.Engine/Assets/Scripts/CardEffect/BT3/Blue/BT3_029.cs,BT3_029.cs
src/HeadlessDCGO.Engine/Assets/Scripts/CardEffect/BT3/Blue/BT3_030.cs,BT3_030.cs
src/HeadlessDCGO.Engine/Assets/Scripts/CardEffect/BT3/Blue/BT3_031.cs,BT3_031.cs
src/HeadlessDCGO.Engine/Assets/Scripts/CardEffect/BT3/Blue/BT3_093.cs,BT3_093.cs
src/HeadlessDCGO.Engine/Assets/Scripts/CardEffect/BT3/Blue/BT3_099.cs,BT3_099.cs
src/HeadlessDCGO.Engine/Assets/Scripts/CardEffect/BT3/Blue/BT3_100.cs,BT3_100.cs
src/HeadlessDCGO.Engine/Assets/Scripts/CardEffect/BT3/Green/BT3_004.cs,BT3_004.cs
src/HeadlessDCGO.Engine/Assets/Scripts/CardEffect/BT3/Green/BT3_046.cs,BT3_046.cs
src/HeadlessDCGO.Engine/Assets/Scripts/CardEffect/BT3/Green/BT3_047.cs,BT3_047.cs
src/HeadlessDCGO.Engine/Assets/Scripts/CardEffect/BT3/Green/BT3_050.cs,BT3_050.cs
src/HeadlessDCGO.Engine/Assets/Scripts/CardEffect/BT3/Green/BT3_051.cs,BT3_051.cs
src/HeadlessDCGO.Engine/Assets/Scripts/CardEffect/BT3/Green/BT3_054.cs,BT3_054.cs
src/HeadlessDCGO.Engine/Assets/Scripts/CardEffect/BT3/Green/BT3_055.cs,BT3_055.cs
src/HeadlessDCGO.Engine/Assets/Scripts/CardEffect/BT3/Green/BT3_056.cs,BT3_056.cs
src/HeadlessDCGO.Engine/Assets/Scripts/CardEffect/BT3/Green/BT3_057.cs,BT3_057.cs
src/HeadlessDCGO.Engine/Assets/Scripts/CardEffect/BT3/Green/BT3_058.cs,BT3_058.cs
src/HeadlessDCGO.Engine/Assets/Scripts/CardEffect/BT3/Green/BT3_094.cs,BT3_094.cs
src/HeadlessDCGO.Engine/Assets/Scripts/CardEffect/BT3/Green/BT3_103.cs,BT3_103.cs
src/HeadlessDCGO.Engine/Assets/Scripts/CardEffect/BT3/Green/BT3_104.cs,BT3_104.cs
src/HeadlessDCGO.Engine/Assets/Scripts/CardEffect/BT3/Green/BT3_111.cs,BT3_111.cs
src/HeadlessDCGO.Engine/Assets/Scripts/CardEffect/BT3/Purple/BT3_006.cs,BT3_006.cs
src/HeadlessDCGO.Engine/Assets/Scripts/CardEffect/BT3/Purple/BT3_080.cs,BT3_080.cs
src/HeadlessDCGO.Engine/Assets/Scripts/CardEffect/BT3/Purple/BT3_084.cs,BT3_084.cs
src/HeadlessDCGO.Engine/Assets/Scripts/CardEffect/BT3/Purple/BT3_086.cs,BT3_086.cs
src/HeadlessDCGO.Engine/Assets/Scripts/CardEffect/BT3/Purple/BT3_087.cs,BT3_087.cs
src/HeadlessDCGO.Engine/Assets/Scripts/CardEffect/BT3/Purple/BT3_088.cs,BT3_088.cs
src/HeadlessDCGO.Engine/Assets/Scripts/CardEffect/BT3/Purple/BT3_090.cs,BT3_090.cs
src/HeadlessDCGO.Engine/Assets/Scripts/CardEffect/BT3/Purple/BT3_091.cs,BT3_091.cs
src/HeadlessDCGO.Engine/Assets/Scripts/CardEffect/BT3/Purple/BT3_092.cs,BT3_092.cs
src/HeadlessDCGO.Engine/Assets/Scripts/CardEffect/BT3/Purple/BT3_096.cs,BT3_096.cs
src/HeadlessDCGO.Engine/Assets/Scripts/CardEffect/BT3/Purple/BT3_108.cs,BT3_108.cs
src/HeadlessDCGO.Engine/Assets/Scripts/CardEffect/BT3/Purple/BT3_109.cs,BT3_109.cs
src/HeadlessDCGO.Engine/Assets/Scripts/CardEffect/BT3/Purple/BT3_110.cs,BT3_110.cs
src/HeadlessDCGO.Engine/Assets/Scripts/CardEffect/BT3/Red/BT3_001.cs,BT3_001.cs
src/HeadlessDCGO.Engine/Assets/Scripts/CardEffect/BT3/Red/BT3_008.cs,BT3_008.cs
src/HeadlessDCGO.Engine/Assets/Scripts/CardEffect/BT3/Red/BT3_010.cs,BT3_010.cs
src/HeadlessDCGO.Engine/Assets/Scripts/CardEffect/BT3/Red/BT3_011.cs,BT3_011.cs
src/HeadlessDCGO.Engine/Assets/Scripts/CardEffect/BT3/Red/BT3_014.cs,BT3_014.cs
src/HeadlessDCGO.Engine/Assets/Scripts/CardEffect/BT3/Red/BT3_015.cs,BT3_015.cs
src/HeadlessDCGO.Engine/Assets/Scripts/CardEffect/BT3/Red/BT3_016.cs,BT3_016.cs
src/HeadlessDCGO.Engine/Assets/Scripts/CardEffect/BT3/Red/BT3_017.cs,BT3_017.cs
src/HeadlessDCGO.Engine/Assets/Scripts/CardEffect/BT3/Red/BT3_018.cs,BT3_018.cs
src/HeadlessDCGO.Engine/Assets/Scripts/CardEffect/BT3/Red/BT3_019.cs,BT3_019.cs
src/HeadlessDCGO.Engine/Assets/Scripts/CardEffect/BT3/Red/BT3_097.cs,BT3_097.cs
src/HeadlessDCGO.Engine/Assets/Scripts/CardEffect/BT3/Red/BT3_098.cs,BT3_098.cs
src/HeadlessDCGO.Engine/Assets/Scripts/CardEffect/BT3/White/BT3_112.cs,BT3_112.cs
src/HeadlessDCGO.Engine/Assets/Scripts/CardEffect/BT3/Yellow/BT3_003.cs,BT3_003.cs
src/HeadlessDCGO.Engine/Assets/Scripts/CardEffect/BT3/Yellow/BT3_034.cs,BT3_034.cs
src/HeadlessDCGO.Engine/Assets/Scripts/CardEffect/BT3/Yellow/BT3_039.cs,BT3_039.cs
src/HeadlessDCGO.Engine/Assets/Scripts/CardEffect/BT3/Yellow/BT3_040.cs,BT3_040.cs
src/HeadlessDCGO.Engine/Assets/Scripts/CardEffect/BT3/Yellow/BT3_041.cs,BT3_041.cs
src/HeadlessDCGO.Engine/Assets/Scripts/CardEffect/BT3/Yellow/BT3_042.cs,BT3_042.cs
src/HeadlessDCGO.Engine/Assets/Scripts/CardEffect/BT3/Yellow/BT3_043.cs,BT3_043.cs
src/HeadlessDCGO.Engine/Assets/Scripts/CardEffect/BT3/Yellow/BT3_101.cs,BT3_101.cs
src/HeadlessDCGO.Engine/Assets/Scripts/CardEffect/BT3/Yellow/BT3_102.cs,BT3_102.cs
src/HeadlessDCGO.Engine/Assets/Scripts/CardEffect/BT4/Black/BT4_005.cs,BT4_005.cs
src/HeadlessDCGO.Engine/Assets/Scripts/CardEffect/BT4/Black/BT4_063.cs,BT4_063.cs
src/HeadlessDCGO.Engine/Assets/Scripts/CardEffect/BT4/Black/BT4_066.cs,BT4_066.cs
src/HeadlessDCGO.Engine/Assets/Scripts/CardEffect/BT4/Black/BT4_068.cs,BT4_068.cs
src/HeadlessDCGO.Engine/Assets/Scripts/CardEffect/BT4/Black/BT4_070.cs,BT4_070.cs
src/HeadlessDCGO.Engine/Assets/Scripts/CardEffect/BT4/Black/BT4_071.cs,BT4_071.cs
src/HeadlessDCGO.Engine/Assets/Scripts/CardEffect/BT4/Black/BT4_072.cs,BT4_072.cs
src/HeadlessDCGO.Engine/Assets/Scripts/CardEffect/BT4/Black/BT4_073.cs,BT4_073.cs
src/HeadlessDCGO.Engine/Assets/Scripts/CardEffect/BT4/Black/BT4_074.cs,BT4_074.cs
src/HeadlessDCGO.Engine/Assets/Scripts/CardEffect/BT4/Black/BT4_075.cs,BT4_075.cs
src/HeadlessDCGO.Engine/Assets/Scripts/CardEffect/BT4/Black/BT4_096.cs,BT4_096.cs
src/HeadlessDCGO.Engine/Assets/Scripts/CardEffect/BT4/Black/BT4_109.cs,BT4_109.cs
src/HeadlessDCGO.Engine/Assets/Scripts/CardEffect/BT4/Black/BT4_110.cs,BT4_110.cs
src/HeadlessDCGO.Engine/Assets/Scripts/CardEffect/BT4/Blue/BT4_002.cs,BT4_002.cs
src/HeadlessDCGO.Engine/Assets/Scripts/CardEffect/BT4/Blue/BT4_023.cs,BT4_023.cs
src/HeadlessDCGO.Engine/Assets/Scripts/CardEffect/BT4/Blue/BT4_025.cs,BT4_025.cs
src/HeadlessDCGO.Engine/Assets/Scripts/CardEffect/BT4/Blue/BT4_026.cs,BT4_026.cs
src/HeadlessDCGO.Engine/Assets/Scripts/CardEffect/BT4/Blue/BT4_027.cs,BT4_027.cs
src/HeadlessDCGO.Engine/Assets/Scripts/CardEffect/BT4/Blue/BT4_030.cs,BT4_030.cs
src/HeadlessDCGO.Engine/Assets/Scripts/CardEffect/BT4/Blue/BT4_031.cs,BT4_031.cs
src/HeadlessDCGO.Engine/Assets/Scripts/CardEffect/BT4/Blue/BT4_032.cs,BT4_032.cs
src/HeadlessDCGO.Engine/Assets/Scripts/CardEffect/BT4/Blue/BT4_033.cs,BT4_033.cs
src/HeadlessDCGO.Engine/Assets/Scripts/CardEffect/BT4/Blue/BT4_034.cs,BT4_034.cs
src/HeadlessDCGO.Engine/Assets/Scripts/CardEffect/BT4/Blue/BT4_035.cs,BT4_035.cs
src/HeadlessDCGO.Engine/Assets/Scripts/CardEffect/BT4/Blue/BT4_093.cs,BT4_093.cs
src/HeadlessDCGO.Engine/Assets/Scripts/CardEffect/BT4/Blue/BT4_101.cs,BT4_101.cs
src/HeadlessDCGO.Engine/Assets/Scripts/CardEffect/BT4/Blue/BT4_102.cs,BT4_102.cs
src/HeadlessDCGO.Engine/Assets/Scripts/CardEffect/BT4/Blue/BT4_103.cs,BT4_103.cs
src/HeadlessDCGO.Engine/Assets/Scripts/CardEffect/BT4/Blue/BT4_114.cs,BT4_114.cs
src/HeadlessDCGO.Engine/Assets/Scripts/CardEffect/BT4/Green/BT4_004.cs,BT4_004.cs
src/HeadlessDCGO.Engine/Assets/Scripts/CardEffect/BT4/Green/BT4_051.cs,BT4_051.cs
src/HeadlessDCGO.Engine/Assets/Scripts/CardEffect/BT4/Green/BT4_054.cs,BT4_054.cs
src/HeadlessDCGO.Engine/Assets/Scripts/CardEffect/BT4/Green/BT4_055.cs,BT4_055.cs
src/HeadlessDCGO.Engine/Assets/Scripts/CardEffect/BT4/Green/BT4_057.cs,BT4_057.cs
src/HeadlessDCGO.Engine/Assets/Scripts/CardEffect/BT4/Green/BT4_058.cs,BT4_058.cs
src/HeadlessDCGO.Engine/Assets/Scripts/CardEffect/BT4/Green/BT4_059.cs,BT4_059.cs
src/HeadlessDCGO.Engine/Assets/Scripts/CardEffect/BT4/Green/BT4_060.cs,BT4_060.cs
src/HeadlessDCGO.Engine/Assets/Scripts/CardEffect/BT4/Green/BT4_061.cs,BT4_061.cs
src/HeadlessDCGO.Engine/Assets/Scripts/CardEffect/BT4/Green/BT4_062.cs,BT4_062.cs
src/HeadlessDCGO.Engine/Assets/Scripts/CardEffect/BT4/Green/BT4_095.cs,BT4_095.cs
src/HeadlessDCGO.Engine/Assets/Scripts/CardEffect/BT4/Green/BT4_107.cs,BT4_107.cs
src/HeadlessDCGO.Engine/Assets/Scripts/CardEffect/BT4/Green/BT4_108.cs,BT4_108.cs
src/HeadlessDCGO.Engine/Assets/Scripts/CardEffect/BT4/Purple/BT4_006.cs,BT4_006.cs
src/HeadlessDCGO.Engine/Assets/Scripts/CardEffect/BT4/Purple/BT4_078.cs,BT4_078.cs
src/HeadlessDCGO.Engine/Assets/Scripts/CardEffect/BT4/Purple/BT4_079.cs,BT4_079.cs
src/HeadlessDCGO.Engine/Assets/Scripts/CardEffect/BT4/Purple/BT4_081.cs,BT4_081.cs
src/HeadlessDCGO.Engine/Assets/Scripts/CardEffect/BT4/Purple/BT4_083.cs,BT4_083.cs
src/HeadlessDCGO.Engine/Assets/Scripts/CardEffect/BT4/Purple/BT4_084.cs,BT4_084.cs
src/HeadlessDCGO.Engine/Assets/Scripts/CardEffect/BT4/Purple/BT4_086.cs,BT4_086.cs
src/HeadlessDCGO.Engine/Assets/Scripts/CardEffect/BT4/Purple/BT4_087.cs,BT4_087.cs
src/HeadlessDCGO.Engine/Assets/Scripts/CardEffect/BT4/Purple/BT4_088.cs,BT4_088.cs
src/HeadlessDCGO.Engine/Assets/Scripts/CardEffect/BT4/Purple/BT4_089.cs,BT4_089.cs
src/HeadlessDCGO.Engine/Assets/Scripts/CardEffect/BT4/Purple/BT4_097.cs,BT4_097.cs
src/HeadlessDCGO.Engine/Assets/Scripts/CardEffect/BT4/Purple/BT4_111.cs,BT4_111.cs
src/HeadlessDCGO.Engine/Assets/Scripts/CardEffect/BT4/Purple/BT4_112.cs,BT4_112.cs
src/HeadlessDCGO.Engine/Assets/Scripts/CardEffect/BT4/Red/BT4_008.cs,BT4_008.cs
src/HeadlessDCGO.Engine/Assets/Scripts/CardEffect/BT4/Red/BT4_009.cs,BT4_009.cs
src/HeadlessDCGO.Engine/Assets/Scripts/CardEffect/BT4/Red/BT4_011.cs,BT4_011.cs
src/HeadlessDCGO.Engine/Assets/Scripts/CardEffect/BT4/Red/BT4_012.cs,BT4_012.cs
src/HeadlessDCGO.Engine/Assets/Scripts/CardEffect/BT4/Red/BT4_013.cs,BT4_013.cs
src/HeadlessDCGO.Engine/Assets/Scripts/CardEffect/BT4/Red/BT4_016.cs,BT4_016.cs
src/HeadlessDCGO.Engine/Assets/Scripts/CardEffect/BT4/Red/BT4_017.cs,BT4_017.cs
src/HeadlessDCGO.Engine/Assets/Scripts/CardEffect/BT4/Red/BT4_018.cs,BT4_018.cs
src/HeadlessDCGO.Engine/Assets/Scripts/CardEffect/BT4/Red/BT4_019.cs,BT4_019.cs
src/HeadlessDCGO.Engine/Assets/Scripts/CardEffect/BT4/Red/BT4_020.cs,BT4_020.cs
src/HeadlessDCGO.Engine/Assets/Scripts/CardEffect/BT4/Red/BT4_092.cs,BT4_092.cs
src/HeadlessDCGO.Engine/Assets/Scripts/CardEffect/BT4/Red/BT4_098.cs,BT4_098.cs
src/HeadlessDCGO.Engine/Assets/Scripts/CardEffect/BT4/Red/BT4_099.cs,BT4_099.cs
src/HeadlessDCGO.Engine/Assets/Scripts/CardEffect/BT4/Red/BT4_100.cs,BT4_100.cs
src/HeadlessDCGO.Engine/Assets/Scripts/CardEffect/BT4/Red/BT4_113.cs,BT4_113.cs
src/HeadlessDCGO.Engine/Assets/Scripts/CardEffect/BT4/White/BT4_090.cs,BT4_090.cs
src/HeadlessDCGO.Engine/Assets/Scripts/CardEffect/BT4/White/BT4_091.cs,BT4_091.cs
src/HeadlessDCGO.Engine/Assets/Scripts/CardEffect/BT4/Yellow/BT4_003.cs,BT4_003.cs
src/HeadlessDCGO.Engine/Assets/Scripts/CardEffect/BT4/Yellow/BT4_037.cs,BT4_037.cs
src/HeadlessDCGO.Engine/Assets/Scripts/CardEffect/BT4/Yellow/BT4_038.cs,BT4_038.cs
src/HeadlessDCGO.Engine/Assets/Scripts/CardEffect/BT4/Yellow/BT4_039.cs,BT4_039.cs
src/HeadlessDCGO.Engine/Assets/Scripts/CardEffect/BT4/Yellow/BT4_041.cs,BT4_041.cs
src/HeadlessDCGO.Engine/Assets/Scripts/CardEffect/BT4/Yellow/BT4_044.cs,BT4_044.cs
src/HeadlessDCGO.Engine/Assets/Scripts/CardEffect/BT4/Yellow/BT4_045.cs,BT4_045.cs
src/HeadlessDCGO.Engine/Assets/Scripts/CardEffect/BT4/Yellow/BT4_046.cs,BT4_046.cs
src/HeadlessDCGO.Engine/Assets/Scripts/CardEffect/BT4/Yellow/BT4_047.cs,BT4_047.cs
src/HeadlessDCGO.Engine/Assets/Scripts/CardEffect/BT4/Yellow/BT4_048.cs,BT4_048.cs
src/HeadlessDCGO.Engine/Assets/Scripts/CardEffect/BT4/Yellow/BT4_049.cs,BT4_049.cs
src/HeadlessDCGO.Engine/Assets/Scripts/CardEffect/BT4/Yellow/BT4_094.cs,BT4_094.cs
src/HeadlessDCGO.Engine/Assets/Scripts/CardEffect/BT4/Yellow/BT4_104.cs,BT4_104.cs
src/HeadlessDCGO.Engine/Assets/Scripts/CardEffect/BT4/Yellow/BT4_105.cs,BT4_105.cs
src/HeadlessDCGO.Engine/Assets/Scripts/CardEffect/BT4/Yellow/BT4_106.cs,BT4_106.cs
src/HeadlessDCGO.Engine/Assets/Scripts/CardEffect/BT4/Yellow/BT4_115.cs,BT4_115.cs
src/HeadlessDCGO.Engine/Assets/Scripts/CardEffect/BT5/Black/BT5_005.cs,BT5_005.cs
src/HeadlessDCGO.Engine/Assets/Scripts/CardEffect/BT5/Black/BT5_059.cs,BT5_059.cs
src/HeadlessDCGO.Engine/Assets/Scripts/CardEffect/BT5/Black/BT5_060.cs,BT5_060.cs
src/HeadlessDCGO.Engine/Assets/Scripts/CardEffect/BT5/Black/BT5_062.cs,BT5_062.cs
src/HeadlessDCGO.Engine/Assets/Scripts/CardEffect/BT5/Black/BT5_063.cs,BT5_063.cs
src/HeadlessDCGO.Engine/Assets/Scripts/CardEffect/BT5/Black/BT5_065.cs,BT5_065.cs
src/HeadlessDCGO.Engine/Assets/Scripts/CardEffect/BT5/Black/BT5_067.cs,BT5_067.cs
src/HeadlessDCGO.Engine/Assets/Scripts/CardEffect/BT5/Black/BT5_068.cs,BT5_068.cs
src/HeadlessDCGO.Engine/Assets/Scripts/CardEffect/BT5/Black/BT5_069.cs,BT5_069.cs
src/HeadlessDCGO.Engine/Assets/Scripts/CardEffect/BT5/Black/BT5_070.cs,BT5_070.cs
src/HeadlessDCGO.Engine/Assets/Scripts/CardEffect/BT5/Black/BT5_090.cs,BT5_090.cs
src/HeadlessDCGO.Engine/Assets/Scripts/CardEffect/BT5/Black/BT5_103.cs,BT5_103.cs
src/HeadlessDCGO.Engine/Assets/Scripts/CardEffect/BT5/Black/BT5_104.cs,BT5_104.cs
src/HeadlessDCGO.Engine/Assets/Scripts/CardEffect/BT5/Black/BT5_105.cs,BT5_105.cs
src/HeadlessDCGO.Engine/Assets/Scripts/CardEffect/BT5/Blue/BT5_002.cs,BT5_002.cs
src/HeadlessDCGO.Engine/Assets/Scripts/CardEffect/BT5/Blue/BT5_020.cs,BT5_020.cs
src/HeadlessDCGO.Engine/Assets/Scripts/CardEffect/BT5/Blue/BT5_021.cs,BT5_021.cs
src/HeadlessDCGO.Engine/Assets/Scripts/CardEffect/BT5/Blue/BT5_022.cs,BT5_022.cs
src/HeadlessDCGO.Engine/Assets/Scripts/CardEffect/BT5/Blue/BT5_024.cs,BT5_024.cs
src/HeadlessDCGO.Engine/Assets/Scripts/CardEffect/BT5/Blue/BT5_025.cs,BT5_025.cs
src/HeadlessDCGO.Engine/Assets/Scripts/CardEffect/BT5/Blue/BT5_028.cs,BT5_028.cs
src/HeadlessDCGO.Engine/Assets/Scripts/CardEffect/BT5/Blue/BT5_029.cs,BT5_029.cs
src/HeadlessDCGO.Engine/Assets/Scripts/CardEffect/BT5/Blue/BT5_030.cs,BT5_030.cs
src/HeadlessDCGO.Engine/Assets/Scripts/CardEffect/BT5/Blue/BT5_031.cs,BT5_031.cs
src/HeadlessDCGO.Engine/Assets/Scripts/CardEffect/BT5/Blue/BT5_032.cs,BT5_032.cs
src/HeadlessDCGO.Engine/Assets/Scripts/CardEffect/BT5/Blue/BT5_088.cs,BT5_088.cs
src/HeadlessDCGO.Engine/Assets/Scripts/CardEffect/BT5/Blue/BT5_096.cs,BT5_096.cs
src/HeadlessDCGO.Engine/Assets/Scripts/CardEffect/BT5/Blue/BT5_097.cs,BT5_097.cs
src/HeadlessDCGO.Engine/Assets/Scripts/CardEffect/BT5/Green/BT5_004.cs,BT5_004.cs
src/HeadlessDCGO.Engine/Assets/Scripts/CardEffect/BT5/Green/BT5_046.cs,BT5_046.cs
src/HeadlessDCGO.Engine/Assets/Scripts/CardEffect/BT5/Green/BT5_047.cs,BT5_047.cs
src/HeadlessDCGO.Engine/Assets/Scripts/CardEffect/BT5/Green/BT5_049.cs,BT5_049.cs
src/HeadlessDCGO.Engine/Assets/Scripts/CardEffect/BT5/Green/BT5_050.cs,BT5_050.cs
src/HeadlessDCGO.Engine/Assets/Scripts/CardEffect/BT5/Green/BT5_053.cs,BT5_053.cs
src/HeadlessDCGO.Engine/Assets/Scripts/CardEffect/BT5/Green/BT5_055.cs,BT5_055.cs
src/HeadlessDCGO.Engine/Assets/Scripts/CardEffect/BT5/Green/BT5_056.cs,BT5_056.cs
src/HeadlessDCGO.Engine/Assets/Scripts/CardEffect/BT5/Green/BT5_057.cs,BT5_057.cs
src/HeadlessDCGO.Engine/Assets/Scripts/CardEffect/BT5/Green/BT5_058.cs,BT5_058.cs
src/HeadlessDCGO.Engine/Assets/Scripts/CardEffect/BT5/Green/BT5_089.cs,BT5_089.cs
src/HeadlessDCGO.Engine/Assets/Scripts/CardEffect/BT5/Green/BT5_100.cs,BT5_100.cs
src/HeadlessDCGO.Engine/Assets/Scripts/CardEffect/BT5/Green/BT5_101.cs,BT5_101.cs
src/HeadlessDCGO.Engine/Assets/Scripts/CardEffect/BT5/Green/BT5_102.cs,BT5_102.cs
src/HeadlessDCGO.Engine/Assets/Scripts/CardEffect/BT5/Purple/BT5_006.cs,BT5_006.cs
src/HeadlessDCGO.Engine/Assets/Scripts/CardEffect/BT5/Purple/BT5_071.cs,BT5_071.cs
src/HeadlessDCGO.Engine/Assets/Scripts/CardEffect/BT5/Purple/BT5_072.cs,BT5_072.cs
src/HeadlessDCGO.Engine/Assets/Scripts/CardEffect/BT5/Purple/BT5_074.cs,BT5_074.cs
src/HeadlessDCGO.Engine/Assets/Scripts/CardEffect/BT5/Purple/BT5_076.cs,BT5_076.cs
src/HeadlessDCGO.Engine/Assets/Scripts/CardEffect/BT5/Purple/BT5_078.cs,BT5_078.cs
src/HeadlessDCGO.Engine/Assets/Scripts/CardEffect/BT5/Purple/BT5_079.cs,BT5_079.cs
src/HeadlessDCGO.Engine/Assets/Scripts/CardEffect/BT5/Purple/BT5_080.cs,BT5_080.cs
src/HeadlessDCGO.Engine/Assets/Scripts/CardEffect/BT5/Purple/BT5_081.cs,BT5_081.cs
src/HeadlessDCGO.Engine/Assets/Scripts/CardEffect/BT5/Purple/BT5_082.cs,BT5_082.cs
src/HeadlessDCGO.Engine/Assets/Scripts/CardEffect/BT5/Purple/BT5_083.cs,BT5_083.cs
src/HeadlessDCGO.Engine/Assets/Scripts/CardEffect/BT5/Purple/BT5_106.cs,BT5_106.cs
src/HeadlessDCGO.Engine/Assets/Scripts/CardEffect/BT5/Purple/BT5_107.cs,BT5_107.cs
src/HeadlessDCGO.Engine/Assets/Scripts/CardEffect/BT5/Purple/BT5_108.cs,BT5_108.cs
src/HeadlessDCGO.Engine/Assets/Scripts/CardEffect/BT5/Red/BT5_001.cs,BT5_001.cs
src/HeadlessDCGO.Engine/Assets/Scripts/CardEffect/BT5/Red/BT5_007.cs,BT5_007.cs
src/HeadlessDCGO.Engine/Assets/Scripts/CardEffect/BT5/Red/BT5_008.cs,BT5_008.cs
src/HeadlessDCGO.Engine/Assets/Scripts/CardEffect/BT5/Red/BT5_009.cs,BT5_009.cs
src/HeadlessDCGO.Engine/Assets/Scripts/CardEffect/BT5/Red/BT5_010.cs,BT5_010.cs
src/HeadlessDCGO.Engine/Assets/Scripts/CardEffect/BT5/Red/BT5_011.cs,BT5_011.cs
src/HeadlessDCGO.Engine/Assets/Scripts/CardEffect/BT5/Red/BT5_014.cs,BT5_014.cs
src/HeadlessDCGO.Engine/Assets/Scripts/CardEffect/BT5/Red/BT5_015.cs,BT5_015.cs
src/HeadlessDCGO.Engine/Assets/Scripts/CardEffect/BT5/Red/BT5_016.cs,BT5_016.cs
src/HeadlessDCGO.Engine/Assets/Scripts/CardEffect/BT5/Red/BT5_017.cs,BT5_017.cs
src/HeadlessDCGO.Engine/Assets/Scripts/CardEffect/BT5/Red/BT5_018.cs,BT5_018.cs
src/HeadlessDCGO.Engine/Assets/Scripts/CardEffect/BT5/Red/BT5_019.cs,BT5_019.cs
src/HeadlessDCGO.Engine/Assets/Scripts/CardEffect/BT5/Red/BT5_094.cs,BT5_094.cs
src/HeadlessDCGO.Engine/Assets/Scripts/CardEffect/BT5/Red/BT5_095.cs,BT5_095.cs
src/HeadlessDCGO.Engine/Assets/Scripts/CardEffect/BT5/White/BT5_084.cs,BT5_084.cs
src/HeadlessDCGO.Engine/Assets/Scripts/CardEffect/BT5/White/BT5_085.cs,BT5_085.cs
src/HeadlessDCGO.Engine/Assets/Scripts/CardEffect/BT5/White/BT5_086.cs,BT5_086.cs
src/HeadlessDCGO.Engine/Assets/Scripts/CardEffect/BT5/White/BT5_087.cs,BT5_087.cs
src/HeadlessDCGO.Engine/Assets/Scripts/CardEffect/BT5/White/BT5_091.cs,BT5_091.cs
src/HeadlessDCGO.Engine/Assets/Scripts/CardEffect/BT5/White/BT5_092.cs,BT5_092.cs
src/HeadlessDCGO.Engine/Assets/Scripts/CardEffect/BT5/White/BT5_093.cs,BT5_093.cs
src/HeadlessDCGO.Engine/Assets/Scripts/CardEffect/BT5/White/BT5_109.cs,BT5_109.cs
src/HeadlessDCGO.Engine/Assets/Scripts/CardEffect/BT5/White/BT5_110.cs,BT5_110.cs
src/HeadlessDCGO.Engine/Assets/Scripts/CardEffect/BT5/White/BT5_111.cs,BT5_111.cs
src/HeadlessDCGO.Engine/Assets/Scripts/CardEffect/BT5/White/BT5_112.cs,BT5_112.cs
src/HeadlessDCGO.Engine/Assets/Scripts/CardEffect/BT5/Yellow/BT5_003.cs,BT5_003.cs
src/HeadlessDCGO.Engine/Assets/Scripts/CardEffect/BT5/Yellow/BT5_034.cs,BT5_034.cs
src/HeadlessDCGO.Engine/Assets/Scripts/CardEffect/BT5/Yellow/BT5_035.cs,BT5_035.cs
src/HeadlessDCGO.Engine/Assets/Scripts/CardEffect/BT5/Yellow/BT5_036.cs,BT5_036.cs
src/HeadlessDCGO.Engine/Assets/Scripts/CardEffect/BT5/Yellow/BT5_037.cs,BT5_037.cs
src/HeadlessDCGO.Engine/Assets/Scripts/CardEffect/BT5/Yellow/BT5_038.cs,BT5_038.cs
src/HeadlessDCGO.Engine/Assets/Scripts/CardEffect/BT5/Yellow/BT5_039.cs,BT5_039.cs
src/HeadlessDCGO.Engine/Assets/Scripts/CardEffect/BT5/Yellow/BT5_042.cs,BT5_042.cs
src/HeadlessDCGO.Engine/Assets/Scripts/CardEffect/BT5/Yellow/BT5_043.cs,BT5_043.cs
src/HeadlessDCGO.Engine/Assets/Scripts/CardEffect/BT5/Yellow/BT5_044.cs,BT5_044.cs
src/HeadlessDCGO.Engine/Assets/Scripts/CardEffect/BT5/Yellow/BT5_045.cs,BT5_045.cs
src/HeadlessDCGO.Engine/Assets/Scripts/CardEffect/BT5/Yellow/BT5_098.cs,BT5_098.cs
src/HeadlessDCGO.Engine/Assets/Scripts/CardEffect/BT5/Yellow/BT5_099.cs,BT5_099.cs
src/HeadlessDCGO.Engine/Assets/Scripts/CardEffect/BT6/Black/BT6_005.cs,BT6_005.cs
src/HeadlessDCGO.Engine/Assets/Scripts/CardEffect/BT6/Black/BT6_056.cs,BT6_056.cs
src/HeadlessDCGO.Engine/Assets/Scripts/CardEffect/BT6/Black/BT6_057.cs,BT6_057.cs
src/HeadlessDCGO.Engine/Assets/Scripts/CardEffect/BT6/Black/BT6_059.cs,BT6_059.cs
src/HeadlessDCGO.Engine/Assets/Scripts/CardEffect/BT6/Black/BT6_060.cs,BT6_060.cs
src/HeadlessDCGO.Engine/Assets/Scripts/CardEffect/BT6/Black/BT6_061.cs,BT6_061.cs
src/HeadlessDCGO.Engine/Assets/Scripts/CardEffect/BT6/Black/BT6_062.cs,BT6_062.cs
src/HeadlessDCGO.Engine/Assets/Scripts/CardEffect/BT6/Black/BT6_064.cs,BT6_064.cs
src/HeadlessDCGO.Engine/Assets/Scripts/CardEffect/BT6/Black/BT6_065.cs,BT6_065.cs
src/HeadlessDCGO.Engine/Assets/Scripts/CardEffect/BT6/Black/BT6_066.cs,BT6_066.cs
src/HeadlessDCGO.Engine/Assets/Scripts/CardEffect/BT6/Black/BT6_067.cs,BT6_067.cs
src/HeadlessDCGO.Engine/Assets/Scripts/CardEffect/BT6/Black/BT6_090.cs,BT6_090.cs
src/HeadlessDCGO.Engine/Assets/Scripts/CardEffect/BT6/Black/BT6_104.cs,BT6_104.cs
src/HeadlessDCGO.Engine/Assets/Scripts/CardEffect/BT6/Black/BT6_105.cs,BT6_105.cs
src/HeadlessDCGO.Engine/Assets/Scripts/CardEffect/BT6/Black/BT6_106.cs,BT6_106.cs
src/HeadlessDCGO.Engine/Assets/Scripts/CardEffect/BT6/Black/BT6_111.cs,BT6_111.cs
src/HeadlessDCGO.Engine/Assets/Scripts/CardEffect/BT6/Blue/BT6_002.cs,BT6_002.cs
src/HeadlessDCGO.Engine/Assets/Scripts/CardEffect/BT6/Blue/BT6_019.cs,BT6_019.cs
src/HeadlessDCGO.Engine/Assets/Scripts/CardEffect/BT6/Blue/BT6_020.cs,BT6_020.cs
src/HeadlessDCGO.Engine/Assets/Scripts/CardEffect/BT6/Blue/BT6_022.cs,BT6_022.cs
src/HeadlessDCGO.Engine/Assets/Scripts/CardEffect/BT6/Blue/BT6_024.cs,BT6_024.cs
src/HeadlessDCGO.Engine/Assets/Scripts/CardEffect/BT6/Blue/BT6_025.cs,BT6_025.cs
src/HeadlessDCGO.Engine/Assets/Scripts/CardEffect/BT6/Blue/BT6_026.cs,BT6_026.cs
src/HeadlessDCGO.Engine/Assets/Scripts/CardEffect/BT6/Blue/BT6_027.cs,BT6_027.cs
src/HeadlessDCGO.Engine/Assets/Scripts/CardEffect/BT6/Blue/BT6_028.cs,BT6_028.cs
src/HeadlessDCGO.Engine/Assets/Scripts/CardEffect/BT6/Blue/BT6_029.cs,BT6_029.cs
src/HeadlessDCGO.Engine/Assets/Scripts/CardEffect/BT6/Blue/BT6_030.cs,BT6_030.cs
src/HeadlessDCGO.Engine/Assets/Scripts/CardEffect/BT6/Blue/BT6_088.cs,BT6_088.cs
src/HeadlessDCGO.Engine/Assets/Scripts/CardEffect/BT6/Blue/BT6_096.cs,BT6_096.cs
src/HeadlessDCGO.Engine/Assets/Scripts/CardEffect/BT6/Blue/BT6_097.cs,BT6_097.cs
src/HeadlessDCGO.Engine/Assets/Scripts/CardEffect/BT6/Blue/BT6_098.cs,BT6_098.cs
src/HeadlessDCGO.Engine/Assets/Scripts/CardEffect/BT6/Green/BT6_004.cs,BT6_004.cs
src/HeadlessDCGO.Engine/Assets/Scripts/CardEffect/BT6/Green/BT6_045.cs,BT6_045.cs
src/HeadlessDCGO.Engine/Assets/Scripts/CardEffect/BT6/Green/BT6_047.cs,BT6_047.cs
src/HeadlessDCGO.Engine/Assets/Scripts/CardEffect/BT6/Green/BT6_049.cs,BT6_049.cs
src/HeadlessDCGO.Engine/Assets/Scripts/CardEffect/BT6/Green/BT6_050.cs,BT6_050.cs
src/HeadlessDCGO.Engine/Assets/Scripts/CardEffect/BT6/Green/BT6_051.cs,BT6_051.cs
src/HeadlessDCGO.Engine/Assets/Scripts/CardEffect/BT6/Green/BT6_052.cs,BT6_052.cs
src/HeadlessDCGO.Engine/Assets/Scripts/CardEffect/BT6/Green/BT6_053.cs,BT6_053.cs
src/HeadlessDCGO.Engine/Assets/Scripts/CardEffect/BT6/Green/BT6_054.cs,BT6_054.cs
src/HeadlessDCGO.Engine/Assets/Scripts/CardEffect/BT6/Green/BT6_102.cs,BT6_102.cs
src/HeadlessDCGO.Engine/Assets/Scripts/CardEffect/BT6/Green/BT6_103.cs,BT6_103.cs
src/HeadlessDCGO.Engine/Assets/Scripts/CardEffect/BT6/Purple/BT6_006.cs,BT6_006.cs
src/HeadlessDCGO.Engine/Assets/Scripts/CardEffect/BT6/Purple/BT6_068.cs,BT6_068.cs
src/HeadlessDCGO.Engine/Assets/Scripts/CardEffect/BT6/Purple/BT6_069.cs,BT6_069.cs
src/HeadlessDCGO.Engine/Assets/Scripts/CardEffect/BT6/Purple/BT6_070.cs,BT6_070.cs
src/HeadlessDCGO.Engine/Assets/Scripts/CardEffect/BT6/Purple/BT6_071.cs,BT6_071.cs
src/HeadlessDCGO.Engine/Assets/Scripts/CardEffect/BT6/Purple/BT6_072.cs,BT6_072.cs
src/HeadlessDCGO.Engine/Assets/Scripts/CardEffect/BT6/Purple/BT6_073.cs,BT6_073.cs
src/HeadlessDCGO.Engine/Assets/Scripts/CardEffect/BT6/Purple/BT6_075.cs,BT6_075.cs
src/HeadlessDCGO.Engine/Assets/Scripts/CardEffect/BT6/Purple/BT6_077.cs,BT6_077.cs
src/HeadlessDCGO.Engine/Assets/Scripts/CardEffect/BT6/Purple/BT6_078.cs,BT6_078.cs
src/HeadlessDCGO.Engine/Assets/Scripts/CardEffect/BT6/Purple/BT6_079.cs,BT6_079.cs
src/HeadlessDCGO.Engine/Assets/Scripts/CardEffect/BT6/Purple/BT6_080.cs,BT6_080.cs
src/HeadlessDCGO.Engine/Assets/Scripts/CardEffect/BT6/Purple/BT6_081.cs,BT6_081.cs
src/HeadlessDCGO.Engine/Assets/Scripts/CardEffect/BT6/Purple/BT6_091.cs,BT6_091.cs
src/HeadlessDCGO.Engine/Assets/Scripts/CardEffect/BT6/Purple/BT6_107.cs,BT6_107.cs
src/HeadlessDCGO.Engine/Assets/Scripts/CardEffect/BT6/Purple/BT6_108.cs,BT6_108.cs
src/HeadlessDCGO.Engine/Assets/Scripts/CardEffect/BT6/Purple/BT6_109.cs,BT6_109.cs
src/HeadlessDCGO.Engine/Assets/Scripts/CardEffect/BT6/Purple/BT6_112.cs,BT6_112.cs
src/HeadlessDCGO.Engine/Assets/Scripts/CardEffect/BT6/Red/BT6_001.cs,BT6_001.cs
src/HeadlessDCGO.Engine/Assets/Scripts/CardEffect/BT6/Red/BT6_007.cs,BT6_007.cs
src/HeadlessDCGO.Engine/Assets/Scripts/CardEffect/BT6/Red/BT6_008.cs,BT6_008.cs
src/HeadlessDCGO.Engine/Assets/Scripts/CardEffect/BT6/Red/BT6_009.cs,BT6_009.cs
src/HeadlessDCGO.Engine/Assets/Scripts/CardEffect/BT6/Red/BT6_010.cs,BT6_010.cs
src/HeadlessDCGO.Engine/Assets/Scripts/CardEffect/BT6/Red/BT6_011.cs,BT6_011.cs
src/HeadlessDCGO.Engine/Assets/Scripts/CardEffect/BT6/Red/BT6_013.cs,BT6_013.cs
src/HeadlessDCGO.Engine/Assets/Scripts/CardEffect/BT6/Red/BT6_014.cs,BT6_014.cs
src/HeadlessDCGO.Engine/Assets/Scripts/CardEffect/BT6/Red/BT6_015.cs,BT6_015.cs
src/HeadlessDCGO.Engine/Assets/Scripts/CardEffect/BT6/Red/BT6_016.cs,BT6_016.cs
src/HeadlessDCGO.Engine/Assets/Scripts/CardEffect/BT6/Red/BT6_017.cs,BT6_017.cs
src/HeadlessDCGO.Engine/Assets/Scripts/CardEffect/BT6/Red/BT6_018.cs,BT6_018.cs
src/HeadlessDCGO.Engine/Assets/Scripts/CardEffect/BT6/Red/BT6_087.cs,BT6_087.cs
src/HeadlessDCGO.Engine/Assets/Scripts/CardEffect/BT6/Red/BT6_093.cs,BT6_093.cs
src/HeadlessDCGO.Engine/Assets/Scripts/CardEffect/BT6/Red/BT6_094.cs,BT6_094.cs
src/HeadlessDCGO.Engine/Assets/Scripts/CardEffect/BT6/Red/BT6_095.cs,BT6_095.cs
src/HeadlessDCGO.Engine/Assets/Scripts/CardEffect/BT6/White/BT6_082.cs,BT6_082.cs
src/HeadlessDCGO.Engine/Assets/Scripts/CardEffect/BT6/White/BT6_083.cs,BT6_083.cs
src/HeadlessDCGO.Engine/Assets/Scripts/CardEffect/BT6/White/BT6_084.cs,BT6_084.cs
src/HeadlessDCGO.Engine/Assets/Scripts/CardEffect/BT6/White/BT6_085.cs,BT6_085.cs
src/HeadlessDCGO.Engine/Assets/Scripts/CardEffect/BT6/White/BT6_086.cs,BT6_086.cs
src/HeadlessDCGO.Engine/Assets/Scripts/CardEffect/BT6/White/BT6_092.cs,BT6_092.cs
src/HeadlessDCGO.Engine/Assets/Scripts/CardEffect/BT6/White/BT6_110.cs,BT6_110.cs
src/HeadlessDCGO.Engine/Assets/Scripts/CardEffect/BT6/Yellow/BT6_003.cs,BT6_003.cs
src/HeadlessDCGO.Engine/Assets/Scripts/CardEffect/BT6/Yellow/BT6_031.cs,BT6_031.cs
src/HeadlessDCGO.Engine/Assets/Scripts/CardEffect/BT6/Yellow/BT6_032.cs,BT6_032.cs
src/HeadlessDCGO.Engine/Assets/Scripts/CardEffect/BT6/Yellow/BT6_033.cs,BT6_033.cs
src/HeadlessDCGO.Engine/Assets/Scripts/CardEffect/BT6/Yellow/BT6_034.cs,BT6_034.cs
src/HeadlessDCGO.Engine/Assets/Scripts/CardEffect/BT6/Yellow/BT6_035.cs,BT6_035.cs
src/HeadlessDCGO.Engine/Assets/Scripts/CardEffect/BT6/Yellow/BT6_036.cs,BT6_036.cs
src/HeadlessDCGO.Engine/Assets/Scripts/CardEffect/BT6/Yellow/BT6_037.cs,BT6_037.cs
src/HeadlessDCGO.Engine/Assets/Scripts/CardEffect/BT6/Yellow/BT6_039.cs,BT6_039.cs
src/HeadlessDCGO.Engine/Assets/Scripts/CardEffect/BT6/Yellow/BT6_040.cs,BT6_040.cs
src/HeadlessDCGO.Engine/Assets/Scripts/CardEffect/BT6/Yellow/BT6_041.cs,BT6_041.cs
src/HeadlessDCGO.Engine/Assets/Scripts/CardEffect/BT6/Yellow/BT6_042.cs,BT6_042.cs
src/HeadlessDCGO.Engine/Assets/Scripts/CardEffect/BT6/Yellow/BT6_043.cs,BT6_043.cs
src/HeadlessDCGO.Engine/Assets/Scripts/CardEffect/BT6/Yellow/BT6_044.cs,BT6_044.cs
src/HeadlessDCGO.Engine/Assets/Scripts/CardEffect/BT6/Yellow/BT6_089.cs,BT6_089.cs
src/HeadlessDCGO.Engine/Assets/Scripts/CardEffect/BT6/Yellow/BT6_099.cs,BT6_099.cs
src/HeadlessDCGO.Engine/Assets/Scripts/CardEffect/BT6/Yellow/BT6_100.cs,BT6_100.cs
src/HeadlessDCGO.Engine/Assets/Scripts/CardEffect/BT6/Yellow/BT6_101.cs,BT6_101.cs
src/HeadlessDCGO.Engine/Assets/Scripts/CardEffect/BT7/Black/BT7_005.cs,BT7_005.cs
src/HeadlessDCGO.Engine/Assets/Scripts/CardEffect/BT7/Black/BT7_056.cs,BT7_056.cs
src/HeadlessDCGO.Engine/Assets/Scripts/CardEffect/BT7/Black/BT7_057.cs,BT7_057.cs
src/HeadlessDCGO.Engine/Assets/Scripts/CardEffect/BT7/Black/BT7_058.cs,BT7_058.cs
src/HeadlessDCGO.Engine/Assets/Scripts/CardEffect/BT7/Black/BT7_059.cs,BT7_059.cs
src/HeadlessDCGO.Engine/Assets/Scripts/CardEffect/BT7/Black/BT7_060.cs,BT7_060.cs
src/HeadlessDCGO.Engine/Assets/Scripts/CardEffect/BT7/Black/BT7_061.cs,BT7_061.cs
src/HeadlessDCGO.Engine/Assets/Scripts/CardEffect/BT7/Black/BT7_062.cs,BT7_062.cs
src/HeadlessDCGO.Engine/Assets/Scripts/CardEffect/BT7/Black/BT7_063.cs,BT7_063.cs
src/HeadlessDCGO.Engine/Assets/Scripts/CardEffect/BT7/Black/BT7_064.cs,BT7_064.cs
src/HeadlessDCGO.Engine/Assets/Scripts/CardEffect/BT7/Black/BT7_065.cs,BT7_065.cs
src/HeadlessDCGO.Engine/Assets/Scripts/CardEffect/BT7/Black/BT7_066.cs,BT7_066.cs
src/HeadlessDCGO.Engine/Assets/Scripts/CardEffect/BT7/Black/BT7_090.cs,BT7_090.cs
src/HeadlessDCGO.Engine/Assets/Scripts/CardEffect/BT7/Black/BT7_104.cs,BT7_104.cs
src/HeadlessDCGO.Engine/Assets/Scripts/CardEffect/BT7/Black/BT7_105.cs,BT7_105.cs
src/HeadlessDCGO.Engine/Assets/Scripts/CardEffect/BT7/Black/BT7_106.cs,BT7_106.cs
src/HeadlessDCGO.Engine/Assets/Scripts/CardEffect/BT7/Blue/BT7_002.cs,BT7_002.cs
src/HeadlessDCGO.Engine/Assets/Scripts/CardEffect/BT7/Blue/BT7_018.cs,BT7_018.cs
src/HeadlessDCGO.Engine/Assets/Scripts/CardEffect/BT7/Blue/BT7_019.cs,BT7_019.cs
src/HeadlessDCGO.Engine/Assets/Scripts/CardEffect/BT7/Blue/BT7_021.cs,BT7_021.cs
src/HeadlessDCGO.Engine/Assets/Scripts/CardEffect/BT7/Blue/BT7_022.cs,BT7_022.cs
src/HeadlessDCGO.Engine/Assets/Scripts/CardEffect/BT7/Blue/BT7_023.cs,BT7_023.cs
src/HeadlessDCGO.Engine/Assets/Scripts/CardEffect/BT7/Blue/BT7_024.cs,BT7_024.cs
src/HeadlessDCGO.Engine/Assets/Scripts/CardEffect/BT7/Blue/BT7_025.cs,BT7_025.cs
src/HeadlessDCGO.Engine/Assets/Scripts/CardEffect/BT7/Blue/BT7_026.cs,BT7_026.cs
src/HeadlessDCGO.Engine/Assets/Scripts/CardEffect/BT7/Blue/BT7_027.cs,BT7_027.cs
src/HeadlessDCGO.Engine/Assets/Scripts/CardEffect/BT7/Blue/BT7_028.cs,BT7_028.cs
src/HeadlessDCGO.Engine/Assets/Scripts/CardEffect/BT7/Blue/BT7_029.cs,BT7_029.cs
src/HeadlessDCGO.Engine/Assets/Scripts/CardEffect/BT7/Blue/BT7_030.cs,BT7_030.cs
src/HeadlessDCGO.Engine/Assets/Scripts/CardEffect/BT7/Blue/BT7_086.cs,BT7_086.cs
src/HeadlessDCGO.Engine/Assets/Scripts/CardEffect/BT7/Blue/BT7_087.cs,BT7_087.cs
src/HeadlessDCGO.Engine/Assets/Scripts/CardEffect/BT7/Blue/BT7_095.cs,BT7_095.cs
src/HeadlessDCGO.Engine/Assets/Scripts/CardEffect/BT7/Blue/BT7_096.cs,BT7_096.cs
src/HeadlessDCGO.Engine/Assets/Scripts/CardEffect/BT7/Blue/BT7_097.cs,BT7_097.cs
src/HeadlessDCGO.Engine/Assets/Scripts/CardEffect/BT7/Green/BT7_004.cs,BT7_004.cs
src/HeadlessDCGO.Engine/Assets/Scripts/CardEffect/BT7/Green/BT7_043.cs,BT7_043.cs
src/HeadlessDCGO.Engine/Assets/Scripts/CardEffect/BT7/Green/BT7_044.cs,BT7_044.cs
src/HeadlessDCGO.Engine/Assets/Scripts/CardEffect/BT7/Green/BT7_046.cs,BT7_046.cs
src/HeadlessDCGO.Engine/Assets/Scripts/CardEffect/BT7/Green/BT7_047.cs,BT7_047.cs
src/HeadlessDCGO.Engine/Assets/Scripts/CardEffect/BT7/Green/BT7_051.cs,BT7_051.cs
src/HeadlessDCGO.Engine/Assets/Scripts/CardEffect/BT7/Green/BT7_052.cs,BT7_052.cs
src/HeadlessDCGO.Engine/Assets/Scripts/CardEffect/BT7/Green/BT7_053.cs,BT7_053.cs
src/HeadlessDCGO.Engine/Assets/Scripts/CardEffect/BT7/Green/BT7_054.cs,BT7_054.cs
src/HeadlessDCGO.Engine/Assets/Scripts/CardEffect/BT7/Green/BT7_055.cs,BT7_055.cs
src/HeadlessDCGO.Engine/Assets/Scripts/CardEffect/BT7/Green/BT7_089.cs,BT7_089.cs
src/HeadlessDCGO.Engine/Assets/Scripts/CardEffect/BT7/Green/BT7_101.cs,BT7_101.cs
src/HeadlessDCGO.Engine/Assets/Scripts/CardEffect/BT7/Green/BT7_102.cs,BT7_102.cs
src/HeadlessDCGO.Engine/Assets/Scripts/CardEffect/BT7/Green/BT7_103.cs,BT7_103.cs
src/HeadlessDCGO.Engine/Assets/Scripts/CardEffect/BT7/Purple/BT7_006.cs,BT7_006.cs
src/HeadlessDCGO.Engine/Assets/Scripts/CardEffect/BT7/Purple/BT7_045.cs,BT7_045.cs
src/HeadlessDCGO.Engine/Assets/Scripts/CardEffect/BT7/Purple/BT7_068.cs,BT7_068.cs
src/HeadlessDCGO.Engine/Assets/Scripts/CardEffect/BT7/Purple/BT7_069.cs,BT7_069.cs
src/HeadlessDCGO.Engine/Assets/Scripts/CardEffect/BT7/Purple/BT7_070.cs,BT7_070.cs
src/HeadlessDCGO.Engine/Assets/Scripts/CardEffect/BT7/Purple/BT7_071.cs,BT7_071.cs
src/HeadlessDCGO.Engine/Assets/Scripts/CardEffect/BT7/Purple/BT7_072.cs,BT7_072.cs
src/HeadlessDCGO.Engine/Assets/Scripts/CardEffect/BT7/Purple/BT7_073.cs,BT7_073.cs
src/HeadlessDCGO.Engine/Assets/Scripts/CardEffect/BT7/Purple/BT7_074.cs,BT7_074.cs
src/HeadlessDCGO.Engine/Assets/Scripts/CardEffect/BT7/Purple/BT7_075.cs,BT7_075.cs
src/HeadlessDCGO.Engine/Assets/Scripts/CardEffect/BT7/Purple/BT7_076.cs,BT7_076.cs
src/HeadlessDCGO.Engine/Assets/Scripts/CardEffect/BT7/Purple/BT7_077.cs,BT7_077.cs
src/HeadlessDCGO.Engine/Assets/Scripts/CardEffect/BT7/Purple/BT7_078.cs,BT7_078.cs
src/HeadlessDCGO.Engine/Assets/Scripts/CardEffect/BT7/Purple/BT7_079.cs,BT7_079.cs
src/HeadlessDCGO.Engine/Assets/Scripts/CardEffect/BT7/Purple/BT7_091.cs,BT7_091.cs
src/HeadlessDCGO.Engine/Assets/Scripts/CardEffect/BT7/Purple/BT7_107.cs,BT7_107.cs
src/HeadlessDCGO.Engine/Assets/Scripts/CardEffect/BT7/Purple/BT7_108.cs,BT7_108.cs
src/HeadlessDCGO.Engine/Assets/Scripts/CardEffect/BT7/Purple/BT7_109.cs,BT7_109.cs
src/HeadlessDCGO.Engine/Assets/Scripts/CardEffect/BT7/Purple/BT7_111.cs,BT7_111.cs
src/HeadlessDCGO.Engine/Assets/Scripts/CardEffect/BT7/Red/BT7_001.cs,BT7_001.cs
src/HeadlessDCGO.Engine/Assets/Scripts/CardEffect/BT7/Red/BT7_008.cs,BT7_008.cs
src/HeadlessDCGO.Engine/Assets/Scripts/CardEffect/BT7/Red/BT7_009.cs,BT7_009.cs
src/HeadlessDCGO.Engine/Assets/Scripts/CardEffect/BT7/Red/BT7_010.cs,BT7_010.cs
src/HeadlessDCGO.Engine/Assets/Scripts/CardEffect/BT7/Red/BT7_011.cs,BT7_011.cs
src/HeadlessDCGO.Engine/Assets/Scripts/CardEffect/BT7/Red/BT7_013.cs,BT7_013.cs
src/HeadlessDCGO.Engine/Assets/Scripts/CardEffect/BT7/Red/BT7_014.cs,BT7_014.cs
src/HeadlessDCGO.Engine/Assets/Scripts/CardEffect/BT7/Red/BT7_015.cs,BT7_015.cs
src/HeadlessDCGO.Engine/Assets/Scripts/CardEffect/BT7/Red/BT7_016.cs,BT7_016.cs
src/HeadlessDCGO.Engine/Assets/Scripts/CardEffect/BT7/Red/BT7_017.cs,BT7_017.cs
src/HeadlessDCGO.Engine/Assets/Scripts/CardEffect/BT7/Red/BT7_085.cs,BT7_085.cs
src/HeadlessDCGO.Engine/Assets/Scripts/CardEffect/BT7/Red/BT7_092.cs,BT7_092.cs
src/HeadlessDCGO.Engine/Assets/Scripts/CardEffect/BT7/Red/BT7_093.cs,BT7_093.cs
src/HeadlessDCGO.Engine/Assets/Scripts/CardEffect/BT7/Red/BT7_094.cs,BT7_094.cs
src/HeadlessDCGO.Engine/Assets/Scripts/CardEffect/BT7/White/BT7_080.cs,BT7_080.cs
src/HeadlessDCGO.Engine/Assets/Scripts/CardEffect/BT7/White/BT7_081.cs,BT7_081.cs
src/HeadlessDCGO.Engine/Assets/Scripts/CardEffect/BT7/White/BT7_082.cs,BT7_082.cs
src/HeadlessDCGO.Engine/Assets/Scripts/CardEffect/BT7/White/BT7_083.cs,BT7_083.cs
src/HeadlessDCGO.Engine/Assets/Scripts/CardEffect/BT7/White/BT7_084.cs,BT7_084.cs
src/HeadlessDCGO.Engine/Assets/Scripts/CardEffect/BT7/White/BT7_110.cs,BT7_110.cs
src/HeadlessDCGO.Engine/Assets/Scripts/CardEffect/BT7/White/BT7_112.cs,BT7_112.cs
src/HeadlessDCGO.Engine/Assets/Scripts/CardEffect/BT7/Yellow/BT7_003.cs,BT7_003.cs
src/HeadlessDCGO.Engine/Assets/Scripts/CardEffect/BT7/Yellow/BT7_032.cs,BT7_032.cs
src/HeadlessDCGO.Engine/Assets/Scripts/CardEffect/BT7/Yellow/BT7_033.cs,BT7_033.cs
src/HeadlessDCGO.Engine/Assets/Scripts/CardEffect/BT7/Yellow/BT7_034.cs,BT7_034.cs
src/HeadlessDCGO.Engine/Assets/Scripts/CardEffect/BT7/Yellow/BT7_035.cs,BT7_035.cs
src/HeadlessDCGO.Engine/Assets/Scripts/CardEffect/BT7/Yellow/BT7_036.cs,BT7_036.cs
src/HeadlessDCGO.Engine/Assets/Scripts/CardEffect/BT7/Yellow/BT7_037.cs,BT7_037.cs
src/HeadlessDCGO.Engine/Assets/Scripts/CardEffect/BT7/Yellow/BT7_038.cs,BT7_038.cs
src/HeadlessDCGO.Engine/Assets/Scripts/CardEffect/BT7/Yellow/BT7_039.cs,BT7_039.cs
src/HeadlessDCGO.Engine/Assets/Scripts/CardEffect/BT7/Yellow/BT7_040.cs,BT7_040.cs
src/HeadlessDCGO.Engine/Assets/Scripts/CardEffect/BT7/Yellow/BT7_041.cs,BT7_041.cs
src/HeadlessDCGO.Engine/Assets/Scripts/CardEffect/BT7/Yellow/BT7_042.cs,BT7_042.cs
src/HeadlessDCGO.Engine/Assets/Scripts/CardEffect/BT7/Yellow/BT7_088.cs,BT7_088.cs
src/HeadlessDCGO.Engine/Assets/Scripts/CardEffect/BT7/Yellow/BT7_098.cs,BT7_098.cs
src/HeadlessDCGO.Engine/Assets/Scripts/CardEffect/BT7/Yellow/BT7_099.cs,BT7_099.cs
src/HeadlessDCGO.Engine/Assets/Scripts/CardEffect/BT7/Yellow/BT7_100.cs,BT7_100.cs
src/HeadlessDCGO.Engine/Assets/Scripts/CardEffect/BT8/Black/BT8_005.cs,BT8_005.cs
src/HeadlessDCGO.Engine/Assets/Scripts/CardEffect/BT8/Black/BT8_058.cs,BT8_058.cs
src/HeadlessDCGO.Engine/Assets/Scripts/CardEffect/BT8/Black/BT8_059.cs,BT8_059.cs
src/HeadlessDCGO.Engine/Assets/Scripts/CardEffect/BT8/Black/BT8_060.cs,BT8_060.cs
src/HeadlessDCGO.Engine/Assets/Scripts/CardEffect/BT8/Black/BT8_061.cs,BT8_061.cs
src/HeadlessDCGO.Engine/Assets/Scripts/CardEffect/BT8/Black/BT8_062.cs,BT8_062.cs
src/HeadlessDCGO.Engine/Assets/Scripts/CardEffect/BT8/Black/BT8_063.cs,BT8_063.cs
src/HeadlessDCGO.Engine/Assets/Scripts/CardEffect/BT8/Black/BT8_064.cs,BT8_064.cs
src/HeadlessDCGO.Engine/Assets/Scripts/CardEffect/BT8/Black/BT8_065.cs,BT8_065.cs
src/HeadlessDCGO.Engine/Assets/Scripts/CardEffect/BT8/Black/BT8_066.cs,BT8_066.cs
src/HeadlessDCGO.Engine/Assets/Scripts/CardEffect/BT8/Black/BT8_067.cs,BT8_067.cs
src/HeadlessDCGO.Engine/Assets/Scripts/CardEffect/BT8/Black/BT8_068.cs,BT8_068.cs
src/HeadlessDCGO.Engine/Assets/Scripts/CardEffect/BT8/Black/BT8_069.cs,BT8_069.cs
src/HeadlessDCGO.Engine/Assets/Scripts/CardEffect/BT8/Black/BT8_070.cs,BT8_070.cs
src/HeadlessDCGO.Engine/Assets/Scripts/CardEffect/BT8/Black/BT8_092.cs,BT8_092.cs
src/HeadlessDCGO.Engine/Assets/Scripts/CardEffect/BT8/Black/BT8_104.cs,BT8_104.cs
src/HeadlessDCGO.Engine/Assets/Scripts/CardEffect/BT8/Black/BT8_105.cs,BT8_105.cs
src/HeadlessDCGO.Engine/Assets/Scripts/CardEffect/BT8/Black/BT8_106.cs,BT8_106.cs
src/HeadlessDCGO.Engine/Assets/Scripts/CardEffect/BT8/Blue/BT8_002.cs,BT8_002.cs
src/HeadlessDCGO.Engine/Assets/Scripts/CardEffect/BT8/Blue/BT8_020.cs,BT8_020.cs
src/HeadlessDCGO.Engine/Assets/Scripts/CardEffect/BT8/Blue/BT8_021.cs,BT8_021.cs
src/HeadlessDCGO.Engine/Assets/Scripts/CardEffect/BT8/Blue/BT8_022.cs,BT8_022.cs
src/HeadlessDCGO.Engine/Assets/Scripts/CardEffect/BT8/Blue/BT8_023.cs,BT8_023.cs
src/HeadlessDCGO.Engine/Assets/Scripts/CardEffect/BT8/Blue/BT8_024.cs,BT8_024.cs
src/HeadlessDCGO.Engine/Assets/Scripts/CardEffect/BT8/Blue/BT8_026.cs,BT8_026.cs
src/HeadlessDCGO.Engine/Assets/Scripts/CardEffect/BT8/Blue/BT8_028.cs,BT8_028.cs
src/HeadlessDCGO.Engine/Assets/Scripts/CardEffect/BT8/Blue/BT8_029.cs,BT8_029.cs
src/HeadlessDCGO.Engine/Assets/Scripts/CardEffect/BT8/Blue/BT8_031.cs,BT8_031.cs
src/HeadlessDCGO.Engine/Assets/Scripts/CardEffect/BT8/Blue/BT8_032.cs,BT8_032.cs
src/HeadlessDCGO.Engine/Assets/Scripts/CardEffect/BT8/Blue/BT8_087.cs,BT8_087.cs
src/HeadlessDCGO.Engine/Assets/Scripts/CardEffect/BT8/Blue/BT8_088.cs,BT8_088.cs
src/HeadlessDCGO.Engine/Assets/Scripts/CardEffect/BT8/Blue/BT8_098.cs,BT8_098.cs
src/HeadlessDCGO.Engine/Assets/Scripts/CardEffect/BT8/Blue/BT8_099.cs,BT8_099.cs
src/HeadlessDCGO.Engine/Assets/Scripts/CardEffect/BT8/Green/BT8_004.cs,BT8_004.cs
src/HeadlessDCGO.Engine/Assets/Scripts/CardEffect/BT8/Green/BT8_046.cs,BT8_046.cs
src/HeadlessDCGO.Engine/Assets/Scripts/CardEffect/BT8/Green/BT8_047.cs,BT8_047.cs
src/HeadlessDCGO.Engine/Assets/Scripts/CardEffect/BT8/Green/BT8_048.cs,BT8_048.cs
src/HeadlessDCGO.Engine/Assets/Scripts/CardEffect/BT8/Green/BT8_049.cs,BT8_049.cs
src/HeadlessDCGO.Engine/Assets/Scripts/CardEffect/BT8/Green/BT8_050.cs,BT8_050.cs
src/HeadlessDCGO.Engine/Assets/Scripts/CardEffect/BT8/Green/BT8_051.cs,BT8_051.cs
src/HeadlessDCGO.Engine/Assets/Scripts/CardEffect/BT8/Green/BT8_053.cs,BT8_053.cs
src/HeadlessDCGO.Engine/Assets/Scripts/CardEffect/BT8/Green/BT8_054.cs,BT8_054.cs
src/HeadlessDCGO.Engine/Assets/Scripts/CardEffect/BT8/Green/BT8_055.cs,BT8_055.cs
src/HeadlessDCGO.Engine/Assets/Scripts/CardEffect/BT8/Green/BT8_057.cs,BT8_057.cs
src/HeadlessDCGO.Engine/Assets/Scripts/CardEffect/BT8/Green/BT8_091.cs,BT8_091.cs
src/HeadlessDCGO.Engine/Assets/Scripts/CardEffect/BT8/Green/BT8_102.cs,BT8_102.cs
src/HeadlessDCGO.Engine/Assets/Scripts/CardEffect/BT8/Green/BT8_103.cs,BT8_103.cs
src/HeadlessDCGO.Engine/Assets/Scripts/CardEffect/BT8/Purple/BT8_006.cs,BT8_006.cs
src/HeadlessDCGO.Engine/Assets/Scripts/CardEffect/BT8/Purple/BT8_071.cs,BT8_071.cs
src/HeadlessDCGO.Engine/Assets/Scripts/CardEffect/BT8/Purple/BT8_072.cs,BT8_072.cs
src/HeadlessDCGO.Engine/Assets/Scripts/CardEffect/BT8/Purple/BT8_074.cs,BT8_074.cs
src/HeadlessDCGO.Engine/Assets/Scripts/CardEffect/BT8/Purple/BT8_077.cs,BT8_077.cs
src/HeadlessDCGO.Engine/Assets/Scripts/CardEffect/BT8/Purple/BT8_079.cs,BT8_079.cs
src/HeadlessDCGO.Engine/Assets/Scripts/CardEffect/BT8/Purple/BT8_080.cs,BT8_080.cs
src/HeadlessDCGO.Engine/Assets/Scripts/CardEffect/BT8/Purple/BT8_081.cs,BT8_081.cs
src/HeadlessDCGO.Engine/Assets/Scripts/CardEffect/BT8/Purple/BT8_082.cs,BT8_082.cs
src/HeadlessDCGO.Engine/Assets/Scripts/CardEffect/BT8/Purple/BT8_083.cs,BT8_083.cs
src/HeadlessDCGO.Engine/Assets/Scripts/CardEffect/BT8/Purple/BT8_093.cs,BT8_093.cs
src/HeadlessDCGO.Engine/Assets/Scripts/CardEffect/BT8/Purple/BT8_107.cs,BT8_107.cs
src/HeadlessDCGO.Engine/Assets/Scripts/CardEffect/BT8/Purple/BT8_108.cs,BT8_108.cs
src/HeadlessDCGO.Engine/Assets/Scripts/CardEffect/BT8/Purple/BT8_109.cs,BT8_109.cs
src/HeadlessDCGO.Engine/Assets/Scripts/CardEffect/BT8/Purple/BT8_111.cs,BT8_111.cs
src/HeadlessDCGO.Engine/Assets/Scripts/CardEffect/BT8/Red/BT8_001.cs,BT8_001.cs
src/HeadlessDCGO.Engine/Assets/Scripts/CardEffect/BT8/Red/BT8_008.cs,BT8_008.cs
src/HeadlessDCGO.Engine/Assets/Scripts/CardEffect/BT8/Red/BT8_009.cs,BT8_009.cs
src/HeadlessDCGO.Engine/Assets/Scripts/CardEffect/BT8/Red/BT8_010.cs,BT8_010.cs
src/HeadlessDCGO.Engine/Assets/Scripts/CardEffect/BT8/Red/BT8_012.cs,BT8_012.cs
src/HeadlessDCGO.Engine/Assets/Scripts/CardEffect/BT8/Red/BT8_015.cs,BT8_015.cs
src/HeadlessDCGO.Engine/Assets/Scripts/CardEffect/BT8/Red/BT8_016.cs,BT8_016.cs
src/HeadlessDCGO.Engine/Assets/Scripts/CardEffect/BT8/Red/BT8_018.cs,BT8_018.cs
src/HeadlessDCGO.Engine/Assets/Scripts/CardEffect/BT8/Red/BT8_019.cs,BT8_019.cs
src/HeadlessDCGO.Engine/Assets/Scripts/CardEffect/BT8/Red/BT8_085.cs,BT8_085.cs
src/HeadlessDCGO.Engine/Assets/Scripts/CardEffect/BT8/Red/BT8_086.cs,BT8_086.cs
src/HeadlessDCGO.Engine/Assets/Scripts/CardEffect/BT8/Red/BT8_095.cs,BT8_095.cs
src/HeadlessDCGO.Engine/Assets/Scripts/CardEffect/BT8/Red/BT8_096.cs,BT8_096.cs
src/HeadlessDCGO.Engine/Assets/Scripts/CardEffect/BT8/Red/BT8_097.cs,BT8_097.cs
src/HeadlessDCGO.Engine/Assets/Scripts/CardEffect/BT8/White/BT8_084.cs,BT8_084.cs
src/HeadlessDCGO.Engine/Assets/Scripts/CardEffect/BT8/White/BT8_094.cs,BT8_094.cs
src/HeadlessDCGO.Engine/Assets/Scripts/CardEffect/BT8/White/BT8_110.cs,BT8_110.cs
src/HeadlessDCGO.Engine/Assets/Scripts/CardEffect/BT8/White/BT8_112.cs,BT8_112.cs
src/HeadlessDCGO.Engine/Assets/Scripts/CardEffect/BT8/Yellow/BT8_003.cs,BT8_003.cs
src/HeadlessDCGO.Engine/Assets/Scripts/CardEffect/BT8/Yellow/BT8_033.cs,BT8_033.cs
src/HeadlessDCGO.Engine/Assets/Scripts/CardEffect/BT8/Yellow/BT8_035.cs,BT8_035.cs
src/HeadlessDCGO.Engine/Assets/Scripts/CardEffect/BT8/Yellow/BT8_036.cs,BT8_036.cs
src/HeadlessDCGO.Engine/Assets/Scripts/CardEffect/BT8/Yellow/BT8_038.cs,BT8_038.cs
src/HeadlessDCGO.Engine/Assets/Scripts/CardEffect/BT8/Yellow/BT8_039.cs,BT8_039.cs
src/HeadlessDCGO.Engine/Assets/Scripts/CardEffect/BT8/Yellow/BT8_040.cs,BT8_040.cs
src/HeadlessDCGO.Engine/Assets/Scripts/CardEffect/BT8/Yellow/BT8_042.cs,BT8_042.cs
src/HeadlessDCGO.Engine/Assets/Scripts/CardEffect/BT8/Yellow/BT8_043.cs,BT8_043.cs
src/HeadlessDCGO.Engine/Assets/Scripts/CardEffect/BT8/Yellow/BT8_044.cs,BT8_044.cs
src/HeadlessDCGO.Engine/Assets/Scripts/CardEffect/BT8/Yellow/BT8_089.cs,BT8_089.cs
src/HeadlessDCGO.Engine/Assets/Scripts/CardEffect/BT8/Yellow/BT8_090.cs,BT8_090.cs
src/HeadlessDCGO.Engine/Assets/Scripts/CardEffect/BT8/Yellow/BT8_100.cs,BT8_100.cs
src/HeadlessDCGO.Engine/Assets/Scripts/CardEffect/BT8/Yellow/BT8_101.cs,BT8_101.cs
src/HeadlessDCGO.Engine/Assets/Scripts/CardEffect/BT9/Black/BT9_005.cs,BT9_005.cs
src/HeadlessDCGO.Engine/Assets/Scripts/CardEffect/BT9/Black/BT9_058.cs,BT9_058.cs
src/HeadlessDCGO.Engine/Assets/Scripts/CardEffect/BT9/Black/BT9_059.cs,BT9_059.cs
src/HeadlessDCGO.Engine/Assets/Scripts/CardEffect/BT9/Black/BT9_061.cs,BT9_061.cs
src/HeadlessDCGO.Engine/Assets/Scripts/CardEffect/BT9/Black/BT9_062.cs,BT9_062.cs
src/HeadlessDCGO.Engine/Assets/Scripts/CardEffect/BT9/Black/BT9_064.cs,BT9_064.cs
src/HeadlessDCGO.Engine/Assets/Scripts/CardEffect/BT9/Black/BT9_065.cs,BT9_065.cs
src/HeadlessDCGO.Engine/Assets/Scripts/CardEffect/BT9/Black/BT9_066.cs,BT9_066.cs
src/HeadlessDCGO.Engine/Assets/Scripts/CardEffect/BT9/Black/BT9_067.cs,BT9_067.cs
src/HeadlessDCGO.Engine/Assets/Scripts/CardEffect/BT9/Black/BT9_068.cs,BT9_068.cs
src/HeadlessDCGO.Engine/Assets/Scripts/CardEffect/BT9/Black/BT9_069.cs,BT9_069.cs
src/HeadlessDCGO.Engine/Assets/Scripts/CardEffect/BT9/Black/BT9_089.cs,BT9_089.cs
src/HeadlessDCGO.Engine/Assets/Scripts/CardEffect/BT9/Black/BT9_090.cs,BT9_090.cs
src/HeadlessDCGO.Engine/Assets/Scripts/CardEffect/BT9/Black/BT9_102.cs,BT9_102.cs
src/HeadlessDCGO.Engine/Assets/Scripts/CardEffect/BT9/Black/BT9_103.cs,BT9_103.cs
src/HeadlessDCGO.Engine/Assets/Scripts/CardEffect/BT9/Black/BT9_104.cs,BT9_104.cs
src/HeadlessDCGO.Engine/Assets/Scripts/CardEffect/BT9/Black/BT9_105.cs,BT9_105.cs
src/HeadlessDCGO.Engine/Assets/Scripts/CardEffect/BT9/Black/BT9_111.cs,BT9_111.cs
src/HeadlessDCGO.Engine/Assets/Scripts/CardEffect/BT9/Blue/BT9_002.cs,BT9_002.cs
src/HeadlessDCGO.Engine/Assets/Scripts/CardEffect/BT9/Blue/BT9_020.cs,BT9_020.cs
src/HeadlessDCGO.Engine/Assets/Scripts/CardEffect/BT9/Blue/BT9_021.cs,BT9_021.cs
src/HeadlessDCGO.Engine/Assets/Scripts/CardEffect/BT9/Blue/BT9_023.cs,BT9_023.cs
src/HeadlessDCGO.Engine/Assets/Scripts/CardEffect/BT9/Blue/BT9_024.cs,BT9_024.cs
src/HeadlessDCGO.Engine/Assets/Scripts/CardEffect/BT9/Blue/BT9_025.cs,BT9_025.cs
src/HeadlessDCGO.Engine/Assets/Scripts/CardEffect/BT9/Blue/BT9_028.cs,BT9_028.cs
src/HeadlessDCGO.Engine/Assets/Scripts/CardEffect/BT9/Blue/BT9_029.cs,BT9_029.cs
src/HeadlessDCGO.Engine/Assets/Scripts/CardEffect/BT9/Blue/BT9_030.cs,BT9_030.cs
src/HeadlessDCGO.Engine/Assets/Scripts/CardEffect/BT9/Blue/BT9_031.cs,BT9_031.cs
src/HeadlessDCGO.Engine/Assets/Scripts/CardEffect/BT9/Blue/BT9_085.cs,BT9_085.cs
src/HeadlessDCGO.Engine/Assets/Scripts/CardEffect/BT9/Blue/BT9_086.cs,BT9_086.cs
src/HeadlessDCGO.Engine/Assets/Scripts/CardEffect/BT9/Blue/BT9_096.cs,BT9_096.cs
src/HeadlessDCGO.Engine/Assets/Scripts/CardEffect/BT9/Blue/BT9_097.cs,BT9_097.cs
src/HeadlessDCGO.Engine/Assets/Scripts/CardEffect/BT9/Green/BT9_004.cs,BT9_004.cs
src/HeadlessDCGO.Engine/Assets/Scripts/CardEffect/BT9/Green/BT9_046.cs,BT9_046.cs
src/HeadlessDCGO.Engine/Assets/Scripts/CardEffect/BT9/Green/BT9_049.cs,BT9_049.cs
src/HeadlessDCGO.Engine/Assets/Scripts/CardEffect/BT9/Green/BT9_050.cs,BT9_050.cs
src/HeadlessDCGO.Engine/Assets/Scripts/CardEffect/BT9/Green/BT9_051.cs,BT9_051.cs
src/HeadlessDCGO.Engine/Assets/Scripts/CardEffect/BT9/Green/BT9_052.cs,BT9_052.cs
src/HeadlessDCGO.Engine/Assets/Scripts/CardEffect/BT9/Green/BT9_054.cs,BT9_054.cs
src/HeadlessDCGO.Engine/Assets/Scripts/CardEffect/BT9/Green/BT9_055.cs,BT9_055.cs
src/HeadlessDCGO.Engine/Assets/Scripts/CardEffect/BT9/Green/BT9_056.cs,BT9_056.cs
src/HeadlessDCGO.Engine/Assets/Scripts/CardEffect/BT9/Green/BT9_088.cs,BT9_088.cs
src/HeadlessDCGO.Engine/Assets/Scripts/CardEffect/BT9/Green/BT9_100.cs,BT9_100.cs
src/HeadlessDCGO.Engine/Assets/Scripts/CardEffect/BT9/Green/BT9_101.cs,BT9_101.cs
src/HeadlessDCGO.Engine/Assets/Scripts/CardEffect/BT9/Purple/BT9_006.cs,BT9_006.cs
src/HeadlessDCGO.Engine/Assets/Scripts/CardEffect/BT9/Purple/BT9_070.cs,BT9_070.cs
src/HeadlessDCGO.Engine/Assets/Scripts/CardEffect/BT9/Purple/BT9_071.cs,BT9_071.cs
src/HeadlessDCGO.Engine/Assets/Scripts/CardEffect/BT9/Purple/BT9_072.cs,BT9_072.cs
src/HeadlessDCGO.Engine/Assets/Scripts/CardEffect/BT9/Purple/BT9_073.cs,BT9_073.cs
src/HeadlessDCGO.Engine/Assets/Scripts/CardEffect/BT9/Purple/BT9_074.cs,BT9_074.cs
src/HeadlessDCGO.Engine/Assets/Scripts/CardEffect/BT9/Purple/BT9_075.cs,BT9_075.cs
src/HeadlessDCGO.Engine/Assets/Scripts/CardEffect/BT9/Purple/BT9_076.cs,BT9_076.cs
src/HeadlessDCGO.Engine/Assets/Scripts/CardEffect/BT9/Purple/BT9_077.cs,BT9_077.cs
src/HeadlessDCGO.Engine/Assets/Scripts/CardEffect/BT9/Purple/BT9_078.cs,BT9_078.cs
src/HeadlessDCGO.Engine/Assets/Scripts/CardEffect/BT9/Purple/BT9_079.cs,BT9_079.cs
src/HeadlessDCGO.Engine/Assets/Scripts/CardEffect/BT9/Purple/BT9_080.cs,BT9_080.cs
src/HeadlessDCGO.Engine/Assets/Scripts/CardEffect/BT9/Purple/BT9_081.cs,BT9_081.cs
src/HeadlessDCGO.Engine/Assets/Scripts/CardEffect/BT9/Purple/BT9_082.cs,BT9_082.cs
src/HeadlessDCGO.Engine/Assets/Scripts/CardEffect/BT9/Purple/BT9_091.cs,BT9_091.cs
src/HeadlessDCGO.Engine/Assets/Scripts/CardEffect/BT9/Purple/BT9_106.cs,BT9_106.cs
src/HeadlessDCGO.Engine/Assets/Scripts/CardEffect/BT9/Purple/BT9_107.cs,BT9_107.cs
src/HeadlessDCGO.Engine/Assets/Scripts/CardEffect/BT9/Purple/BT9_108.cs,BT9_108.cs
src/HeadlessDCGO.Engine/Assets/Scripts/CardEffect/BT9/Purple/BT9_112.cs,BT9_112.cs
src/HeadlessDCGO.Engine/Assets/Scripts/CardEffect/BT9/Red/BT9_001.cs,BT9_001.cs
src/HeadlessDCGO.Engine/Assets/Scripts/CardEffect/BT9/Red/BT9_008.cs,BT9_008.cs
src/HeadlessDCGO.Engine/Assets/Scripts/CardEffect/BT9/Red/BT9_009.cs,BT9_009.cs
src/HeadlessDCGO.Engine/Assets/Scripts/CardEffect/BT9/Red/BT9_011.cs,BT9_011.cs
src/HeadlessDCGO.Engine/Assets/Scripts/CardEffect/BT9/Red/BT9_012.cs,BT9_012.cs
src/HeadlessDCGO.Engine/Assets/Scripts/CardEffect/BT9/Red/BT9_013.cs,BT9_013.cs
src/HeadlessDCGO.Engine/Assets/Scripts/CardEffect/BT9/Red/BT9_014.cs,BT9_014.cs
src/HeadlessDCGO.Engine/Assets/Scripts/CardEffect/BT9/Red/BT9_015.cs,BT9_015.cs
src/HeadlessDCGO.Engine/Assets/Scripts/CardEffect/BT9/Red/BT9_016.cs,BT9_016.cs
src/HeadlessDCGO.Engine/Assets/Scripts/CardEffect/BT9/Red/BT9_017.cs,BT9_017.cs
src/HeadlessDCGO.Engine/Assets/Scripts/CardEffect/BT9/Red/BT9_018.cs,BT9_018.cs
src/HeadlessDCGO.Engine/Assets/Scripts/CardEffect/BT9/Red/BT9_084.cs,BT9_084.cs
src/HeadlessDCGO.Engine/Assets/Scripts/CardEffect/BT9/Red/BT9_093.cs,BT9_093.cs
src/HeadlessDCGO.Engine/Assets/Scripts/CardEffect/BT9/Red/BT9_094.cs,BT9_094.cs
src/HeadlessDCGO.Engine/Assets/Scripts/CardEffect/BT9/Red/BT9_095.cs,BT9_095.cs
src/HeadlessDCGO.Engine/Assets/Scripts/CardEffect/BT9/White/BT9_083.cs,BT9_083.cs
src/HeadlessDCGO.Engine/Assets/Scripts/CardEffect/BT9/White/BT9_092.cs,BT9_092.cs
src/HeadlessDCGO.Engine/Assets/Scripts/CardEffect/BT9/White/BT9_109.cs,BT9_109.cs
src/HeadlessDCGO.Engine/Assets/Scripts/CardEffect/BT9/White/BT9_110.cs,BT9_110.cs
src/HeadlessDCGO.Engine/Assets/Scripts/CardEffect/BT9/Yellow/BT9_003.cs,BT9_003.cs
src/HeadlessDCGO.Engine/Assets/Scripts/CardEffect/BT9/Yellow/BT9_033.cs,BT9_033.cs
src/HeadlessDCGO.Engine/Assets/Scripts/CardEffect/BT9/Yellow/BT9_034.cs,BT9_034.cs
src/HeadlessDCGO.Engine/Assets/Scripts/CardEffect/BT9/Yellow/BT9_036.cs,BT9_036.cs
src/HeadlessDCGO.Engine/Assets/Scripts/CardEffect/BT9/Yellow/BT9_037.cs,BT9_037.cs
src/HeadlessDCGO.Engine/Assets/Scripts/CardEffect/BT9/Yellow/BT9_038.cs,BT9_038.cs
src/HeadlessDCGO.Engine/Assets/Scripts/CardEffect/BT9/Yellow/BT9_040.cs,BT9_040.cs
src/HeadlessDCGO.Engine/Assets/Scripts/CardEffect/BT9/Yellow/BT9_041.cs,BT9_041.cs
src/HeadlessDCGO.Engine/Assets/Scripts/CardEffect/BT9/Yellow/BT9_042.cs,BT9_042.cs
src/HeadlessDCGO.Engine/Assets/Scripts/CardEffect/BT9/Yellow/BT9_043.cs,BT9_043.cs
src/HeadlessDCGO.Engine/Assets/Scripts/CardEffect/BT9/Yellow/BT9_044.cs,BT9_044.cs
src/HeadlessDCGO.Engine/Assets/Scripts/CardEffect/BT9/Yellow/BT9_087.cs,BT9_087.cs
src/HeadlessDCGO.Engine/Assets/Scripts/CardEffect/BT9/Yellow/BT9_098.cs,BT9_098.cs
src/HeadlessDCGO.Engine/Assets/Scripts/CardEffect/BT9/Yellow/BT9_099.cs,BT9_099.cs
src/HeadlessDCGO.Engine/Assets/Scripts/CardEffect/EX1/Black/EX1_044.cs,EX1_044.cs
src/HeadlessDCGO.Engine/Assets/Scripts/CardEffect/EX1/Black/EX1_045.cs,EX1_045.cs
src/HeadlessDCGO.Engine/Assets/Scripts/CardEffect/EX1/Black/EX1_046.cs,EX1_046.cs
src/HeadlessDCGO.Engine/Assets/Scripts/CardEffect/EX1/Black/EX1_047.cs,EX1_047.cs
src/HeadlessDCGO.Engine/Assets/Scripts/CardEffect/EX1/Black/EX1_048.cs,EX1_048.cs
src/HeadlessDCGO.Engine/Assets/Scripts/CardEffect/EX1/Black/EX1_049.cs,EX1_049.cs
src/HeadlessDCGO.Engine/Assets/Scripts/CardEffect/EX1/Black/EX1_050.cs,EX1_050.cs
src/HeadlessDCGO.Engine/Assets/Scripts/CardEffect/EX1/Black/EX1_051.cs,EX1_051.cs
src/HeadlessDCGO.Engine/Assets/Scripts/CardEffect/EX1/Black/EX1_052.cs,EX1_052.cs
src/HeadlessDCGO.Engine/Assets/Scripts/CardEffect/EX1/Black/EX1_053.cs,EX1_053.cs
src/HeadlessDCGO.Engine/Assets/Scripts/CardEffect/EX1/Black/EX1_054.cs,EX1_054.cs
src/HeadlessDCGO.Engine/Assets/Scripts/CardEffect/EX1/Black/EX1_069.cs,EX1_069.cs
src/HeadlessDCGO.Engine/Assets/Scripts/CardEffect/EX1/Black/EX1_073.cs,EX1_073.cs
src/HeadlessDCGO.Engine/Assets/Scripts/CardEffect/EX1/Blue/EX1_011.cs,EX1_011.cs
src/HeadlessDCGO.Engine/Assets/Scripts/CardEffect/EX1/Blue/EX1_012.cs,EX1_012.cs
src/HeadlessDCGO.Engine/Assets/Scripts/CardEffect/EX1/Blue/EX1_013.cs,EX1_013.cs
src/HeadlessDCGO.Engine/Assets/Scripts/CardEffect/EX1/Blue/EX1_014.cs,EX1_014.cs
src/HeadlessDCGO.Engine/Assets/Scripts/CardEffect/EX1/Blue/EX1_015.cs,EX1_015.cs
src/HeadlessDCGO.Engine/Assets/Scripts/CardEffect/EX1/Blue/EX1_016.cs,EX1_016.cs
src/HeadlessDCGO.Engine/Assets/Scripts/CardEffect/EX1/Blue/EX1_017.cs,EX1_017.cs
src/HeadlessDCGO.Engine/Assets/Scripts/CardEffect/EX1/Blue/EX1_018.cs,EX1_018.cs
src/HeadlessDCGO.Engine/Assets/Scripts/CardEffect/EX1/Blue/EX1_019.cs,EX1_019.cs
src/HeadlessDCGO.Engine/Assets/Scripts/CardEffect/EX1/Blue/EX1_020.cs,EX1_020.cs
src/HeadlessDCGO.Engine/Assets/Scripts/CardEffect/EX1/Blue/EX1_021.cs,EX1_021.cs
src/HeadlessDCGO.Engine/Assets/Scripts/CardEffect/EX1/Blue/EX1_022.cs,EX1_022.cs
src/HeadlessDCGO.Engine/Assets/Scripts/CardEffect/EX1/Blue/EX1_068.cs,EX1_068.cs
src/HeadlessDCGO.Engine/Assets/Scripts/CardEffect/EX1/Green/EX1_033.cs,EX1_033.cs
src/HeadlessDCGO.Engine/Assets/Scripts/CardEffect/EX1/Green/EX1_034.cs,EX1_034.cs
src/HeadlessDCGO.Engine/Assets/Scripts/CardEffect/EX1/Green/EX1_035.cs,EX1_035.cs
src/HeadlessDCGO.Engine/Assets/Scripts/CardEffect/EX1/Green/EX1_036.cs,EX1_036.cs
src/HeadlessDCGO.Engine/Assets/Scripts/CardEffect/EX1/Green/EX1_037.cs,EX1_037.cs
src/HeadlessDCGO.Engine/Assets/Scripts/CardEffect/EX1/Green/EX1_038.cs,EX1_038.cs
src/HeadlessDCGO.Engine/Assets/Scripts/CardEffect/EX1/Green/EX1_039.cs,EX1_039.cs
src/HeadlessDCGO.Engine/Assets/Scripts/CardEffect/EX1/Green/EX1_040.cs,EX1_040.cs
src/HeadlessDCGO.Engine/Assets/Scripts/CardEffect/EX1/Green/EX1_041.cs,EX1_041.cs
src/HeadlessDCGO.Engine/Assets/Scripts/CardEffect/EX1/Green/EX1_042.cs,EX1_042.cs
src/HeadlessDCGO.Engine/Assets/Scripts/CardEffect/EX1/Green/EX1_043.cs,EX1_043.cs
src/HeadlessDCGO.Engine/Assets/Scripts/CardEffect/EX1/Purple/EX1_055.cs,EX1_055.cs
src/HeadlessDCGO.Engine/Assets/Scripts/CardEffect/EX1/Purple/EX1_056.cs,EX1_056.cs
src/HeadlessDCGO.Engine/Assets/Scripts/CardEffect/EX1/Purple/EX1_057.cs,EX1_057.cs
src/HeadlessDCGO.Engine/Assets/Scripts/CardEffect/EX1/Purple/EX1_058.cs,EX1_058.cs
src/HeadlessDCGO.Engine/Assets/Scripts/CardEffect/EX1/Purple/EX1_059.cs,EX1_059.cs
src/HeadlessDCGO.Engine/Assets/Scripts/CardEffect/EX1/Purple/EX1_060.cs,EX1_060.cs
src/HeadlessDCGO.Engine/Assets/Scripts/CardEffect/EX1/Purple/EX1_061.cs,EX1_061.cs
src/HeadlessDCGO.Engine/Assets/Scripts/CardEffect/EX1/Purple/EX1_062.cs,EX1_062.cs
src/HeadlessDCGO.Engine/Assets/Scripts/CardEffect/EX1/Purple/EX1_063.cs,EX1_063.cs
src/HeadlessDCGO.Engine/Assets/Scripts/CardEffect/EX1/Purple/EX1_064.cs,EX1_064.cs
src/HeadlessDCGO.Engine/Assets/Scripts/CardEffect/EX1/Purple/EX1_070.cs,EX1_070.cs
src/HeadlessDCGO.Engine/Assets/Scripts/CardEffect/EX1/Red/EX1_001.cs,EX1_001.cs
src/HeadlessDCGO.Engine/Assets/Scripts/CardEffect/EX1/Red/EX1_002.cs,EX1_002.cs
src/HeadlessDCGO.Engine/Assets/Scripts/CardEffect/EX1/Red/EX1_003.cs,EX1_003.cs
src/HeadlessDCGO.Engine/Assets/Scripts/CardEffect/EX1/Red/EX1_004.cs,EX1_004.cs
src/HeadlessDCGO.Engine/Assets/Scripts/CardEffect/EX1/Red/EX1_005.cs,EX1_005.cs
src/HeadlessDCGO.Engine/Assets/Scripts/CardEffect/EX1/Red/EX1_006.cs,EX1_006.cs
src/HeadlessDCGO.Engine/Assets/Scripts/CardEffect/EX1/Red/EX1_007.cs,EX1_007.cs
src/HeadlessDCGO.Engine/Assets/Scripts/CardEffect/EX1/Red/EX1_008.cs,EX1_008.cs
src/HeadlessDCGO.Engine/Assets/Scripts/CardEffect/EX1/Red/EX1_009.cs,EX1_009.cs
src/HeadlessDCGO.Engine/Assets/Scripts/CardEffect/EX1/Red/EX1_010.cs,EX1_010.cs
src/HeadlessDCGO.Engine/Assets/Scripts/CardEffect/EX1/Red/EX1_067.cs,EX1_067.cs
src/HeadlessDCGO.Engine/Assets/Scripts/CardEffect/EX1/White/EX1_065.cs,EX1_065.cs
src/HeadlessDCGO.Engine/Assets/Scripts/CardEffect/EX1/White/EX1_066.cs,EX1_066.cs
src/HeadlessDCGO.Engine/Assets/Scripts/CardEffect/EX1/White/EX1_071.cs,EX1_071.cs
src/HeadlessDCGO.Engine/Assets/Scripts/CardEffect/EX1/White/EX1_072.cs,EX1_072.cs
src/HeadlessDCGO.Engine/Assets/Scripts/CardEffect/EX1/Yellow/EX1_023.cs,EX1_023.cs
src/HeadlessDCGO.Engine/Assets/Scripts/CardEffect/EX1/Yellow/EX1_024.cs,EX1_024.cs
src/HeadlessDCGO.Engine/Assets/Scripts/CardEffect/EX1/Yellow/EX1_025.cs,EX1_025.cs
src/HeadlessDCGO.Engine/Assets/Scripts/CardEffect/EX1/Yellow/EX1_026.cs,EX1_026.cs
src/HeadlessDCGO.Engine/Assets/Scripts/CardEffect/EX1/Yellow/EX1_027.cs,EX1_027.cs
src/HeadlessDCGO.Engine/Assets/Scripts/CardEffect/EX1/Yellow/EX1_028.cs,EX1_028.cs
src/HeadlessDCGO.Engine/Assets/Scripts/CardEffect/EX1/Yellow/EX1_029.cs,EX1_029.cs
src/HeadlessDCGO.Engine/Assets/Scripts/CardEffect/EX1/Yellow/EX1_030.cs,EX1_030.cs
src/HeadlessDCGO.Engine/Assets/Scripts/CardEffect/EX1/Yellow/EX1_031.cs,EX1_031.cs
src/HeadlessDCGO.Engine/Assets/Scripts/CardEffect/EX1/Yellow/EX1_032.cs,EX1_032.cs
src/HeadlessDCGO.Engine/Assets/Scripts/CardEffect/EX10/Black/EX10_002.cs,EX10_002.cs
src/HeadlessDCGO.Engine/Assets/Scripts/CardEffect/EX10/Black/EX10_003.cs,EX10_003.cs
src/HeadlessDCGO.Engine/Assets/Scripts/CardEffect/EX10/Black/EX10_024.cs,EX10_024.cs
src/HeadlessDCGO.Engine/Assets/Scripts/CardEffect/EX10/Black/EX10_025.cs,EX10_025.cs
src/HeadlessDCGO.Engine/Assets/Scripts/CardEffect/EX10/Black/EX10_026.cs,EX10_026.cs
src/HeadlessDCGO.Engine/Assets/Scripts/CardEffect/EX10/Black/EX10_027.cs,EX10_027.cs
src/HeadlessDCGO.Engine/Assets/Scripts/CardEffect/EX10/Black/EX10_028.cs,EX10_028.cs
src/HeadlessDCGO.Engine/Assets/Scripts/CardEffect/EX10/Black/EX10_029.cs,EX10_029.cs
src/HeadlessDCGO.Engine/Assets/Scripts/CardEffect/EX10/Black/EX10_030.cs,EX10_030.cs
src/HeadlessDCGO.Engine/Assets/Scripts/CardEffect/EX10/Black/EX10_031.cs,EX10_031.cs
src/HeadlessDCGO.Engine/Assets/Scripts/CardEffect/EX10/Black/EX10_032.cs,EX10_032.cs
src/HeadlessDCGO.Engine/Assets/Scripts/CardEffect/EX10/Black/EX10_033.cs,EX10_033.cs
src/HeadlessDCGO.Engine/Assets/Scripts/CardEffect/EX10/Black/EX10_034.cs,EX10_034.cs
src/HeadlessDCGO.Engine/Assets/Scripts/CardEffect/EX10/Black/EX10_035.cs,EX10_035.cs
src/HeadlessDCGO.Engine/Assets/Scripts/CardEffect/EX10/Black/EX10_036.cs,EX10_036.cs
src/HeadlessDCGO.Engine/Assets/Scripts/CardEffect/EX10/Black/EX10_062.cs,EX10_062.cs
src/HeadlessDCGO.Engine/Assets/Scripts/CardEffect/EX10/Black/EX10_063.cs,EX10_063.cs
src/HeadlessDCGO.Engine/Assets/Scripts/CardEffect/EX10/Black/EX10_069.cs,EX10_069.cs
src/HeadlessDCGO.Engine/Assets/Scripts/CardEffect/EX10/Black/EX10_070.cs,EX10_070.cs
src/HeadlessDCGO.Engine/Assets/Scripts/CardEffect/EX10/Black/EX10_073.cs,EX10_073.cs
src/HeadlessDCGO.Engine/Assets/Scripts/CardEffect/EX10/Blue/EX10_012.cs,EX10_012.cs
src/HeadlessDCGO.Engine/Assets/Scripts/CardEffect/EX10/Green/EX10_001.cs,EX10_001.cs
src/HeadlessDCGO.Engine/Assets/Scripts/CardEffect/EX10/Green/EX10_015.cs,EX10_015.cs
src/HeadlessDCGO.Engine/Assets/Scripts/CardEffect/EX10/Green/EX10_016.cs,EX10_016.cs
src/HeadlessDCGO.Engine/Assets/Scripts/CardEffect/EX10/Green/EX10_017.cs,EX10_017.cs
src/HeadlessDCGO.Engine/Assets/Scripts/CardEffect/EX10/Green/EX10_018.cs,EX10_018.cs
src/HeadlessDCGO.Engine/Assets/Scripts/CardEffect/EX10/Green/EX10_019.cs,EX10_019.cs
src/HeadlessDCGO.Engine/Assets/Scripts/CardEffect/EX10/Green/EX10_020.cs,EX10_020.cs
src/HeadlessDCGO.Engine/Assets/Scripts/CardEffect/EX10/Green/EX10_021.cs,EX10_021.cs
src/HeadlessDCGO.Engine/Assets/Scripts/CardEffect/EX10/Green/EX10_022.cs,EX10_022.cs
src/HeadlessDCGO.Engine/Assets/Scripts/CardEffect/EX10/Green/EX10_023.cs,EX10_023.cs
src/HeadlessDCGO.Engine/Assets/Scripts/CardEffect/EX10/Purple/EX10_004.cs,EX10_004.cs
src/HeadlessDCGO.Engine/Assets/Scripts/CardEffect/EX10/Purple/EX10_005.cs,EX10_005.cs
src/HeadlessDCGO.Engine/Assets/Scripts/CardEffect/EX10/Purple/EX10_037.cs,EX10_037.cs
src/HeadlessDCGO.Engine/Assets/Scripts/CardEffect/EX10/Purple/EX10_038.cs,EX10_038.cs
src/HeadlessDCGO.Engine/Assets/Scripts/CardEffect/EX10/Purple/EX10_039.cs,EX10_039.cs
src/HeadlessDCGO.Engine/Assets/Scripts/CardEffect/EX10/Purple/EX10_040.cs,EX10_040.cs
src/HeadlessDCGO.Engine/Assets/Scripts/CardEffect/EX10/Purple/EX10_041.cs,EX10_041.cs
src/HeadlessDCGO.Engine/Assets/Scripts/CardEffect/EX10/Purple/EX10_042.cs,EX10_042.cs
src/HeadlessDCGO.Engine/Assets/Scripts/CardEffect/EX10/Purple/EX10_043.cs,EX10_043.cs
src/HeadlessDCGO.Engine/Assets/Scripts/CardEffect/EX10/Purple/EX10_044.cs,EX10_044.cs
src/HeadlessDCGO.Engine/Assets/Scripts/CardEffect/EX10/Purple/EX10_045.cs,EX10_045.cs
src/HeadlessDCGO.Engine/Assets/Scripts/CardEffect/EX10/Purple/EX10_046.cs,EX10_046.cs
src/HeadlessDCGO.Engine/Assets/Scripts/CardEffect/EX10/Purple/EX10_047.cs,EX10_047.cs
src/HeadlessDCGO.Engine/Assets/Scripts/CardEffect/EX10/Purple/EX10_048.cs,EX10_048.cs
src/HeadlessDCGO.Engine/Assets/Scripts/CardEffect/EX10/Purple/EX10_049.cs,EX10_049.cs
src/HeadlessDCGO.Engine/Assets/Scripts/CardEffect/EX10/Purple/EX10_050.cs,EX10_050.cs
src/HeadlessDCGO.Engine/Assets/Scripts/CardEffect/EX10/Purple/EX10_051.cs,EX10_051.cs
src/HeadlessDCGO.Engine/Assets/Scripts/CardEffect/EX10/Purple/EX10_052.cs,EX10_052.cs
src/HeadlessDCGO.Engine/Assets/Scripts/CardEffect/EX10/Purple/EX10_053.cs,EX10_053.cs
src/HeadlessDCGO.Engine/Assets/Scripts/CardEffect/EX10/Purple/EX10_054.cs,EX10_054.cs
src/HeadlessDCGO.Engine/Assets/Scripts/CardEffect/EX10/Purple/EX10_055.cs,EX10_055.cs
src/HeadlessDCGO.Engine/Assets/Scripts/CardEffect/EX10/Purple/EX10_056.cs,EX10_056.cs
src/HeadlessDCGO.Engine/Assets/Scripts/CardEffect/EX10/Purple/EX10_057.cs,EX10_057.cs
src/HeadlessDCGO.Engine/Assets/Scripts/CardEffect/EX10/Purple/EX10_058.cs,EX10_058.cs
src/HeadlessDCGO.Engine/Assets/Scripts/CardEffect/EX10/Purple/EX10_059.cs,EX10_059.cs
src/HeadlessDCGO.Engine/Assets/Scripts/CardEffect/EX10/Purple/EX10_060.cs,EX10_060.cs
src/HeadlessDCGO.Engine/Assets/Scripts/CardEffect/EX10/Purple/EX10_064.cs,EX10_064.cs
src/HeadlessDCGO.Engine/Assets/Scripts/CardEffect/EX10/Purple/EX10_065.cs,EX10_065.cs
src/HeadlessDCGO.Engine/Assets/Scripts/CardEffect/EX10/Purple/EX10_066.cs,EX10_066.cs
src/HeadlessDCGO.Engine/Assets/Scripts/CardEffect/EX10/Purple/EX10_067.cs,EX10_067.cs
src/HeadlessDCGO.Engine/Assets/Scripts/CardEffect/EX10/Purple/EX10_071.cs,EX10_071.cs
src/HeadlessDCGO.Engine/Assets/Scripts/CardEffect/EX10/Purple/EX10_074.cs,EX10_074.cs
src/HeadlessDCGO.Engine/Assets/Scripts/CardEffect/EX10/Red/EX10_006.cs,EX10_006.cs
src/HeadlessDCGO.Engine/Assets/Scripts/CardEffect/EX10/Red/EX10_007.cs,EX10_007.cs
src/HeadlessDCGO.Engine/Assets/Scripts/CardEffect/EX10/Red/EX10_008.cs,EX10_008.cs
src/HeadlessDCGO.Engine/Assets/Scripts/CardEffect/EX10/Red/EX10_009.cs,EX10_009.cs
src/HeadlessDCGO.Engine/Assets/Scripts/CardEffect/EX10/Red/EX10_010.cs,EX10_010.cs
src/HeadlessDCGO.Engine/Assets/Scripts/CardEffect/EX10/Red/EX10_011.cs,EX10_011.cs
src/HeadlessDCGO.Engine/Assets/Scripts/CardEffect/EX10/White/EX10_061.cs,EX10_061.cs
src/HeadlessDCGO.Engine/Assets/Scripts/CardEffect/EX10/White/EX10_068.cs,EX10_068.cs
src/HeadlessDCGO.Engine/Assets/Scripts/CardEffect/EX10/White/EX10_072.cs,EX10_072.cs
src/HeadlessDCGO.Engine/Assets/Scripts/CardEffect/EX10/Yellow/EX10_013.cs,EX10_013.cs
src/HeadlessDCGO.Engine/Assets/Scripts/CardEffect/EX10/Yellow/EX10_014.cs,EX10_014.cs
src/HeadlessDCGO.Engine/Assets/Scripts/CardEffect/EX11/Black/EX11_004.cs,EX11_004.cs
src/HeadlessDCGO.Engine/Assets/Scripts/CardEffect/EX11/Black/EX11_037.cs,EX11_037.cs
src/HeadlessDCGO.Engine/Assets/Scripts/CardEffect/EX11/Black/EX11_038.cs,EX11_038.cs
src/HeadlessDCGO.Engine/Assets/Scripts/CardEffect/EX11/Black/EX11_039.cs,EX11_039.cs
src/HeadlessDCGO.Engine/Assets/Scripts/CardEffect/EX11/Black/EX11_040.cs,EX11_040.cs
src/HeadlessDCGO.Engine/Assets/Scripts/CardEffect/EX11/Black/EX11_041.cs,EX11_041.cs
src/HeadlessDCGO.Engine/Assets/Scripts/CardEffect/EX11/Black/EX11_042.cs,EX11_042.cs
src/HeadlessDCGO.Engine/Assets/Scripts/CardEffect/EX11/Black/EX11_043.cs,EX11_043.cs
src/HeadlessDCGO.Engine/Assets/Scripts/CardEffect/EX11/Black/EX11_044.cs,EX11_044.cs
src/HeadlessDCGO.Engine/Assets/Scripts/CardEffect/EX11/Black/EX11_045.cs,EX11_045.cs
src/HeadlessDCGO.Engine/Assets/Scripts/CardEffect/EX11/Black/EX11_046.cs,EX11_046.cs
src/HeadlessDCGO.Engine/Assets/Scripts/CardEffect/EX11/Black/EX11_064.cs,EX11_064.cs
src/HeadlessDCGO.Engine/Assets/Scripts/CardEffect/EX11/Black/EX11_065.cs,EX11_065.cs
src/HeadlessDCGO.Engine/Assets/Scripts/CardEffect/EX11/Black/EX11_066.cs,EX11_066.cs
src/HeadlessDCGO.Engine/Assets/Scripts/CardEffect/EX11/Blue/EX11_002.cs,EX11_002.cs
src/HeadlessDCGO.Engine/Assets/Scripts/CardEffect/EX11/Blue/EX11_013.cs,EX11_013.cs
src/HeadlessDCGO.Engine/Assets/Scripts/CardEffect/EX11/Blue/EX11_014.cs,EX11_014.cs
src/HeadlessDCGO.Engine/Assets/Scripts/CardEffect/EX11/Blue/EX11_015.cs,EX11_015.cs
src/HeadlessDCGO.Engine/Assets/Scripts/CardEffect/EX11/Blue/EX11_016.cs,EX11_016.cs
src/HeadlessDCGO.Engine/Assets/Scripts/CardEffect/EX11/Blue/EX11_017.cs,EX11_017.cs
src/HeadlessDCGO.Engine/Assets/Scripts/CardEffect/EX11/Blue/EX11_018.cs,EX11_018.cs
src/HeadlessDCGO.Engine/Assets/Scripts/CardEffect/EX11/Blue/EX11_057.cs,EX11_057.cs
src/HeadlessDCGO.Engine/Assets/Scripts/CardEffect/EX11/Blue/EX11_058.cs,EX11_058.cs
src/HeadlessDCGO.Engine/Assets/Scripts/CardEffect/EX11/Green/EX11_003.cs,EX11_003.cs
src/HeadlessDCGO.Engine/Assets/Scripts/CardEffect/EX11/Green/EX11_025.cs,EX11_025.cs
src/HeadlessDCGO.Engine/Assets/Scripts/CardEffect/EX11/Green/EX11_026.cs,EX11_026.cs
src/HeadlessDCGO.Engine/Assets/Scripts/CardEffect/EX11/Green/EX11_027.cs,EX11_027.cs
src/HeadlessDCGO.Engine/Assets/Scripts/CardEffect/EX11/Green/EX11_028.cs,EX11_028.cs
src/HeadlessDCGO.Engine/Assets/Scripts/CardEffect/EX11/Green/EX11_029.cs,EX11_029.cs
src/HeadlessDCGO.Engine/Assets/Scripts/CardEffect/EX11/Green/EX11_030.cs,EX11_030.cs
src/HeadlessDCGO.Engine/Assets/Scripts/CardEffect/EX11/Green/EX11_031.cs,EX11_031.cs
src/HeadlessDCGO.Engine/Assets/Scripts/CardEffect/EX11/Green/EX11_032.cs,EX11_032.cs
src/HeadlessDCGO.Engine/Assets/Scripts/CardEffect/EX11/Green/EX11_033.cs,EX11_033.cs
src/HeadlessDCGO.Engine/Assets/Scripts/CardEffect/EX11/Green/EX11_034.cs,EX11_034.cs
src/HeadlessDCGO.Engine/Assets/Scripts/CardEffect/EX11/Green/EX11_035.cs,EX11_035.cs
src/HeadlessDCGO.Engine/Assets/Scripts/CardEffect/EX11/Green/EX11_036.cs,EX11_036.cs
src/HeadlessDCGO.Engine/Assets/Scripts/CardEffect/EX11/Green/EX11_062.cs,EX11_062.cs
src/HeadlessDCGO.Engine/Assets/Scripts/CardEffect/EX11/Green/EX11_063.cs,EX11_063.cs
src/HeadlessDCGO.Engine/Assets/Scripts/CardEffect/EX11/Green/EX11_072.cs,EX11_072.cs
src/HeadlessDCGO.Engine/Assets/Scripts/CardEffect/EX11/Green/EX11_073.cs,EX11_073.cs
src/HeadlessDCGO.Engine/Assets/Scripts/CardEffect/EX11/Green/EX11_074.cs,EX11_074.cs
src/HeadlessDCGO.Engine/Assets/Scripts/CardEffect/EX11/Purple/EX11_005.cs,EX11_005.cs
src/HeadlessDCGO.Engine/Assets/Scripts/CardEffect/EX11/Purple/EX11_047.cs,EX11_047.cs
src/HeadlessDCGO.Engine/Assets/Scripts/CardEffect/EX11/Purple/EX11_048.cs,EX11_048.cs
src/HeadlessDCGO.Engine/Assets/Scripts/CardEffect/EX11/Purple/EX11_049.cs,EX11_049.cs
src/HeadlessDCGO.Engine/Assets/Scripts/CardEffect/EX11/Purple/EX11_050.cs,EX11_050.cs
src/HeadlessDCGO.Engine/Assets/Scripts/CardEffect/EX11/Purple/EX11_051.cs,EX11_051.cs
src/HeadlessDCGO.Engine/Assets/Scripts/CardEffect/EX11/Purple/EX11_052.cs,EX11_052.cs
src/HeadlessDCGO.Engine/Assets/Scripts/CardEffect/EX11/Purple/EX11_067.cs,EX11_067.cs
src/HeadlessDCGO.Engine/Assets/Scripts/CardEffect/EX11/Purple/EX11_068.cs,EX11_068.cs
src/HeadlessDCGO.Engine/Assets/Scripts/CardEffect/EX11/Purple/EX11_069.cs,EX11_069.cs
src/HeadlessDCGO.Engine/Assets/Scripts/CardEffect/EX11/Red/EX11_001.cs,EX11_001.cs
src/HeadlessDCGO.Engine/Assets/Scripts/CardEffect/EX11/Red/EX11_007.cs,EX11_007.cs
src/HeadlessDCGO.Engine/Assets/Scripts/CardEffect/EX11/Red/EX11_008.cs,EX11_008.cs
src/HeadlessDCGO.Engine/Assets/Scripts/CardEffect/EX11/Red/EX11_009.cs,EX11_009.cs
src/HeadlessDCGO.Engine/Assets/Scripts/CardEffect/EX11/Red/EX11_010.cs,EX11_010.cs
src/HeadlessDCGO.Engine/Assets/Scripts/CardEffect/EX11/Red/EX11_011.cs,EX11_011.cs
src/HeadlessDCGO.Engine/Assets/Scripts/CardEffect/EX11/Red/EX11_012.cs,EX11_012.cs
src/HeadlessDCGO.Engine/Assets/Scripts/CardEffect/EX11/Red/EX11_054.cs,EX11_054.cs
src/HeadlessDCGO.Engine/Assets/Scripts/CardEffect/EX11/Red/EX11_055.cs,EX11_055.cs
src/HeadlessDCGO.Engine/Assets/Scripts/CardEffect/EX11/Red/EX11_056.cs,EX11_056.cs
src/HeadlessDCGO.Engine/Assets/Scripts/CardEffect/EX11/White/EX11_006.cs,EX11_006.cs
src/HeadlessDCGO.Engine/Assets/Scripts/CardEffect/EX11/White/EX11_053.cs,EX11_053.cs
src/HeadlessDCGO.Engine/Assets/Scripts/CardEffect/EX11/White/EX11_070.cs,EX11_070.cs
src/HeadlessDCGO.Engine/Assets/Scripts/CardEffect/EX11/White/EX11_071.cs,EX11_071.cs
src/HeadlessDCGO.Engine/Assets/Scripts/CardEffect/EX11/Yellow/EX11_019.cs,EX11_019.cs
src/HeadlessDCGO.Engine/Assets/Scripts/CardEffect/EX11/Yellow/EX11_020.cs,EX11_020.cs
src/HeadlessDCGO.Engine/Assets/Scripts/CardEffect/EX11/Yellow/EX11_021.cs,EX11_021.cs
src/HeadlessDCGO.Engine/Assets/Scripts/CardEffect/EX11/Yellow/EX11_022.cs,EX11_022.cs
src/HeadlessDCGO.Engine/Assets/Scripts/CardEffect/EX11/Yellow/EX11_023.cs,EX11_023.cs
src/HeadlessDCGO.Engine/Assets/Scripts/CardEffect/EX11/Yellow/EX11_024.cs,EX11_024.cs
src/HeadlessDCGO.Engine/Assets/Scripts/CardEffect/EX11/Yellow/EX11_059.cs,EX11_059.cs
src/HeadlessDCGO.Engine/Assets/Scripts/CardEffect/EX11/Yellow/EX11_060.cs,EX11_060.cs
src/HeadlessDCGO.Engine/Assets/Scripts/CardEffect/EX11/Yellow/EX11_061.cs,EX11_061.cs
src/HeadlessDCGO.Engine/Assets/Scripts/CardEffect/EX2/Black/EX2_005.cs,EX2_005.cs
src/HeadlessDCGO.Engine/Assets/Scripts/CardEffect/EX2/Black/EX2_030.cs,EX2_030.cs
src/HeadlessDCGO.Engine/Assets/Scripts/CardEffect/EX2/Black/EX2_031.cs,EX2_031.cs
src/HeadlessDCGO.Engine/Assets/Scripts/CardEffect/EX2/Black/EX2_032.cs,EX2_032.cs
src/HeadlessDCGO.Engine/Assets/Scripts/CardEffect/EX2/Black/EX2_033.cs,EX2_033.cs
src/HeadlessDCGO.Engine/Assets/Scripts/CardEffect/EX2/Black/EX2_034.cs,EX2_034.cs
src/HeadlessDCGO.Engine/Assets/Scripts/CardEffect/EX2/Black/EX2_035.cs,EX2_035.cs
src/HeadlessDCGO.Engine/Assets/Scripts/CardEffect/EX2/Black/EX2_036.cs,EX2_036.cs
src/HeadlessDCGO.Engine/Assets/Scripts/CardEffect/EX2/Black/EX2_037.cs,EX2_037.cs
src/HeadlessDCGO.Engine/Assets/Scripts/CardEffect/EX2/Black/EX2_038.cs,EX2_038.cs
src/HeadlessDCGO.Engine/Assets/Scripts/CardEffect/EX2/Black/EX2_062.cs,EX2_062.cs
src/HeadlessDCGO.Engine/Assets/Scripts/CardEffect/EX2/Black/EX2_063.cs,EX2_063.cs
src/HeadlessDCGO.Engine/Assets/Scripts/CardEffect/EX2/Blue/EX2_002.cs,EX2_002.cs
src/HeadlessDCGO.Engine/Assets/Scripts/CardEffect/EX2/Blue/EX2_013.cs,EX2_013.cs
src/HeadlessDCGO.Engine/Assets/Scripts/CardEffect/EX2/Blue/EX2_014.cs,EX2_014.cs
src/HeadlessDCGO.Engine/Assets/Scripts/CardEffect/EX2/Blue/EX2_016.cs,EX2_016.cs
src/HeadlessDCGO.Engine/Assets/Scripts/CardEffect/EX2/Blue/EX2_017.cs,EX2_017.cs
src/HeadlessDCGO.Engine/Assets/Scripts/CardEffect/EX2/Blue/EX2_018.cs,EX2_018.cs
src/HeadlessDCGO.Engine/Assets/Scripts/CardEffect/EX2/Blue/EX2_057.cs,EX2_057.cs
src/HeadlessDCGO.Engine/Assets/Scripts/CardEffect/EX2/Blue/EX2_058.cs,EX2_058.cs
src/HeadlessDCGO.Engine/Assets/Scripts/CardEffect/EX2/Blue/EX2_068.cs,EX2_068.cs
src/HeadlessDCGO.Engine/Assets/Scripts/CardEffect/EX2/Blue/EX2_069.cs,EX2_069.cs
src/HeadlessDCGO.Engine/Assets/Scripts/CardEffect/EX2/Green/EX2_004.cs,EX2_004.cs
src/HeadlessDCGO.Engine/Assets/Scripts/CardEffect/EX2/Green/EX2_025.cs,EX2_025.cs
src/HeadlessDCGO.Engine/Assets/Scripts/CardEffect/EX2/Green/EX2_026.cs,EX2_026.cs
src/HeadlessDCGO.Engine/Assets/Scripts/CardEffect/EX2/Green/EX2_027.cs,EX2_027.cs
src/HeadlessDCGO.Engine/Assets/Scripts/CardEffect/EX2/Green/EX2_028.cs,EX2_028.cs
src/HeadlessDCGO.Engine/Assets/Scripts/CardEffect/EX2/Green/EX2_029.cs,EX2_029.cs
src/HeadlessDCGO.Engine/Assets/Scripts/CardEffect/EX2/Green/EX2_061.cs,EX2_061.cs
src/HeadlessDCGO.Engine/Assets/Scripts/CardEffect/EX2/Green/EX2_070.cs,EX2_070.cs
src/HeadlessDCGO.Engine/Assets/Scripts/CardEffect/EX2/Purple/EX2_006.cs,EX2_006.cs
src/HeadlessDCGO.Engine/Assets/Scripts/CardEffect/EX2/Purple/EX2_039.cs,EX2_039.cs
src/HeadlessDCGO.Engine/Assets/Scripts/CardEffect/EX2/Purple/EX2_040.cs,EX2_040.cs
src/HeadlessDCGO.Engine/Assets/Scripts/CardEffect/EX2/Purple/EX2_041.cs,EX2_041.cs
src/HeadlessDCGO.Engine/Assets/Scripts/CardEffect/EX2/Purple/EX2_042.cs,EX2_042.cs
src/HeadlessDCGO.Engine/Assets/Scripts/CardEffect/EX2/Purple/EX2_043.cs,EX2_043.cs
src/HeadlessDCGO.Engine/Assets/Scripts/CardEffect/EX2/Purple/EX2_044.cs,EX2_044.cs
src/HeadlessDCGO.Engine/Assets/Scripts/CardEffect/EX2/Purple/EX2_064.cs,EX2_064.cs
src/HeadlessDCGO.Engine/Assets/Scripts/CardEffect/EX2/Purple/EX2_065.cs,EX2_065.cs
src/HeadlessDCGO.Engine/Assets/Scripts/CardEffect/EX2/Purple/EX2_071.cs,EX2_071.cs
src/HeadlessDCGO.Engine/Assets/Scripts/CardEffect/EX2/Purple/EX2_074.cs,EX2_074.cs
src/HeadlessDCGO.Engine/Assets/Scripts/CardEffect/EX2/Red/EX2_001.cs,EX2_001.cs
src/HeadlessDCGO.Engine/Assets/Scripts/CardEffect/EX2/Red/EX2_008.cs,EX2_008.cs
src/HeadlessDCGO.Engine/Assets/Scripts/CardEffect/EX2/Red/EX2_009.cs,EX2_009.cs
src/HeadlessDCGO.Engine/Assets/Scripts/CardEffect/EX2/Red/EX2_010.cs,EX2_010.cs
src/HeadlessDCGO.Engine/Assets/Scripts/CardEffect/EX2/Red/EX2_011.cs,EX2_011.cs
src/HeadlessDCGO.Engine/Assets/Scripts/CardEffect/EX2/Red/EX2_012.cs,EX2_012.cs
src/HeadlessDCGO.Engine/Assets/Scripts/CardEffect/EX2/Red/EX2_056.cs,EX2_056.cs
src/HeadlessDCGO.Engine/Assets/Scripts/CardEffect/EX2/Red/EX2_066.cs,EX2_066.cs
src/HeadlessDCGO.Engine/Assets/Scripts/CardEffect/EX2/Red/EX2_067.cs,EX2_067.cs
src/HeadlessDCGO.Engine/Assets/Scripts/CardEffect/EX2/Red/EX2_073.cs,EX2_073.cs
src/HeadlessDCGO.Engine/Assets/Scripts/CardEffect/EX2/White/EX2_007.cs,EX2_007.cs
src/HeadlessDCGO.Engine/Assets/Scripts/CardEffect/EX2/White/EX2_045.cs,EX2_045.cs
src/HeadlessDCGO.Engine/Assets/Scripts/CardEffect/EX2/White/EX2_046.cs,EX2_046.cs
src/HeadlessDCGO.Engine/Assets/Scripts/CardEffect/EX2/White/EX2_047.cs,EX2_047.cs
src/HeadlessDCGO.Engine/Assets/Scripts/CardEffect/EX2/White/EX2_048.cs,EX2_048.cs
src/HeadlessDCGO.Engine/Assets/Scripts/CardEffect/EX2/White/EX2_049.cs,EX2_049.cs
src/HeadlessDCGO.Engine/Assets/Scripts/CardEffect/EX2/White/EX2_050.cs,EX2_050.cs
src/HeadlessDCGO.Engine/Assets/Scripts/CardEffect/EX2/White/EX2_051.cs,EX2_051.cs
src/HeadlessDCGO.Engine/Assets/Scripts/CardEffect/EX2/White/EX2_052.cs,EX2_052.cs
src/HeadlessDCGO.Engine/Assets/Scripts/CardEffect/EX2/White/EX2_053.cs,EX2_053.cs
src/HeadlessDCGO.Engine/Assets/Scripts/CardEffect/EX2/White/EX2_054.cs,EX2_054.cs
src/HeadlessDCGO.Engine/Assets/Scripts/CardEffect/EX2/White/EX2_055.cs,EX2_055.cs
src/HeadlessDCGO.Engine/Assets/Scripts/CardEffect/EX2/White/EX2_072.cs,EX2_072.cs
src/HeadlessDCGO.Engine/Assets/Scripts/CardEffect/EX2/Yellow/EX2_003.cs,EX2_003.cs
src/HeadlessDCGO.Engine/Assets/Scripts/CardEffect/EX2/Yellow/EX2_019.cs,EX2_019.cs
src/HeadlessDCGO.Engine/Assets/Scripts/CardEffect/EX2/Yellow/EX2_020.cs,EX2_020.cs
src/HeadlessDCGO.Engine/Assets/Scripts/CardEffect/EX2/Yellow/EX2_021.cs,EX2_021.cs
src/HeadlessDCGO.Engine/Assets/Scripts/CardEffect/EX2/Yellow/EX2_022.cs,EX2_022.cs
src/HeadlessDCGO.Engine/Assets/Scripts/CardEffect/EX2/Yellow/EX2_023.cs,EX2_023.cs
src/HeadlessDCGO.Engine/Assets/Scripts/CardEffect/EX2/Yellow/EX2_024.cs,EX2_024.cs
src/HeadlessDCGO.Engine/Assets/Scripts/CardEffect/EX2/Yellow/EX2_059.cs,EX2_059.cs
src/HeadlessDCGO.Engine/Assets/Scripts/CardEffect/EX2/Yellow/EX2_060.cs,EX2_060.cs
src/HeadlessDCGO.Engine/Assets/Scripts/CardEffect/EX3/Black/EX3_002.cs,EX3_002.cs
src/HeadlessDCGO.Engine/Assets/Scripts/CardEffect/EX3/Black/EX3_046.cs,EX3_046.cs
src/HeadlessDCGO.Engine/Assets/Scripts/CardEffect/EX3/Black/EX3_047.cs,EX3_047.cs
src/HeadlessDCGO.Engine/Assets/Scripts/CardEffect/EX3/Black/EX3_048.cs,EX3_048.cs
src/HeadlessDCGO.Engine/Assets/Scripts/CardEffect/EX3/Black/EX3_049.cs,EX3_049.cs
src/HeadlessDCGO.Engine/Assets/Scripts/CardEffect/EX3/Black/EX3_050.cs,EX3_050.cs
src/HeadlessDCGO.Engine/Assets/Scripts/CardEffect/EX3/Black/EX3_051.cs,EX3_051.cs
src/HeadlessDCGO.Engine/Assets/Scripts/CardEffect/EX3/Black/EX3_052.cs,EX3_052.cs
src/HeadlessDCGO.Engine/Assets/Scripts/CardEffect/EX3/Black/EX3_053.cs,EX3_053.cs
src/HeadlessDCGO.Engine/Assets/Scripts/CardEffect/EX3/Black/EX3_054.cs,EX3_054.cs
src/HeadlessDCGO.Engine/Assets/Scripts/CardEffect/EX3/Black/EX3_071.cs,EX3_071.cs
src/HeadlessDCGO.Engine/Assets/Scripts/CardEffect/EX3/Blue/EX3_001.cs,EX3_001.cs
src/HeadlessDCGO.Engine/Assets/Scripts/CardEffect/EX3/Blue/EX3_015.cs,EX3_015.cs
src/HeadlessDCGO.Engine/Assets/Scripts/CardEffect/EX3/Blue/EX3_016.cs,EX3_016.cs
src/HeadlessDCGO.Engine/Assets/Scripts/CardEffect/EX3/Blue/EX3_017.cs,EX3_017.cs
src/HeadlessDCGO.Engine/Assets/Scripts/CardEffect/EX3/Blue/EX3_018.cs,EX3_018.cs
src/HeadlessDCGO.Engine/Assets/Scripts/CardEffect/EX3/Blue/EX3_019.cs,EX3_019.cs
src/HeadlessDCGO.Engine/Assets/Scripts/CardEffect/EX3/Blue/EX3_020.cs,EX3_020.cs
src/HeadlessDCGO.Engine/Assets/Scripts/CardEffect/EX3/Blue/EX3_021.cs,EX3_021.cs
src/HeadlessDCGO.Engine/Assets/Scripts/CardEffect/EX3/Blue/EX3_022.cs,EX3_022.cs
src/HeadlessDCGO.Engine/Assets/Scripts/CardEffect/EX3/Blue/EX3_023.cs,EX3_023.cs
src/HeadlessDCGO.Engine/Assets/Scripts/CardEffect/EX3/Blue/EX3_024.cs,EX3_024.cs
src/HeadlessDCGO.Engine/Assets/Scripts/CardEffect/EX3/Blue/EX3_025.cs,EX3_025.cs
src/HeadlessDCGO.Engine/Assets/Scripts/CardEffect/EX3/Blue/EX3_026.cs,EX3_026.cs
src/HeadlessDCGO.Engine/Assets/Scripts/CardEffect/EX3/Blue/EX3_067.cs,EX3_067.cs
src/HeadlessDCGO.Engine/Assets/Scripts/CardEffect/EX3/Green/EX3_037.cs,EX3_037.cs
src/HeadlessDCGO.Engine/Assets/Scripts/CardEffect/EX3/Green/EX3_038.cs,EX3_038.cs
src/HeadlessDCGO.Engine/Assets/Scripts/CardEffect/EX3/Green/EX3_039.cs,EX3_039.cs
src/HeadlessDCGO.Engine/Assets/Scripts/CardEffect/EX3/Green/EX3_040.cs,EX3_040.cs
src/HeadlessDCGO.Engine/Assets/Scripts/CardEffect/EX3/Green/EX3_041.cs,EX3_041.cs
src/HeadlessDCGO.Engine/Assets/Scripts/CardEffect/EX3/Green/EX3_042.cs,EX3_042.cs
src/HeadlessDCGO.Engine/Assets/Scripts/CardEffect/EX3/Green/EX3_043.cs,EX3_043.cs
src/HeadlessDCGO.Engine/Assets/Scripts/CardEffect/EX3/Green/EX3_044.cs,EX3_044.cs
src/HeadlessDCGO.Engine/Assets/Scripts/CardEffect/EX3/Green/EX3_045.cs,EX3_045.cs
src/HeadlessDCGO.Engine/Assets/Scripts/CardEffect/EX3/Green/EX3_070.cs,EX3_070.cs
src/HeadlessDCGO.Engine/Assets/Scripts/CardEffect/EX3/Green/EX3_074.cs,EX3_074.cs
src/HeadlessDCGO.Engine/Assets/Scripts/CardEffect/EX3/Purple/EX3_055.cs,EX3_055.cs
src/HeadlessDCGO.Engine/Assets/Scripts/CardEffect/EX3/Purple/EX3_056.cs,EX3_056.cs
src/HeadlessDCGO.Engine/Assets/Scripts/CardEffect/EX3/Purple/EX3_057.cs,EX3_057.cs
src/HeadlessDCGO.Engine/Assets/Scripts/CardEffect/EX3/Purple/EX3_058.cs,EX3_058.cs
src/HeadlessDCGO.Engine/Assets/Scripts/CardEffect/EX3/Purple/EX3_059.cs,EX3_059.cs
src/HeadlessDCGO.Engine/Assets/Scripts/CardEffect/EX3/Purple/EX3_060.cs,EX3_060.cs
src/HeadlessDCGO.Engine/Assets/Scripts/CardEffect/EX3/Purple/EX3_061.cs,EX3_061.cs
src/HeadlessDCGO.Engine/Assets/Scripts/CardEffect/EX3/Purple/EX3_062.cs,EX3_062.cs
src/HeadlessDCGO.Engine/Assets/Scripts/CardEffect/EX3/Purple/EX3_063.cs,EX3_063.cs
src/HeadlessDCGO.Engine/Assets/Scripts/CardEffect/EX3/Purple/EX3_064.cs,EX3_064.cs
src/HeadlessDCGO.Engine/Assets/Scripts/CardEffect/EX3/Purple/EX3_072.cs,EX3_072.cs
src/HeadlessDCGO.Engine/Assets/Scripts/CardEffect/EX3/Purple/EX3_073.cs,EX3_073.cs
src/HeadlessDCGO.Engine/Assets/Scripts/CardEffect/EX3/Red/EX3_003.cs,EX3_003.cs
src/HeadlessDCGO.Engine/Assets/Scripts/CardEffect/EX3/Red/EX3_004.cs,EX3_004.cs
src/HeadlessDCGO.Engine/Assets/Scripts/CardEffect/EX3/Red/EX3_005.cs,EX3_005.cs
src/HeadlessDCGO.Engine/Assets/Scripts/CardEffect/EX3/Red/EX3_006.cs,EX3_006.cs
src/HeadlessDCGO.Engine/Assets/Scripts/CardEffect/EX3/Red/EX3_007.cs,EX3_007.cs
src/HeadlessDCGO.Engine/Assets/Scripts/CardEffect/EX3/Red/EX3_008.cs,EX3_008.cs
src/HeadlessDCGO.Engine/Assets/Scripts/CardEffect/EX3/Red/EX3_010.cs,EX3_010.cs
src/HeadlessDCGO.Engine/Assets/Scripts/CardEffect/EX3/Red/EX3_011.cs,EX3_011.cs
src/HeadlessDCGO.Engine/Assets/Scripts/CardEffect/EX3/Red/EX3_012.cs,EX3_012.cs
src/HeadlessDCGO.Engine/Assets/Scripts/CardEffect/EX3/Red/EX3_013.cs,EX3_013.cs
src/HeadlessDCGO.Engine/Assets/Scripts/CardEffect/EX3/Red/EX3_014.cs,EX3_014.cs
src/HeadlessDCGO.Engine/Assets/Scripts/CardEffect/EX3/Red/EX3_066.cs,EX3_066.cs
src/HeadlessDCGO.Engine/Assets/Scripts/CardEffect/EX3/White/EX3_065.cs,EX3_065.cs
src/HeadlessDCGO.Engine/Assets/Scripts/CardEffect/EX3/Yellow/EX3_027.cs,EX3_027.cs
src/HeadlessDCGO.Engine/Assets/Scripts/CardEffect/EX3/Yellow/EX3_028.cs,EX3_028.cs
src/HeadlessDCGO.Engine/Assets/Scripts/CardEffect/EX3/Yellow/EX3_029.cs,EX3_029.cs
src/HeadlessDCGO.Engine/Assets/Scripts/CardEffect/EX3/Yellow/EX3_030.cs,EX3_030.cs
src/HeadlessDCGO.Engine/Assets/Scripts/CardEffect/EX3/Yellow/EX3_031.cs,EX3_031.cs
src/HeadlessDCGO.Engine/Assets/Scripts/CardEffect/EX3/Yellow/EX3_032.cs,EX3_032.cs
src/HeadlessDCGO.Engine/Assets/Scripts/CardEffect/EX3/Yellow/EX3_033.cs,EX3_033.cs
src/HeadlessDCGO.Engine/Assets/Scripts/CardEffect/EX3/Yellow/EX3_034.cs,EX3_034.cs
src/HeadlessDCGO.Engine/Assets/Scripts/CardEffect/EX3/Yellow/EX3_035.cs,EX3_035.cs
src/HeadlessDCGO.Engine/Assets/Scripts/CardEffect/EX3/Yellow/EX3_036.cs,EX3_036.cs
src/HeadlessDCGO.Engine/Assets/Scripts/CardEffect/EX3/Yellow/EX3_068.cs,EX3_068.cs
src/HeadlessDCGO.Engine/Assets/Scripts/CardEffect/EX3/Yellow/EX3_069.cs,EX3_069.cs
src/HeadlessDCGO.Engine/Assets/Scripts/CardEffect/EX4/Black/EX4_003.cs,EX4_003.cs
src/HeadlessDCGO.Engine/Assets/Scripts/CardEffect/EX4/Black/EX4_038.cs,EX4_038.cs
src/HeadlessDCGO.Engine/Assets/Scripts/CardEffect/EX4/Black/EX4_039.cs,EX4_039.cs
src/HeadlessDCGO.Engine/Assets/Scripts/CardEffect/EX4/Black/EX4_040.cs,EX4_040.cs
src/HeadlessDCGO.Engine/Assets/Scripts/CardEffect/EX4/Black/EX4_041.cs,EX4_041.cs
src/HeadlessDCGO.Engine/Assets/Scripts/CardEffect/EX4/Black/EX4_042.cs,EX4_042.cs
src/HeadlessDCGO.Engine/Assets/Scripts/CardEffect/EX4/Black/EX4_043.cs,EX4_043.cs
src/HeadlessDCGO.Engine/Assets/Scripts/CardEffect/EX4/Black/EX4_044.cs,EX4_044.cs
src/HeadlessDCGO.Engine/Assets/Scripts/CardEffect/EX4/Black/EX4_045.cs,EX4_045.cs
src/HeadlessDCGO.Engine/Assets/Scripts/CardEffect/EX4/Black/EX4_046.cs,EX4_046.cs
src/HeadlessDCGO.Engine/Assets/Scripts/CardEffect/EX4/Black/EX4_047.cs,EX4_047.cs
src/HeadlessDCGO.Engine/Assets/Scripts/CardEffect/EX4/Black/EX4_048.cs,EX4_048.cs
src/HeadlessDCGO.Engine/Assets/Scripts/CardEffect/EX4/Black/EX4_049.cs,EX4_049.cs
src/HeadlessDCGO.Engine/Assets/Scripts/CardEffect/EX4/Black/EX4_050.cs,EX4_050.cs
src/HeadlessDCGO.Engine/Assets/Scripts/CardEffect/EX4/Black/EX4_051.cs,EX4_051.cs
src/HeadlessDCGO.Engine/Assets/Scripts/CardEffect/EX4/Black/EX4_069.cs,EX4_069.cs
src/HeadlessDCGO.Engine/Assets/Scripts/CardEffect/EX4/Black/EX4_073.cs,EX4_073.cs
src/HeadlessDCGO.Engine/Assets/Scripts/CardEffect/EX4/Blue/EX4_001.cs,EX4_001.cs
src/HeadlessDCGO.Engine/Assets/Scripts/CardEffect/EX4/Blue/EX4_014.cs,EX4_014.cs
src/HeadlessDCGO.Engine/Assets/Scripts/CardEffect/EX4/Blue/EX4_015.cs,EX4_015.cs
src/HeadlessDCGO.Engine/Assets/Scripts/CardEffect/EX4/Blue/EX4_016.cs,EX4_016.cs
src/HeadlessDCGO.Engine/Assets/Scripts/CardEffect/EX4/Blue/EX4_017.cs,EX4_017.cs
src/HeadlessDCGO.Engine/Assets/Scripts/CardEffect/EX4/Blue/EX4_018.cs,EX4_018.cs
src/HeadlessDCGO.Engine/Assets/Scripts/CardEffect/EX4/Blue/EX4_019.cs,EX4_019.cs
src/HeadlessDCGO.Engine/Assets/Scripts/CardEffect/EX4/Blue/EX4_020.cs,EX4_020.cs
src/HeadlessDCGO.Engine/Assets/Scripts/CardEffect/EX4/Blue/EX4_021.cs,EX4_021.cs
src/HeadlessDCGO.Engine/Assets/Scripts/CardEffect/EX4/Blue/EX4_022.cs,EX4_022.cs
src/HeadlessDCGO.Engine/Assets/Scripts/CardEffect/EX4/Blue/EX4_061.cs,EX4_061.cs
src/HeadlessDCGO.Engine/Assets/Scripts/CardEffect/EX4/Blue/EX4_062.cs,EX4_062.cs
src/HeadlessDCGO.Engine/Assets/Scripts/CardEffect/EX4/Blue/EX4_066.cs,EX4_066.cs
src/HeadlessDCGO.Engine/Assets/Scripts/CardEffect/EX4/Blue/EX4_067.cs,EX4_067.cs
src/HeadlessDCGO.Engine/Assets/Scripts/CardEffect/EX4/Green/EX4_002.cs,EX4_002.cs
src/HeadlessDCGO.Engine/Assets/Scripts/CardEffect/EX4/Green/EX4_032.cs,EX4_032.cs
src/HeadlessDCGO.Engine/Assets/Scripts/CardEffect/EX4/Green/EX4_033.cs,EX4_033.cs
src/HeadlessDCGO.Engine/Assets/Scripts/CardEffect/EX4/Green/EX4_034.cs,EX4_034.cs
src/HeadlessDCGO.Engine/Assets/Scripts/CardEffect/EX4/Green/EX4_035.cs,EX4_035.cs
src/HeadlessDCGO.Engine/Assets/Scripts/CardEffect/EX4/Green/EX4_036.cs,EX4_036.cs
src/HeadlessDCGO.Engine/Assets/Scripts/CardEffect/EX4/Green/EX4_037.cs,EX4_037.cs
src/HeadlessDCGO.Engine/Assets/Scripts/CardEffect/EX4/Green/EX4_063.cs,EX4_063.cs
src/HeadlessDCGO.Engine/Assets/Scripts/CardEffect/EX4/Purple/EX4_004.cs,EX4_004.cs
src/HeadlessDCGO.Engine/Assets/Scripts/CardEffect/EX4/Purple/EX4_052.cs,EX4_052.cs
src/HeadlessDCGO.Engine/Assets/Scripts/CardEffect/EX4/Purple/EX4_053.cs,EX4_053.cs
src/HeadlessDCGO.Engine/Assets/Scripts/CardEffect/EX4/Purple/EX4_054.cs,EX4_054.cs
src/HeadlessDCGO.Engine/Assets/Scripts/CardEffect/EX4/Purple/EX4_055.cs,EX4_055.cs
src/HeadlessDCGO.Engine/Assets/Scripts/CardEffect/EX4/Purple/EX4_056.cs,EX4_056.cs
src/HeadlessDCGO.Engine/Assets/Scripts/CardEffect/EX4/Purple/EX4_057.cs,EX4_057.cs
src/HeadlessDCGO.Engine/Assets/Scripts/CardEffect/EX4/Purple/EX4_058.cs,EX4_058.cs
src/HeadlessDCGO.Engine/Assets/Scripts/CardEffect/EX4/Purple/EX4_059.cs,EX4_059.cs
src/HeadlessDCGO.Engine/Assets/Scripts/CardEffect/EX4/Purple/EX4_064.cs,EX4_064.cs
src/HeadlessDCGO.Engine/Assets/Scripts/CardEffect/EX4/Purple/EX4_070.cs,EX4_070.cs
src/HeadlessDCGO.Engine/Assets/Scripts/CardEffect/EX4/Purple/EX4_071.cs,EX4_071.cs
src/HeadlessDCGO.Engine/Assets/Scripts/CardEffect/EX4/Purple/EX4_074.cs,EX4_074.cs
src/HeadlessDCGO.Engine/Assets/Scripts/CardEffect/EX4/Red/EX4_005.cs,EX4_005.cs
src/HeadlessDCGO.Engine/Assets/Scripts/CardEffect/EX4/Red/EX4_006.cs,EX4_006.cs
src/HeadlessDCGO.Engine/Assets/Scripts/CardEffect/EX4/Red/EX4_007.cs,EX4_007.cs
src/HeadlessDCGO.Engine/Assets/Scripts/CardEffect/EX4/Red/EX4_008.cs,EX4_008.cs
src/HeadlessDCGO.Engine/Assets/Scripts/CardEffect/EX4/Red/EX4_009.cs,EX4_009.cs
src/HeadlessDCGO.Engine/Assets/Scripts/CardEffect/EX4/Red/EX4_010.cs,EX4_010.cs
src/HeadlessDCGO.Engine/Assets/Scripts/CardEffect/EX4/Red/EX4_011.cs,EX4_011.cs
src/HeadlessDCGO.Engine/Assets/Scripts/CardEffect/EX4/Red/EX4_012.cs,EX4_012.cs
src/HeadlessDCGO.Engine/Assets/Scripts/CardEffect/EX4/Red/EX4_013.cs,EX4_013.cs
src/HeadlessDCGO.Engine/Assets/Scripts/CardEffect/EX4/Red/EX4_065.cs,EX4_065.cs
src/HeadlessDCGO.Engine/Assets/Scripts/CardEffect/EX4/White/EX4_060.cs,EX4_060.cs
src/HeadlessDCGO.Engine/Assets/Scripts/CardEffect/EX4/White/EX4_072.cs,EX4_072.cs
src/HeadlessDCGO.Engine/Assets/Scripts/CardEffect/EX4/Yellow/EX4_023.cs,EX4_023.cs
src/HeadlessDCGO.Engine/Assets/Scripts/CardEffect/EX4/Yellow/EX4_024.cs,EX4_024.cs
src/HeadlessDCGO.Engine/Assets/Scripts/CardEffect/EX4/Yellow/EX4_025.cs,EX4_025.cs
src/HeadlessDCGO.Engine/Assets/Scripts/CardEffect/EX4/Yellow/EX4_026.cs,EX4_026.cs
src/HeadlessDCGO.Engine/Assets/Scripts/CardEffect/EX4/Yellow/EX4_027.cs,EX4_027.cs
src/HeadlessDCGO.Engine/Assets/Scripts/CardEffect/EX4/Yellow/EX4_028.cs,EX4_028.cs
src/HeadlessDCGO.Engine/Assets/Scripts/CardEffect/EX4/Yellow/EX4_029.cs,EX4_029.cs
src/HeadlessDCGO.Engine/Assets/Scripts/CardEffect/EX4/Yellow/EX4_030.cs,EX4_030.cs
src/HeadlessDCGO.Engine/Assets/Scripts/CardEffect/EX4/Yellow/EX4_031.cs,EX4_031.cs
src/HeadlessDCGO.Engine/Assets/Scripts/CardEffect/EX4/Yellow/EX4_068.cs,EX4_068.cs
src/HeadlessDCGO.Engine/Assets/Scripts/CardEffect/EX5/Black/EX5_005.cs,EX5_005.cs
src/HeadlessDCGO.Engine/Assets/Scripts/CardEffect/EX5/Black/EX5_044.cs,EX5_044.cs
src/HeadlessDCGO.Engine/Assets/Scripts/CardEffect/EX5/Black/EX5_045.cs,EX5_045.cs
src/HeadlessDCGO.Engine/Assets/Scripts/CardEffect/EX5/Black/EX5_046.cs,EX5_046.cs
src/HeadlessDCGO.Engine/Assets/Scripts/CardEffect/EX5/Black/EX5_047.cs,EX5_047.cs
src/HeadlessDCGO.Engine/Assets/Scripts/CardEffect/EX5/Black/EX5_048.cs,EX5_048.cs
src/HeadlessDCGO.Engine/Assets/Scripts/CardEffect/EX5/Black/EX5_049.cs,EX5_049.cs
src/HeadlessDCGO.Engine/Assets/Scripts/CardEffect/EX5/Black/EX5_050.cs,EX5_050.cs
src/HeadlessDCGO.Engine/Assets/Scripts/CardEffect/EX5/Black/EX5_051.cs,EX5_051.cs
src/HeadlessDCGO.Engine/Assets/Scripts/CardEffect/EX5/Black/EX5_052.cs,EX5_052.cs
src/HeadlessDCGO.Engine/Assets/Scripts/CardEffect/EX5/Black/EX5_053.cs,EX5_053.cs
src/HeadlessDCGO.Engine/Assets/Scripts/CardEffect/EX5/Black/EX5_054.cs,EX5_054.cs
src/HeadlessDCGO.Engine/Assets/Scripts/CardEffect/EX5/Black/EX5_055.cs,EX5_055.cs
src/HeadlessDCGO.Engine/Assets/Scripts/CardEffect/EX5/Blue/EX5_002.cs,EX5_002.cs
src/HeadlessDCGO.Engine/Assets/Scripts/CardEffect/EX5/Blue/EX5_015.cs,EX5_015.cs
src/HeadlessDCGO.Engine/Assets/Scripts/CardEffect/EX5/Blue/EX5_016.cs,EX5_016.cs
src/HeadlessDCGO.Engine/Assets/Scripts/CardEffect/EX5/Blue/EX5_017.cs,EX5_017.cs
src/HeadlessDCGO.Engine/Assets/Scripts/CardEffect/EX5/Blue/EX5_018.cs,EX5_018.cs
src/HeadlessDCGO.Engine/Assets/Scripts/CardEffect/EX5/Blue/EX5_019.cs,EX5_019.cs
src/HeadlessDCGO.Engine/Assets/Scripts/CardEffect/EX5/Blue/EX5_020.cs,EX5_020.cs
src/HeadlessDCGO.Engine/Assets/Scripts/CardEffect/EX5/Blue/EX5_021.cs,EX5_021.cs
src/HeadlessDCGO.Engine/Assets/Scripts/CardEffect/EX5/Blue/EX5_022.cs,EX5_022.cs
src/HeadlessDCGO.Engine/Assets/Scripts/CardEffect/EX5/Blue/EX5_023.cs,EX5_023.cs
src/HeadlessDCGO.Engine/Assets/Scripts/CardEffect/EX5/Blue/EX5_024.cs,EX5_024.cs
src/HeadlessDCGO.Engine/Assets/Scripts/CardEffect/EX5/Blue/EX5_025.cs,EX5_025.cs
src/HeadlessDCGO.Engine/Assets/Scripts/CardEffect/EX5/Blue/EX5_026.cs,EX5_026.cs
src/HeadlessDCGO.Engine/Assets/Scripts/CardEffect/EX5/Blue/EX5_065.cs,EX5_065.cs
src/HeadlessDCGO.Engine/Assets/Scripts/CardEffect/EX5/Blue/EX5_067.cs,EX5_067.cs
src/HeadlessDCGO.Engine/Assets/Scripts/CardEffect/EX5/Green/EX5_003.cs,EX5_003.cs
src/HeadlessDCGO.Engine/Assets/Scripts/CardEffect/EX5/Green/EX5_004.cs,EX5_004.cs
src/HeadlessDCGO.Engine/Assets/Scripts/CardEffect/EX5/Green/EX5_035.cs,EX5_035.cs
src/HeadlessDCGO.Engine/Assets/Scripts/CardEffect/EX5/Green/EX5_036.cs,EX5_036.cs
src/HeadlessDCGO.Engine/Assets/Scripts/CardEffect/EX5/Green/EX5_037.cs,EX5_037.cs
src/HeadlessDCGO.Engine/Assets/Scripts/CardEffect/EX5/Green/EX5_038.cs,EX5_038.cs
src/HeadlessDCGO.Engine/Assets/Scripts/CardEffect/EX5/Green/EX5_039.cs,EX5_039.cs
src/HeadlessDCGO.Engine/Assets/Scripts/CardEffect/EX5/Green/EX5_040.cs,EX5_040.cs
src/HeadlessDCGO.Engine/Assets/Scripts/CardEffect/EX5/Green/EX5_041.cs,EX5_041.cs
src/HeadlessDCGO.Engine/Assets/Scripts/CardEffect/EX5/Green/EX5_042.cs,EX5_042.cs
src/HeadlessDCGO.Engine/Assets/Scripts/CardEffect/EX5/Green/EX5_043.cs,EX5_043.cs
src/HeadlessDCGO.Engine/Assets/Scripts/CardEffect/EX5/Purple/EX5_006.cs,EX5_006.cs
src/HeadlessDCGO.Engine/Assets/Scripts/CardEffect/EX5/Purple/EX5_056.cs,EX5_056.cs
src/HeadlessDCGO.Engine/Assets/Scripts/CardEffect/EX5/Purple/EX5_057.cs,EX5_057.cs
src/HeadlessDCGO.Engine/Assets/Scripts/CardEffect/EX5/Purple/EX5_058.cs,EX5_058.cs
src/HeadlessDCGO.Engine/Assets/Scripts/CardEffect/EX5/Purple/EX5_058_token.cs,EX5_058_token.cs
src/HeadlessDCGO.Engine/Assets/Scripts/CardEffect/EX5/Purple/EX5_059.cs,EX5_059.cs
src/HeadlessDCGO.Engine/Assets/Scripts/CardEffect/EX5/Purple/EX5_060.cs,EX5_060.cs
src/HeadlessDCGO.Engine/Assets/Scripts/CardEffect/EX5/Purple/EX5_061.cs,EX5_061.cs
src/HeadlessDCGO.Engine/Assets/Scripts/CardEffect/EX5/Purple/EX5_062.cs,EX5_062.cs
src/HeadlessDCGO.Engine/Assets/Scripts/CardEffect/EX5/Purple/EX5_063.cs,EX5_063.cs
src/HeadlessDCGO.Engine/Assets/Scripts/CardEffect/EX5/Purple/EX5_069.cs,EX5_069.cs
src/HeadlessDCGO.Engine/Assets/Scripts/CardEffect/EX5/Red/EX5_001.cs,EX5_001.cs
src/HeadlessDCGO.Engine/Assets/Scripts/CardEffect/EX5/Red/EX5_007.cs,EX5_007.cs
src/HeadlessDCGO.Engine/Assets/Scripts/CardEffect/EX5/Red/EX5_008.cs,EX5_008.cs
src/HeadlessDCGO.Engine/Assets/Scripts/CardEffect/EX5/Red/EX5_009.cs,EX5_009.cs
src/HeadlessDCGO.Engine/Assets/Scripts/CardEffect/EX5/Red/EX5_010.cs,EX5_010.cs
src/HeadlessDCGO.Engine/Assets/Scripts/CardEffect/EX5/Red/EX5_011.cs,EX5_011.cs
src/HeadlessDCGO.Engine/Assets/Scripts/CardEffect/EX5/Red/EX5_012.cs,EX5_012.cs
src/HeadlessDCGO.Engine/Assets/Scripts/CardEffect/EX5/Red/EX5_013.cs,EX5_013.cs
src/HeadlessDCGO.Engine/Assets/Scripts/CardEffect/EX5/Red/EX5_014.cs,EX5_014.cs
src/HeadlessDCGO.Engine/Assets/Scripts/CardEffect/EX5/Red/EX5_064.cs,EX5_064.cs
src/HeadlessDCGO.Engine/Assets/Scripts/CardEffect/EX5/Red/EX5_066.cs,EX5_066.cs
src/HeadlessDCGO.Engine/Assets/Scripts/CardEffect/EX5/Red/EX5_073.cs,EX5_073.cs
src/HeadlessDCGO.Engine/Assets/Scripts/CardEffect/EX5/White/EX5_070.cs,EX5_070.cs
src/HeadlessDCGO.Engine/Assets/Scripts/CardEffect/EX5/White/EX5_071.cs,EX5_071.cs
src/HeadlessDCGO.Engine/Assets/Scripts/CardEffect/EX5/White/EX5_072.cs,EX5_072.cs
src/HeadlessDCGO.Engine/Assets/Scripts/CardEffect/EX5/Yellow/EX5_027.cs,EX5_027.cs
src/HeadlessDCGO.Engine/Assets/Scripts/CardEffect/EX5/Yellow/EX5_028.cs,EX5_028.cs
src/HeadlessDCGO.Engine/Assets/Scripts/CardEffect/EX5/Yellow/EX5_029.cs,EX5_029.cs
src/HeadlessDCGO.Engine/Assets/Scripts/CardEffect/EX5/Yellow/EX5_030.cs,EX5_030.cs
src/HeadlessDCGO.Engine/Assets/Scripts/CardEffect/EX5/Yellow/EX5_031.cs,EX5_031.cs
src/HeadlessDCGO.Engine/Assets/Scripts/CardEffect/EX5/Yellow/EX5_032.cs,EX5_032.cs
src/HeadlessDCGO.Engine/Assets/Scripts/CardEffect/EX5/Yellow/EX5_033.cs,EX5_033.cs
src/HeadlessDCGO.Engine/Assets/Scripts/CardEffect/EX5/Yellow/EX5_034.cs,EX5_034.cs
src/HeadlessDCGO.Engine/Assets/Scripts/CardEffect/EX5/Yellow/EX5_068.cs,EX5_068.cs
src/HeadlessDCGO.Engine/Assets/Scripts/CardEffect/EX5/Yellow/EX5_074.cs,EX5_074.cs
src/HeadlessDCGO.Engine/Assets/Scripts/CardEffect/EX6/Black/EX6_005.cs,EX6_005.cs
src/HeadlessDCGO.Engine/Assets/Scripts/CardEffect/EX6/Black/EX6_036.cs,EX6_036.cs
src/HeadlessDCGO.Engine/Assets/Scripts/CardEffect/EX6/Black/EX6_037.cs,EX6_037.cs
src/HeadlessDCGO.Engine/Assets/Scripts/CardEffect/EX6/Black/EX6_038.cs,EX6_038.cs
src/HeadlessDCGO.Engine/Assets/Scripts/CardEffect/EX6/Black/EX6_039.cs,EX6_039.cs
src/HeadlessDCGO.Engine/Assets/Scripts/CardEffect/EX6/Black/EX6_040.cs,EX6_040.cs
src/HeadlessDCGO.Engine/Assets/Scripts/CardEffect/EX6/Black/EX6_041.cs,EX6_041.cs
src/HeadlessDCGO.Engine/Assets/Scripts/CardEffect/EX6/Black/EX6_042.cs,EX6_042.cs
src/HeadlessDCGO.Engine/Assets/Scripts/CardEffect/EX6/Black/EX6_043.cs,EX6_043.cs
src/HeadlessDCGO.Engine/Assets/Scripts/CardEffect/EX6/Black/EX6_044.cs,EX6_044.cs
src/HeadlessDCGO.Engine/Assets/Scripts/CardEffect/EX6/Blue/EX6_002.cs,EX6_002.cs
src/HeadlessDCGO.Engine/Assets/Scripts/CardEffect/EX6/Blue/EX6_012.cs,EX6_012.cs
src/HeadlessDCGO.Engine/Assets/Scripts/CardEffect/EX6/Blue/EX6_013.cs,EX6_013.cs
src/HeadlessDCGO.Engine/Assets/Scripts/CardEffect/EX6/Blue/EX6_014.cs,EX6_014.cs
src/HeadlessDCGO.Engine/Assets/Scripts/CardEffect/EX6/Blue/EX6_015.cs,EX6_015.cs
src/HeadlessDCGO.Engine/Assets/Scripts/CardEffect/EX6/Blue/EX6_066.cs,EX6_066.cs
src/HeadlessDCGO.Engine/Assets/Scripts/CardEffect/EX6/Green/EX6_004.cs,EX6_004.cs
src/HeadlessDCGO.Engine/Assets/Scripts/CardEffect/EX6/Green/EX6_032.cs,EX6_032.cs
src/HeadlessDCGO.Engine/Assets/Scripts/CardEffect/EX6/Green/EX6_033.cs,EX6_033.cs
src/HeadlessDCGO.Engine/Assets/Scripts/CardEffect/EX6/Green/EX6_034.cs,EX6_034.cs
src/HeadlessDCGO.Engine/Assets/Scripts/CardEffect/EX6/Green/EX6_035.cs,EX6_035.cs
src/HeadlessDCGO.Engine/Assets/Scripts/CardEffect/EX6/Purple/EX6_006.cs,EX6_006.cs
src/HeadlessDCGO.Engine/Assets/Scripts/CardEffect/EX6/Purple/EX6_045.cs,EX6_045.cs
src/HeadlessDCGO.Engine/Assets/Scripts/CardEffect/EX6/Purple/EX6_046.cs,EX6_046.cs
src/HeadlessDCGO.Engine/Assets/Scripts/CardEffect/EX6/Purple/EX6_047.cs,EX6_047.cs
src/HeadlessDCGO.Engine/Assets/Scripts/CardEffect/EX6/Purple/EX6_048.cs,EX6_048.cs
src/HeadlessDCGO.Engine/Assets/Scripts/CardEffect/EX6/Purple/EX6_049.cs,EX6_049.cs
src/HeadlessDCGO.Engine/Assets/Scripts/CardEffect/EX6/Purple/EX6_050.cs,EX6_050.cs
src/HeadlessDCGO.Engine/Assets/Scripts/CardEffect/EX6/Purple/EX6_051.cs,EX6_051.cs
src/HeadlessDCGO.Engine/Assets/Scripts/CardEffect/EX6/Purple/EX6_052.cs,EX6_052.cs
src/HeadlessDCGO.Engine/Assets/Scripts/CardEffect/EX6/Purple/EX6_053.cs,EX6_053.cs
src/HeadlessDCGO.Engine/Assets/Scripts/CardEffect/EX6/Purple/EX6_054.cs,EX6_054.cs
src/HeadlessDCGO.Engine/Assets/Scripts/CardEffect/EX6/Purple/EX6_055.cs,EX6_055.cs
src/HeadlessDCGO.Engine/Assets/Scripts/CardEffect/EX6/Purple/EX6_056.cs,EX6_056.cs
src/HeadlessDCGO.Engine/Assets/Scripts/CardEffect/EX6/Purple/EX6_057.cs,EX6_057.cs
src/HeadlessDCGO.Engine/Assets/Scripts/CardEffect/EX6/Purple/EX6_058.cs,EX6_058.cs
src/HeadlessDCGO.Engine/Assets/Scripts/CardEffect/EX6/Purple/EX6_059.cs,EX6_059.cs
src/HeadlessDCGO.Engine/Assets/Scripts/CardEffect/EX6/Purple/EX6_060.cs,EX6_060.cs
src/HeadlessDCGO.Engine/Assets/Scripts/CardEffect/EX6/Purple/EX6_061.cs,EX6_061.cs
src/HeadlessDCGO.Engine/Assets/Scripts/CardEffect/EX6/Purple/EX6_069.cs,EX6_069.cs
src/HeadlessDCGO.Engine/Assets/Scripts/CardEffect/EX6/Purple/EX6_070.cs,EX6_070.cs
src/HeadlessDCGO.Engine/Assets/Scripts/CardEffect/EX6/Purple/EX6_071.cs,EX6_071.cs
src/HeadlessDCGO.Engine/Assets/Scripts/CardEffect/EX6/Purple/EX6_073.cs,EX6_073.cs
src/HeadlessDCGO.Engine/Assets/Scripts/CardEffect/EX6/Purple/EX6_074.cs,EX6_074.cs
src/HeadlessDCGO.Engine/Assets/Scripts/CardEffect/EX6/Red/EX6_001.cs,EX6_001.cs
src/HeadlessDCGO.Engine/Assets/Scripts/CardEffect/EX6/Red/EX6_007.cs,EX6_007.cs
src/HeadlessDCGO.Engine/Assets/Scripts/CardEffect/EX6/Red/EX6_008.cs,EX6_008.cs
src/HeadlessDCGO.Engine/Assets/Scripts/CardEffect/EX6/Red/EX6_009.cs,EX6_009.cs
src/HeadlessDCGO.Engine/Assets/Scripts/CardEffect/EX6/Red/EX6_010.cs,EX6_010.cs
src/HeadlessDCGO.Engine/Assets/Scripts/CardEffect/EX6/Red/EX6_011.cs,EX6_011.cs
src/HeadlessDCGO.Engine/Assets/Scripts/CardEffect/EX6/Red/EX6_065.cs,EX6_065.cs
src/HeadlessDCGO.Engine/Assets/Scripts/CardEffect/EX6/White/EX6_062.cs,EX6_062.cs
src/HeadlessDCGO.Engine/Assets/Scripts/CardEffect/EX6/White/EX6_072.cs,EX6_072.cs
src/HeadlessDCGO.Engine/Assets/Scripts/CardEffect/EX6/Yellow/EX6_003.cs,EX6_003.cs
src/HeadlessDCGO.Engine/Assets/Scripts/CardEffect/EX6/Yellow/EX6_016.cs,EX6_016.cs
src/HeadlessDCGO.Engine/Assets/Scripts/CardEffect/EX6/Yellow/EX6_017.cs,EX6_017.cs
src/HeadlessDCGO.Engine/Assets/Scripts/CardEffect/EX6/Yellow/EX6_018.cs,EX6_018.cs
src/HeadlessDCGO.Engine/Assets/Scripts/CardEffect/EX6/Yellow/EX6_019.cs,EX6_019.cs
src/HeadlessDCGO.Engine/Assets/Scripts/CardEffect/EX6/Yellow/EX6_020.cs,EX6_020.cs
src/HeadlessDCGO.Engine/Assets/Scripts/CardEffect/EX6/Yellow/EX6_021.cs,EX6_021.cs
src/HeadlessDCGO.Engine/Assets/Scripts/CardEffect/EX6/Yellow/EX6_022.cs,EX6_022.cs
src/HeadlessDCGO.Engine/Assets/Scripts/CardEffect/EX6/Yellow/EX6_023.cs,EX6_023.cs
src/HeadlessDCGO.Engine/Assets/Scripts/CardEffect/EX6/Yellow/EX6_024.cs,EX6_024.cs
src/HeadlessDCGO.Engine/Assets/Scripts/CardEffect/EX6/Yellow/EX6_025.cs,EX6_025.cs
src/HeadlessDCGO.Engine/Assets/Scripts/CardEffect/EX6/Yellow/EX6_026.cs,EX6_026.cs
src/HeadlessDCGO.Engine/Assets/Scripts/CardEffect/EX6/Yellow/EX6_027.cs,EX6_027.cs
src/HeadlessDCGO.Engine/Assets/Scripts/CardEffect/EX6/Yellow/EX6_028.cs,EX6_028.cs
src/HeadlessDCGO.Engine/Assets/Scripts/CardEffect/EX6/Yellow/EX6_029.cs,EX6_029.cs
src/HeadlessDCGO.Engine/Assets/Scripts/CardEffect/EX6/Yellow/EX6_030.cs,EX6_030.cs
src/HeadlessDCGO.Engine/Assets/Scripts/CardEffect/EX6/Yellow/EX6_031.cs,EX6_031.cs
src/HeadlessDCGO.Engine/Assets/Scripts/CardEffect/EX6/Yellow/EX6_063.cs,EX6_063.cs
src/HeadlessDCGO.Engine/Assets/Scripts/CardEffect/EX6/Yellow/EX6_064.cs,EX6_064.cs
src/HeadlessDCGO.Engine/Assets/Scripts/CardEffect/EX6/Yellow/EX6_067.cs,EX6_067.cs
src/HeadlessDCGO.Engine/Assets/Scripts/CardEffect/EX6/Yellow/EX6_068.cs,EX6_068.cs
src/HeadlessDCGO.Engine/Assets/Scripts/CardEffect/EX7/Black/EX7_005.cs,EX7_005.cs
src/HeadlessDCGO.Engine/Assets/Scripts/CardEffect/EX7/Black/EX7_038.cs,EX7_038.cs
src/HeadlessDCGO.Engine/Assets/Scripts/CardEffect/EX7/Black/EX7_039.cs,EX7_039.cs
src/HeadlessDCGO.Engine/Assets/Scripts/CardEffect/EX7/Black/EX7_040.cs,EX7_040.cs
src/HeadlessDCGO.Engine/Assets/Scripts/CardEffect/EX7/Black/EX7_041.cs,EX7_041.cs
src/HeadlessDCGO.Engine/Assets/Scripts/CardEffect/EX7/Black/EX7_042.cs,EX7_042.cs
src/HeadlessDCGO.Engine/Assets/Scripts/CardEffect/EX7/Black/EX7_043.cs,EX7_043.cs
src/HeadlessDCGO.Engine/Assets/Scripts/CardEffect/EX7/Black/EX7_044.cs,EX7_044.cs
src/HeadlessDCGO.Engine/Assets/Scripts/CardEffect/EX7/Black/EX7_045.cs,EX7_045.cs
src/HeadlessDCGO.Engine/Assets/Scripts/CardEffect/EX7/Black/EX7_046.cs,EX7_046.cs
src/HeadlessDCGO.Engine/Assets/Scripts/CardEffect/EX7/Black/EX7_047.cs,EX7_047.cs
src/HeadlessDCGO.Engine/Assets/Scripts/CardEffect/EX7/Black/EX7_048.cs,EX7_048.cs
src/HeadlessDCGO.Engine/Assets/Scripts/CardEffect/EX7/Black/EX7_049.cs,EX7_049.cs
src/HeadlessDCGO.Engine/Assets/Scripts/CardEffect/EX7/Black/EX7_070.cs,EX7_070.cs
src/HeadlessDCGO.Engine/Assets/Scripts/CardEffect/EX7/Blue/EX7_002.cs,EX7_002.cs
src/HeadlessDCGO.Engine/Assets/Scripts/CardEffect/EX7/Blue/EX7_015.cs,EX7_015.cs
src/HeadlessDCGO.Engine/Assets/Scripts/CardEffect/EX7/Blue/EX7_016.cs,EX7_016.cs
src/HeadlessDCGO.Engine/Assets/Scripts/CardEffect/EX7/Blue/EX7_017.cs,EX7_017.cs
src/HeadlessDCGO.Engine/Assets/Scripts/CardEffect/EX7/Blue/EX7_018.cs,EX7_018.cs
src/HeadlessDCGO.Engine/Assets/Scripts/CardEffect/EX7/Blue/EX7_019.cs,EX7_019.cs
src/HeadlessDCGO.Engine/Assets/Scripts/CardEffect/EX7/Blue/EX7_020.cs,EX7_020.cs
src/HeadlessDCGO.Engine/Assets/Scripts/CardEffect/EX7/Blue/EX7_021.cs,EX7_021.cs
src/HeadlessDCGO.Engine/Assets/Scripts/CardEffect/EX7/Blue/EX7_022.cs,EX7_022.cs
src/HeadlessDCGO.Engine/Assets/Scripts/CardEffect/EX7/Blue/EX7_023.cs,EX7_023.cs
src/HeadlessDCGO.Engine/Assets/Scripts/CardEffect/EX7/Blue/EX7_067.cs,EX7_067.cs
src/HeadlessDCGO.Engine/Assets/Scripts/CardEffect/EX7/Green/EX7_004.cs,EX7_004.cs
src/HeadlessDCGO.Engine/Assets/Scripts/CardEffect/EX7/Green/EX7_031.cs,EX7_031.cs
src/HeadlessDCGO.Engine/Assets/Scripts/CardEffect/EX7/Green/EX7_032.cs,EX7_032.cs
src/HeadlessDCGO.Engine/Assets/Scripts/CardEffect/EX7/Green/EX7_033.cs,EX7_033.cs
src/HeadlessDCGO.Engine/Assets/Scripts/CardEffect/EX7/Green/EX7_034.cs,EX7_034.cs
src/HeadlessDCGO.Engine/Assets/Scripts/CardEffect/EX7/Green/EX7_035.cs,EX7_035.cs
src/HeadlessDCGO.Engine/Assets/Scripts/CardEffect/EX7/Green/EX7_036.cs,EX7_036.cs
src/HeadlessDCGO.Engine/Assets/Scripts/CardEffect/EX7/Green/EX7_037.cs,EX7_037.cs
src/HeadlessDCGO.Engine/Assets/Scripts/CardEffect/EX7/Green/EX7_064.cs,EX7_064.cs
src/HeadlessDCGO.Engine/Assets/Scripts/CardEffect/EX7/Green/EX7_069.cs,EX7_069.cs
src/HeadlessDCGO.Engine/Assets/Scripts/CardEffect/EX7/Green/EX7_074.cs,EX7_074.cs
src/HeadlessDCGO.Engine/Assets/Scripts/CardEffect/EX7/Purple/EX7_006.cs,EX7_006.cs
src/HeadlessDCGO.Engine/Assets/Scripts/CardEffect/EX7/Purple/EX7_050.cs,EX7_050.cs
src/HeadlessDCGO.Engine/Assets/Scripts/CardEffect/EX7/Purple/EX7_051.cs,EX7_051.cs
src/HeadlessDCGO.Engine/Assets/Scripts/CardEffect/EX7/Purple/EX7_052.cs,EX7_052.cs
src/HeadlessDCGO.Engine/Assets/Scripts/CardEffect/EX7/Purple/EX7_053.cs,EX7_053.cs
src/HeadlessDCGO.Engine/Assets/Scripts/CardEffect/EX7/Purple/EX7_054.cs,EX7_054.cs
src/HeadlessDCGO.Engine/Assets/Scripts/CardEffect/EX7/Purple/EX7_055.cs,EX7_055.cs
src/HeadlessDCGO.Engine/Assets/Scripts/CardEffect/EX7/Purple/EX7_056.cs,EX7_056.cs
src/HeadlessDCGO.Engine/Assets/Scripts/CardEffect/EX7/Purple/EX7_057.cs,EX7_057.cs
src/HeadlessDCGO.Engine/Assets/Scripts/CardEffect/EX7/Purple/EX7_058.cs,EX7_058.cs
src/HeadlessDCGO.Engine/Assets/Scripts/CardEffect/EX7/Purple/EX7_058_token.cs,EX7_058_token.cs
src/HeadlessDCGO.Engine/Assets/Scripts/CardEffect/EX7/Purple/EX7_059.cs,EX7_059.cs
src/HeadlessDCGO.Engine/Assets/Scripts/CardEffect/EX7/Purple/EX7_060.cs,EX7_060.cs
src/HeadlessDCGO.Engine/Assets/Scripts/CardEffect/EX7/Purple/EX7_061.cs,EX7_061.cs
src/HeadlessDCGO.Engine/Assets/Scripts/CardEffect/EX7/Purple/EX7_062.cs,EX7_062.cs
src/HeadlessDCGO.Engine/Assets/Scripts/CardEffect/EX7/Purple/EX7_065.cs,EX7_065.cs
src/HeadlessDCGO.Engine/Assets/Scripts/CardEffect/EX7/Purple/EX7_071.cs,EX7_071.cs
src/HeadlessDCGO.Engine/Assets/Scripts/CardEffect/EX7/Purple/EX7_072.cs,EX7_072.cs
src/HeadlessDCGO.Engine/Assets/Scripts/CardEffect/EX7/Purple/EX7_073.cs,EX7_073.cs
src/HeadlessDCGO.Engine/Assets/Scripts/CardEffect/EX7/Red/EX7_001.cs,EX7_001.cs
src/HeadlessDCGO.Engine/Assets/Scripts/CardEffect/EX7/Red/EX7_007.cs,EX7_007.cs
src/HeadlessDCGO.Engine/Assets/Scripts/CardEffect/EX7/Red/EX7_008.cs,EX7_008.cs
src/HeadlessDCGO.Engine/Assets/Scripts/CardEffect/EX7/Red/EX7_009.cs,EX7_009.cs
src/HeadlessDCGO.Engine/Assets/Scripts/CardEffect/EX7/Red/EX7_010.cs,EX7_010.cs
src/HeadlessDCGO.Engine/Assets/Scripts/CardEffect/EX7/Red/EX7_011.cs,EX7_011.cs
src/HeadlessDCGO.Engine/Assets/Scripts/CardEffect/EX7/Red/EX7_012.cs,EX7_012.cs
src/HeadlessDCGO.Engine/Assets/Scripts/CardEffect/EX7/Red/EX7_013.cs,EX7_013.cs
src/HeadlessDCGO.Engine/Assets/Scripts/CardEffect/EX7/Red/EX7_014.cs,EX7_014.cs
src/HeadlessDCGO.Engine/Assets/Scripts/CardEffect/EX7/Red/EX7_066.cs,EX7_066.cs
src/HeadlessDCGO.Engine/Assets/Scripts/CardEffect/EX7/Yellow/EX7_003.cs,EX7_003.cs
src/HeadlessDCGO.Engine/Assets/Scripts/CardEffect/EX7/Yellow/EX7_024.cs,EX7_024.cs
src/HeadlessDCGO.Engine/Assets/Scripts/CardEffect/EX7/Yellow/EX7_025.cs,EX7_025.cs
src/HeadlessDCGO.Engine/Assets/Scripts/CardEffect/EX7/Yellow/EX7_026.cs,EX7_026.cs
src/HeadlessDCGO.Engine/Assets/Scripts/CardEffect/EX7/Yellow/EX7_027.cs,EX7_027.cs
src/HeadlessDCGO.Engine/Assets/Scripts/CardEffect/EX7/Yellow/EX7_028.cs,EX7_028.cs
src/HeadlessDCGO.Engine/Assets/Scripts/CardEffect/EX7/Yellow/EX7_029.cs,EX7_029.cs
src/HeadlessDCGO.Engine/Assets/Scripts/CardEffect/EX7/Yellow/EX7_030.cs,EX7_030.cs
src/HeadlessDCGO.Engine/Assets/Scripts/CardEffect/EX7/Yellow/EX7_030_token.cs,EX7_030_token.cs
src/HeadlessDCGO.Engine/Assets/Scripts/CardEffect/EX7/Yellow/EX7_063.cs,EX7_063.cs
src/HeadlessDCGO.Engine/Assets/Scripts/CardEffect/EX7/Yellow/EX7_068.cs,EX7_068.cs
src/HeadlessDCGO.Engine/Assets/Scripts/CardEffect/EX8/Black/EX8_005.cs,EX8_005.cs
src/HeadlessDCGO.Engine/Assets/Scripts/CardEffect/EX8/Black/EX8_046.cs,EX8_046.cs
src/HeadlessDCGO.Engine/Assets/Scripts/CardEffect/EX8/Black/EX8_047.cs,EX8_047.cs
src/HeadlessDCGO.Engine/Assets/Scripts/CardEffect/EX8/Black/EX8_048.cs,EX8_048.cs
src/HeadlessDCGO.Engine/Assets/Scripts/CardEffect/EX8/Black/EX8_049.cs,EX8_049.cs
src/HeadlessDCGO.Engine/Assets/Scripts/CardEffect/EX8/Black/EX8_050.cs,EX8_050.cs
src/HeadlessDCGO.Engine/Assets/Scripts/CardEffect/EX8/Black/EX8_051.cs,EX8_051.cs
src/HeadlessDCGO.Engine/Assets/Scripts/CardEffect/EX8/Black/EX8_052.cs,EX8_052.cs
src/HeadlessDCGO.Engine/Assets/Scripts/CardEffect/EX8/Black/EX8_053.cs,EX8_053.cs
src/HeadlessDCGO.Engine/Assets/Scripts/CardEffect/EX8/Black/EX8_054.cs,EX8_054.cs
src/HeadlessDCGO.Engine/Assets/Scripts/CardEffect/EX8/Black/EX8_055.cs,EX8_055.cs
src/HeadlessDCGO.Engine/Assets/Scripts/CardEffect/EX8/Black/EX8_067.cs,EX8_067.cs
src/HeadlessDCGO.Engine/Assets/Scripts/CardEffect/EX8/Black/EX8_070.cs,EX8_070.cs
src/HeadlessDCGO.Engine/Assets/Scripts/CardEffect/EX8/Blue/EX8_002.cs,EX8_002.cs
src/HeadlessDCGO.Engine/Assets/Scripts/CardEffect/EX8/Blue/EX8_017.cs,EX8_017.cs
src/HeadlessDCGO.Engine/Assets/Scripts/CardEffect/EX8/Blue/EX8_018.cs,EX8_018.cs
src/HeadlessDCGO.Engine/Assets/Scripts/CardEffect/EX8/Blue/EX8_019.cs,EX8_019.cs
src/HeadlessDCGO.Engine/Assets/Scripts/CardEffect/EX8/Blue/EX8_020.cs,EX8_020.cs
src/HeadlessDCGO.Engine/Assets/Scripts/CardEffect/EX8/Blue/EX8_021.cs,EX8_021.cs
src/HeadlessDCGO.Engine/Assets/Scripts/CardEffect/EX8/Blue/EX8_022.cs,EX8_022.cs
src/HeadlessDCGO.Engine/Assets/Scripts/CardEffect/EX8/Blue/EX8_023.cs,EX8_023.cs
src/HeadlessDCGO.Engine/Assets/Scripts/CardEffect/EX8/Blue/EX8_024.cs,EX8_024.cs
src/HeadlessDCGO.Engine/Assets/Scripts/CardEffect/EX8/Blue/EX8_025.cs,EX8_025.cs
src/HeadlessDCGO.Engine/Assets/Scripts/CardEffect/EX8/Blue/EX8_026.cs,EX8_026.cs
src/HeadlessDCGO.Engine/Assets/Scripts/CardEffect/EX8/Blue/EX8_027.cs,EX8_027.cs
src/HeadlessDCGO.Engine/Assets/Scripts/CardEffect/EX8/Blue/EX8_028.cs,EX8_028.cs
src/HeadlessDCGO.Engine/Assets/Scripts/CardEffect/EX8/Blue/EX8_029.cs,EX8_029.cs
src/HeadlessDCGO.Engine/Assets/Scripts/CardEffect/EX8/Blue/EX8_066.cs,EX8_066.cs
src/HeadlessDCGO.Engine/Assets/Scripts/CardEffect/EX8/Blue/EX8_068.cs,EX8_068.cs
src/HeadlessDCGO.Engine/Assets/Scripts/CardEffect/EX8/Green/EX8_004.cs,EX8_004.cs
src/HeadlessDCGO.Engine/Assets/Scripts/CardEffect/EX8/Green/EX8_038.cs,EX8_038.cs
src/HeadlessDCGO.Engine/Assets/Scripts/CardEffect/EX8/Green/EX8_039.cs,EX8_039.cs
src/HeadlessDCGO.Engine/Assets/Scripts/CardEffect/EX8/Green/EX8_040.cs,EX8_040.cs
src/HeadlessDCGO.Engine/Assets/Scripts/CardEffect/EX8/Green/EX8_041.cs,EX8_041.cs
src/HeadlessDCGO.Engine/Assets/Scripts/CardEffect/EX8/Green/EX8_042.cs,EX8_042.cs
src/HeadlessDCGO.Engine/Assets/Scripts/CardEffect/EX8/Green/EX8_043.cs,EX8_043.cs
src/HeadlessDCGO.Engine/Assets/Scripts/CardEffect/EX8/Green/EX8_044.cs,EX8_044.cs
src/HeadlessDCGO.Engine/Assets/Scripts/CardEffect/EX8/Green/EX8_045.cs,EX8_045.cs
src/HeadlessDCGO.Engine/Assets/Scripts/CardEffect/EX8/Green/EX8_069.cs,EX8_069.cs
src/HeadlessDCGO.Engine/Assets/Scripts/CardEffect/EX8/Green/EX8_074.cs,EX8_074.cs
src/HeadlessDCGO.Engine/Assets/Scripts/CardEffect/EX8/Purple/EX8_006.cs,EX8_006.cs
src/HeadlessDCGO.Engine/Assets/Scripts/CardEffect/EX8/Purple/EX8_056.cs,EX8_056.cs
src/HeadlessDCGO.Engine/Assets/Scripts/CardEffect/EX8/Purple/EX8_057.cs,EX8_057.cs
src/HeadlessDCGO.Engine/Assets/Scripts/CardEffect/EX8/Purple/EX8_058.cs,EX8_058.cs
src/HeadlessDCGO.Engine/Assets/Scripts/CardEffect/EX8/Purple/EX8_059.cs,EX8_059.cs
src/HeadlessDCGO.Engine/Assets/Scripts/CardEffect/EX8/Purple/EX8_060.cs,EX8_060.cs
src/HeadlessDCGO.Engine/Assets/Scripts/CardEffect/EX8/Purple/EX8_061.cs,EX8_061.cs
src/HeadlessDCGO.Engine/Assets/Scripts/CardEffect/EX8/Purple/EX8_062.cs,EX8_062.cs
src/HeadlessDCGO.Engine/Assets/Scripts/CardEffect/EX8/Purple/EX8_063.cs,EX8_063.cs
src/HeadlessDCGO.Engine/Assets/Scripts/CardEffect/EX8/Purple/EX8_064.cs,EX8_064.cs
src/HeadlessDCGO.Engine/Assets/Scripts/CardEffect/EX8/Purple/EX8_071.cs,EX8_071.cs
src/HeadlessDCGO.Engine/Assets/Scripts/CardEffect/EX8/Purple/EX8_072.cs,EX8_072.cs
src/HeadlessDCGO.Engine/Assets/Scripts/CardEffect/EX8/Red/EX8_001.cs,EX8_001.cs
src/HeadlessDCGO.Engine/Assets/Scripts/CardEffect/EX8/Red/EX8_007.cs,EX8_007.cs
src/HeadlessDCGO.Engine/Assets/Scripts/CardEffect/EX8/Red/EX8_008.cs,EX8_008.cs
src/HeadlessDCGO.Engine/Assets/Scripts/CardEffect/EX8/Red/EX8_009.cs,EX8_009.cs
src/HeadlessDCGO.Engine/Assets/Scripts/CardEffect/EX8/Red/EX8_010.cs,EX8_010.cs
src/HeadlessDCGO.Engine/Assets/Scripts/CardEffect/EX8/Red/EX8_011.cs,EX8_011.cs
src/HeadlessDCGO.Engine/Assets/Scripts/CardEffect/EX8/Red/EX8_012.cs,EX8_012.cs
src/HeadlessDCGO.Engine/Assets/Scripts/CardEffect/EX8/Red/EX8_013.cs,EX8_013.cs
src/HeadlessDCGO.Engine/Assets/Scripts/CardEffect/EX8/Red/EX8_014.cs,EX8_014.cs
src/HeadlessDCGO.Engine/Assets/Scripts/CardEffect/EX8/Red/EX8_015.cs,EX8_015.cs
src/HeadlessDCGO.Engine/Assets/Scripts/CardEffect/EX8/Red/EX8_016.cs,EX8_016.cs
src/HeadlessDCGO.Engine/Assets/Scripts/CardEffect/EX8/Red/EX8_065.cs,EX8_065.cs
src/HeadlessDCGO.Engine/Assets/Scripts/CardEffect/EX8/Red/EX8_073.cs,EX8_073.cs
src/HeadlessDCGO.Engine/Assets/Scripts/CardEffect/EX8/Yellow/EX8_003.cs,EX8_003.cs
src/HeadlessDCGO.Engine/Assets/Scripts/CardEffect/EX8/Yellow/EX8_030.cs,EX8_030.cs
src/HeadlessDCGO.Engine/Assets/Scripts/CardEffect/EX8/Yellow/EX8_031.cs,EX8_031.cs
src/HeadlessDCGO.Engine/Assets/Scripts/CardEffect/EX8/Yellow/EX8_032.cs,EX8_032.cs
src/HeadlessDCGO.Engine/Assets/Scripts/CardEffect/EX8/Yellow/EX8_033.cs,EX8_033.cs
src/HeadlessDCGO.Engine/Assets/Scripts/CardEffect/EX8/Yellow/EX8_034.cs,EX8_034.cs
src/HeadlessDCGO.Engine/Assets/Scripts/CardEffect/EX8/Yellow/EX8_035.cs,EX8_035.cs
src/HeadlessDCGO.Engine/Assets/Scripts/CardEffect/EX8/Yellow/EX8_036.cs,EX8_036.cs
src/HeadlessDCGO.Engine/Assets/Scripts/CardEffect/EX8/Yellow/EX8_037.cs,EX8_037.cs
src/HeadlessDCGO.Engine/Assets/Scripts/CardEffect/EX8/Yellow/EX8_037_token.cs,EX8_037_token.cs
src/HeadlessDCGO.Engine/Assets/Scripts/CardEffect/EX9/Black/EX9_005.cs,EX9_005.cs
src/HeadlessDCGO.Engine/Assets/Scripts/CardEffect/EX9/Black/EX9_046.cs,EX9_046.cs
src/HeadlessDCGO.Engine/Assets/Scripts/CardEffect/EX9/Black/EX9_047.cs,EX9_047.cs
src/HeadlessDCGO.Engine/Assets/Scripts/CardEffect/EX9/Black/EX9_048.cs,EX9_048.cs
src/HeadlessDCGO.Engine/Assets/Scripts/CardEffect/EX9/Black/EX9_049.cs,EX9_049.cs
src/HeadlessDCGO.Engine/Assets/Scripts/CardEffect/EX9/Black/EX9_050.cs,EX9_050.cs
src/HeadlessDCGO.Engine/Assets/Scripts/CardEffect/EX9/Black/EX9_051.cs,EX9_051.cs
src/HeadlessDCGO.Engine/Assets/Scripts/CardEffect/EX9/Black/EX9_052.cs,EX9_052.cs
src/HeadlessDCGO.Engine/Assets/Scripts/CardEffect/EX9/Black/EX9_053.cs,EX9_053.cs
src/HeadlessDCGO.Engine/Assets/Scripts/CardEffect/EX9/Black/EX9_054.cs,EX9_054.cs
src/HeadlessDCGO.Engine/Assets/Scripts/CardEffect/EX9/Black/EX9_055.cs,EX9_055.cs
src/HeadlessDCGO.Engine/Assets/Scripts/CardEffect/EX9/Black/EX9_056.cs,EX9_056.cs
src/HeadlessDCGO.Engine/Assets/Scripts/CardEffect/EX9/Black/EX9_057.cs,EX9_057.cs
src/HeadlessDCGO.Engine/Assets/Scripts/CardEffect/EX9/Black/EX9_068.cs,EX9_068.cs
src/HeadlessDCGO.Engine/Assets/Scripts/CardEffect/EX9/Black/EX9_073.cs,EX9_073.cs
src/HeadlessDCGO.Engine/Assets/Scripts/CardEffect/EX9/Blue/EX9_002.cs,EX9_002.cs
src/HeadlessDCGO.Engine/Assets/Scripts/CardEffect/EX9/Blue/EX9_014.cs,EX9_014.cs
src/HeadlessDCGO.Engine/Assets/Scripts/CardEffect/EX9/Blue/EX9_015.cs,EX9_015.cs
src/HeadlessDCGO.Engine/Assets/Scripts/CardEffect/EX9/Blue/EX9_016.cs,EX9_016.cs
src/HeadlessDCGO.Engine/Assets/Scripts/CardEffect/EX9/Blue/EX9_017.cs,EX9_017.cs
src/HeadlessDCGO.Engine/Assets/Scripts/CardEffect/EX9/Blue/EX9_018.cs,EX9_018.cs
src/HeadlessDCGO.Engine/Assets/Scripts/CardEffect/EX9/Blue/EX9_019.cs,EX9_019.cs
src/HeadlessDCGO.Engine/Assets/Scripts/CardEffect/EX9/Blue/EX9_020.cs,EX9_020.cs
src/HeadlessDCGO.Engine/Assets/Scripts/CardEffect/EX9/Blue/EX9_021.cs,EX9_021.cs
src/HeadlessDCGO.Engine/Assets/Scripts/CardEffect/EX9/Blue/EX9_071.cs,EX9_071.cs
src/HeadlessDCGO.Engine/Assets/Scripts/CardEffect/EX9/Green/EX9_004.cs,EX9_004.cs
src/HeadlessDCGO.Engine/Assets/Scripts/CardEffect/EX9/Green/EX9_034.cs,EX9_034.cs
src/HeadlessDCGO.Engine/Assets/Scripts/CardEffect/EX9/Green/EX9_035.cs,EX9_035.cs
src/HeadlessDCGO.Engine/Assets/Scripts/CardEffect/EX9/Green/EX9_036.cs,EX9_036.cs
src/HeadlessDCGO.Engine/Assets/Scripts/CardEffect/EX9/Green/EX9_037.cs,EX9_037.cs
src/HeadlessDCGO.Engine/Assets/Scripts/CardEffect/EX9/Green/EX9_038.cs,EX9_038.cs
src/HeadlessDCGO.Engine/Assets/Scripts/CardEffect/EX9/Green/EX9_039.cs,EX9_039.cs
src/HeadlessDCGO.Engine/Assets/Scripts/CardEffect/EX9/Green/EX9_040.cs,EX9_040.cs
src/HeadlessDCGO.Engine/Assets/Scripts/CardEffect/EX9/Green/EX9_041.cs,EX9_041.cs
src/HeadlessDCGO.Engine/Assets/Scripts/CardEffect/EX9/Green/EX9_042.cs,EX9_042.cs
src/HeadlessDCGO.Engine/Assets/Scripts/CardEffect/EX9/Green/EX9_043.cs,EX9_043.cs
src/HeadlessDCGO.Engine/Assets/Scripts/CardEffect/EX9/Green/EX9_044.cs,EX9_044.cs
src/HeadlessDCGO.Engine/Assets/Scripts/CardEffect/EX9/Green/EX9_045.cs,EX9_045.cs
src/HeadlessDCGO.Engine/Assets/Scripts/CardEffect/EX9/Purple/EX9_006.cs,EX9_006.cs
src/HeadlessDCGO.Engine/Assets/Scripts/CardEffect/EX9/Purple/EX9_058.cs,EX9_058.cs
src/HeadlessDCGO.Engine/Assets/Scripts/CardEffect/EX9/Purple/EX9_059.cs,EX9_059.cs
src/HeadlessDCGO.Engine/Assets/Scripts/CardEffect/EX9/Purple/EX9_060.cs,EX9_060.cs
src/HeadlessDCGO.Engine/Assets/Scripts/CardEffect/EX9/Purple/EX9_061.cs,EX9_061.cs
src/HeadlessDCGO.Engine/Assets/Scripts/CardEffect/EX9/Purple/EX9_062.cs,EX9_062.cs
src/HeadlessDCGO.Engine/Assets/Scripts/CardEffect/EX9/Purple/EX9_063.cs,EX9_063.cs
src/HeadlessDCGO.Engine/Assets/Scripts/CardEffect/EX9/Purple/EX9_064.cs,EX9_064.cs
src/HeadlessDCGO.Engine/Assets/Scripts/CardEffect/EX9/Purple/EX9_065.cs,EX9_065.cs
src/HeadlessDCGO.Engine/Assets/Scripts/CardEffect/EX9/Red/EX9_001.cs,EX9_001.cs
src/HeadlessDCGO.Engine/Assets/Scripts/CardEffect/EX9/Red/EX9_007.cs,EX9_007.cs
src/HeadlessDCGO.Engine/Assets/Scripts/CardEffect/EX9/Red/EX9_008.cs,EX9_008.cs
src/HeadlessDCGO.Engine/Assets/Scripts/CardEffect/EX9/Red/EX9_009.cs,EX9_009.cs
src/HeadlessDCGO.Engine/Assets/Scripts/CardEffect/EX9/Red/EX9_010.cs,EX9_010.cs
src/HeadlessDCGO.Engine/Assets/Scripts/CardEffect/EX9/Red/EX9_011.cs,EX9_011.cs
src/HeadlessDCGO.Engine/Assets/Scripts/CardEffect/EX9/Red/EX9_012.cs,EX9_012.cs
src/HeadlessDCGO.Engine/Assets/Scripts/CardEffect/EX9/Red/EX9_013.cs,EX9_013.cs
src/HeadlessDCGO.Engine/Assets/Scripts/CardEffect/EX9/Red/EX9_066.cs,EX9_066.cs
src/HeadlessDCGO.Engine/Assets/Scripts/CardEffect/EX9/Red/EX9_070.cs,EX9_070.cs
src/HeadlessDCGO.Engine/Assets/Scripts/CardEffect/EX9/White/EX9_069.cs,EX9_069.cs
src/HeadlessDCGO.Engine/Assets/Scripts/CardEffect/EX9/White/EX9_072.cs,EX9_072.cs
src/HeadlessDCGO.Engine/Assets/Scripts/CardEffect/EX9/White/EX9_074.cs,EX9_074.cs
src/HeadlessDCGO.Engine/Assets/Scripts/CardEffect/EX9/Yellow/EX9_003.cs,EX9_003.cs
src/HeadlessDCGO.Engine/Assets/Scripts/CardEffect/EX9/Yellow/EX9_022.cs,EX9_022.cs
src/HeadlessDCGO.Engine/Assets/Scripts/CardEffect/EX9/Yellow/EX9_023.cs,EX9_023.cs
src/HeadlessDCGO.Engine/Assets/Scripts/CardEffect/EX9/Yellow/EX9_024.cs,EX9_024.cs
src/HeadlessDCGO.Engine/Assets/Scripts/CardEffect/EX9/Yellow/EX9_025.cs,EX9_025.cs
src/HeadlessDCGO.Engine/Assets/Scripts/CardEffect/EX9/Yellow/EX9_026.cs,EX9_026.cs
src/HeadlessDCGO.Engine/Assets/Scripts/CardEffect/EX9/Yellow/EX9_027.cs,EX9_027.cs
src/HeadlessDCGO.Engine/Assets/Scripts/CardEffect/EX9/Yellow/EX9_028.cs,EX9_028.cs
src/HeadlessDCGO.Engine/Assets/Scripts/CardEffect/EX9/Yellow/EX9_029.cs,EX9_029.cs
src/HeadlessDCGO.Engine/Assets/Scripts/CardEffect/EX9/Yellow/EX9_030.cs,EX9_030.cs
src/HeadlessDCGO.Engine/Assets/Scripts/CardEffect/EX9/Yellow/EX9_031.cs,EX9_031.cs
src/HeadlessDCGO.Engine/Assets/Scripts/CardEffect/EX9/Yellow/EX9_032.cs,EX9_032.cs
src/HeadlessDCGO.Engine/Assets/Scripts/CardEffect/EX9/Yellow/EX9_033.cs,EX9_033.cs
src/HeadlessDCGO.Engine/Assets/Scripts/CardEffect/EX9/Yellow/EX9_067.cs,EX9_067.cs
src/HeadlessDCGO.Engine/Assets/Scripts/CardEffect/LM/Black/LM_014.cs,LM_014.cs
src/HeadlessDCGO.Engine/Assets/Scripts/CardEffect/LM/Black/LM_015.cs,LM_015.cs
src/HeadlessDCGO.Engine/Assets/Scripts/CardEffect/LM/Black/LM_025.cs,LM_025.cs
src/HeadlessDCGO.Engine/Assets/Scripts/CardEffect/LM/Black/LM_031.cs,LM_031.cs
src/HeadlessDCGO.Engine/Assets/Scripts/CardEffect/LM/Black/LM_037.cs,LM_037.cs
src/HeadlessDCGO.Engine/Assets/Scripts/CardEffect/LM/Black/LM_043.cs,LM_043.cs
src/HeadlessDCGO.Engine/Assets/Scripts/CardEffect/LM/Black/LM_049.cs,LM_049.cs
src/HeadlessDCGO.Engine/Assets/Scripts/CardEffect/LM/Black/LM_053.cs,LM_053.cs
src/HeadlessDCGO.Engine/Assets/Scripts/CardEffect/LM/Black/LM_061.cs,LM_061.cs
src/HeadlessDCGO.Engine/Assets/Scripts/CardEffect/LM/Blue/LM_002.cs,LM_002.cs
src/HeadlessDCGO.Engine/Assets/Scripts/CardEffect/LM/Blue/LM_003.cs,LM_003.cs
src/HeadlessDCGO.Engine/Assets/Scripts/CardEffect/LM/Blue/LM_004.cs,LM_004.cs
src/HeadlessDCGO.Engine/Assets/Scripts/CardEffect/LM/Blue/LM_005.cs,LM_005.cs
src/HeadlessDCGO.Engine/Assets/Scripts/CardEffect/LM/Blue/LM_006.cs,LM_006.cs
src/HeadlessDCGO.Engine/Assets/Scripts/CardEffect/LM/Blue/LM_022.cs,LM_022.cs
src/HeadlessDCGO.Engine/Assets/Scripts/CardEffect/LM/Blue/LM_028.cs,LM_028.cs
src/HeadlessDCGO.Engine/Assets/Scripts/CardEffect/LM/Blue/LM_034.cs,LM_034.cs
src/HeadlessDCGO.Engine/Assets/Scripts/CardEffect/LM/Blue/LM_040.cs,LM_040.cs
src/HeadlessDCGO.Engine/Assets/Scripts/CardEffect/LM/Blue/LM_041.cs,LM_041.cs
src/HeadlessDCGO.Engine/Assets/Scripts/CardEffect/LM/Blue/LM_046.cs,LM_046.cs
src/HeadlessDCGO.Engine/Assets/Scripts/CardEffect/LM/Blue/LM_052.cs,LM_052.cs
src/HeadlessDCGO.Engine/Assets/Scripts/CardEffect/LM/Blue/LM_058.cs,LM_058.cs
src/HeadlessDCGO.Engine/Assets/Scripts/CardEffect/LM/Green/LM_008.cs,LM_008.cs
src/HeadlessDCGO.Engine/Assets/Scripts/CardEffect/LM/Green/LM_009.cs,LM_009.cs
src/HeadlessDCGO.Engine/Assets/Scripts/CardEffect/LM/Green/LM_010.cs,LM_010.cs
src/HeadlessDCGO.Engine/Assets/Scripts/CardEffect/LM/Green/LM_011.cs,LM_011.cs
src/HeadlessDCGO.Engine/Assets/Scripts/CardEffect/LM/Green/LM_012.cs,LM_012.cs
src/HeadlessDCGO.Engine/Assets/Scripts/CardEffect/LM/Green/LM_013.cs,LM_013.cs
src/HeadlessDCGO.Engine/Assets/Scripts/CardEffect/LM/Green/LM_024.cs,LM_024.cs
src/HeadlessDCGO.Engine/Assets/Scripts/CardEffect/LM/Green/LM_030.cs,LM_030.cs
src/HeadlessDCGO.Engine/Assets/Scripts/CardEffect/LM/Green/LM_036.cs,LM_036.cs
src/HeadlessDCGO.Engine/Assets/Scripts/CardEffect/LM/Green/LM_042.cs,LM_042.cs
src/HeadlessDCGO.Engine/Assets/Scripts/CardEffect/LM/Green/LM_048.cs,LM_048.cs
src/HeadlessDCGO.Engine/Assets/Scripts/CardEffect/LM/Green/LM_055.cs,LM_055.cs
src/HeadlessDCGO.Engine/Assets/Scripts/CardEffect/LM/Green/LM_060.cs,LM_060.cs
src/HeadlessDCGO.Engine/Assets/Scripts/CardEffect/LM/Purple/LM_016.cs,LM_016.cs
src/HeadlessDCGO.Engine/Assets/Scripts/CardEffect/LM/Purple/LM_017.cs,LM_017.cs
src/HeadlessDCGO.Engine/Assets/Scripts/CardEffect/LM/Purple/LM_018.cs,LM_018.cs
src/HeadlessDCGO.Engine/Assets/Scripts/CardEffect/LM/Purple/LM_026.cs,LM_026.cs
src/HeadlessDCGO.Engine/Assets/Scripts/CardEffect/LM/Purple/LM_032.cs,LM_032.cs
src/HeadlessDCGO.Engine/Assets/Scripts/CardEffect/LM/Purple/LM_038.cs,LM_038.cs
src/HeadlessDCGO.Engine/Assets/Scripts/CardEffect/LM/Purple/LM_044.cs,LM_044.cs
src/HeadlessDCGO.Engine/Assets/Scripts/CardEffect/LM/Purple/LM_050.cs,LM_050.cs
src/HeadlessDCGO.Engine/Assets/Scripts/CardEffect/LM/Purple/LM_056.cs,LM_056.cs
src/HeadlessDCGO.Engine/Assets/Scripts/CardEffect/LM/Purple/LM_062.cs,LM_062.cs
src/HeadlessDCGO.Engine/Assets/Scripts/CardEffect/LM/Red/LM_001.cs,LM_001.cs
src/HeadlessDCGO.Engine/Assets/Scripts/CardEffect/LM/Red/LM_021.cs,LM_021.cs
src/HeadlessDCGO.Engine/Assets/Scripts/CardEffect/LM/Red/LM_027.cs,LM_027.cs
src/HeadlessDCGO.Engine/Assets/Scripts/CardEffect/LM/Red/LM_033.cs,LM_033.cs
src/HeadlessDCGO.Engine/Assets/Scripts/CardEffect/LM/Red/LM_039.cs,LM_039.cs
src/HeadlessDCGO.Engine/Assets/Scripts/CardEffect/LM/Red/LM_045.cs,LM_045.cs
src/HeadlessDCGO.Engine/Assets/Scripts/CardEffect/LM/Red/LM_051.cs,LM_051.cs
src/HeadlessDCGO.Engine/Assets/Scripts/CardEffect/LM/Red/LM_057.cs,LM_057.cs
src/HeadlessDCGO.Engine/Assets/Scripts/CardEffect/LM/White/LM_019.cs,LM_019.cs
src/HeadlessDCGO.Engine/Assets/Scripts/CardEffect/LM/Yellow/LM_007.cs,LM_007.cs
src/HeadlessDCGO.Engine/Assets/Scripts/CardEffect/LM/Yellow/LM_020.cs,LM_020.cs
src/HeadlessDCGO.Engine/Assets/Scripts/CardEffect/LM/Yellow/LM_023.cs,LM_023.cs
src/HeadlessDCGO.Engine/Assets/Scripts/CardEffect/LM/Yellow/LM_029.cs,LM_029.cs
src/HeadlessDCGO.Engine/Assets/Scripts/CardEffect/LM/Yellow/LM_035.cs,LM_035.cs
src/HeadlessDCGO.Engine/Assets/Scripts/CardEffect/LM/Yellow/LM_047.cs,LM_047.cs
src/HeadlessDCGO.Engine/Assets/Scripts/CardEffect/LM/Yellow/LM_054.cs,LM_054.cs
src/HeadlessDCGO.Engine/Assets/Scripts/CardEffect/LM/Yellow/LM_059.cs,LM_059.cs
src/HeadlessDCGO.Engine/Assets/Scripts/CardEffect/P/Black/P_015.cs,P_015.cs
src/HeadlessDCGO.Engine/Assets/Scripts/CardEffect/P/Black/P_016.cs,P_016.cs
src/HeadlessDCGO.Engine/Assets/Scripts/CardEffect/P/Black/P_026.cs,P_026.cs
src/HeadlessDCGO.Engine/Assets/Scripts/CardEffect/P/Black/P_033.cs,P_033.cs
src/HeadlessDCGO.Engine/Assets/Scripts/CardEffect/P/Black/P_039.cs,P_039.cs
src/HeadlessDCGO.Engine/Assets/Scripts/CardEffect/P/Black/P_045.cs,P_045.cs
src/HeadlessDCGO.Engine/Assets/Scripts/CardEffect/P/Black/P_070.cs,P_070.cs
src/HeadlessDCGO.Engine/Assets/Scripts/CardEffect/P/Black/P_076.cs,P_076.cs
src/HeadlessDCGO.Engine/Assets/Scripts/CardEffect/P/Black/P_078.cs,P_078.cs
src/HeadlessDCGO.Engine/Assets/Scripts/CardEffect/P/Black/P_094.cs,P_094.cs
src/HeadlessDCGO.Engine/Assets/Scripts/CardEffect/P/Black/P_101.cs,P_101.cs
src/HeadlessDCGO.Engine/Assets/Scripts/CardEffect/P/Black/P_107.cs,P_107.cs
src/HeadlessDCGO.Engine/Assets/Scripts/CardEffect/P/Black/P_114.cs,P_114.cs
src/HeadlessDCGO.Engine/Assets/Scripts/CardEffect/P/Black/P_121.cs,P_121.cs
src/HeadlessDCGO.Engine/Assets/Scripts/CardEffect/P/Black/P_128.cs,P_128.cs
src/HeadlessDCGO.Engine/Assets/Scripts/CardEffect/P/Black/P_141.cs,P_141.cs
src/HeadlessDCGO.Engine/Assets/Scripts/CardEffect/P/Black/P_144.cs,P_144.cs
src/HeadlessDCGO.Engine/Assets/Scripts/CardEffect/P/Black/P_154.cs,P_154.cs
src/HeadlessDCGO.Engine/Assets/Scripts/CardEffect/P/Black/P_157.cs,P_157.cs
src/HeadlessDCGO.Engine/Assets/Scripts/CardEffect/P/Black/P_159.cs,P_159.cs
src/HeadlessDCGO.Engine/Assets/Scripts/CardEffect/P/Black/P_162.cs,P_162.cs
src/HeadlessDCGO.Engine/Assets/Scripts/CardEffect/P/Black/P_167.cs,P_167.cs
src/HeadlessDCGO.Engine/Assets/Scripts/CardEffect/P/Black/P_169.cs,P_169.cs
src/HeadlessDCGO.Engine/Assets/Scripts/CardEffect/P/Black/P_174.cs,P_174.cs
src/HeadlessDCGO.Engine/Assets/Scripts/CardEffect/P/Black/P_176.cs,P_176.cs
src/HeadlessDCGO.Engine/Assets/Scripts/CardEffect/P/Black/P_179.cs,P_179.cs
src/HeadlessDCGO.Engine/Assets/Scripts/CardEffect/P/Black/P_183.cs,P_183.cs
src/HeadlessDCGO.Engine/Assets/Scripts/CardEffect/P/Black/P_184.cs,P_184.cs
src/HeadlessDCGO.Engine/Assets/Scripts/CardEffect/P/Black/P_203.cs,P_203.cs
src/HeadlessDCGO.Engine/Assets/Scripts/CardEffect/P/Black/P_204.cs,P_204.cs
src/HeadlessDCGO.Engine/Assets/Scripts/CardEffect/P/Black/P_211.cs,P_211.cs
src/HeadlessDCGO.Engine/Assets/Scripts/CardEffect/P/Black/P_216.cs,P_216.cs
src/HeadlessDCGO.Engine/Assets/Scripts/CardEffect/P/Black/P_224.cs,P_224.cs
src/HeadlessDCGO.Engine/Assets/Scripts/CardEffect/P/Black/P_231.cs,P_231.cs
src/HeadlessDCGO.Engine/Assets/Scripts/CardEffect/P/Black/P_234.cs,P_234.cs
src/HeadlessDCGO.Engine/Assets/Scripts/CardEffect/P/Blue/P_003.cs,P_003.cs
src/HeadlessDCGO.Engine/Assets/Scripts/CardEffect/P/Blue/P_007.cs,P_007.cs
src/HeadlessDCGO.Engine/Assets/Scripts/CardEffect/P/Blue/P_008.cs,P_008.cs
src/HeadlessDCGO.Engine/Assets/Scripts/CardEffect/P/Blue/P_011.cs,P_011.cs
src/HeadlessDCGO.Engine/Assets/Scripts/CardEffect/P/Blue/P_012.cs,P_012.cs
src/HeadlessDCGO.Engine/Assets/Scripts/CardEffect/P/Blue/P_022.cs,P_022.cs
src/HeadlessDCGO.Engine/Assets/Scripts/CardEffect/P/Blue/P_030.cs,P_030.cs
src/HeadlessDCGO.Engine/Assets/Scripts/CardEffect/P/Blue/P_036.cs,P_036.cs
src/HeadlessDCGO.Engine/Assets/Scripts/CardEffect/P/Blue/P_042.cs,P_042.cs
src/HeadlessDCGO.Engine/Assets/Scripts/CardEffect/P/Blue/P_047.cs,P_047.cs
src/HeadlessDCGO.Engine/Assets/Scripts/CardEffect/P/Blue/P_048.cs,P_048.cs
src/HeadlessDCGO.Engine/Assets/Scripts/CardEffect/P/Blue/P_051.cs,P_051.cs
src/HeadlessDCGO.Engine/Assets/Scripts/CardEffect/P/Blue/P_052.cs,P_052.cs
src/HeadlessDCGO.Engine/Assets/Scripts/CardEffect/P/Blue/P_061.cs,P_061.cs
src/HeadlessDCGO.Engine/Assets/Scripts/CardEffect/P/Blue/P_064.cs,P_064.cs
src/HeadlessDCGO.Engine/Assets/Scripts/CardEffect/P/Blue/P_067.cs,P_067.cs
src/HeadlessDCGO.Engine/Assets/Scripts/CardEffect/P/Blue/P_073.cs,P_073.cs
src/HeadlessDCGO.Engine/Assets/Scripts/CardEffect/P/Blue/P_086.cs,P_086.cs
src/HeadlessDCGO.Engine/Assets/Scripts/CardEffect/P/Blue/P_089.cs,P_089.cs
src/HeadlessDCGO.Engine/Assets/Scripts/CardEffect/P/Blue/P_092.cs,P_092.cs
src/HeadlessDCGO.Engine/Assets/Scripts/CardEffect/P/Blue/P_098.cs,P_098.cs
src/HeadlessDCGO.Engine/Assets/Scripts/CardEffect/P/Blue/P_104.cs,P_104.cs
src/HeadlessDCGO.Engine/Assets/Scripts/CardEffect/P/Blue/P_109.cs,P_109.cs
src/HeadlessDCGO.Engine/Assets/Scripts/CardEffect/P/Blue/P_117.cs,P_117.cs
src/HeadlessDCGO.Engine/Assets/Scripts/CardEffect/P/Blue/P_124.cs,P_124.cs
src/HeadlessDCGO.Engine/Assets/Scripts/CardEffect/P/Blue/P_138.cs,P_138.cs
src/HeadlessDCGO.Engine/Assets/Scripts/CardEffect/P/Blue/P_148.cs,P_148.cs
src/HeadlessDCGO.Engine/Assets/Scripts/CardEffect/P/Blue/P_161.cs,P_161.cs
src/HeadlessDCGO.Engine/Assets/Scripts/CardEffect/P/Blue/P_164.cs,P_164.cs
src/HeadlessDCGO.Engine/Assets/Scripts/CardEffect/P/Blue/P_168.cs,P_168.cs
src/HeadlessDCGO.Engine/Assets/Scripts/CardEffect/P/Blue/P_171.cs,P_171.cs
src/HeadlessDCGO.Engine/Assets/Scripts/CardEffect/P/Blue/P_188.cs,P_188.cs
src/HeadlessDCGO.Engine/Assets/Scripts/CardEffect/P/Blue/P_190.cs,P_190.cs
src/HeadlessDCGO.Engine/Assets/Scripts/CardEffect/P/Blue/P_196.cs,P_196.cs
src/HeadlessDCGO.Engine/Assets/Scripts/CardEffect/P/Blue/P_214.cs,P_214.cs
src/HeadlessDCGO.Engine/Assets/Scripts/CardEffect/P/Blue/P_215.cs,P_215.cs
src/HeadlessDCGO.Engine/Assets/Scripts/CardEffect/P/Blue/P_228.cs,P_228.cs
src/HeadlessDCGO.Engine/Assets/Scripts/CardEffect/P/Blue/P_233.cs,P_233.cs
src/HeadlessDCGO.Engine/Assets/Scripts/CardEffect/P/Green/P_021.cs,P_021.cs
src/HeadlessDCGO.Engine/Assets/Scripts/CardEffect/P/Green/P_025.cs,P_025.cs
src/HeadlessDCGO.Engine/Assets/Scripts/CardEffect/P/Green/P_032.cs,P_032.cs
src/HeadlessDCGO.Engine/Assets/Scripts/CardEffect/P/Green/P_038.cs,P_038.cs
src/HeadlessDCGO.Engine/Assets/Scripts/CardEffect/P/Green/P_044.cs,P_044.cs
src/HeadlessDCGO.Engine/Assets/Scripts/CardEffect/P/Green/P_055.cs,P_055.cs
src/HeadlessDCGO.Engine/Assets/Scripts/CardEffect/P/Green/P_056.cs,P_056.cs
src/HeadlessDCGO.Engine/Assets/Scripts/CardEffect/P/Green/P_057.cs,P_057.cs
src/HeadlessDCGO.Engine/Assets/Scripts/CardEffect/P/Green/P_060.cs,P_060.cs
src/HeadlessDCGO.Engine/Assets/Scripts/CardEffect/P/Green/P_063.cs,P_063.cs
src/HeadlessDCGO.Engine/Assets/Scripts/CardEffect/P/Green/P_069.cs,P_069.cs
src/HeadlessDCGO.Engine/Assets/Scripts/CardEffect/P/Green/P_075.cs,P_075.cs
src/HeadlessDCGO.Engine/Assets/Scripts/CardEffect/P/Green/P_082.cs,P_082.cs
src/HeadlessDCGO.Engine/Assets/Scripts/CardEffect/P/Green/P_083.cs,P_083.cs
src/HeadlessDCGO.Engine/Assets/Scripts/CardEffect/P/Green/P_090.cs,P_090.cs
src/HeadlessDCGO.Engine/Assets/Scripts/CardEffect/P/Green/P_093.cs,P_093.cs
src/HeadlessDCGO.Engine/Assets/Scripts/CardEffect/P/Green/P_100.cs,P_100.cs
src/HeadlessDCGO.Engine/Assets/Scripts/CardEffect/P/Green/P_106.cs,P_106.cs
src/HeadlessDCGO.Engine/Assets/Scripts/CardEffect/P/Green/P_112.cs,P_112.cs
src/HeadlessDCGO.Engine/Assets/Scripts/CardEffect/P/Green/P_113.cs,P_113.cs
src/HeadlessDCGO.Engine/Assets/Scripts/CardEffect/P/Green/P_118.cs,P_118.cs
src/HeadlessDCGO.Engine/Assets/Scripts/CardEffect/P/Green/P_125.cs,P_125.cs
src/HeadlessDCGO.Engine/Assets/Scripts/CardEffect/P/Green/P_131.cs,P_131.cs
src/HeadlessDCGO.Engine/Assets/Scripts/CardEffect/P/Green/P_132.cs,P_132.cs
src/HeadlessDCGO.Engine/Assets/Scripts/CardEffect/P/Green/P_133.cs,P_133.cs
src/HeadlessDCGO.Engine/Assets/Scripts/CardEffect/P/Green/P_140.cs,P_140.cs
src/HeadlessDCGO.Engine/Assets/Scripts/CardEffect/P/Green/P_143.cs,P_143.cs
src/HeadlessDCGO.Engine/Assets/Scripts/CardEffect/P/Green/P_150.cs,P_150.cs
src/HeadlessDCGO.Engine/Assets/Scripts/CardEffect/P/Green/P_163.cs,P_163.cs
src/HeadlessDCGO.Engine/Assets/Scripts/CardEffect/P/Green/P_166.cs,P_166.cs
src/HeadlessDCGO.Engine/Assets/Scripts/CardEffect/P/Green/P_173.cs,P_173.cs
src/HeadlessDCGO.Engine/Assets/Scripts/CardEffect/P/Green/P_181.cs,P_181.cs
src/HeadlessDCGO.Engine/Assets/Scripts/CardEffect/P/Green/P_185.cs,P_185.cs
src/HeadlessDCGO.Engine/Assets/Scripts/CardEffect/P/Green/P_200.cs,P_200.cs
src/HeadlessDCGO.Engine/Assets/Scripts/CardEffect/P/Green/P_201.cs,P_201.cs
src/HeadlessDCGO.Engine/Assets/Scripts/CardEffect/P/Green/P_202.cs,P_202.cs
src/HeadlessDCGO.Engine/Assets/Scripts/CardEffect/P/Green/P_208.cs,P_208.cs
src/HeadlessDCGO.Engine/Assets/Scripts/CardEffect/P/Green/P_222.cs,P_222.cs
src/HeadlessDCGO.Engine/Assets/Scripts/CardEffect/P/Green/P_230.cs,P_230.cs
src/HeadlessDCGO.Engine/Assets/Scripts/CardEffect/P/Green/P_236.cs,P_236.cs
src/HeadlessDCGO.Engine/Assets/Scripts/CardEffect/P/Green/P_237.cs,P_237.cs
src/HeadlessDCGO.Engine/Assets/Scripts/CardEffect/P/Purple/P_017.cs,P_017.cs
src/HeadlessDCGO.Engine/Assets/Scripts/CardEffect/P/Purple/P_020.cs,P_020.cs
src/HeadlessDCGO.Engine/Assets/Scripts/CardEffect/P/Purple/P_027.cs,P_027.cs
src/HeadlessDCGO.Engine/Assets/Scripts/CardEffect/P/Purple/P_034.cs,P_034.cs
src/HeadlessDCGO.Engine/Assets/Scripts/CardEffect/P/Purple/P_040.cs,P_040.cs
src/HeadlessDCGO.Engine/Assets/Scripts/CardEffect/P/Purple/P_046.cs,P_046.cs
src/HeadlessDCGO.Engine/Assets/Scripts/CardEffect/P/Purple/P_071.cs,P_071.cs
src/HeadlessDCGO.Engine/Assets/Scripts/CardEffect/P/Purple/P_077.cs,P_077.cs
src/HeadlessDCGO.Engine/Assets/Scripts/CardEffect/P/Purple/P_080.cs,P_080.cs
src/HeadlessDCGO.Engine/Assets/Scripts/CardEffect/P/Purple/P_085.cs,P_085.cs
src/HeadlessDCGO.Engine/Assets/Scripts/CardEffect/P/Purple/P_096.cs,P_096.cs
src/HeadlessDCGO.Engine/Assets/Scripts/CardEffect/P/Purple/P_102.cs,P_102.cs
src/HeadlessDCGO.Engine/Assets/Scripts/CardEffect/P/Purple/P_108.cs,P_108.cs
src/HeadlessDCGO.Engine/Assets/Scripts/CardEffect/P/Purple/P_115.cs,P_115.cs
src/HeadlessDCGO.Engine/Assets/Scripts/CardEffect/P/Purple/P_142.cs,P_142.cs
src/HeadlessDCGO.Engine/Assets/Scripts/CardEffect/P/Purple/P_145.cs,P_145.cs
src/HeadlessDCGO.Engine/Assets/Scripts/CardEffect/P/Purple/P_149.cs,P_149.cs
src/HeadlessDCGO.Engine/Assets/Scripts/CardEffect/P/Purple/P_177.cs,P_177.cs
src/HeadlessDCGO.Engine/Assets/Scripts/CardEffect/P/Purple/P_187.cs,P_187.cs
src/HeadlessDCGO.Engine/Assets/Scripts/CardEffect/P/Purple/P_192.cs,P_192.cs
src/HeadlessDCGO.Engine/Assets/Scripts/CardEffect/P/Purple/P_193.cs,P_193.cs
src/HeadlessDCGO.Engine/Assets/Scripts/CardEffect/P/Purple/P_198.cs,P_198.cs
src/HeadlessDCGO.Engine/Assets/Scripts/CardEffect/P/Purple/P_205.cs,P_205.cs
src/HeadlessDCGO.Engine/Assets/Scripts/CardEffect/P/Purple/P_209.cs,P_209.cs
src/HeadlessDCGO.Engine/Assets/Scripts/CardEffect/P/Purple/P_212.cs,P_212.cs
src/HeadlessDCGO.Engine/Assets/Scripts/CardEffect/P/Purple/P_219.cs,P_219.cs
src/HeadlessDCGO.Engine/Assets/Scripts/CardEffect/P/Purple/P_223.cs,P_223.cs
src/HeadlessDCGO.Engine/Assets/Scripts/CardEffect/P/Purple/P_232.cs,P_232.cs
src/HeadlessDCGO.Engine/Assets/Scripts/CardEffect/P/Purple/P_238.cs,P_238.cs
src/HeadlessDCGO.Engine/Assets/Scripts/CardEffect/P/Red/P_001.cs,P_001.cs
src/HeadlessDCGO.Engine/Assets/Scripts/CardEffect/P/Red/P_002.cs,P_002.cs
src/HeadlessDCGO.Engine/Assets/Scripts/CardEffect/P/Red/P_009.cs,P_009.cs
src/HeadlessDCGO.Engine/Assets/Scripts/CardEffect/P/Red/P_010.cs,P_010.cs
src/HeadlessDCGO.Engine/Assets/Scripts/CardEffect/P/Red/P_024.cs,P_024.cs
src/HeadlessDCGO.Engine/Assets/Scripts/CardEffect/P/Red/P_029.cs,P_029.cs
src/HeadlessDCGO.Engine/Assets/Scripts/CardEffect/P/Red/P_035.cs,P_035.cs
src/HeadlessDCGO.Engine/Assets/Scripts/CardEffect/P/Red/P_041.cs,P_041.cs
src/HeadlessDCGO.Engine/Assets/Scripts/CardEffect/P/Red/P_049.cs,P_049.cs
src/HeadlessDCGO.Engine/Assets/Scripts/CardEffect/P/Red/P_050.cs,P_050.cs
src/HeadlessDCGO.Engine/Assets/Scripts/CardEffect/P/Red/P_058.cs,P_058.cs
src/HeadlessDCGO.Engine/Assets/Scripts/CardEffect/P/Red/P_059.cs,P_059.cs
src/HeadlessDCGO.Engine/Assets/Scripts/CardEffect/P/Red/P_062.cs,P_062.cs
src/HeadlessDCGO.Engine/Assets/Scripts/CardEffect/P/Red/P_065.cs,P_065.cs
src/HeadlessDCGO.Engine/Assets/Scripts/CardEffect/P/Red/P_066.cs,P_066.cs
src/HeadlessDCGO.Engine/Assets/Scripts/CardEffect/P/Red/P_072.cs,P_072.cs
src/HeadlessDCGO.Engine/Assets/Scripts/CardEffect/P/Red/P_079.cs,P_079.cs
src/HeadlessDCGO.Engine/Assets/Scripts/CardEffect/P/Red/P_088.cs,P_088.cs
src/HeadlessDCGO.Engine/Assets/Scripts/CardEffect/P/Red/P_091.cs,P_091.cs
src/HeadlessDCGO.Engine/Assets/Scripts/CardEffect/P/Red/P_097.cs,P_097.cs
src/HeadlessDCGO.Engine/Assets/Scripts/CardEffect/P/Red/P_103.cs,P_103.cs
src/HeadlessDCGO.Engine/Assets/Scripts/CardEffect/P/Red/P_110.cs,P_110.cs
src/HeadlessDCGO.Engine/Assets/Scripts/CardEffect/P/Red/P_119.cs,P_119.cs
src/HeadlessDCGO.Engine/Assets/Scripts/CardEffect/P/Red/P_126.cs,P_126.cs
src/HeadlessDCGO.Engine/Assets/Scripts/CardEffect/P/Red/P_137.cs,P_137.cs
src/HeadlessDCGO.Engine/Assets/Scripts/CardEffect/P/Red/P_152.cs,P_152.cs
src/HeadlessDCGO.Engine/Assets/Scripts/CardEffect/P/Red/P_155.cs,P_155.cs
src/HeadlessDCGO.Engine/Assets/Scripts/CardEffect/P/Red/P_160.cs,P_160.cs
src/HeadlessDCGO.Engine/Assets/Scripts/CardEffect/P/Red/P_170.cs,P_170.cs
src/HeadlessDCGO.Engine/Assets/Scripts/CardEffect/P/Red/P_178.cs,P_178.cs
src/HeadlessDCGO.Engine/Assets/Scripts/CardEffect/P/Red/P_180.cs,P_180.cs
src/HeadlessDCGO.Engine/Assets/Scripts/CardEffect/P/Red/P_182.cs,P_182.cs
src/HeadlessDCGO.Engine/Assets/Scripts/CardEffect/P/Red/P_186.cs,P_186.cs
src/HeadlessDCGO.Engine/Assets/Scripts/CardEffect/P/Red/P_189.cs,P_189.cs
src/HeadlessDCGO.Engine/Assets/Scripts/CardEffect/P/Red/P_199.cs,P_199.cs
src/HeadlessDCGO.Engine/Assets/Scripts/CardEffect/P/Red/P_210.cs,P_210.cs
src/HeadlessDCGO.Engine/Assets/Scripts/CardEffect/P/Red/P_213.cs,P_213.cs
src/HeadlessDCGO.Engine/Assets/Scripts/CardEffect/P/Red/P_217.cs,P_217.cs
src/HeadlessDCGO.Engine/Assets/Scripts/CardEffect/P/Red/P_220.cs,P_220.cs
src/HeadlessDCGO.Engine/Assets/Scripts/CardEffect/P/Red/P_227.cs,P_227.cs
src/HeadlessDCGO.Engine/Assets/Scripts/CardEffect/P/White/P_116.cs,P_116.cs
src/HeadlessDCGO.Engine/Assets/Scripts/CardEffect/P/White/P_123.cs,P_123.cs
src/HeadlessDCGO.Engine/Assets/Scripts/CardEffect/P/White/P_130.cs,P_130.cs
src/HeadlessDCGO.Engine/Assets/Scripts/CardEffect/P/White/P_151.cs,P_151.cs
src/HeadlessDCGO.Engine/Assets/Scripts/CardEffect/P/White/P_156.cs,P_156.cs
src/HeadlessDCGO.Engine/Assets/Scripts/CardEffect/P/White/P_158.cs,P_158.cs
src/HeadlessDCGO.Engine/Assets/Scripts/CardEffect/P/White/P_175.cs,P_175.cs
src/HeadlessDCGO.Engine/Assets/Scripts/CardEffect/P/White/P_206.cs,P_206.cs
src/HeadlessDCGO.Engine/Assets/Scripts/CardEffect/P/White/P_225.cs,P_225.cs
src/HeadlessDCGO.Engine/Assets/Scripts/CardEffect/P/Yellow/P_005.cs,P_005.cs
src/HeadlessDCGO.Engine/Assets/Scripts/CardEffect/P/Yellow/P_006.cs,P_006.cs
src/HeadlessDCGO.Engine/Assets/Scripts/CardEffect/P/Yellow/P_023.cs,P_023.cs
src/HeadlessDCGO.Engine/Assets/Scripts/CardEffect/P/Yellow/P_028.cs,P_028.cs
src/HeadlessDCGO.Engine/Assets/Scripts/CardEffect/P/Yellow/P_031.cs,P_031.cs
src/HeadlessDCGO.Engine/Assets/Scripts/CardEffect/P/Yellow/P_037.cs,P_037.cs
src/HeadlessDCGO.Engine/Assets/Scripts/CardEffect/P/Yellow/P_043.cs,P_043.cs
src/HeadlessDCGO.Engine/Assets/Scripts/CardEffect/P/Yellow/P_053.cs,P_053.cs
src/HeadlessDCGO.Engine/Assets/Scripts/CardEffect/P/Yellow/P_054.cs,P_054.cs
src/HeadlessDCGO.Engine/Assets/Scripts/CardEffect/P/Yellow/P_068.cs,P_068.cs
src/HeadlessDCGO.Engine/Assets/Scripts/CardEffect/P/Yellow/P_074.cs,P_074.cs
src/HeadlessDCGO.Engine/Assets/Scripts/CardEffect/P/Yellow/P_081.cs,P_081.cs
src/HeadlessDCGO.Engine/Assets/Scripts/CardEffect/P/Yellow/P_084.cs,P_084.cs
src/HeadlessDCGO.Engine/Assets/Scripts/CardEffect/P/Yellow/P_087.cs,P_087.cs
src/HeadlessDCGO.Engine/Assets/Scripts/CardEffect/P/Yellow/P_095.cs,P_095.cs
src/HeadlessDCGO.Engine/Assets/Scripts/CardEffect/P/Yellow/P_099.cs,P_099.cs
src/HeadlessDCGO.Engine/Assets/Scripts/CardEffect/P/Yellow/P_105.cs,P_105.cs
src/HeadlessDCGO.Engine/Assets/Scripts/CardEffect/P/Yellow/P_111.cs,P_111.cs
src/HeadlessDCGO.Engine/Assets/Scripts/CardEffect/P/Yellow/P_120.cs,P_120.cs
src/HeadlessDCGO.Engine/Assets/Scripts/CardEffect/P/Yellow/P_122.cs,P_122.cs
src/HeadlessDCGO.Engine/Assets/Scripts/CardEffect/P/Yellow/P_127.cs,P_127.cs
src/HeadlessDCGO.Engine/Assets/Scripts/CardEffect/P/Yellow/P_129.cs,P_129.cs
src/HeadlessDCGO.Engine/Assets/Scripts/CardEffect/P/Yellow/P_134.cs,P_134.cs
src/HeadlessDCGO.Engine/Assets/Scripts/CardEffect/P/Yellow/P_135.cs,P_135.cs
src/HeadlessDCGO.Engine/Assets/Scripts/CardEffect/P/Yellow/P_136.cs,P_136.cs
src/HeadlessDCGO.Engine/Assets/Scripts/CardEffect/P/Yellow/P_139.cs,P_139.cs
src/HeadlessDCGO.Engine/Assets/Scripts/CardEffect/P/Yellow/P_146.cs,P_146.cs
src/HeadlessDCGO.Engine/Assets/Scripts/CardEffect/P/Yellow/P_147.cs,P_147.cs
src/HeadlessDCGO.Engine/Assets/Scripts/CardEffect/P/Yellow/P_153.cs,P_153.cs
src/HeadlessDCGO.Engine/Assets/Scripts/CardEffect/P/Yellow/P_165.cs,P_165.cs
src/HeadlessDCGO.Engine/Assets/Scripts/CardEffect/P/Yellow/P_165_token.cs,P_165_token.cs
src/HeadlessDCGO.Engine/Assets/Scripts/CardEffect/P/Yellow/P_172.cs,P_172.cs
src/HeadlessDCGO.Engine/Assets/Scripts/CardEffect/P/Yellow/P_191.cs,P_191.cs
src/HeadlessDCGO.Engine/Assets/Scripts/CardEffect/P/Yellow/P_194.cs,P_194.cs
src/HeadlessDCGO.Engine/Assets/Scripts/CardEffect/P/Yellow/P_195.cs,P_195.cs
src/HeadlessDCGO.Engine/Assets/Scripts/CardEffect/P/Yellow/P_197.cs,P_197.cs
src/HeadlessDCGO.Engine/Assets/Scripts/CardEffect/P/Yellow/P_207.cs,P_207.cs
src/HeadlessDCGO.Engine/Assets/Scripts/CardEffect/P/Yellow/P_218.cs,P_218.cs
src/HeadlessDCGO.Engine/Assets/Scripts/CardEffect/P/Yellow/P_221.cs,P_221.cs
src/HeadlessDCGO.Engine/Assets/Scripts/CardEffect/P/Yellow/P_229.cs,P_229.cs
src/HeadlessDCGO.Engine/Assets/Scripts/CardEffect/P/Yellow/P_235.cs,P_235.cs
src/HeadlessDCGO.Engine/Assets/Scripts/CardEffect/RB1/Black/RB1_026.cs,RB1_026.cs
src/HeadlessDCGO.Engine/Assets/Scripts/CardEffect/RB1/Black/RB1_027.cs,RB1_027.cs
src/HeadlessDCGO.Engine/Assets/Scripts/CardEffect/RB1/Blue/RB1_002.cs,RB1_002.cs
src/HeadlessDCGO.Engine/Assets/Scripts/CardEffect/RB1/Blue/RB1_011.cs,RB1_011.cs
src/HeadlessDCGO.Engine/Assets/Scripts/CardEffect/RB1/Blue/RB1_012.cs,RB1_012.cs
src/HeadlessDCGO.Engine/Assets/Scripts/CardEffect/RB1/Blue/RB1_013.cs,RB1_013.cs
src/HeadlessDCGO.Engine/Assets/Scripts/CardEffect/RB1/Blue/RB1_014.cs,RB1_014.cs
src/HeadlessDCGO.Engine/Assets/Scripts/CardEffect/RB1/Blue/RB1_015.cs,RB1_015.cs
src/HeadlessDCGO.Engine/Assets/Scripts/CardEffect/RB1/Blue/RB1_016.cs,RB1_016.cs
src/HeadlessDCGO.Engine/Assets/Scripts/CardEffect/RB1/Blue/RB1_033.cs,RB1_033.cs
src/HeadlessDCGO.Engine/Assets/Scripts/CardEffect/RB1/Green/RB1_003.cs,RB1_003.cs
src/HeadlessDCGO.Engine/Assets/Scripts/CardEffect/RB1/Green/RB1_020.cs,RB1_020.cs
src/HeadlessDCGO.Engine/Assets/Scripts/CardEffect/RB1/Green/RB1_021.cs,RB1_021.cs
src/HeadlessDCGO.Engine/Assets/Scripts/CardEffect/RB1/Green/RB1_022.cs,RB1_022.cs
src/HeadlessDCGO.Engine/Assets/Scripts/CardEffect/RB1/Green/RB1_023.cs,RB1_023.cs
src/HeadlessDCGO.Engine/Assets/Scripts/CardEffect/RB1/Green/RB1_024.cs,RB1_024.cs
src/HeadlessDCGO.Engine/Assets/Scripts/CardEffect/RB1/Green/RB1_025.cs,RB1_025.cs
src/HeadlessDCGO.Engine/Assets/Scripts/CardEffect/RB1/Green/RB1_034.cs,RB1_034.cs
src/HeadlessDCGO.Engine/Assets/Scripts/CardEffect/RB1/Purple/RB1_028.cs,RB1_028.cs
src/HeadlessDCGO.Engine/Assets/Scripts/CardEffect/RB1/Purple/RB1_029.cs,RB1_029.cs
src/HeadlessDCGO.Engine/Assets/Scripts/CardEffect/RB1/Purple/RB1_030.cs,RB1_030.cs
src/HeadlessDCGO.Engine/Assets/Scripts/CardEffect/RB1/Purple/RB1_031.cs,RB1_031.cs
src/HeadlessDCGO.Engine/Assets/Scripts/CardEffect/RB1/Red/RB1_005.cs,RB1_005.cs
src/HeadlessDCGO.Engine/Assets/Scripts/CardEffect/RB1/Red/RB1_008.cs,RB1_008.cs
src/HeadlessDCGO.Engine/Assets/Scripts/CardEffect/RB1/Red/RB1_009.cs,RB1_009.cs
src/HeadlessDCGO.Engine/Assets/Scripts/CardEffect/RB1/Red/RB1_010.cs,RB1_010.cs
src/HeadlessDCGO.Engine/Assets/Scripts/CardEffect/RB1/Red/RB1_032.cs,RB1_032.cs
src/HeadlessDCGO.Engine/Assets/Scripts/CardEffect/RB1/Red/RB1_036.cs,RB1_036.cs
src/HeadlessDCGO.Engine/Assets/Scripts/CardEffect/RB1/White/RB1_035.cs,RB1_035.cs
src/HeadlessDCGO.Engine/Assets/Scripts/CardEffect/RB1/Yellow/RB1_017.cs,RB1_017.cs
src/HeadlessDCGO.Engine/Assets/Scripts/CardEffect/RB1/Yellow/RB1_018.cs,RB1_018.cs
src/HeadlessDCGO.Engine/Assets/Scripts/CardEffect/RB1/Yellow/RB1_019.cs,RB1_019.cs
src/HeadlessDCGO.Engine/Assets/Scripts/CardEffect/ST1/Red/ST1_01.cs,ST1_01.cs
src/HeadlessDCGO.Engine/Assets/Scripts/CardEffect/ST1/Red/ST1_03.cs,ST1_03.cs
src/HeadlessDCGO.Engine/Assets/Scripts/CardEffect/ST1/Red/ST1_06.cs,ST1_06.cs
src/HeadlessDCGO.Engine/Assets/Scripts/CardEffect/ST1/Red/ST1_07.cs,ST1_07.cs
src/HeadlessDCGO.Engine/Assets/Scripts/CardEffect/ST1/Red/ST1_08.cs,ST1_08.cs
src/HeadlessDCGO.Engine/Assets/Scripts/CardEffect/ST1/Red/ST1_09.cs,ST1_09.cs
src/HeadlessDCGO.Engine/Assets/Scripts/CardEffect/ST1/Red/ST1_11.cs,ST1_11.cs
src/HeadlessDCGO.Engine/Assets/Scripts/CardEffect/ST1/Red/ST1_12.cs,ST1_12.cs
src/HeadlessDCGO.Engine/Assets/Scripts/CardEffect/ST1/Red/ST1_13.cs,ST1_13.cs
src/HeadlessDCGO.Engine/Assets/Scripts/CardEffect/ST1/Red/ST1_14.cs,ST1_14.cs
src/HeadlessDCGO.Engine/Assets/Scripts/CardEffect/ST1/Red/ST1_15.cs,ST1_15.cs
src/HeadlessDCGO.Engine/Assets/Scripts/CardEffect/ST1/Red/ST1_16.cs,ST1_16.cs
src/HeadlessDCGO.Engine/Assets/Scripts/CardEffect/ST10/Purple/ST10_01.cs,ST10_01.cs
src/HeadlessDCGO.Engine/Assets/Scripts/CardEffect/ST10/Purple/ST10_07.cs,ST10_07.cs
src/HeadlessDCGO.Engine/Assets/Scripts/CardEffect/ST10/Purple/ST10_08.cs,ST10_08.cs
src/HeadlessDCGO.Engine/Assets/Scripts/CardEffect/ST10/Purple/ST10_09.cs,ST10_09.cs
src/HeadlessDCGO.Engine/Assets/Scripts/CardEffect/ST10/Purple/ST10_11.cs,ST10_11.cs
src/HeadlessDCGO.Engine/Assets/Scripts/CardEffect/ST10/Purple/ST10_12.cs,ST10_12.cs
src/HeadlessDCGO.Engine/Assets/Scripts/CardEffect/ST10/Purple/ST10_13.cs,ST10_13.cs
src/HeadlessDCGO.Engine/Assets/Scripts/CardEffect/ST10/Purple/ST10_15.cs,ST10_15.cs
src/HeadlessDCGO.Engine/Assets/Scripts/CardEffect/ST10/Yellow/ST10_04.cs,ST10_04.cs
src/HeadlessDCGO.Engine/Assets/Scripts/CardEffect/ST10/Yellow/ST10_05.cs,ST10_05.cs
src/HeadlessDCGO.Engine/Assets/Scripts/CardEffect/ST10/Yellow/ST10_06.cs,ST10_06.cs
src/HeadlessDCGO.Engine/Assets/Scripts/CardEffect/ST10/Yellow/ST10_14.cs,ST10_14.cs
src/HeadlessDCGO.Engine/Assets/Scripts/CardEffect/ST12/Black/ST12_11.cs,ST12_11.cs
src/HeadlessDCGO.Engine/Assets/Scripts/CardEffect/ST12/Black/ST12_16.cs,ST12_16.cs
src/HeadlessDCGO.Engine/Assets/Scripts/CardEffect/ST12/Red/ST12_01.cs,ST12_01.cs
src/HeadlessDCGO.Engine/Assets/Scripts/CardEffect/ST12/Red/ST12_04.cs,ST12_04.cs
src/HeadlessDCGO.Engine/Assets/Scripts/CardEffect/ST12/Red/ST12_06.cs,ST12_06.cs
src/HeadlessDCGO.Engine/Assets/Scripts/CardEffect/ST12/Red/ST12_08.cs,ST12_08.cs
src/HeadlessDCGO.Engine/Assets/Scripts/CardEffect/ST12/Red/ST12_09.cs,ST12_09.cs
src/HeadlessDCGO.Engine/Assets/Scripts/CardEffect/ST12/Red/ST12_10.cs,ST12_10.cs
src/HeadlessDCGO.Engine/Assets/Scripts/CardEffect/ST12/Red/ST12_14.cs,ST12_14.cs
src/HeadlessDCGO.Engine/Assets/Scripts/CardEffect/ST12/Red/ST12_15.cs,ST12_15.cs
src/HeadlessDCGO.Engine/Assets/Scripts/CardEffect/ST12/White/ST12_12.cs,ST12_12.cs
src/HeadlessDCGO.Engine/Assets/Scripts/CardEffect/ST12/White/ST12_13.cs,ST12_13.cs
src/HeadlessDCGO.Engine/Assets/Scripts/CardEffect/ST13/Black/ST13_01.cs,ST13_01.cs
src/HeadlessDCGO.Engine/Assets/Scripts/CardEffect/ST13/Black/ST13_09.cs,ST13_09.cs
src/HeadlessDCGO.Engine/Assets/Scripts/CardEffect/ST13/Black/ST13_11.cs,ST13_11.cs
src/HeadlessDCGO.Engine/Assets/Scripts/CardEffect/ST13/Black/ST13_13.cs,ST13_13.cs
src/HeadlessDCGO.Engine/Assets/Scripts/CardEffect/ST13/Black/ST13_14.cs,ST13_14.cs
src/HeadlessDCGO.Engine/Assets/Scripts/CardEffect/ST13/Black/ST13_16.cs,ST13_16.cs
src/HeadlessDCGO.Engine/Assets/Scripts/CardEffect/ST13/Red/ST13_02.cs,ST13_02.cs
src/HeadlessDCGO.Engine/Assets/Scripts/CardEffect/ST13/Red/ST13_03.cs,ST13_03.cs
src/HeadlessDCGO.Engine/Assets/Scripts/CardEffect/ST13/Red/ST13_04.cs,ST13_04.cs
src/HeadlessDCGO.Engine/Assets/Scripts/CardEffect/ST13/Red/ST13_05.cs,ST13_05.cs
src/HeadlessDCGO.Engine/Assets/Scripts/CardEffect/ST13/Red/ST13_06.cs,ST13_06.cs
src/HeadlessDCGO.Engine/Assets/Scripts/CardEffect/ST13/Red/ST13_15.cs,ST13_15.cs
src/HeadlessDCGO.Engine/Assets/Scripts/CardEffect/ST14/Purple/ST14_01.cs,ST14_01.cs
src/HeadlessDCGO.Engine/Assets/Scripts/CardEffect/ST14/Purple/ST14_02.cs,ST14_02.cs
src/HeadlessDCGO.Engine/Assets/Scripts/CardEffect/ST14/Purple/ST14_03.cs,ST14_03.cs
src/HeadlessDCGO.Engine/Assets/Scripts/CardEffect/ST14/Purple/ST14_05.cs,ST14_05.cs
src/HeadlessDCGO.Engine/Assets/Scripts/CardEffect/ST14/Purple/ST14_06.cs,ST14_06.cs
src/HeadlessDCGO.Engine/Assets/Scripts/CardEffect/ST14/Purple/ST14_07.cs,ST14_07.cs
src/HeadlessDCGO.Engine/Assets/Scripts/CardEffect/ST14/Purple/ST14_08.cs,ST14_08.cs
src/HeadlessDCGO.Engine/Assets/Scripts/CardEffect/ST14/Purple/ST14_09.cs,ST14_09.cs
src/HeadlessDCGO.Engine/Assets/Scripts/CardEffect/ST14/Purple/ST14_10.cs,ST14_10.cs
src/HeadlessDCGO.Engine/Assets/Scripts/CardEffect/ST14/Purple/ST14_11.cs,ST14_11.cs
src/HeadlessDCGO.Engine/Assets/Scripts/CardEffect/ST14/Purple/ST14_12.cs,ST14_12.cs
src/HeadlessDCGO.Engine/Assets/Scripts/CardEffect/ST15/Black/ST15_01.cs,ST15_01.cs
src/HeadlessDCGO.Engine/Assets/Scripts/CardEffect/ST15/Black/ST15_02.cs,ST15_02.cs
src/HeadlessDCGO.Engine/Assets/Scripts/CardEffect/ST15/Black/ST15_04.cs,ST15_04.cs
src/HeadlessDCGO.Engine/Assets/Scripts/CardEffect/ST15/Black/ST15_05.cs,ST15_05.cs
src/HeadlessDCGO.Engine/Assets/Scripts/CardEffect/ST15/Black/ST15_08.cs,ST15_08.cs
src/HeadlessDCGO.Engine/Assets/Scripts/CardEffect/ST15/Black/ST15_09.cs,ST15_09.cs
src/HeadlessDCGO.Engine/Assets/Scripts/CardEffect/ST15/Black/ST15_10.cs,ST15_10.cs
src/HeadlessDCGO.Engine/Assets/Scripts/CardEffect/ST15/Black/ST15_11.cs,ST15_11.cs
src/HeadlessDCGO.Engine/Assets/Scripts/CardEffect/ST15/Black/ST15_12.cs,ST15_12.cs
src/HeadlessDCGO.Engine/Assets/Scripts/CardEffect/ST15/Black/ST15_13.cs,ST15_13.cs
src/HeadlessDCGO.Engine/Assets/Scripts/CardEffect/ST15/Black/ST15_14.cs,ST15_14.cs
src/HeadlessDCGO.Engine/Assets/Scripts/CardEffect/ST15/Black/ST15_15.cs,ST15_15.cs
src/HeadlessDCGO.Engine/Assets/Scripts/CardEffect/ST15/Black/ST15_16.cs,ST15_16.cs
src/HeadlessDCGO.Engine/Assets/Scripts/CardEffect/ST16/Purple/ST16_01.cs,ST16_01.cs
src/HeadlessDCGO.Engine/Assets/Scripts/CardEffect/ST16/Purple/ST16_02.cs,ST16_02.cs
src/HeadlessDCGO.Engine/Assets/Scripts/CardEffect/ST16/Purple/ST16_03.cs,ST16_03.cs
src/HeadlessDCGO.Engine/Assets/Scripts/CardEffect/ST16/Purple/ST16_05.cs,ST16_05.cs
src/HeadlessDCGO.Engine/Assets/Scripts/CardEffect/ST16/Purple/ST16_07.cs,ST16_07.cs
src/HeadlessDCGO.Engine/Assets/Scripts/CardEffect/ST16/Purple/ST16_08.cs,ST16_08.cs
src/HeadlessDCGO.Engine/Assets/Scripts/CardEffect/ST16/Purple/ST16_09.cs,ST16_09.cs
src/HeadlessDCGO.Engine/Assets/Scripts/CardEffect/ST16/Purple/ST16_10.cs,ST16_10.cs
src/HeadlessDCGO.Engine/Assets/Scripts/CardEffect/ST16/Purple/ST16_11.cs,ST16_11.cs
src/HeadlessDCGO.Engine/Assets/Scripts/CardEffect/ST16/Purple/ST16_12.cs,ST16_12.cs
src/HeadlessDCGO.Engine/Assets/Scripts/CardEffect/ST16/Purple/ST16_13.cs,ST16_13.cs
src/HeadlessDCGO.Engine/Assets/Scripts/CardEffect/ST16/Purple/ST16_14.cs,ST16_14.cs
src/HeadlessDCGO.Engine/Assets/Scripts/CardEffect/ST16/Purple/ST16_15.cs,ST16_15.cs
src/HeadlessDCGO.Engine/Assets/Scripts/CardEffect/ST16/Purple/ST16_16.cs,ST16_16.cs
src/HeadlessDCGO.Engine/Assets/Scripts/CardEffect/ST17/Blue/ST17_13.cs,ST17_13.cs
src/HeadlessDCGO.Engine/Assets/Scripts/CardEffect/ST17/Green/ST17_01.cs,ST17_01.cs
src/HeadlessDCGO.Engine/Assets/Scripts/CardEffect/ST17/Green/ST17_02.cs,ST17_02.cs
src/HeadlessDCGO.Engine/Assets/Scripts/CardEffect/ST17/Green/ST17_03.cs,ST17_03.cs
src/HeadlessDCGO.Engine/Assets/Scripts/CardEffect/ST17/Green/ST17_04.cs,ST17_04.cs
src/HeadlessDCGO.Engine/Assets/Scripts/CardEffect/ST17/Green/ST17_05.cs,ST17_05.cs
src/HeadlessDCGO.Engine/Assets/Scripts/CardEffect/ST17/Green/ST17_06.cs,ST17_06.cs
src/HeadlessDCGO.Engine/Assets/Scripts/CardEffect/ST17/Green/ST17_07.cs,ST17_07.cs
src/HeadlessDCGO.Engine/Assets/Scripts/CardEffect/ST17/Green/ST17_08.cs,ST17_08.cs
src/HeadlessDCGO.Engine/Assets/Scripts/CardEffect/ST17/Green/ST17_09.cs,ST17_09.cs
src/HeadlessDCGO.Engine/Assets/Scripts/CardEffect/ST17/Green/ST17_10.cs,ST17_10.cs
src/HeadlessDCGO.Engine/Assets/Scripts/CardEffect/ST17/Green/ST17_11.cs,ST17_11.cs
src/HeadlessDCGO.Engine/Assets/Scripts/CardEffect/ST17/Green/ST17_12.cs,ST17_12.cs
src/HeadlessDCGO.Engine/Assets/Scripts/CardEffect/ST18/Green/ST18_01.cs,ST18_01.cs
src/HeadlessDCGO.Engine/Assets/Scripts/CardEffect/ST18/Green/ST18_02.cs,ST18_02.cs
src/HeadlessDCGO.Engine/Assets/Scripts/CardEffect/ST18/Green/ST18_03.cs,ST18_03.cs
src/HeadlessDCGO.Engine/Assets/Scripts/CardEffect/ST18/Green/ST18_04.cs,ST18_04.cs
src/HeadlessDCGO.Engine/Assets/Scripts/CardEffect/ST18/Green/ST18_05.cs,ST18_05.cs
src/HeadlessDCGO.Engine/Assets/Scripts/CardEffect/ST18/Green/ST18_06.cs,ST18_06.cs
src/HeadlessDCGO.Engine/Assets/Scripts/CardEffect/ST18/Green/ST18_07.cs,ST18_07.cs
src/HeadlessDCGO.Engine/Assets/Scripts/CardEffect/ST18/Green/ST18_08.cs,ST18_08.cs
src/HeadlessDCGO.Engine/Assets/Scripts/CardEffect/ST18/Green/ST18_09.cs,ST18_09.cs
src/HeadlessDCGO.Engine/Assets/Scripts/CardEffect/ST18/Green/ST18_10.cs,ST18_10.cs
src/HeadlessDCGO.Engine/Assets/Scripts/CardEffect/ST18/Green/ST18_11.cs,ST18_11.cs
src/HeadlessDCGO.Engine/Assets/Scripts/CardEffect/ST18/Green/ST18_12.cs,ST18_12.cs
src/HeadlessDCGO.Engine/Assets/Scripts/CardEffect/ST18/Green/ST18_13.cs,ST18_13.cs
src/HeadlessDCGO.Engine/Assets/Scripts/CardEffect/ST18/Green/ST18_14.cs,ST18_14.cs
src/HeadlessDCGO.Engine/Assets/Scripts/CardEffect/ST18/Green/ST18_15.cs,ST18_15.cs
src/HeadlessDCGO.Engine/Assets/Scripts/CardEffect/ST19/Black/ST19_05.cs,ST19_05.cs
src/HeadlessDCGO.Engine/Assets/Scripts/CardEffect/ST19/Yellow/ST19_01.cs,ST19_01.cs
src/HeadlessDCGO.Engine/Assets/Scripts/CardEffect/ST19/Yellow/ST19_02.cs,ST19_02.cs
src/HeadlessDCGO.Engine/Assets/Scripts/CardEffect/ST19/Yellow/ST19_03.cs,ST19_03.cs
src/HeadlessDCGO.Engine/Assets/Scripts/CardEffect/ST19/Yellow/ST19_04.cs,ST19_04.cs
src/HeadlessDCGO.Engine/Assets/Scripts/CardEffect/ST19/Yellow/ST19_06.cs,ST19_06.cs
src/HeadlessDCGO.Engine/Assets/Scripts/CardEffect/ST19/Yellow/ST19_07.cs,ST19_07.cs
src/HeadlessDCGO.Engine/Assets/Scripts/CardEffect/ST19/Yellow/ST19_08.cs,ST19_08.cs
src/HeadlessDCGO.Engine/Assets/Scripts/CardEffect/ST19/Yellow/ST19_09.cs,ST19_09.cs
src/HeadlessDCGO.Engine/Assets/Scripts/CardEffect/ST19/Yellow/ST19_10.cs,ST19_10.cs
src/HeadlessDCGO.Engine/Assets/Scripts/CardEffect/ST19/Yellow/ST19_11.cs,ST19_11.cs
src/HeadlessDCGO.Engine/Assets/Scripts/CardEffect/ST19/Yellow/ST19_12.cs,ST19_12.cs
src/HeadlessDCGO.Engine/Assets/Scripts/CardEffect/ST19/Yellow/ST19_13.cs,ST19_13.cs
src/HeadlessDCGO.Engine/Assets/Scripts/CardEffect/ST19/Yellow/ST19_14.cs,ST19_14.cs
src/HeadlessDCGO.Engine/Assets/Scripts/CardEffect/ST19/Yellow/ST19_15.cs,ST19_15.cs
src/HeadlessDCGO.Engine/Assets/Scripts/CardEffect/ST2/Blue/ST2_01.cs,ST2_01.cs
src/HeadlessDCGO.Engine/Assets/Scripts/CardEffect/ST2/Blue/ST2_03.cs,ST2_03.cs
src/HeadlessDCGO.Engine/Assets/Scripts/CardEffect/ST2/Blue/ST2_06.cs,ST2_06.cs
src/HeadlessDCGO.Engine/Assets/Scripts/CardEffect/ST2/Blue/ST2_08.cs,ST2_08.cs
src/HeadlessDCGO.Engine/Assets/Scripts/CardEffect/ST2/Blue/ST2_09.cs,ST2_09.cs
src/HeadlessDCGO.Engine/Assets/Scripts/CardEffect/ST2/Blue/ST2_11.cs,ST2_11.cs
src/HeadlessDCGO.Engine/Assets/Scripts/CardEffect/ST2/Blue/ST2_12.cs,ST2_12.cs
src/HeadlessDCGO.Engine/Assets/Scripts/CardEffect/ST2/Blue/ST2_13.cs,ST2_13.cs
src/HeadlessDCGO.Engine/Assets/Scripts/CardEffect/ST2/Blue/ST2_14.cs,ST2_14.cs
src/HeadlessDCGO.Engine/Assets/Scripts/CardEffect/ST2/Blue/ST2_15.cs,ST2_15.cs
src/HeadlessDCGO.Engine/Assets/Scripts/CardEffect/ST2/Blue/ST2_16.cs,ST2_16.cs
src/HeadlessDCGO.Engine/Assets/Scripts/CardEffect/ST20/Black/ST20_01.cs,ST20_01.cs
src/HeadlessDCGO.Engine/Assets/Scripts/CardEffect/ST20/Black/ST20_10.cs,ST20_10.cs
src/HeadlessDCGO.Engine/Assets/Scripts/CardEffect/ST20/Black/ST20_11.cs,ST20_11.cs
src/HeadlessDCGO.Engine/Assets/Scripts/CardEffect/ST20/Black/ST20_13.cs,ST20_13.cs
src/HeadlessDCGO.Engine/Assets/Scripts/CardEffect/ST20/Black/ST20_14.cs,ST20_14.cs
src/HeadlessDCGO.Engine/Assets/Scripts/CardEffect/ST20/Green/ST20_07.cs,ST20_07.cs
src/HeadlessDCGO.Engine/Assets/Scripts/CardEffect/ST20/Green/ST20_08.cs,ST20_08.cs
src/HeadlessDCGO.Engine/Assets/Scripts/CardEffect/ST20/Green/ST20_09.cs,ST20_09.cs
src/HeadlessDCGO.Engine/Assets/Scripts/CardEffect/ST20/Red/ST20_02.cs,ST20_02.cs
src/HeadlessDCGO.Engine/Assets/Scripts/CardEffect/ST20/Red/ST20_03.cs,ST20_03.cs
src/HeadlessDCGO.Engine/Assets/Scripts/CardEffect/ST20/Red/ST20_04.cs,ST20_04.cs
src/HeadlessDCGO.Engine/Assets/Scripts/CardEffect/ST20/Red/ST20_12.cs,ST20_12.cs
src/HeadlessDCGO.Engine/Assets/Scripts/CardEffect/ST20/White/ST20_15.cs,ST20_15.cs
src/HeadlessDCGO.Engine/Assets/Scripts/CardEffect/ST20/Yellow/ST20_05.cs,ST20_05.cs
src/HeadlessDCGO.Engine/Assets/Scripts/CardEffect/ST20/Yellow/ST20_06.cs,ST20_06.cs
src/HeadlessDCGO.Engine/Assets/Scripts/CardEffect/ST21/Blue/ST21_02.cs,ST21_02.cs
src/HeadlessDCGO.Engine/Assets/Scripts/CardEffect/ST21/Blue/ST21_03.cs,ST21_03.cs
src/HeadlessDCGO.Engine/Assets/Scripts/CardEffect/ST21/Blue/ST21_04.cs,ST21_04.cs
src/HeadlessDCGO.Engine/Assets/Scripts/CardEffect/ST21/Blue/ST21_12.cs,ST21_12.cs
src/HeadlessDCGO.Engine/Assets/Scripts/CardEffect/ST21/Green/ST21_07.cs,ST21_07.cs
src/HeadlessDCGO.Engine/Assets/Scripts/CardEffect/ST21/Green/ST21_08.cs,ST21_08.cs
src/HeadlessDCGO.Engine/Assets/Scripts/CardEffect/ST21/Green/ST21_09.cs,ST21_09.cs
src/HeadlessDCGO.Engine/Assets/Scripts/CardEffect/ST21/Purple/ST21_01.cs,ST21_01.cs
src/HeadlessDCGO.Engine/Assets/Scripts/CardEffect/ST21/Purple/ST21_10.cs,ST21_10.cs
src/HeadlessDCGO.Engine/Assets/Scripts/CardEffect/ST21/Purple/ST21_11.cs,ST21_11.cs
src/HeadlessDCGO.Engine/Assets/Scripts/CardEffect/ST21/Purple/ST21_13.cs,ST21_13.cs
src/HeadlessDCGO.Engine/Assets/Scripts/CardEffect/ST21/Purple/ST21_14.cs,ST21_14.cs
src/HeadlessDCGO.Engine/Assets/Scripts/CardEffect/ST21/White/ST21_15.cs,ST21_15.cs
src/HeadlessDCGO.Engine/Assets/Scripts/CardEffect/ST21/Yellow/ST21_05.cs,ST21_05.cs
src/HeadlessDCGO.Engine/Assets/Scripts/CardEffect/ST21/Yellow/ST21_06.cs,ST21_06.cs
src/HeadlessDCGO.Engine/Assets/Scripts/CardEffect/ST22/Black/ST22_11.cs,ST22_11.cs
src/HeadlessDCGO.Engine/Assets/Scripts/CardEffect/ST22/Blue/ST22_09.cs,ST22_09.cs
src/HeadlessDCGO.Engine/Assets/Scripts/CardEffect/ST22/Green/ST22_13.cs,ST22_13.cs
src/HeadlessDCGO.Engine/Assets/Scripts/CardEffect/ST22/Purple/ST22_14.cs,ST22_14.cs
src/HeadlessDCGO.Engine/Assets/Scripts/CardEffect/ST22/Red/ST22_08.cs,ST22_08.cs
src/HeadlessDCGO.Engine/Assets/Scripts/CardEffect/ST22/Red/ST22_12.cs,ST22_12.cs
src/HeadlessDCGO.Engine/Assets/Scripts/CardEffect/ST22/Yellow/ST22_01.cs,ST22_01.cs
src/HeadlessDCGO.Engine/Assets/Scripts/CardEffect/ST22/Yellow/ST22_02.cs,ST22_02.cs
src/HeadlessDCGO.Engine/Assets/Scripts/CardEffect/ST22/Yellow/ST22_03.cs,ST22_03.cs
src/HeadlessDCGO.Engine/Assets/Scripts/CardEffect/ST22/Yellow/ST22_04.cs,ST22_04.cs
src/HeadlessDCGO.Engine/Assets/Scripts/CardEffect/ST22/Yellow/ST22_05.cs,ST22_05.cs
src/HeadlessDCGO.Engine/Assets/Scripts/CardEffect/ST22/Yellow/ST22_06.cs,ST22_06.cs
src/HeadlessDCGO.Engine/Assets/Scripts/CardEffect/ST22/Yellow/ST22_07.cs,ST22_07.cs
src/HeadlessDCGO.Engine/Assets/Scripts/CardEffect/ST22/Yellow/ST22_10.cs,ST22_10.cs
src/HeadlessDCGO.Engine/Assets/Scripts/CardEffect/ST23/Black/ST23_10.cs,ST23_10.cs
src/HeadlessDCGO.Engine/Assets/Scripts/CardEffect/ST23/Black/ST23_11.cs,ST23_11.cs
src/HeadlessDCGO.Engine/Assets/Scripts/CardEffect/ST23/Black/ST23_14.cs,ST23_14.cs
src/HeadlessDCGO.Engine/Assets/Scripts/CardEffect/ST23/Green/ST23_01.cs,ST23_01.cs
src/HeadlessDCGO.Engine/Assets/Scripts/CardEffect/ST23/Green/ST23_06.cs,ST23_06.cs
src/HeadlessDCGO.Engine/Assets/Scripts/CardEffect/ST23/Green/ST23_07.cs,ST23_07.cs
src/HeadlessDCGO.Engine/Assets/Scripts/CardEffect/ST23/Green/ST23_08.cs,ST23_08.cs
src/HeadlessDCGO.Engine/Assets/Scripts/CardEffect/ST23/Green/ST23_09.cs,ST23_09.cs
src/HeadlessDCGO.Engine/Assets/Scripts/CardEffect/ST23/Green/ST23_13.cs,ST23_13.cs
src/HeadlessDCGO.Engine/Assets/Scripts/CardEffect/ST23/Purple/ST23_12.cs,ST23_12.cs
src/HeadlessDCGO.Engine/Assets/Scripts/CardEffect/ST23/White/ST23_15.cs,ST23_15.cs
src/HeadlessDCGO.Engine/Assets/Scripts/CardEffect/ST23/Yellow/ST23_02.cs,ST23_02.cs
src/HeadlessDCGO.Engine/Assets/Scripts/CardEffect/ST23/Yellow/ST23_03.cs,ST23_03.cs
src/HeadlessDCGO.Engine/Assets/Scripts/CardEffect/ST23/Yellow/ST23_04.cs,ST23_04.cs
src/HeadlessDCGO.Engine/Assets/Scripts/CardEffect/ST23/Yellow/ST23_05.cs,ST23_05.cs
src/HeadlessDCGO.Engine/Assets/Scripts/CardEffect/ST24/Blue/ST24_02.cs,ST24_02.cs
src/HeadlessDCGO.Engine/Assets/Scripts/CardEffect/ST24/Blue/ST24_03.cs,ST24_03.cs
src/HeadlessDCGO.Engine/Assets/Scripts/CardEffect/ST24/Green/ST24_08.cs,ST24_08.cs
src/HeadlessDCGO.Engine/Assets/Scripts/CardEffect/ST24/Green/ST24_09.cs,ST24_09.cs
src/HeadlessDCGO.Engine/Assets/Scripts/CardEffect/ST24/Green/ST24_10.cs,ST24_10.cs
src/HeadlessDCGO.Engine/Assets/Scripts/CardEffect/ST24/Green/ST24_11.cs,ST24_11.cs
src/HeadlessDCGO.Engine/Assets/Scripts/CardEffect/ST24/Green/ST24_14.cs,ST24_14.cs
src/HeadlessDCGO.Engine/Assets/Scripts/CardEffect/ST24/Purple/ST24_12.cs,ST24_12.cs
src/HeadlessDCGO.Engine/Assets/Scripts/CardEffect/ST24/White/ST24_15.cs,ST24_15.cs
src/HeadlessDCGO.Engine/Assets/Scripts/CardEffect/ST24/Yellow/ST24_01.cs,ST24_01.cs
src/HeadlessDCGO.Engine/Assets/Scripts/CardEffect/ST24/Yellow/ST24_04.cs,ST24_04.cs
src/HeadlessDCGO.Engine/Assets/Scripts/CardEffect/ST24/Yellow/ST24_05.cs,ST24_05.cs
src/HeadlessDCGO.Engine/Assets/Scripts/CardEffect/ST24/Yellow/ST24_06.cs,ST24_06.cs
src/HeadlessDCGO.Engine/Assets/Scripts/CardEffect/ST24/Yellow/ST24_07.cs,ST24_07.cs
src/HeadlessDCGO.Engine/Assets/Scripts/CardEffect/ST24/Yellow/ST24_13.cs,ST24_13.cs
src/HeadlessDCGO.Engine/Assets/Scripts/CardEffect/ST3/Yellow/ST3_01.cs,ST3_01.cs
src/HeadlessDCGO.Engine/Assets/Scripts/CardEffect/ST3/Yellow/ST3_04.cs,ST3_04.cs
src/HeadlessDCGO.Engine/Assets/Scripts/CardEffect/ST3/Yellow/ST3_05.cs,ST3_05.cs
src/HeadlessDCGO.Engine/Assets/Scripts/CardEffect/ST3/Yellow/ST3_08.cs,ST3_08.cs
src/HeadlessDCGO.Engine/Assets/Scripts/CardEffect/ST3/Yellow/ST3_09.cs,ST3_09.cs
src/HeadlessDCGO.Engine/Assets/Scripts/CardEffect/ST3/Yellow/ST3_11.cs,ST3_11.cs
src/HeadlessDCGO.Engine/Assets/Scripts/CardEffect/ST3/Yellow/ST3_12.cs,ST3_12.cs
src/HeadlessDCGO.Engine/Assets/Scripts/CardEffect/ST3/Yellow/ST3_13.cs,ST3_13.cs
src/HeadlessDCGO.Engine/Assets/Scripts/CardEffect/ST3/Yellow/ST3_14.cs,ST3_14.cs
src/HeadlessDCGO.Engine/Assets/Scripts/CardEffect/ST3/Yellow/ST3_15.cs,ST3_15.cs
src/HeadlessDCGO.Engine/Assets/Scripts/CardEffect/ST3/Yellow/ST3_16.cs,ST3_16.cs
src/HeadlessDCGO.Engine/Assets/Scripts/CardEffect/ST4/Green/ST4_01.cs,ST4_01.cs
src/HeadlessDCGO.Engine/Assets/Scripts/CardEffect/ST4/Green/ST4_03.cs,ST4_03.cs
src/HeadlessDCGO.Engine/Assets/Scripts/CardEffect/ST4/Green/ST4_04.cs,ST4_04.cs
src/HeadlessDCGO.Engine/Assets/Scripts/CardEffect/ST4/Green/ST4_10.cs,ST4_10.cs
src/HeadlessDCGO.Engine/Assets/Scripts/CardEffect/ST4/Green/ST4_11.cs,ST4_11.cs
src/HeadlessDCGO.Engine/Assets/Scripts/CardEffect/ST4/Green/ST4_12.cs,ST4_12.cs
src/HeadlessDCGO.Engine/Assets/Scripts/CardEffect/ST4/Green/ST4_13.cs,ST4_13.cs
src/HeadlessDCGO.Engine/Assets/Scripts/CardEffect/ST4/Green/ST4_14.cs,ST4_14.cs
src/HeadlessDCGO.Engine/Assets/Scripts/CardEffect/ST4/Green/ST4_15.cs,ST4_15.cs
src/HeadlessDCGO.Engine/Assets/Scripts/CardEffect/ST4/Green/ST4_16.cs,ST4_16.cs
src/HeadlessDCGO.Engine/Assets/Scripts/CardEffect/ST5/Black/ST5_01.cs,ST5_01.cs
src/HeadlessDCGO.Engine/Assets/Scripts/CardEffect/ST5/Black/ST5_04.cs,ST5_04.cs
src/HeadlessDCGO.Engine/Assets/Scripts/CardEffect/ST5/Black/ST5_09.cs,ST5_09.cs
src/HeadlessDCGO.Engine/Assets/Scripts/CardEffect/ST5/Black/ST5_11.cs,ST5_11.cs
src/HeadlessDCGO.Engine/Assets/Scripts/CardEffect/ST5/Black/ST5_12.cs,ST5_12.cs
src/HeadlessDCGO.Engine/Assets/Scripts/CardEffect/ST5/Black/ST5_13.cs,ST5_13.cs
src/HeadlessDCGO.Engine/Assets/Scripts/CardEffect/ST5/Black/ST5_14.cs,ST5_14.cs
src/HeadlessDCGO.Engine/Assets/Scripts/CardEffect/ST5/Black/ST5_15.cs,ST5_15.cs
src/HeadlessDCGO.Engine/Assets/Scripts/CardEffect/ST5/Black/ST5_16.cs,ST5_16.cs
src/HeadlessDCGO.Engine/Assets/Scripts/CardEffect/ST6/Purple/ST6_01.cs,ST6_01.cs
src/HeadlessDCGO.Engine/Assets/Scripts/CardEffect/ST6/Purple/ST6_03.cs,ST6_03.cs
src/HeadlessDCGO.Engine/Assets/Scripts/CardEffect/ST6/Purple/ST6_04.cs,ST6_04.cs
src/HeadlessDCGO.Engine/Assets/Scripts/CardEffect/ST6/Purple/ST6_10.cs,ST6_10.cs
src/HeadlessDCGO.Engine/Assets/Scripts/CardEffect/ST6/Purple/ST6_11.cs,ST6_11.cs
src/HeadlessDCGO.Engine/Assets/Scripts/CardEffect/ST6/Purple/ST6_12.cs,ST6_12.cs
src/HeadlessDCGO.Engine/Assets/Scripts/CardEffect/ST6/Purple/ST6_13.cs,ST6_13.cs
src/HeadlessDCGO.Engine/Assets/Scripts/CardEffect/ST6/Purple/ST6_14.cs,ST6_14.cs
src/HeadlessDCGO.Engine/Assets/Scripts/CardEffect/ST6/Purple/ST6_15.cs,ST6_15.cs
src/HeadlessDCGO.Engine/Assets/Scripts/CardEffect/ST6/Purple/ST6_16.cs,ST6_16.cs
src/HeadlessDCGO.Engine/Assets/Scripts/CardEffect/ST7/Red/ST7_01.cs,ST7_01.cs
src/HeadlessDCGO.Engine/Assets/Scripts/CardEffect/ST7/Red/ST7_02.cs,ST7_02.cs
src/HeadlessDCGO.Engine/Assets/Scripts/CardEffect/ST7/Red/ST7_03.cs,ST7_03.cs
src/HeadlessDCGO.Engine/Assets/Scripts/CardEffect/ST7/Red/ST7_04.cs,ST7_04.cs
src/HeadlessDCGO.Engine/Assets/Scripts/CardEffect/ST7/Red/ST7_05.cs,ST7_05.cs
src/HeadlessDCGO.Engine/Assets/Scripts/CardEffect/ST7/Red/ST7_06.cs,ST7_06.cs
src/HeadlessDCGO.Engine/Assets/Scripts/CardEffect/ST7/Red/ST7_07.cs,ST7_07.cs
src/HeadlessDCGO.Engine/Assets/Scripts/CardEffect/ST7/Red/ST7_08.cs,ST7_08.cs
src/HeadlessDCGO.Engine/Assets/Scripts/CardEffect/ST7/Red/ST7_09.cs,ST7_09.cs
src/HeadlessDCGO.Engine/Assets/Scripts/CardEffect/ST7/Red/ST7_10.cs,ST7_10.cs
src/HeadlessDCGO.Engine/Assets/Scripts/CardEffect/ST7/Red/ST7_11.cs,ST7_11.cs
src/HeadlessDCGO.Engine/Assets/Scripts/CardEffect/ST7/Red/ST7_12.cs,ST7_12.cs
src/HeadlessDCGO.Engine/Assets/Scripts/CardEffect/ST8/Blue/ST8_01.cs,ST8_01.cs
src/HeadlessDCGO.Engine/Assets/Scripts/CardEffect/ST8/Blue/ST8_02.cs,ST8_02.cs
src/HeadlessDCGO.Engine/Assets/Scripts/CardEffect/ST8/Blue/ST8_03.cs,ST8_03.cs
src/HeadlessDCGO.Engine/Assets/Scripts/CardEffect/ST8/Blue/ST8_04.cs,ST8_04.cs
src/HeadlessDCGO.Engine/Assets/Scripts/CardEffect/ST8/Blue/ST8_05.cs,ST8_05.cs
src/HeadlessDCGO.Engine/Assets/Scripts/CardEffect/ST8/Blue/ST8_06.cs,ST8_06.cs
src/HeadlessDCGO.Engine/Assets/Scripts/CardEffect/ST8/Blue/ST8_08.cs,ST8_08.cs
src/HeadlessDCGO.Engine/Assets/Scripts/CardEffect/ST8/Blue/ST8_09.cs,ST8_09.cs
src/HeadlessDCGO.Engine/Assets/Scripts/CardEffect/ST8/Blue/ST8_10.cs,ST8_10.cs
src/HeadlessDCGO.Engine/Assets/Scripts/CardEffect/ST8/Blue/ST8_11.cs,ST8_11.cs
src/HeadlessDCGO.Engine/Assets/Scripts/CardEffect/ST8/Blue/ST8_12.cs,ST8_12.cs
src/HeadlessDCGO.Engine/Assets/Scripts/CardEffect/ST9/Blue/ST9_02.cs,ST9_02.cs
src/HeadlessDCGO.Engine/Assets/Scripts/CardEffect/ST9/Blue/ST9_04.cs,ST9_04.cs
src/HeadlessDCGO.Engine/Assets/Scripts/CardEffect/ST9/Blue/ST9_05.cs,ST9_05.cs
src/HeadlessDCGO.Engine/Assets/Scripts/CardEffect/ST9/Blue/ST9_06.cs,ST9_06.cs
src/HeadlessDCGO.Engine/Assets/Scripts/CardEffect/ST9/Blue/ST9_14.cs,ST9_14.cs
src/HeadlessDCGO.Engine/Assets/Scripts/CardEffect/ST9/Green/ST9_01.cs,ST9_01.cs
src/HeadlessDCGO.Engine/Assets/Scripts/CardEffect/ST9/Green/ST9_07.cs,ST9_07.cs
src/HeadlessDCGO.Engine/Assets/Scripts/CardEffect/ST9/Green/ST9_09.cs,ST9_09.cs
src/HeadlessDCGO.Engine/Assets/Scripts/CardEffect/ST9/Green/ST9_10.cs,ST9_10.cs
src/HeadlessDCGO.Engine/Assets/Scripts/CardEffect/ST9/Green/ST9_11.cs,ST9_11.cs
src/HeadlessDCGO.Engine/Assets/Scripts/CardEffect/ST9/Green/ST9_13.cs,ST9_13.cs
src/HeadlessDCGO.Engine/Assets/Scripts/CardEffect/ST9/Green/ST9_15.cs,ST9_15.cs
src/HeadlessDCGO.Engine/Assets/Scripts/CardEffect/TestFixtures/TfxAllianceOnly.cs,TfxAllianceOnly.cs
src/HeadlessDCGO.Engine/Assets/Scripts/CardEffect/TestFixtures/TfxArmorPurge.cs,TfxArmorPurge.cs
src/HeadlessDCGO.Engine/Assets/Scripts/CardEffect/TestFixtures/TfxArmorPurgeWouldBeDeleted.cs,TfxArmorPurgeWouldBeDeleted.cs
src/HeadlessDCGO.Engine/Assets/Scripts/CardEffect/TestFixtures/TfxAscension.cs,TfxAscension.cs
src/HeadlessDCGO.Engine/Assets/Scripts/CardEffect/TestFixtures/TfxBeforePayCost.cs,TfxBeforePayCost.cs
src/HeadlessDCGO.Engine/Assets/Scripts/CardEffect/TestFixtures/TfxBeforePayCostReduction.cs,TfxBeforePayCostReduction.cs
src/HeadlessDCGO.Engine/Assets/Scripts/CardEffect/TestFixtures/TfxBurstDigivolve.cs,TfxBurstDigivolve.cs
src/HeadlessDCGO.Engine/Assets/Scripts/CardEffect/TestFixtures/TfxCanNotBeAffected.cs,TfxCanNotBeAffected.cs
src/HeadlessDCGO.Engine/Assets/Scripts/CardEffect/TestFixtures/TfxCanNotBeAffectedToggle.cs,TfxCanNotBeAffectedToggle.cs
src/HeadlessDCGO.Engine/Assets/Scripts/CardEffect/TestFixtures/TfxCanNotMove.cs,TfxCanNotMove.cs
src/HeadlessDCGO.Engine/Assets/Scripts/CardEffect/TestFixtures/TfxCanNotSelectBySkill.cs,TfxCanNotSelectBySkill.cs
src/HeadlessDCGO.Engine/Assets/Scripts/CardEffect/TestFixtures/TfxCannotAddMemory.cs,TfxCannotAddMemory.cs
src/HeadlessDCGO.Engine/Assets/Scripts/CardEffect/TestFixtures/TfxCannotAddSecurity.cs,TfxCannotAddSecurity.cs
src/HeadlessDCGO.Engine/Assets/Scripts/CardEffect/TestFixtures/TfxCannotIgnoreDigivolution.cs,TfxCannotIgnoreDigivolution.cs
src/HeadlessDCGO.Engine/Assets/Scripts/CardEffect/TestFixtures/TfxCannotReduceCost.cs,TfxCannotReduceCost.cs
src/HeadlessDCGO.Engine/Assets/Scripts/CardEffect/TestFixtures/TfxCappedMemoryThenSelectTrash.cs,TfxCappedMemoryThenSelectTrash.cs
src/HeadlessDCGO.Engine/Assets/Scripts/CardEffect/TestFixtures/TfxChangeEndTurnMinMemory.cs,TfxChangeEndTurnMinMemory.cs
src/HeadlessDCGO.Engine/Assets/Scripts/CardEffect/TestFixtures/TfxDecoy.cs,TfxDecoy.cs
src/HeadlessDCGO.Engine/Assets/Scripts/CardEffect/TestFixtures/TfxDestroy.cs,TfxDestroy.cs
src/HeadlessDCGO.Engine/Assets/Scripts/CardEffect/TestFixtures/TfxDigiBurst.cs,TfxDigiBurst.cs
src/HeadlessDCGO.Engine/Assets/Scripts/CardEffect/TestFixtures/TfxDigiBurstKeyword.cs,TfxDigiBurstKeyword.cs
src/HeadlessDCGO.Engine/Assets/Scripts/CardEffect/TestFixtures/TfxDigiTrashDraw.cs,TfxDigiTrashDraw.cs
src/HeadlessDCGO.Engine/Assets/Scripts/CardEffect/TestFixtures/TfxDigiXros.cs,TfxDigiXros.cs
src/HeadlessDCGO.Engine/Assets/Scripts/CardEffect/TestFixtures/TfxDigivolveCostGate.cs,TfxDigivolveCostGate.cs
src/HeadlessDCGO.Engine/Assets/Scripts/CardEffect/TestFixtures/TfxDiscardCounter.cs,TfxDiscardCounter.cs
src/HeadlessDCGO.Engine/Assets/Scripts/CardEffect/TestFixtures/TfxDnaFromHand.cs,TfxDnaFromHand.cs
src/HeadlessDCGO.Engine/Assets/Scripts/CardEffect/TestFixtures/TfxDoubleKeyWhenDigivolving.cs,TfxDoubleKeyWhenDigivolving.cs
src/HeadlessDCGO.Engine/Assets/Scripts/CardEffect/TestFixtures/TfxDraw.cs,TfxDraw.cs
src/HeadlessDCGO.Engine/Assets/Scripts/CardEffect/TestFixtures/TfxEndTurnDraw.cs,TfxEndTurnDraw.cs
src/HeadlessDCGO.Engine/Assets/Scripts/CardEffect/TestFixtures/TfxExecute.cs,TfxExecute.cs
src/HeadlessDCGO.Engine/Assets/Scripts/CardEffect/TestFixtures/TfxFortitude.cs,TfxFortitude.cs
src/HeadlessDCGO.Engine/Assets/Scripts/CardEffect/TestFixtures/TfxHatch.cs,TfxHatch.cs
src/HeadlessDCGO.Engine/Assets/Scripts/CardEffect/TestFixtures/TfxIgnoreBattle.cs,TfxIgnoreBattle.cs
src/HeadlessDCGO.Engine/Assets/Scripts/CardEffect/TestFixtures/TfxImmuneDeDigivolve.cs,TfxImmuneDeDigivolve.cs
src/HeadlessDCGO.Engine/Assets/Scripts/CardEffect/TestFixtures/TfxImmuneStackTrashing.cs,TfxImmuneStackTrashing.cs
src/HeadlessDCGO.Engine/Assets/Scripts/CardEffect/TestFixtures/TfxMainDeclareDraw.cs,TfxMainDeclareDraw.cs
src/HeadlessDCGO.Engine/Assets/Scripts/CardEffect/TestFixtures/TfxMainDigiBurstDraw.cs,TfxMainDigiBurstDraw.cs
src/HeadlessDCGO.Engine/Assets/Scripts/CardEffect/TestFixtures/TfxMainDisc.cs,TfxMainDisc.cs
src/HeadlessDCGO.Engine/Assets/Scripts/CardEffect/TestFixtures/TfxMainOptionalDraw.cs,TfxMainOptionalDraw.cs
src/HeadlessDCGO.Engine/Assets/Scripts/CardEffect/TestFixtures/TfxMainTraining.cs,TfxMainTraining.cs
src/HeadlessDCGO.Engine/Assets/Scripts/CardEffect/TestFixtures/TfxMaterialSave.cs,TfxMaterialSave.cs
src/HeadlessDCGO.Engine/Assets/Scripts/CardEffect/TestFixtures/TfxMaxTrashXros.cs,TfxMaxTrashXros.cs
src/HeadlessDCGO.Engine/Assets/Scripts/CardEffect/TestFixtures/TfxMaxUnderTamerXros.cs,TfxMaxUnderTamerXros.cs
src/HeadlessDCGO.Engine/Assets/Scripts/CardEffect/TestFixtures/TfxMultiSelect.cs,TfxMultiSelect.cs
src/HeadlessDCGO.Engine/Assets/Scripts/CardEffect/TestFixtures/TfxOnAddCounter.cs,TfxOnAddCounter.cs
src/HeadlessDCGO.Engine/Assets/Scripts/CardEffect/TestFixtures/TfxOnAddCounterOpp.cs,TfxOnAddCounterOpp.cs
src/HeadlessDCGO.Engine/Assets/Scripts/CardEffect/TestFixtures/TfxOnAllyAttackCounter.cs,TfxOnAllyAttackCounter.cs
src/HeadlessDCGO.Engine/Assets/Scripts/CardEffect/TestFixtures/TfxOnAttackTargetChangedCounter.cs,TfxOnAttackTargetChangedCounter.cs
src/HeadlessDCGO.Engine/Assets/Scripts/CardEffect/TestFixtures/TfxOnDeleteGainMemory.cs,TfxOnDeleteGainMemory.cs
src/HeadlessDCGO.Engine/Assets/Scripts/CardEffect/TestFixtures/TfxOnEndAttackCounter.cs,TfxOnEndAttackCounter.cs
src/HeadlessDCGO.Engine/Assets/Scripts/CardEffect/TestFixtures/TfxOnEndAttackCounterNoGate.cs,TfxOnEndAttackCounterNoGate.cs
src/HeadlessDCGO.Engine/Assets/Scripts/CardEffect/TestFixtures/TfxOnKnockOutDeleteOpponent.cs,TfxOnKnockOutDeleteOpponent.cs
src/HeadlessDCGO.Engine/Assets/Scripts/CardEffect/TestFixtures/TfxOnLeaveFieldCounter.cs,TfxOnLeaveFieldCounter.cs
src/HeadlessDCGO.Engine/Assets/Scripts/CardEffect/TestFixtures/TfxOnLoseSecurityCounter.cs,TfxOnLoseSecurityCounter.cs
src/HeadlessDCGO.Engine/Assets/Scripts/CardEffect/TestFixtures/TfxOnMoveSelfDraw.cs,TfxOnMoveSelfDraw.cs
src/HeadlessDCGO.Engine/Assets/Scripts/CardEffect/TestFixtures/TfxOnPlayGainMemory.cs,TfxOnPlayGainMemory.cs
src/HeadlessDCGO.Engine/Assets/Scripts/CardEffect/TestFixtures/TfxOnReturnToHandCounter.cs,TfxOnReturnToHandCounter.cs
src/HeadlessDCGO.Engine/Assets/Scripts/CardEffect/TestFixtures/TfxOnSecurityCheckDraw.cs,TfxOnSecurityCheckDraw.cs
src/HeadlessDCGO.Engine/Assets/Scripts/CardEffect/TestFixtures/TfxOnSecurityCheckSelect.cs,TfxOnSecurityCheckSelect.cs
src/HeadlessDCGO.Engine/Assets/Scripts/CardEffect/TestFixtures/TfxOnUseOptionMemory.cs,TfxOnUseOptionMemory.cs
src/HeadlessDCGO.Engine/Assets/Scripts/CardEffect/TestFixtures/TfxOncePerTurnInteractiveTrash.cs,TfxOncePerTurnInteractiveTrash.cs
src/HeadlessDCGO.Engine/Assets/Scripts/CardEffect/TestFixtures/TfxOncePerTurnOptionalTrash.cs,TfxOncePerTurnOptionalTrash.cs
src/HeadlessDCGO.Engine/Assets/Scripts/CardEffect/TestFixtures/TfxOncePerTurnOptionalTrashNoRefund.cs,TfxOncePerTurnOptionalTrashNoRefund.cs
src/HeadlessDCGO.Engine/Assets/Scripts/CardEffect/TestFixtures/TfxOppSuspendMemory.cs,TfxOppSuspendMemory.cs
src/HeadlessDCGO.Engine/Assets/Scripts/CardEffect/TestFixtures/TfxOptionDraw.cs,TfxOptionDraw.cs
src/HeadlessDCGO.Engine/Assets/Scripts/CardEffect/TestFixtures/TfxOptionForbidsSelf.cs,TfxOptionForbidsSelf.cs
src/HeadlessDCGO.Engine/Assets/Scripts/CardEffect/TestFixtures/TfxOptionIgnoreColor.cs,TfxOptionIgnoreColor.cs
src/HeadlessDCGO.Engine/Assets/Scripts/CardEffect/TestFixtures/TfxOptionalMemory.cs,TfxOptionalMemory.cs
src/HeadlessDCGO.Engine/Assets/Scripts/CardEffect/TestFixtures/TfxOverclock.cs,TfxOverclock.cs
src/HeadlessDCGO.Engine/Assets/Scripts/CardEffect/TestFixtures/TfxPierceWouldBeDeletedInteractive.cs,TfxPierceWouldBeDeletedInteractive.cs
src/HeadlessDCGO.Engine/Assets/Scripts/CardEffect/TestFixtures/TfxPlayCard.cs,TfxPlayCard.cs
src/HeadlessDCGO.Engine/Assets/Scripts/CardEffect/TestFixtures/TfxPlayOption.cs,TfxPlayOption.cs
src/HeadlessDCGO.Engine/Assets/Scripts/CardEffect/TestFixtures/TfxRaidOnly.cs,TfxRaidOnly.cs
src/HeadlessDCGO.Engine/Assets/Scripts/CardEffect/TestFixtures/TfxSave.cs,TfxSave.cs
src/HeadlessDCGO.Engine/Assets/Scripts/CardEffect/TestFixtures/TfxSecurityDpBuff.cs,TfxSecurityDpBuff.cs
src/HeadlessDCGO.Engine/Assets/Scripts/CardEffect/TestFixtures/TfxSecuritySelect.cs,TfxSecuritySelect.cs
src/HeadlessDCGO.Engine/Assets/Scripts/CardEffect/TestFixtures/TfxSelectDigivolve.cs,TfxSelectDigivolve.cs
src/HeadlessDCGO.Engine/Assets/Scripts/CardEffect/TestFixtures/TfxSelectFollowUp.cs,TfxSelectFollowUp.cs
src/HeadlessDCGO.Engine/Assets/Scripts/CardEffect/TestFixtures/TfxSelectMode.cs,TfxSelectMode.cs
src/HeadlessDCGO.Engine/Assets/Scripts/CardEffect/TestFixtures/TfxUnsuspendDraw.cs,TfxUnsuspendDraw.cs
src/HeadlessDCGO.Engine/Assets/Scripts/CardEffect/TestFixtures/TfxVortex.cs,TfxVortex.cs
src/HeadlessDCGO.Engine/Assets/Scripts/CardEffect/TestFixtures/TfxWhenAttackDraw.cs,TfxWhenAttackDraw.cs
src/HeadlessDCGO.Engine/Assets/Scripts/CardEffect/TestFixtures/TfxWhenDeclareDraw.cs,TfxWhenDeclareDraw.cs
src/HeadlessDCGO.Engine/Assets/Scripts/CardEffect/TestFixtures/TfxWhenDigivolveDelete.cs,TfxWhenDigivolveDelete.cs
src/HeadlessDCGO.Engine/Assets/Scripts/CardEffect/TestFixtures/TfxWhenLinkedCounter.cs,TfxWhenLinkedCounter.cs
src/HeadlessDCGO.Engine/Assets/Scripts/CardEffect/TestFixtures/TfxWinBattleDraw.cs,TfxWinBattleDraw.cs
src/HeadlessDCGO.Engine/Assets/Scripts/CardEffect/TestFixtures/TfxWouldBeDeleted.cs,TfxWouldBeDeleted.cs
src/HeadlessDCGO.Engine/Assets/Scripts/CardEffect/TestFixtures/TfxWouldBeDeletedB.cs,TfxWouldBeDeletedB.cs
src/HeadlessDCGO.Engine/Assets/Scripts/CardEffect/TestFixtures/TfxWouldBeDeletedByBattle.cs,TfxWouldBeDeletedByBattle.cs
src/HeadlessDCGO.Engine/Assets/Scripts/CardEffect/TestFixtures/TfxWouldBeDeletedInteractive.cs,TfxWouldBeDeletedInteractive.cs
src/HeadlessDCGO.Engine/Assets/Scripts/CardEffect/TestFixtures/TfxZeroTrashXros.cs,TfxZeroTrashXros.cs
src/HeadlessDCGO.Engine/Assets/Scripts/Script/AttackProcess.cs,AttackProcess.cs
src/HeadlessDCGO.Engine/Assets/Scripts/Script/AutoProcessing.cs,AutoProcessing.cs
src/HeadlessDCGO.Engine/Assets/Scripts/Script/AutomaticOrder/StartTurnTamerMemory.cs,StartTurnTamerMemory.cs
src/HeadlessDCGO.Engine/Assets/Scripts/Script/CEntity_Base.cs,CEntity_Base.cs
src/HeadlessDCGO.Engine/Assets/Scripts/Script/CEntity_Effect.cs,CEntity_Effect.cs
src/HeadlessDCGO.Engine/Assets/Scripts/Script/CEntity_EffectController.cs,CEntity_EffectController.cs
src/HeadlessDCGO.Engine/Assets/Scripts/Script/CardController.cs,CardController.cs
src/HeadlessDCGO.Engine/Assets/Scripts/Script/CardDistributionTab.cs,CardDistributionTab.cs
src/HeadlessDCGO.Engine/Assets/Scripts/Script/CardEffectCommons.cs,CardEffectCommons.cs
src/HeadlessDCGO.Engine/Assets/Scripts/Script/CardEffectCommons/CanUseEffects/CanSuspend.cs,CanSuspend.cs
src/HeadlessDCGO.Engine/Assets/Scripts/Script/CardEffectCommons/CanUseEffects/CanUnsuspend.cs,CanUnsuspend.cs
src/HeadlessDCGO.Engine/Assets/Scripts/Script/CardEffectCommons/CanUseEffects/IgnoreBattle.cs,IgnoreBattle.cs
src/HeadlessDCGO.Engine/Assets/Scripts/Script/CardEffectCommons/CanUseEffects/OnAddDigivolutionCards.cs,OnAddDigivolutionCards.cs
src/HeadlessDCGO.Engine/Assets/Scripts/Script/CardEffectCommons/CanUseEffects/OnAttack.cs,OnAttack.cs
src/HeadlessDCGO.Engine/Assets/Scripts/Script/CardEffectCommons/CanUseEffects/OnAttackTargetSwitch.cs,OnAttackTargetSwitch.cs
src/HeadlessDCGO.Engine/Assets/Scripts/Script/CardEffectCommons/CanUseEffects/OnCardsAddedToHand.cs,OnCardsAddedToHand.cs
src/HeadlessDCGO.Engine/Assets/Scripts/Script/CardEffectCommons/CanUseEffects/OnCardsReturnToHandFromTrash.cs,OnCardsReturnToHandFromTrash.cs
src/HeadlessDCGO.Engine/Assets/Scripts/Script/CardEffectCommons/CanUseEffects/OnCardsReturnToLibraryFromTrash.cs,OnCardsReturnToLibraryFromTrash.cs
src/HeadlessDCGO.Engine/Assets/Scripts/Script/CardEffectCommons/CanUseEffects/OnDeletion.cs,OnDeletion.cs
src/HeadlessDCGO.Engine/Assets/Scripts/Script/CardEffectCommons/CanUseEffects/OnEndAttack.cs,OnEndAttack.cs
src/HeadlessDCGO.Engine/Assets/Scripts/Script/CardEffectCommons/CanUseEffects/OnFaceUpSecurityIncrease.cs,OnFaceUpSecurityIncrease.cs
src/HeadlessDCGO.Engine/Assets/Scripts/Script/CardEffectCommons/CanUseEffects/OnMove.cs,OnMove.cs
src/HeadlessDCGO.Engine/Assets/Scripts/Script/CardEffectCommons/CanUseEffects/OnReturnLibraryBottomDigivolutionCards.cs,OnReturnLibraryBottomDigivolutionCards.cs
src/HeadlessDCGO.Engine/Assets/Scripts/Script/CardEffectCommons/CanUseEffects/OnSuspend.cs,OnSuspend.cs
src/HeadlessDCGO.Engine/Assets/Scripts/Script/CardEffectCommons/CanUseEffects/OnTrashBySelfDigiBurst.cs,OnTrashBySelfDigiBurst.cs
src/HeadlessDCGO.Engine/Assets/Scripts/Script/CardEffectCommons/CanUseEffects/OnTrashDigivolutionCard.cs,OnTrashDigivolutionCard.cs
src/HeadlessDCGO.Engine/Assets/Scripts/Script/CardEffectCommons/CanUseEffects/OnTrashHand.cs,OnTrashHand.cs
src/HeadlessDCGO.Engine/Assets/Scripts/Script/CardEffectCommons/CanUseEffects/OnTrashLinkCard.cs,OnTrashLinkCard.cs
src/HeadlessDCGO.Engine/Assets/Scripts/Script/CardEffectCommons/CanUseEffects/OnTrashLinkedCard.cs,OnTrashLinkedCard.cs
src/HeadlessDCGO.Engine/Assets/Scripts/Script/CardEffectCommons/CanUseEffects/OnUnsuspend.cs,OnUnsuspend.cs
src/HeadlessDCGO.Engine/Assets/Scripts/Script/CardEffectCommons/CanUseEffects/OptionEffect.cs,OptionEffect.cs
src/HeadlessDCGO.Engine/Assets/Scripts/Script/CardEffectCommons/CanUseEffects/PermanentEnterField/OnPlay.cs,OnPlay.cs
src/HeadlessDCGO.Engine/Assets/Scripts/Script/CardEffectCommons/CanUseEffects/PermanentEnterField/PermanentEnterField.cs,PermanentEnterField.cs
src/HeadlessDCGO.Engine/Assets/Scripts/Script/CardEffectCommons/CanUseEffects/PermanentEnterField/WhenDigivolving.cs,WhenDigivolving.cs
src/HeadlessDCGO.Engine/Assets/Scripts/Script/CardEffectCommons/CanUseEffects/SecurityEffect.cs,SecurityEffect.cs
src/HeadlessDCGO.Engine/Assets/Scripts/Script/CardEffectCommons/CanUseEffects/WhenAddHand.cs,WhenAddHand.cs
src/HeadlessDCGO.Engine/Assets/Scripts/Script/CardEffectCommons/CanUseEffects/WhenDeleteOpponentDigimon.cs,WhenDeleteOpponentDigimon.cs
src/HeadlessDCGO.Engine/Assets/Scripts/Script/CardEffectCommons/CanUseEffects/WhenDeleteOpponentDigimonByBattle.cs,WhenDeleteOpponentDigimonByBattle.cs
src/HeadlessDCGO.Engine/Assets/Scripts/Script/CardEffectCommons/CanUseEffects/WhenDiscardLibrary.cs,WhenDiscardLibrary.cs
src/HeadlessDCGO.Engine/Assets/Scripts/Script/CardEffectCommons/CanUseEffects/WhenDiscardSecurity.cs,WhenDiscardSecurity.cs
src/HeadlessDCGO.Engine/Assets/Scripts/Script/CardEffectCommons/CanUseEffects/WhenLinked.cs,WhenLinked.cs
src/HeadlessDCGO.Engine/Assets/Scripts/Script/CardEffectCommons/CanUseEffects/WhenLoseSecurity.cs,WhenLoseSecurity.cs
src/HeadlessDCGO.Engine/Assets/Scripts/Script/CardEffectCommons/CanUseEffects/WhenPermanentWouldDigivolve.cs,WhenPermanentWouldDigivolve.cs
src/HeadlessDCGO.Engine/Assets/Scripts/Script/CardEffectCommons/CanUseEffects/WhenPermanentWouldPlay.cs,WhenPermanentWouldPlay.cs
src/HeadlessDCGO.Engine/Assets/Scripts/Script/CardEffectCommons/CanUseEffects/WhenRemoveField.cs,WhenRemoveField.cs
src/HeadlessDCGO.Engine/Assets/Scripts/Script/CardEffectCommons/CanUseEffects/WhenUseDigiBurst.cs,WhenUseDigiBurst.cs
src/HeadlessDCGO.Engine/Assets/Scripts/Script/CardEffectCommons/CanUseEffects/WhenUseOption.cs,WhenUseOption.cs
src/HeadlessDCGO.Engine/Assets/Scripts/Script/CardEffectCommons/CanUseEffects/WhenWinBattle.cs,WhenWinBattle.cs
src/HeadlessDCGO.Engine/Assets/Scripts/Script/CardEffectCommons/CanUseEffects/WhenWouldLink.cs,WhenWouldLink.cs
src/HeadlessDCGO.Engine/Assets/Scripts/Script/CardEffectCommons/CanUseEffects/WhendAddSecurity.cs,WhendAddSecurity.cs
src/HeadlessDCGO.Engine/Assets/Scripts/Script/CardEffectCommons/CustomMessage.cs,CustomMessage.cs
src/HeadlessDCGO.Engine/Assets/Scripts/Script/CardEffectCommons/DNADigivolveEffects.cs,DNADigivolveEffects.cs
src/HeadlessDCGO.Engine/Assets/Scripts/Script/CardEffectCommons/DigiXrosEffects.cs,DigiXrosEffects.cs
src/HeadlessDCGO.Engine/Assets/Scripts/Script/CardEffectCommons/EffectChoiceHelpers.cs,EffectChoiceHelpers.cs
src/HeadlessDCGO.Engine/Assets/Scripts/Script/CardEffectCommons/GameContextDeterminarion.cs,GameContextDeterminarion.cs
src/HeadlessDCGO.Engine/Assets/Scripts/Script/CardEffectCommons/GetFromHashtable.cs,GetFromHashtable.cs
src/HeadlessDCGO.Engine/Assets/Scripts/Script/CardEffectCommons/GiveEffect/GiveEffectToPermanent/CanNoReturnToDeck.cs,CanNoReturnToDeck.cs
src/HeadlessDCGO.Engine/Assets/Scripts/Script/CardEffectCommons/GiveEffect/GiveEffectToPermanent/CanNotAttack.cs,CanNotAttack.cs
src/HeadlessDCGO.Engine/Assets/Scripts/Script/CardEffectCommons/GiveEffect/GiveEffectToPermanent/CanNotBeAttacked.cs,CanNotBeAttacked.cs
src/HeadlessDCGO.Engine/Assets/Scripts/Script/CardEffectCommons/GiveEffect/GiveEffectToPermanent/CanNotBeBlocked.cs,CanNotBeBlocked.cs
src/HeadlessDCGO.Engine/Assets/Scripts/Script/CardEffectCommons/GiveEffect/GiveEffectToPermanent/CanNotBeDeletedByBattle.cs,CanNotBeDeletedByBattle.cs
src/HeadlessDCGO.Engine/Assets/Scripts/Script/CardEffectCommons/GiveEffect/GiveEffectToPermanent/CanNotBeDeletedByEffect.cs,CanNotBeDeletedByEffect.cs
src/HeadlessDCGO.Engine/Assets/Scripts/Script/CardEffectCommons/GiveEffect/GiveEffectToPermanent/CanNotBlock.cs,CanNotBlock.cs
src/HeadlessDCGO.Engine/Assets/Scripts/Script/CardEffectCommons/GiveEffect/GiveEffectToPermanent/CanNotReturnToHand.cs,CanNotReturnToHand.cs
src/HeadlessDCGO.Engine/Assets/Scripts/Script/CardEffectCommons/GiveEffect/GiveEffectToPermanent/CanNotSuspend.cs,CanNotSuspend.cs
src/HeadlessDCGO.Engine/Assets/Scripts/Script/CardEffectCommons/GiveEffect/GiveEffectToPermanent/CanNotUnsuspend.cs,CanNotUnsuspend.cs
src/HeadlessDCGO.Engine/Assets/Scripts/Script/CardEffectCommons/GiveEffect/GiveEffectToPermanent/ChangeDP.cs,ChangeDP.cs
src/HeadlessDCGO.Engine/Assets/Scripts/Script/CardEffectCommons/GiveEffect/GiveEffectToPermanent/ChangeLinkMax.cs,ChangeLinkMax.cs
src/HeadlessDCGO.Engine/Assets/Scripts/Script/CardEffectCommons/GiveEffect/GiveEffectToPermanent/ChangeOriginDP.cs,ChangeOriginDP.cs
src/HeadlessDCGO.Engine/Assets/Scripts/Script/CardEffectCommons/GiveEffect/GiveEffectToPermanent/ChangeSAttack.cs,ChangeSAttack.cs
src/HeadlessDCGO.Engine/Assets/Scripts/Script/CardEffectCommons/GiveEffect/GiveEffectToPermanent/DeleteSelf.cs,DeleteSelf.cs
src/HeadlessDCGO.Engine/Assets/Scripts/Script/CardEffectCommons/GiveEffect/GiveEffectToPermanent/ImmuneFromDPMinus.cs,ImmuneFromDPMinus.cs
src/HeadlessDCGO.Engine/Assets/Scripts/Script/CardEffectCommons/GiveEffect/GiveEffectToPermanent/StartOfMainAttack.cs,StartOfMainAttack.cs
src/HeadlessDCGO.Engine/Assets/Scripts/Script/CardEffectCommons/GiveEffect/GiveEffectToPermanent/TamerBecomesDigimonThatCanNotDigivolve.cs,TamerBecomesDigimonThatCanNotDigivolve.cs
src/HeadlessDCGO.Engine/Assets/Scripts/Script/CardEffectCommons/GiveEffect/GiveEffectToPermanentOrPlayer.cs,GiveEffectToPermanentOrPlayer.cs
src/HeadlessDCGO.Engine/Assets/Scripts/Script/CardEffectCommons/GiveEffect/GiveEffectToPlayer/CanNoReturnToDeck.cs,CanNoReturnToDeck.cs
src/HeadlessDCGO.Engine/Assets/Scripts/Script/CardEffectCommons/GiveEffect/GiveEffectToPlayer/CanNotAttack.cs,CanNotAttack.cs
src/HeadlessDCGO.Engine/Assets/Scripts/Script/CardEffectCommons/GiveEffect/GiveEffectToPlayer/CanNotBeDeletedByBattle.cs,CanNotBeDeletedByBattle.cs
src/HeadlessDCGO.Engine/Assets/Scripts/Script/CardEffectCommons/GiveEffect/GiveEffectToPlayer/CanNotBlock.cs,CanNotBlock.cs
src/HeadlessDCGO.Engine/Assets/Scripts/Script/CardEffectCommons/GiveEffect/GiveEffectToPlayer/CanNotReturnToHand.cs,CanNotReturnToHand.cs
src/HeadlessDCGO.Engine/Assets/Scripts/Script/CardEffectCommons/GiveEffect/GiveEffectToPlayer/CanNotSuspend.cs,CanNotSuspend.cs
src/HeadlessDCGO.Engine/Assets/Scripts/Script/CardEffectCommons/GiveEffect/GiveEffectToPlayer/CanNotUnsuspend.cs,CanNotUnsuspend.cs
src/HeadlessDCGO.Engine/Assets/Scripts/Script/CardEffectCommons/GiveEffect/GiveEffectToPlayer/ChangeCardDP.cs,ChangeCardDP.cs
src/HeadlessDCGO.Engine/Assets/Scripts/Script/CardEffectCommons/GiveEffect/GiveEffectToPlayer/ChangeDP.cs,ChangeDP.cs
src/HeadlessDCGO.Engine/Assets/Scripts/Script/CardEffectCommons/GiveEffect/GiveEffectToPlayer/ChangeDigivolutionCost.cs,ChangeDigivolutionCost.cs
src/HeadlessDCGO.Engine/Assets/Scripts/Script/CardEffectCommons/GiveEffect/GiveEffectToPlayer/ChangePlayCost.cs,ChangePlayCost.cs
src/HeadlessDCGO.Engine/Assets/Scripts/Script/CardEffectCommons/GiveEffect/GiveEffectToPlayer/ChangeSAttack.cs,ChangeSAttack.cs
src/HeadlessDCGO.Engine/Assets/Scripts/Script/CardEffectCommons/GiveEffect/GiveEffectToPlayer/IgnoreDigivolutionRequirement.cs,IgnoreDigivolutionRequirement.cs
src/HeadlessDCGO.Engine/Assets/Scripts/Script/CardEffectCommons/GiveEffect/GiveEffectToPlayer/ImmuneFromDPMinus.cs,ImmuneFromDPMinus.cs
src/HeadlessDCGO.Engine/Assets/Scripts/Script/CardEffectCommons/HashtableSetting.cs,HashtableSetting.cs
src/HeadlessDCGO.Engine/Assets/Scripts/Script/CardEffectCommons/IsDigivolvedByTheEffect.cs,IsDigivolvedByTheEffect.cs
src/HeadlessDCGO.Engine/Assets/Scripts/Script/CardEffectCommons/KeyWordEffects/Alliance.cs,Alliance.cs
src/HeadlessDCGO.Engine/Assets/Scripts/Script/CardEffectCommons/KeyWordEffects/ArmorPurge.cs,ArmorPurge.cs
src/HeadlessDCGO.Engine/Assets/Scripts/Script/CardEffectCommons/KeyWordEffects/Ascension.cs,Ascension.cs
src/HeadlessDCGO.Engine/Assets/Scripts/Script/CardEffectCommons/KeyWordEffects/Barrier.cs,Barrier.cs
src/HeadlessDCGO.Engine/Assets/Scripts/Script/CardEffectCommons/KeyWordEffects/Blitz.cs,Blitz.cs
src/HeadlessDCGO.Engine/Assets/Scripts/Script/CardEffectCommons/KeyWordEffects/Blocker.cs,Blocker.cs
src/HeadlessDCGO.Engine/Assets/Scripts/Script/CardEffectCommons/KeyWordEffects/Collision.cs,Collision.cs
src/HeadlessDCGO.Engine/Assets/Scripts/Script/CardEffectCommons/KeyWordEffects/Decode.cs,Decode.cs
src/HeadlessDCGO.Engine/Assets/Scripts/Script/CardEffectCommons/KeyWordEffects/Decoy.cs,Decoy.cs
src/HeadlessDCGO.Engine/Assets/Scripts/Script/CardEffectCommons/KeyWordEffects/Evade.cs,Evade.cs
src/HeadlessDCGO.Engine/Assets/Scripts/Script/CardEffectCommons/KeyWordEffects/Execute.cs,Execute.cs
src/HeadlessDCGO.Engine/Assets/Scripts/Script/CardEffectCommons/KeyWordEffects/Fortitude.cs,Fortitude.cs
src/HeadlessDCGO.Engine/Assets/Scripts/Script/CardEffectCommons/KeyWordEffects/Fragment.cs,Fragment.cs
src/HeadlessDCGO.Engine/Assets/Scripts/Script/CardEffectCommons/KeyWordEffects/Iceclad.cs,Iceclad.cs
src/HeadlessDCGO.Engine/Assets/Scripts/Script/CardEffectCommons/KeyWordEffects/Jamming.cs,Jamming.cs
src/HeadlessDCGO.Engine/Assets/Scripts/Script/CardEffectCommons/KeyWordEffects/MaterialSave.cs,MaterialSave.cs
src/HeadlessDCGO.Engine/Assets/Scripts/Script/CardEffectCommons/KeyWordEffects/MindLink.cs,MindLink.cs
src/HeadlessDCGO.Engine/Assets/Scripts/Script/CardEffectCommons/KeyWordEffects/Overclock.cs,Overclock.cs
src/HeadlessDCGO.Engine/Assets/Scripts/Script/CardEffectCommons/KeyWordEffects/Partition.cs,Partition.cs
src/HeadlessDCGO.Engine/Assets/Scripts/Script/CardEffectCommons/KeyWordEffects/Pierce.cs,Pierce.cs
src/HeadlessDCGO.Engine/Assets/Scripts/Script/CardEffectCommons/KeyWordEffects/Progress.cs,Progress.cs
src/HeadlessDCGO.Engine/Assets/Scripts/Script/CardEffectCommons/KeyWordEffects/Raid.cs,Raid.cs
src/HeadlessDCGO.Engine/Assets/Scripts/Script/CardEffectCommons/KeyWordEffects/Reboot.cs,Reboot.cs
src/HeadlessDCGO.Engine/Assets/Scripts/Script/CardEffectCommons/KeyWordEffects/Retaliation.cs,Retaliation.cs
src/HeadlessDCGO.Engine/Assets/Scripts/Script/CardEffectCommons/KeyWordEffects/Rush.cs,Rush.cs
src/HeadlessDCGO.Engine/Assets/Scripts/Script/CardEffectCommons/KeyWordEffects/Save.cs,Save.cs
src/HeadlessDCGO.Engine/Assets/Scripts/Script/CardEffectCommons/KeyWordEffects/Scapegoat.cs,Scapegoat.cs
src/HeadlessDCGO.Engine/Assets/Scripts/Script/CardEffectCommons/KeyWordEffects/Training.cs,Training.cs
src/HeadlessDCGO.Engine/Assets/Scripts/Script/CardEffectCommons/KeyWordEffects/Vortex.cs,Vortex.cs
src/HeadlessDCGO.Engine/Assets/Scripts/Script/CardEffectCommons/MinMax_DP_Cost_Level/Cost/IsMaxCost.cs,IsMaxCost.cs
src/HeadlessDCGO.Engine/Assets/Scripts/Script/CardEffectCommons/MinMax_DP_Cost_Level/Cost/IsMinCost.cs,IsMinCost.cs
src/HeadlessDCGO.Engine/Assets/Scripts/Script/CardEffectCommons/MinMax_DP_Cost_Level/DP/IsMaxDP.cs,IsMaxDP.cs
src/HeadlessDCGO.Engine/Assets/Scripts/Script/CardEffectCommons/MinMax_DP_Cost_Level/DP/IsMinDP.cs,IsMinDP.cs
src/HeadlessDCGO.Engine/Assets/Scripts/Script/CardEffectCommons/MinMax_DP_Cost_Level/DigivolutionCards/IsMinDigivolutionCards.cs,IsMinDigivolutionCards.cs
src/HeadlessDCGO.Engine/Assets/Scripts/Script/CardEffectCommons/MinMax_DP_Cost_Level/Level/IsMaxLevel.cs,IsMaxLevel.cs
src/HeadlessDCGO.Engine/Assets/Scripts/Script/CardEffectCommons/MinMax_DP_Cost_Level/Level/IsMinLevel.cs,IsMinLevel.cs
src/HeadlessDCGO.Engine/Assets/Scripts/Script/CardEffectCommons/NewModelContinuousScan.cs,NewModelContinuousScan.cs
src/HeadlessDCGO.Engine/Assets/Scripts/Script/CardEffectCommons/ReplacementHelpers.cs,ReplacementHelpers.cs
src/HeadlessDCGO.Engine/Assets/Scripts/Script/CardEffectCommons/RestrictionHelpers.cs,RestrictionHelpers.cs
src/HeadlessDCGO.Engine/Assets/Scripts/Script/CardEffectCommons/RevealLibrary.cs,RevealLibrary.cs
src/HeadlessDCGO.Engine/Assets/Scripts/Script/CardEffectCommons/ShowReducedCost.cs,ShowReducedCost.cs
src/HeadlessDCGO.Engine/Assets/Scripts/Script/CardEffectCommons/TrashDigivolutionCards.cs,TrashDigivolutionCards.cs
src/HeadlessDCGO.Engine/Assets/Scripts/Script/CardEffectCommons/TrashLinkedCards.cs,TrashLinkedCards.cs
src/HeadlessDCGO.Engine/Assets/Scripts/Script/CardEffectFactory.cs,CardEffectFactory.cs
src/HeadlessDCGO.Engine/Assets/Scripts/Script/CardEffectFactory/AddAppfusionMethod.cs,AddAppfusionMethod.cs
src/HeadlessDCGO.Engine/Assets/Scripts/Script/CardEffectFactory/AddDigivolutionRequirement.cs,AddDigivolutionRequirement.cs
src/HeadlessDCGO.Engine/Assets/Scripts/Script/CardEffectFactory/AddLinkRequirement.cs,AddLinkRequirement.cs
src/HeadlessDCGO.Engine/Assets/Scripts/Script/CardEffectFactory/CanNoReturnToDeck.cs,CanNoReturnToDeck.cs
src/HeadlessDCGO.Engine/Assets/Scripts/Script/CardEffectFactory/CanNotAttack.cs,CanNotAttack.cs
src/HeadlessDCGO.Engine/Assets/Scripts/Script/CardEffectFactory/CanNotBeAttacked.cs,CanNotBeAttacked.cs
src/HeadlessDCGO.Engine/Assets/Scripts/Script/CardEffectFactory/CanNotBeBlocked.cs,CanNotBeBlocked.cs
src/HeadlessDCGO.Engine/Assets/Scripts/Script/CardEffectFactory/CanNotBeDeleted.cs,CanNotBeDeleted.cs
src/HeadlessDCGO.Engine/Assets/Scripts/Script/CardEffectFactory/CanNotBeDeletedByBattle.cs,CanNotBeDeletedByBattle.cs
src/HeadlessDCGO.Engine/Assets/Scripts/Script/CardEffectFactory/CanNotBeDeletedByEffect.cs,CanNotBeDeletedByEffect.cs
src/HeadlessDCGO.Engine/Assets/Scripts/Script/CardEffectFactory/CanNotBeRemoved.cs,CanNotBeRemoved.cs
src/HeadlessDCGO.Engine/Assets/Scripts/Script/CardEffectFactory/CanNotBeTrashedByEffect.cs,CanNotBeTrashedByEffect.cs
src/HeadlessDCGO.Engine/Assets/Scripts/Script/CardEffectFactory/CanNotBlock.cs,CanNotBlock.cs
src/HeadlessDCGO.Engine/Assets/Scripts/Script/CardEffectFactory/CanNotDigivolve.cs,CanNotDigivolve.cs
src/HeadlessDCGO.Engine/Assets/Scripts/Script/CardEffectFactory/CanNotReturnToHand.cs,CanNotReturnToHand.cs
src/HeadlessDCGO.Engine/Assets/Scripts/Script/CardEffectFactory/CanNotSuspend.cs,CanNotSuspend.cs
src/HeadlessDCGO.Engine/Assets/Scripts/Script/CardEffectFactory/CanNotUnsuspend.cs,CanNotUnsuspend.cs
src/HeadlessDCGO.Engine/Assets/Scripts/Script/CardEffectFactory/ChangeCardDP.cs,ChangeCardDP.cs
src/HeadlessDCGO.Engine/Assets/Scripts/Script/CardEffectFactory/ChangeDP.cs,ChangeDP.cs
src/HeadlessDCGO.Engine/Assets/Scripts/Script/CardEffectFactory/ChangeDigivolutionCost.cs,ChangeDigivolutionCost.cs
src/HeadlessDCGO.Engine/Assets/Scripts/Script/CardEffectFactory/ChangeLinkMax.cs,ChangeLinkMax.cs
src/HeadlessDCGO.Engine/Assets/Scripts/Script/CardEffectFactory/ChangeOriginDP.cs,ChangeOriginDP.cs
src/HeadlessDCGO.Engine/Assets/Scripts/Script/CardEffectFactory/ChangePlayCost.cs,ChangePlayCost.cs
src/HeadlessDCGO.Engine/Assets/Scripts/Script/CardEffectFactory/ChangeSAttack.cs,ChangeSAttack.cs
src/HeadlessDCGO.Engine/Assets/Scripts/Script/CardEffectFactory/ImmuneFromDPMinus.cs,ImmuneFromDPMinus.cs
src/HeadlessDCGO.Engine/Assets/Scripts/Script/CardEffectFactory/KeyWordEffects/Alliance.cs,Alliance.cs
src/HeadlessDCGO.Engine/Assets/Scripts/Script/CardEffectFactory/KeyWordEffects/ArmorPurge.cs,ArmorPurge.cs
src/HeadlessDCGO.Engine/Assets/Scripts/Script/CardEffectFactory/KeyWordEffects/ArtsDigivolve.cs,ArtsDigivolve.cs
src/HeadlessDCGO.Engine/Assets/Scripts/Script/CardEffectFactory/KeyWordEffects/Ascension.cs,Ascension.cs
src/HeadlessDCGO.Engine/Assets/Scripts/Script/CardEffectFactory/KeyWordEffects/Barrier.cs,Barrier.cs
src/HeadlessDCGO.Engine/Assets/Scripts/Script/CardEffectFactory/KeyWordEffects/BlastDNADigivolution.cs,BlastDNADigivolution.cs
src/HeadlessDCGO.Engine/Assets/Scripts/Script/CardEffectFactory/KeyWordEffects/BlastDigivolution.cs,BlastDigivolution.cs
src/HeadlessDCGO.Engine/Assets/Scripts/Script/CardEffectFactory/KeyWordEffects/Blitz.cs,Blitz.cs
src/HeadlessDCGO.Engine/Assets/Scripts/Script/CardEffectFactory/KeyWordEffects/Blocker.cs,Blocker.cs
src/HeadlessDCGO.Engine/Assets/Scripts/Script/CardEffectFactory/KeyWordEffects/Collision.cs,Collision.cs
src/HeadlessDCGO.Engine/Assets/Scripts/Script/CardEffectFactory/KeyWordEffects/Decode.cs,Decode.cs
src/HeadlessDCGO.Engine/Assets/Scripts/Script/CardEffectFactory/KeyWordEffects/Decoy.cs,Decoy.cs
src/HeadlessDCGO.Engine/Assets/Scripts/Script/CardEffectFactory/KeyWordEffects/Evade.cs,Evade.cs
src/HeadlessDCGO.Engine/Assets/Scripts/Script/CardEffectFactory/KeyWordEffects/Execute.cs,Execute.cs
src/HeadlessDCGO.Engine/Assets/Scripts/Script/CardEffectFactory/KeyWordEffects/Fortitude.cs,Fortitude.cs
src/HeadlessDCGO.Engine/Assets/Scripts/Script/CardEffectFactory/KeyWordEffects/Fragment.cs,Fragment.cs
src/HeadlessDCGO.Engine/Assets/Scripts/Script/CardEffectFactory/KeyWordEffects/Iceclad.cs,Iceclad.cs
src/HeadlessDCGO.Engine/Assets/Scripts/Script/CardEffectFactory/KeyWordEffects/Jamming.cs,Jamming.cs
src/HeadlessDCGO.Engine/Assets/Scripts/Script/CardEffectFactory/KeyWordEffects/Link.cs,Link.cs
src/HeadlessDCGO.Engine/Assets/Scripts/Script/CardEffectFactory/KeyWordEffects/MaterialSave.cs,MaterialSave.cs
src/HeadlessDCGO.Engine/Assets/Scripts/Script/CardEffectFactory/KeyWordEffects/Overclock.cs,Overclock.cs
src/HeadlessDCGO.Engine/Assets/Scripts/Script/CardEffectFactory/KeyWordEffects/Partition.cs,Partition.cs
src/HeadlessDCGO.Engine/Assets/Scripts/Script/CardEffectFactory/KeyWordEffects/Pierce.cs,Pierce.cs
src/HeadlessDCGO.Engine/Assets/Scripts/Script/CardEffectFactory/KeyWordEffects/Progress.cs,Progress.cs
src/HeadlessDCGO.Engine/Assets/Scripts/Script/CardEffectFactory/KeyWordEffects/Raid.cs,Raid.cs
src/HeadlessDCGO.Engine/Assets/Scripts/Script/CardEffectFactory/KeyWordEffects/Reboot.cs,Reboot.cs
src/HeadlessDCGO.Engine/Assets/Scripts/Script/CardEffectFactory/KeyWordEffects/Retaliation.cs,Retaliation.cs
src/HeadlessDCGO.Engine/Assets/Scripts/Script/CardEffectFactory/KeyWordEffects/Rush.cs,Rush.cs
src/HeadlessDCGO.Engine/Assets/Scripts/Script/CardEffectFactory/KeyWordEffects/Save.cs,Save.cs
src/HeadlessDCGO.Engine/Assets/Scripts/Script/CardEffectFactory/KeyWordEffects/Scapegoat.cs,Scapegoat.cs
src/HeadlessDCGO.Engine/Assets/Scripts/Script/CardEffectFactory/KeyWordEffects/Training.cs,Training.cs
src/HeadlessDCGO.Engine/Assets/Scripts/Script/CardEffectFactory/KeyWordEffects/Vortex.cs,Vortex.cs
src/HeadlessDCGO.Engine/Assets/Scripts/Script/CardEffectFactory/TreatAsDigimon.cs,TreatAsDigimon.cs
src/HeadlessDCGO.Engine/Assets/Scripts/Script/CardEffectFactory/VortexCanAttackPlayers.cs,VortexCanAttackPlayers.cs
src/HeadlessDCGO.Engine/Assets/Scripts/Script/CardEffectInterfaces.cs,CardEffectInterfaces.cs
src/HeadlessDCGO.Engine/Assets/Scripts/Script/CardEffects/ActivateClass.cs,ActivateClass.cs
src/HeadlessDCGO.Engine/Assets/Scripts/Script/CardEffects/AddAppFusionConditionClass.cs,AddAppFusionConditionClass.cs
src/HeadlessDCGO.Engine/Assets/Scripts/Script/CardEffects/AddAssemblyConditionClass.cs,AddAssemblyConditionClass.cs
src/HeadlessDCGO.Engine/Assets/Scripts/Script/CardEffects/AddBurstDigivolutionConditionClass.cs,AddBurstDigivolutionConditionClass.cs
src/HeadlessDCGO.Engine/Assets/Scripts/Script/CardEffects/AddDetailClass.cs,AddDetailClass.cs
src/HeadlessDCGO.Engine/Assets/Scripts/Script/CardEffects/AddDigiXrosConditionClass.cs,AddDigiXrosConditionClass.cs
src/HeadlessDCGO.Engine/Assets/Scripts/Script/CardEffects/AddEvolutionConditionClass.cs,AddEvolutionConditionClass.cs
src/HeadlessDCGO.Engine/Assets/Scripts/Script/CardEffects/AddJogressConditionClass.cs,AddJogressConditionClass.cs
src/HeadlessDCGO.Engine/Assets/Scripts/Script/CardEffects/AddJogressLevelsClass.cs,AddJogressLevelsClass.cs
src/HeadlessDCGO.Engine/Assets/Scripts/Script/CardEffects/AddLinkConditionClass.cs,AddLinkConditionClass.cs
src/HeadlessDCGO.Engine/Assets/Scripts/Script/CardEffects/AddMaxTrashCountDigiXrosClass.cs,AddMaxTrashCountDigiXrosClass.cs
src/HeadlessDCGO.Engine/Assets/Scripts/Script/CardEffects/AddMaxUnderTamerCountDigiXrosClass.cs,AddMaxUnderTamerCountDigiXrosClass.cs
src/HeadlessDCGO.Engine/Assets/Scripts/Script/CardEffects/AddSkillClass.cs,AddSkillClass.cs
src/HeadlessDCGO.Engine/Assets/Scripts/Script/CardEffects/BlockerClass.cs,BlockerClass.cs
src/HeadlessDCGO.Engine/Assets/Scripts/Script/CardEffects/CanAttackTargetDefendingPermanentClass.cs,CanAttackTargetDefendingPermanentClass.cs
src/HeadlessDCGO.Engine/Assets/Scripts/Script/CardEffects/CanNotAffectedClass.cs,CanNotAffectedClass.cs
src/HeadlessDCGO.Engine/Assets/Scripts/Script/CardEffects/CanNotAttackTargetDefendingPermanentClass.cs,CanNotAttackTargetDefendingPermanentClass.cs
src/HeadlessDCGO.Engine/Assets/Scripts/Script/CardEffects/CanNotBeDestroyedByBattleClass.cs,CanNotBeDestroyedByBattleClass.cs
src/HeadlessDCGO.Engine/Assets/Scripts/Script/CardEffects/CanNotBeDestroyedBySkillClass.cs,CanNotBeDestroyedBySkillClass.cs
src/HeadlessDCGO.Engine/Assets/Scripts/Script/CardEffects/CanNotBeDestroyedClass.cs,CanNotBeDestroyedClass.cs
src/HeadlessDCGO.Engine/Assets/Scripts/Script/CardEffects/CanNotBeRemovedClass.cs,CanNotBeRemovedClass.cs
src/HeadlessDCGO.Engine/Assets/Scripts/Script/CardEffects/CanNotEvolveClass.cs,CanNotEvolveClass.cs
src/HeadlessDCGO.Engine/Assets/Scripts/Script/CardEffects/CanNotMoveClass.cs,CanNotMoveClass.cs
src/HeadlessDCGO.Engine/Assets/Scripts/Script/CardEffects/CanNotPlayClass.cs,CanNotPlayClass.cs
src/HeadlessDCGO.Engine/Assets/Scripts/Script/CardEffects/CanNotPutFieldClass.cs,CanNotPutFieldClass.cs
src/HeadlessDCGO.Engine/Assets/Scripts/Script/CardEffects/CanNotSelectBySkillClass.cs,CanNotSelectBySkillClass.cs
src/HeadlessDCGO.Engine/Assets/Scripts/Script/CardEffects/CanNotSuspendClass.cs,CanNotSuspendClass.cs
src/HeadlessDCGO.Engine/Assets/Scripts/Script/CardEffects/CanNotSwitchAttackTargetClass.cs,CanNotSwitchAttackTargetClass.cs
src/HeadlessDCGO.Engine/Assets/Scripts/Script/CardEffects/CanNotTrashFromDigivolutionCardsClass.cs,CanNotTrashFromDigivolutionCardsClass.cs
src/HeadlessDCGO.Engine/Assets/Scripts/Script/CardEffects/CanNotUnsuspendClass.cs,CanNotUnsuspendClass.cs
src/HeadlessDCGO.Engine/Assets/Scripts/Script/CardEffects/CanSelectAssemblyClass.cs,CanSelectAssemblyClass.cs
src/HeadlessDCGO.Engine/Assets/Scripts/Script/CardEffects/CanSelectDigiXrosClass.cs,CanSelectDigiXrosClass.cs
src/HeadlessDCGO.Engine/Assets/Scripts/Script/CardEffects/CanSuspendByDigisorptionClass.cs,CanSuspendByDigisorptionClass.cs
src/HeadlessDCGO.Engine/Assets/Scripts/Script/CardEffects/CannotAddMemoryClass.cs,CannotAddMemoryClass.cs
src/HeadlessDCGO.Engine/Assets/Scripts/Script/CardEffects/CannotAddSecurityClass.cs,CannotAddSecurityClass.cs
src/HeadlessDCGO.Engine/Assets/Scripts/Script/CardEffects/CannotBlockClass.cs,CannotBlockClass.cs
src/HeadlessDCGO.Engine/Assets/Scripts/Script/CardEffects/CannotIgnoreDigivolutionConditionClass.cs,CannotIgnoreDigivolutionConditionClass.cs
src/HeadlessDCGO.Engine/Assets/Scripts/Script/CardEffects/CannotReduceCostClass.cs,CannotReduceCostClass.cs
src/HeadlessDCGO.Engine/Assets/Scripts/Script/CardEffects/CannotReturnToHandClass.cs,CannotReturnToHandClass.cs
src/HeadlessDCGO.Engine/Assets/Scripts/Script/CardEffects/CannotReturnToLibraryClass.cs,CannotReturnToLibraryClass.cs
src/HeadlessDCGO.Engine/Assets/Scripts/Script/CardEffects/ChangeBaseCardColorClass.cs,ChangeBaseCardColorClass.cs
src/HeadlessDCGO.Engine/Assets/Scripts/Script/CardEffects/ChangeBaseCardNameClass.cs,ChangeBaseCardNameClass.cs
src/HeadlessDCGO.Engine/Assets/Scripts/Script/CardEffects/ChangeBaseDPClass.cs,ChangeBaseDPClass.cs
src/HeadlessDCGO.Engine/Assets/Scripts/Script/CardEffects/ChangeCardColorClass.cs,ChangeCardColorClass.cs
src/HeadlessDCGO.Engine/Assets/Scripts/Script/CardEffects/ChangeCardDPClass.cs,ChangeCardDPClass.cs
src/HeadlessDCGO.Engine/Assets/Scripts/Script/CardEffects/ChangeCardLevelClass .cs,ChangeCardLevelClass .cs
src/HeadlessDCGO.Engine/Assets/Scripts/Script/CardEffects/ChangeCardLevelForAssemblyClass.cs,ChangeCardLevelForAssemblyClass.cs
src/HeadlessDCGO.Engine/Assets/Scripts/Script/CardEffects/ChangeCardNamesClass.cs,ChangeCardNamesClass.cs
src/HeadlessDCGO.Engine/Assets/Scripts/Script/CardEffects/ChangeCardNamesForDigiXrosClass.cs,ChangeCardNamesForDigiXrosClass.cs
src/HeadlessDCGO.Engine/Assets/Scripts/Script/CardEffects/ChangeCostClass.cs,ChangeCostClass.cs
src/HeadlessDCGO.Engine/Assets/Scripts/Script/CardEffects/ChangeDPClass.cs,ChangeDPClass.cs
src/HeadlessDCGO.Engine/Assets/Scripts/Script/CardEffects/ChangeDPDeleteEffectMaxDPClass.cs,ChangeDPDeleteEffectMaxDPClass.cs
src/HeadlessDCGO.Engine/Assets/Scripts/Script/CardEffects/ChangeEndTurnMinMemoryClass.cs,ChangeEndTurnMinMemoryClass.cs
src/HeadlessDCGO.Engine/Assets/Scripts/Script/CardEffects/ChangeLinkCostClass.cs,ChangeLinkCostClass.cs
src/HeadlessDCGO.Engine/Assets/Scripts/Script/CardEffects/ChangeLinkMaxClass.cs,ChangeLinkMaxClass.cs
src/HeadlessDCGO.Engine/Assets/Scripts/Script/CardEffects/ChangePermanentLevelClass.cs,ChangePermanentLevelClass.cs
src/HeadlessDCGO.Engine/Assets/Scripts/Script/CardEffects/ChangeSAttackClass.cs,ChangeSAttackClass.cs
src/HeadlessDCGO.Engine/Assets/Scripts/Script/CardEffects/ChangeTraitsClass.cs,ChangeTraitsClass.cs
src/HeadlessDCGO.Engine/Assets/Scripts/Script/CardEffects/CollisionClass.cs,CollisionClass.cs
src/HeadlessDCGO.Engine/Assets/Scripts/Script/CardEffects/DisableEffectClass.cs,DisableEffectClass.cs
src/HeadlessDCGO.Engine/Assets/Scripts/Script/CardEffects/DontBattleSecurityDigimonClass.cs,DontBattleSecurityDigimonClass.cs
src/HeadlessDCGO.Engine/Assets/Scripts/Script/CardEffects/DontHaveDPClass.cs,DontHaveDPClass.cs
src/HeadlessDCGO.Engine/Assets/Scripts/Script/CardEffects/IcecladClass.cs,IcecladClass.cs
src/HeadlessDCGO.Engine/Assets/Scripts/Script/CardEffects/IgnoreColorConditionClass.cs,IgnoreColorConditionClass.cs
src/HeadlessDCGO.Engine/Assets/Scripts/Script/CardEffects/ImmuneFromDPMinusClass.cs,ImmuneFromDPMinusClass.cs
src/HeadlessDCGO.Engine/Assets/Scripts/Script/CardEffects/ImmuneFromDeDigivolveClass.cs,ImmuneFromDeDigivolveClass.cs
src/HeadlessDCGO.Engine/Assets/Scripts/Script/CardEffects/ImmuneFromStackTrashingClass.cs,ImmuneFromStackTrashingClass.cs
src/HeadlessDCGO.Engine/Assets/Scripts/Script/CardEffects/InvertSAttackClass.cs,InvertSAttackClass.cs
src/HeadlessDCGO.Engine/Assets/Scripts/Script/CardEffects/RebootClass.cs,RebootClass.cs
src/HeadlessDCGO.Engine/Assets/Scripts/Script/CardEffects/RestrictionCarriers.cs,RestrictionCarriers.cs
src/HeadlessDCGO.Engine/Assets/Scripts/Script/CardEffects/RushClass.cs,RushClass.cs
src/HeadlessDCGO.Engine/Assets/Scripts/Script/CardEffects/ScapegoatClass.cs,ScapegoatClass.cs
src/HeadlessDCGO.Engine/Assets/Scripts/Script/CardEffects/TreatAsDigimonClass.cs,TreatAsDigimonClass.cs
src/HeadlessDCGO.Engine/Assets/Scripts/Script/CardEffects/VortexCanAttackPlayersClass.cs,VortexCanAttackPlayersClass.cs
src/HeadlessDCGO.Engine/Assets/Scripts/Script/CardInfo.cs,CardInfo.cs
src/HeadlessDCGO.Engine/Assets/Scripts/Script/CardObjectController.cs,CardObjectController.cs
src/HeadlessDCGO.Engine/Assets/Scripts/Script/CardPrefab_CreateDeck.cs,CardPrefab_CreateDeck.cs
src/HeadlessDCGO.Engine/Assets/Scripts/Script/CardSource.cs,CardSource.cs
src/HeadlessDCGO.Engine/Assets/Scripts/Script/CheckCardPanel.cs,CheckCardPanel.cs
src/HeadlessDCGO.Engine/Assets/Scripts/Script/CheckEffectDisabledClass.cs,CheckEffectDisabledClass.cs
src/HeadlessDCGO.Engine/Assets/Scripts/Script/Combinations.cs,Combinations.cs
src/HeadlessDCGO.Engine/Assets/Scripts/Script/ContinuousController.cs,ContinuousController.cs
src/HeadlessDCGO.Engine/Assets/Scripts/Script/ConvertBinaryNumber.cs,ConvertBinaryNumber.cs
src/HeadlessDCGO.Engine/Assets/Scripts/Script/CreateNewDeckButton.cs,CreateNewDeckButton.cs
src/HeadlessDCGO.Engine/Assets/Scripts/Script/CutInProcess.cs,CutInProcess.cs
src/HeadlessDCGO.Engine/Assets/Scripts/Script/DataBase.cs,DataBase.cs
src/HeadlessDCGO.Engine/Assets/Scripts/Script/DeckBuildingRule.cs,DeckBuildingRule.cs
src/HeadlessDCGO.Engine/Assets/Scripts/Script/DeckCodeUtility.cs,DeckCodeUtility.cs
src/HeadlessDCGO.Engine/Assets/Scripts/Script/DeckData.cs,DeckData.cs
src/HeadlessDCGO.Engine/Assets/Scripts/Script/DeckInfoPanel.cs,DeckInfoPanel.cs
src/HeadlessDCGO.Engine/Assets/Scripts/Script/DeckListPanel.cs,DeckListPanel.cs
src/HeadlessDCGO.Engine/Assets/Scripts/Script/DetailCard_DeckEditor.cs,DetailCard_DeckEditor.cs
src/HeadlessDCGO.Engine/Assets/Scripts/Script/DigiXrosEffectObject.cs,DigiXrosEffectObject.cs
src/HeadlessDCGO.Engine/Assets/Scripts/Script/EditDeck.cs,EditDeck.cs
src/HeadlessDCGO.Engine/Assets/Scripts/Script/Effect Examples/Link_Examples.cs,Link_Examples.cs
src/HeadlessDCGO.Engine/Assets/Scripts/Script/Effects.cs,Effects.cs
src/HeadlessDCGO.Engine/Assets/Scripts/Script/FieldPermanentCard.cs,FieldPermanentCard.cs
src/HeadlessDCGO.Engine/Assets/Scripts/Script/GManager.cs,GManager.cs
src/HeadlessDCGO.Engine/Assets/Scripts/Script/GSSReader.cs,GSSReader.cs
src/HeadlessDCGO.Engine/Assets/Scripts/Script/GameContext.cs,GameContext.cs
src/HeadlessDCGO.Engine/Assets/Scripts/Script/GameRandom.cs,GameRandom.cs
src/HeadlessDCGO.Engine/Assets/Scripts/Script/HandCard.cs,HandCard.cs
src/HeadlessDCGO.Engine/Assets/Scripts/Script/ICardEffect.cs,ICardEffect.cs
src/HeadlessDCGO.Engine/Assets/Scripts/Script/IEnumerableExtension.cs,IEnumerableExtension.cs
src/HeadlessDCGO.Engine/Assets/Scripts/Script/JogressEffectObject.cs,JogressEffectObject.cs
src/HeadlessDCGO.Engine/Assets/Scripts/Script/JsonSerializedClass.cs,JsonSerializedClass.cs
src/HeadlessDCGO.Engine/Assets/Scripts/Script/LoadCSV_CardEntity.cs,LoadCSV_CardEntity.cs
src/HeadlessDCGO.Engine/Assets/Scripts/Script/LoadJSON_CardEntity.cs,LoadJSON_CardEntity.cs
src/HeadlessDCGO.Engine/Assets/Scripts/Script/MainPhaseAction/ActivateCardAction.cs,ActivateCardAction.cs
src/HeadlessDCGO.Engine/Assets/Scripts/Script/MainPhaseAction/ActivatePermanentAction.cs,ActivatePermanentAction.cs
src/HeadlessDCGO.Engine/Assets/Scripts/Script/MainPhaseAction/AttackPermanentAction.cs,AttackPermanentAction.cs
src/HeadlessDCGO.Engine/Assets/Scripts/Script/MainPhaseAction/CheatAction.cs,CheatAction.cs
src/HeadlessDCGO.Engine/Assets/Scripts/Script/MainPhaseAction/MainPhaseAction.cs,MainPhaseAction.cs
src/HeadlessDCGO.Engine/Assets/Scripts/Script/MainPhaseAction/PassAction.cs,PassAction.cs
src/HeadlessDCGO.Engine/Assets/Scripts/Script/MainPhaseAction/PlayCardAction.cs,PlayCardAction.cs
src/HeadlessDCGO.Engine/Assets/Scripts/Script/MultipleSkills.cs,MultipleSkills.cs
src/HeadlessDCGO.Engine/Assets/Scripts/Script/Networking/GamePacketFactory.cs,GamePacketFactory.cs
src/HeadlessDCGO.Engine/Assets/Scripts/Script/Networking/GamePacketRegistration.cs,GamePacketRegistration.cs
src/HeadlessDCGO.Engine/Assets/Scripts/Script/Networking/IGamePacket.cs,IGamePacket.cs
src/HeadlessDCGO.Engine/Assets/Scripts/Script/NextPhaseButton.cs,NextPhaseButton.cs
src/HeadlessDCGO.Engine/Assets/Scripts/Script/OfficialCardListUtility.cs,OfficialCardListUtility.cs
src/HeadlessDCGO.Engine/Assets/Scripts/Script/OptionResolutionClass.cs,OptionResolutionClass.cs
src/HeadlessDCGO.Engine/Assets/Scripts/Script/OptionalSkill.cs,OptionalSkill.cs
src/HeadlessDCGO.Engine/Assets/Scripts/Script/Permanent.cs,Permanent.cs
src/HeadlessDCGO.Engine/Assets/Scripts/Script/PermanentDetail.cs,PermanentDetail.cs
src/HeadlessDCGO.Engine/Assets/Scripts/Script/PermanentEffectFactory.cs,PermanentEffectFactory.cs
src/HeadlessDCGO.Engine/Assets/Scripts/Script/Player.cs,Player.cs
src/HeadlessDCGO.Engine/Assets/Scripts/Script/PlayerSelection/CardSelection.cs,CardSelection.cs
src/HeadlessDCGO.Engine/Assets/Scripts/Script/PlayerSelection/IPlayerSelection.cs,IPlayerSelection.cs
src/HeadlessDCGO.Engine/Assets/Scripts/Script/PlayerSelection/PermanentSelection.cs,PermanentSelection.cs
src/HeadlessDCGO.Engine/Assets/Scripts/Script/PlayerSelection/ValueSelection.cs,ValueSelection.cs
src/HeadlessDCGO.Engine/Assets/Scripts/Script/SelectAppFusionEffect.cs,SelectAppFusionEffect.cs
src/HeadlessDCGO.Engine/Assets/Scripts/Script/SelectAssemblyClass.cs,SelectAssemblyClass.cs
src/HeadlessDCGO.Engine/Assets/Scripts/Script/SelectAttackEffect.cs,SelectAttackEffect.cs
src/HeadlessDCGO.Engine/Assets/Scripts/Script/SelectBurstDigivolutionEffect.cs,SelectBurstDigivolutionEffect.cs
src/HeadlessDCGO.Engine/Assets/Scripts/Script/SelectCardEffect.cs,SelectCardEffect.cs
src/HeadlessDCGO.Engine/Assets/Scripts/Script/SelectCardPanel.cs,SelectCardPanel.cs
src/HeadlessDCGO.Engine/Assets/Scripts/Script/SelectCountEffect.cs,SelectCountEffect.cs
src/HeadlessDCGO.Engine/Assets/Scripts/Script/SelectDNACondition.cs,SelectDNACondition.cs
src/HeadlessDCGO.Engine/Assets/Scripts/Script/SelectDeck.cs,SelectDeck.cs
src/HeadlessDCGO.Engine/Assets/Scripts/Script/SelectDigiXrosClass.cs,SelectDigiXrosClass.cs
src/HeadlessDCGO.Engine/Assets/Scripts/Script/SelectHandEffect.cs,SelectHandEffect.cs
src/HeadlessDCGO.Engine/Assets/Scripts/Script/SelectJogressEffect.cs,SelectJogressEffect.cs
src/HeadlessDCGO.Engine/Assets/Scripts/Script/SelectPermanentEffect.cs,SelectPermanentEffect.cs
src/HeadlessDCGO.Engine/Assets/Scripts/Script/ShowPhaseNotificationObject.cs,ShowPhaseNotificationObject.cs
src/HeadlessDCGO.Engine/Assets/Scripts/Script/ShowPhaseObject.cs,ShowPhaseObject.cs
src/HeadlessDCGO.Engine/Assets/Scripts/Script/ShuffleDeckCode.cs,ShuffleDeckCode.cs
src/HeadlessDCGO.Engine/Assets/Scripts/Script/SkillInfo.cs,SkillInfo.cs
src/HeadlessDCGO.Engine/Assets/Scripts/Script/SpellRestoration.cs,SpellRestoration.cs
src/HeadlessDCGO.Engine/Assets/Scripts/Script/StarterDeck.cs,StarterDeck.cs
src/HeadlessDCGO.Engine/Assets/Scripts/Script/StreamingAssetsUtility.cs,StreamingAssetsUtility.cs
src/HeadlessDCGO.Engine/Assets/Scripts/Script/TurnStateMachine.cs,TurnStateMachine.cs
src/HeadlessDCGO.Engine/Assets/Scripts/Script/UserSelectionManager.cs,UserSelectionManager.cs
src/HeadlessDCGO.Engine/Assets/Scripts/Script/Utils.cs,Utils.cs
src/HeadlessDCGO.Engine/Headless/Bridge/ActivatedHashtableBridge.cs,ActivatedHashtableBridge.cs
src/HeadlessDCGO.Engine/Headless/Bridge/AmbientMatchContext.cs,AmbientMatchContext.cs
src/HeadlessDCGO.Engine/Headless/Bridge/BareCauseEffect.cs,BareCauseEffect.cs
src/HeadlessDCGO.Engine/Headless/Bridge/ContinuousContext.cs,ContinuousContext.cs
src/HeadlessDCGO.Engine/Headless/Bridge/EngineContext.cs,EngineContext.cs
src/HeadlessDCGO.Engine/Headless/Bridge/GManagerBridge.cs,GManagerBridge.cs
src/HeadlessDCGO.Engine/Headless/Bridge/PayCostRoot.cs,PayCostRoot.cs
src/HeadlessDCGO.Engine/Headless/Bridge/UnityNullObjectPolicy.cs,UnityNullObjectPolicy.cs
src/HeadlessDCGO.Engine/Headless/Choices/ChoiceCandidate.cs,ChoiceCandidate.cs
src/HeadlessDCGO.Engine/Headless/Choices/ChoiceCompletability.cs,ChoiceCompletability.cs
src/HeadlessDCGO.Engine/Headless/Choices/ChoiceOption.cs,ChoiceOption.cs
src/HeadlessDCGO.Engine/Headless/Choices/ChoiceRequest.cs,ChoiceRequest.cs
src/HeadlessDCGO.Engine/Headless/Choices/ChoiceResult.cs,ChoiceResult.cs
src/HeadlessDCGO.Engine/Headless/Choices/ChoiceType.cs,ChoiceType.cs
src/HeadlessDCGO.Engine/Headless/Choices/ChoiceZone.cs,ChoiceZone.cs
src/HeadlessDCGO.Engine/Headless/Choices/IChoiceProvider.cs,IChoiceProvider.cs
src/HeadlessDCGO.Engine/Headless/Choices/PolicyChoiceProvider.cs,PolicyChoiceProvider.cs
src/HeadlessDCGO.Engine/Headless/Choices/ScriptedChoiceProvider.cs,ScriptedChoiceProvider.cs
src/HeadlessDCGO.Engine/Headless/Coroutines/CoroutineAdapter.cs,CoroutineAdapter.cs
src/HeadlessDCGO.Engine/Headless/Coroutines/EngineTaskRunner.cs,EngineTaskRunner.cs
src/HeadlessDCGO.Engine/Headless/Coroutines/EngineWaitCondition.cs,EngineWaitCondition.cs
src/HeadlessDCGO.Engine/Headless/Coroutines/IEngineTask.cs,IEngineTask.cs
src/HeadlessDCGO.Engine/Headless/DataLoading/BanlistLoader.cs,BanlistLoader.cs
src/HeadlessDCGO.Engine/Headless/DataLoading/CardAssetJsonLoader.cs,CardAssetJsonLoader.cs
src/HeadlessDCGO.Engine/Headless/DataLoading/CardBaseEntityLoader.cs,CardBaseEntityLoader.cs
src/HeadlessDCGO.Engine/Headless/DataLoading/CardDatabase.cs,CardDatabase.cs
src/HeadlessDCGO.Engine/Headless/DataLoading/DeckListLoader.cs,DeckListLoader.cs
src/HeadlessDCGO.Engine/Headless/DataLoading/DeckValidationSmoke.cs,DeckValidationSmoke.cs
src/HeadlessDCGO.Engine/Headless/DataLoading/DeckValidator.cs,DeckValidator.cs
src/HeadlessDCGO.Engine/Headless/DataLoading/StarterDecks.cs,StarterDecks.cs
src/HeadlessDCGO.Engine/Headless/Diagnostics/EngineTrace.cs,EngineTrace.cs
src/HeadlessDCGO.Engine/Headless/Diagnostics/ITraceSink.cs,ITraceSink.cs
src/HeadlessDCGO.Engine/Headless/Diagnostics/MatchEventLog.cs,MatchEventLog.cs
src/HeadlessDCGO.Engine/Headless/Diagnostics/MatchLogLevel.cs,MatchLogLevel.cs
src/HeadlessDCGO.Engine/Headless/Diagnostics/NullTraceSink.cs,NullTraceSink.cs
src/HeadlessDCGO.Engine/Headless/Diagnostics/TraceEvent.cs,TraceEvent.cs
src/HeadlessDCGO.Engine/Headless/Diagnostics/TraceOptions.cs,TraceOptions.cs
src/HeadlessDCGO.Engine/Headless/Effects/ActivatedEffectResolver.cs,ActivatedEffectResolver.cs
src/HeadlessDCGO.Engine/Headless/Effects/AutoProcessingTriggerCollector.cs,AutoProcessingTriggerCollector.cs
src/HeadlessDCGO.Engine/Headless/Effects/CardEffectSchedulerResolver.cs,CardEffectSchedulerResolver.cs
src/HeadlessDCGO.Engine/Headless/Effects/DigivolutionCostHelpers.cs,DigivolutionCostHelpers.cs
src/HeadlessDCGO.Engine/Headless/Effects/EffectContext.cs,EffectContext.cs
src/HeadlessDCGO.Engine/Headless/Effects/EffectContextAdapter.cs,EffectContextAdapter.cs
src/HeadlessDCGO.Engine/Headless/Effects/EffectDuration.cs,EffectDuration.cs
src/HeadlessDCGO.Engine/Headless/Effects/EffectDurationExpiry.cs,EffectDurationExpiry.cs
src/HeadlessDCGO.Engine/Headless/Effects/EffectRequest.cs,EffectRequest.cs
src/HeadlessDCGO.Engine/Headless/Effects/EffectResolutionMode.cs,EffectResolutionMode.cs
src/HeadlessDCGO.Engine/Headless/Effects/EffectResolutionQueue.cs,EffectResolutionQueue.cs
src/HeadlessDCGO.Engine/Headless/Effects/EffectResult.cs,EffectResult.cs
src/HeadlessDCGO.Engine/Headless/Effects/EffectScheduler.cs,EffectScheduler.cs
src/HeadlessDCGO.Engine/Headless/Effects/EventCollectionMetadata.cs,EventCollectionMetadata.cs
src/HeadlessDCGO.Engine/Headless/Effects/HeadlessCardEffectContract.cs,HeadlessCardEffectContract.cs
src/HeadlessDCGO.Engine/Headless/Effects/MatchStateMutationSink.cs,MatchStateMutationSink.cs
src/HeadlessDCGO.Engine/Headless/Effects/OptionalPromptQueue.cs,OptionalPromptQueue.cs
src/HeadlessDCGO.Engine/Headless/Effects/PendingEffect.cs,PendingEffect.cs
src/HeadlessDCGO.Engine/Headless/Effects/PlayCostHelpers.cs,PlayCostHelpers.cs
src/HeadlessDCGO.Engine/Headless/Effects/PlayerScopeContinuousHelpers.cs,PlayerScopeContinuousHelpers.cs
src/HeadlessDCGO.Engine/Headless/Effects/SkillInfo.cs,SkillInfo.cs
src/HeadlessDCGO.Engine/Headless/Effects/SkillWindowContinuation.cs,SkillWindowContinuation.cs
src/HeadlessDCGO.Engine/Headless/Effects/SkillWindowSupply.cs,SkillWindowSupply.cs
src/HeadlessDCGO.Engine/Headless/Effects/TriggerEventEmitter.cs,TriggerEventEmitter.cs
src/HeadlessDCGO.Engine/Headless/Effects/TriggerTimingMap.cs,TriggerTimingMap.cs
src/HeadlessDCGO.Engine/Headless/Effects/TriggerTimings.cs,TriggerTimings.cs
src/HeadlessDCGO.Engine/Headless/Effects/WindowChoicePendingException.cs,WindowChoicePendingException.cs
src/HeadlessDCGO.Engine/Headless/Effects/WindowResolutionController.cs,WindowResolutionController.cs
src/HeadlessDCGO.Engine/Headless/Rules/TimingWindowTrigger.cs,TimingWindowTrigger.cs
src/HeadlessDCGO.Engine/Headless/Runtime/AceOverflowGate.cs,AceOverflowGate.cs
src/HeadlessDCGO.Engine/Headless/Runtime/ActionMask.cs,ActionMask.cs
src/HeadlessDCGO.Engine/Headless/Runtime/ActionProcessResult.cs,ActionProcessResult.cs
src/HeadlessDCGO.Engine/Headless/Runtime/AttackDeclarationCommons.cs,AttackDeclarationCommons.cs
src/HeadlessDCGO.Engine/Headless/Runtime/AttackPermanentAction.cs,AttackPermanentAction.cs
src/HeadlessDCGO.Engine/Headless/Runtime/AttackPhase.cs,AttackPhase.cs
src/HeadlessDCGO.Engine/Headless/Runtime/AttackPipeline.cs,AttackPipeline.cs
src/HeadlessDCGO.Engine/Headless/Runtime/AttackTargetSwitchGate.cs,AttackTargetSwitchGate.cs
src/HeadlessDCGO.Engine/Headless/Runtime/BattleDeletionGate.cs,BattleDeletionGate.cs
src/HeadlessDCGO.Engine/Headless/Runtime/BattleResolver.cs,BattleResolver.cs
src/HeadlessDCGO.Engine/Headless/Runtime/BlockTiming.cs,BlockTiming.cs
src/HeadlessDCGO.Engine/Headless/Runtime/CanNotPlayOptionScan.cs,CanNotPlayOptionScan.cs
src/HeadlessDCGO.Engine/Headless/Runtime/CardEffectRegistrar.cs,CardEffectRegistrar.cs
src/HeadlessDCGO.Engine/Headless/Runtime/CardLeavePlayCleanup.cs,CardLeavePlayCleanup.cs
src/HeadlessDCGO.Engine/Headless/Runtime/CardMovementPort.cs,CardMovementPort.cs
src/HeadlessDCGO.Engine/Headless/Runtime/CardObservation.cs,CardObservation.cs
src/HeadlessDCGO.Engine/Headless/Runtime/CardStateMutationPort.cs,CardStateMutationPort.cs
src/HeadlessDCGO.Engine/Headless/Runtime/CheatActionGuard.cs,CheatActionGuard.cs
src/HeadlessDCGO.Engine/Headless/Runtime/ContinuousKeywordGate.cs,ContinuousKeywordGate.cs
src/HeadlessDCGO.Engine/Headless/Runtime/ContinuousModifierGate.cs,ContinuousModifierGate.cs
src/HeadlessDCGO.Engine/Headless/Runtime/ContinuousRestrictionGate.cs,ContinuousRestrictionGate.cs
src/HeadlessDCGO.Engine/Headless/Runtime/ContinuousScopeEvaluation.cs,ContinuousScopeEvaluation.cs
src/HeadlessDCGO.Engine/Headless/Runtime/DcgoMatch.cs,DcgoMatch.cs
src/HeadlessDCGO.Engine/Headless/Runtime/DeDigivolveHelpers.cs,DeDigivolveHelpers.cs
src/HeadlessDCGO.Engine/Headless/Runtime/DeferredActivationController.cs,DeferredActivationController.cs
src/HeadlessDCGO.Engine/Headless/Runtime/DeferredChoiceProvider.cs,DeferredChoiceProvider.cs
src/HeadlessDCGO.Engine/Headless/Runtime/DeletionOutcomeWatcher.cs,DeletionOutcomeWatcher.cs
src/HeadlessDCGO.Engine/Headless/Runtime/DeletionReplacementCandidateConditions.cs,DeletionReplacementCandidateConditions.cs
src/HeadlessDCGO.Engine/Headless/Runtime/DeletionReplacementGate.cs,DeletionReplacementGate.cs
src/HeadlessDCGO.Engine/Headless/Runtime/DeletionReplacementTiming.cs,DeletionReplacementTiming.cs
src/HeadlessDCGO.Engine/Headless/Runtime/DeletionSourceTrash.cs,DeletionSourceTrash.cs
src/HeadlessDCGO.Engine/Headless/Runtime/DigivolutionStackHelpers.cs,DigivolutionStackHelpers.cs
src/HeadlessDCGO.Engine/Headless/Runtime/DigivolveAction.cs,DigivolveAction.cs
src/HeadlessDCGO.Engine/Headless/Runtime/DigivolveCommons.cs,DigivolveCommons.cs
src/HeadlessDCGO.Engine/Headless/Runtime/DpBoostHelpers.cs,DpBoostHelpers.cs
src/HeadlessDCGO.Engine/Headless/Runtime/DpZeroDeletionHelpers.cs,DpZeroDeletionHelpers.cs
src/HeadlessDCGO.Engine/Headless/Runtime/EffectDrivenAttack.cs,EffectDrivenAttack.cs
src/HeadlessDCGO.Engine/Headless/Runtime/FreeDigivolveHelpers.cs,FreeDigivolveHelpers.cs
src/HeadlessDCGO.Engine/Headless/Runtime/FusionDigivolveHelpers.cs,FusionDigivolveHelpers.cs
src/HeadlessDCGO.Engine/Headless/Runtime/GameEvent.cs,GameEvent.cs
src/HeadlessDCGO.Engine/Headless/Runtime/GameEventQueue.cs,GameEventQueue.cs
src/HeadlessDCGO.Engine/Headless/Runtime/GameEventType.cs,GameEventType.cs
src/HeadlessDCGO.Engine/Headless/Runtime/GameFlowProcessor.cs,GameFlowProcessor.cs
src/HeadlessDCGO.Engine/Headless/Runtime/HeadlessAction.cs,HeadlessAction.cs
src/HeadlessDCGO.Engine/Headless/Runtime/HeadlessActionFactory.cs,HeadlessActionFactory.cs
src/HeadlessDCGO.Engine/Headless/Runtime/HeadlessActionParameterKeys.cs,HeadlessActionParameterKeys.cs
src/HeadlessDCGO.Engine/Headless/Runtime/HeadlessActionPayloads.cs,HeadlessActionPayloads.cs
src/HeadlessDCGO.Engine/Headless/Runtime/HeadlessActionQueue.cs,HeadlessActionQueue.cs
src/HeadlessDCGO.Engine/Headless/Runtime/HeadlessActionTypes.cs,HeadlessActionTypes.cs
src/HeadlessDCGO.Engine/Headless/Runtime/HeadlessAttackState.cs,HeadlessAttackState.cs
src/HeadlessDCGO.Engine/Headless/Runtime/HeadlessChoiceState.cs,HeadlessChoiceState.cs
src/HeadlessDCGO.Engine/Headless/Runtime/HeadlessEffectState.cs,HeadlessEffectState.cs
src/HeadlessDCGO.Engine/Headless/Runtime/HeadlessEndTurnCleanupFlow.cs,HeadlessEndTurnCleanupFlow.cs
src/HeadlessDCGO.Engine/Headless/Runtime/HeadlessGameLoop.cs,HeadlessGameLoop.cs
src/HeadlessDCGO.Engine/Headless/Runtime/HeadlessLegalActionDispatcher.cs,HeadlessLegalActionDispatcher.cs
src/HeadlessDCGO.Engine/Headless/Runtime/HeadlessMemoryState.cs,HeadlessMemoryState.cs
src/HeadlessDCGO.Engine/Headless/Runtime/HeadlessPhase.cs,HeadlessPhase.cs
src/HeadlessDCGO.Engine/Headless/Runtime/HeadlessPhaseMapping.cs,HeadlessPhaseMapping.cs
src/HeadlessDCGO.Engine/Headless/Runtime/HeadlessTurnState.cs,HeadlessTurnState.cs
src/HeadlessDCGO.Engine/Headless/Runtime/IActionLegality.cs,IActionLegality.cs
src/HeadlessDCGO.Engine/Headless/Runtime/IActionProcessor.cs,IActionProcessor.cs
src/HeadlessDCGO.Engine/Headless/Runtime/IHeadlessAttackController.cs,IHeadlessAttackController.cs
src/HeadlessDCGO.Engine/Headless/Runtime/IHeadlessChoiceController.cs,IHeadlessChoiceController.cs
src/HeadlessDCGO.Engine/Headless/Runtime/IHeadlessMemoryController.cs,IHeadlessMemoryController.cs
src/HeadlessDCGO.Engine/Headless/Runtime/IHeadlessPlayerStatusController.cs,IHeadlessPlayerStatusController.cs
src/HeadlessDCGO.Engine/Headless/Runtime/IHeadlessTurnController.cs,IHeadlessTurnController.cs
src/HeadlessDCGO.Engine/Headless/Runtime/InMemoryHeadlessAttackController.cs,InMemoryHeadlessAttackController.cs
src/HeadlessDCGO.Engine/Headless/Runtime/InMemoryHeadlessChoiceController.cs,InMemoryHeadlessChoiceController.cs
src/HeadlessDCGO.Engine/Headless/Runtime/InMemoryHeadlessMemoryController.cs,InMemoryHeadlessMemoryController.cs
src/HeadlessDCGO.Engine/Headless/Runtime/InMemoryHeadlessPlayerStatusController.cs,InMemoryHeadlessPlayerStatusController.cs
src/HeadlessDCGO.Engine/Headless/Runtime/InMemoryHeadlessTurnController.cs,InMemoryHeadlessTurnController.cs
src/HeadlessDCGO.Engine/Headless/Runtime/LegalActionSetValidator.cs,LegalActionSetValidator.cs
src/HeadlessDCGO.Engine/Headless/Runtime/LinkHelpers.cs,LinkHelpers.cs
src/HeadlessDCGO.Engine/Headless/Runtime/MainSkillActivateAction.cs,MainSkillActivateAction.cs
src/HeadlessDCGO.Engine/Headless/Runtime/MatchConfig.cs,MatchConfig.cs
src/HeadlessDCGO.Engine/Headless/Runtime/MatchResult.cs,MatchResult.cs
src/HeadlessDCGO.Engine/Headless/Runtime/MatchSetupFlow.cs,MatchSetupFlow.cs
src/HeadlessDCGO.Engine/Headless/Runtime/MetadataActionProcessor.cs,MetadataActionProcessor.cs
src/HeadlessDCGO.Engine/Headless/Runtime/MulliganCoordinator.cs,MulliganCoordinator.cs
src/HeadlessDCGO.Engine/Headless/Runtime/NoOpActionProcessor.cs,NoOpActionProcessor.cs
src/HeadlessDCGO.Engine/Headless/Runtime/ObservationSnapshot.cs,ObservationSnapshot.cs
src/HeadlessDCGO.Engine/Headless/Runtime/OptionActivateAction.cs,OptionActivateAction.cs
src/HeadlessDCGO.Engine/Headless/Runtime/OptionColorRequirement.cs,OptionColorRequirement.cs
src/HeadlessDCGO.Engine/Headless/Runtime/OverclockEffect.cs,OverclockEffect.cs
src/HeadlessDCGO.Engine/Headless/Runtime/PlayCardAction.cs,PlayCardAction.cs
src/HeadlessDCGO.Engine/Headless/Runtime/PlayerTurnCounterController.cs,PlayerTurnCounterController.cs
src/HeadlessDCGO.Engine/Headless/Runtime/ProgressImmunity.cs,ProgressImmunity.cs
src/HeadlessDCGO.Engine/Headless/Runtime/RevealAndSelect.cs,RevealAndSelect.cs
src/HeadlessDCGO.Engine/Headless/Runtime/SecurityFaceState.cs,SecurityFaceState.cs
src/HeadlessDCGO.Engine/Headless/Runtime/SecurityResolver.cs,SecurityResolver.cs
src/HeadlessDCGO.Engine/Headless/Runtime/SessionContext.cs,SessionContext.cs
src/HeadlessDCGO.Engine/Headless/Runtime/SpecialPlayAction.cs,SpecialPlayAction.cs
src/HeadlessDCGO.Engine/Headless/Runtime/StepResult.cs,StepResult.cs
src/HeadlessDCGO.Engine/Headless/Runtime/TerminalEvaluator.cs,TerminalEvaluator.cs
src/HeadlessDCGO.Engine/Headless/Runtime/TurnFlowDriver.cs,TurnFlowDriver.cs
src/HeadlessDCGO.Engine/Headless/Runtime/TurnFlowPump.cs,TurnFlowPump.cs
src/HeadlessDCGO.Engine/Headless/Runtime/TurnStepCursor.cs,TurnStepCursor.cs
src/HeadlessDCGO.Engine/Headless/Services/CardInstanceRecord.cs,CardInstanceRecord.cs
src/HeadlessDCGO.Engine/Headless/Services/CardQuery.cs,CardQuery.cs
src/HeadlessDCGO.Engine/Headless/Services/CardRecord.cs,CardRecord.cs
src/HeadlessDCGO.Engine/Headless/Services/GameRandomSource.cs,GameRandomSource.cs
src/HeadlessDCGO.Engine/Headless/Services/HeadlessEntityId.cs,HeadlessEntityId.cs
src/HeadlessDCGO.Engine/Headless/Services/HeadlessEntityRegistry.cs,HeadlessEntityRegistry.cs
src/HeadlessDCGO.Engine/Headless/Services/HeadlessPlayerId.cs,HeadlessPlayerId.cs
src/HeadlessDCGO.Engine/Headless/Services/ICardInstanceRepository.cs,ICardInstanceRepository.cs
src/HeadlessDCGO.Engine/Headless/Services/ICardRepository.cs,ICardRepository.cs
src/HeadlessDCGO.Engine/Headless/Services/IHeadlessLegalActionController.cs,IHeadlessLegalActionController.cs
src/HeadlessDCGO.Engine/Headless/Services/IHeadlessLegalActionSeeder.cs,IHeadlessLegalActionSeeder.cs
src/HeadlessDCGO.Engine/Headless/Services/IHeadlessMatchStateResettable.cs,IHeadlessMatchStateResettable.cs
src/HeadlessDCGO.Engine/Headless/Services/ILogSink.cs,ILogSink.cs
src/HeadlessDCGO.Engine/Headless/Services/IRandomSeedController.cs,IRandomSeedController.cs
src/HeadlessDCGO.Engine/Headless/Services/IRandomSource.cs,IRandomSource.cs
src/HeadlessDCGO.Engine/Headless/Services/IRuleQueryService.cs,IRuleQueryService.cs
src/HeadlessDCGO.Engine/Headless/Services/IStateFingerprintService.cs,IStateFingerprintService.cs
src/HeadlessDCGO.Engine/Headless/Services/ITerminalOutcomeSink.cs,ITerminalOutcomeSink.cs
src/HeadlessDCGO.Engine/Headless/Services/ITerminalStateController.cs,ITerminalStateController.cs
src/HeadlessDCGO.Engine/Headless/Services/IZoneMover.cs,IZoneMover.cs
src/HeadlessDCGO.Engine/Headless/Services/IZoneStateReader.cs,IZoneStateReader.cs
src/HeadlessDCGO.Engine/Headless/Services/IllegalAction.cs,IllegalAction.cs
src/HeadlessDCGO.Engine/Headless/Services/InMemoryCardInstanceRepository.cs,InMemoryCardInstanceRepository.cs
src/HeadlessDCGO.Engine/Headless/Services/InMemoryCardRepository.cs,InMemoryCardRepository.cs
src/HeadlessDCGO.Engine/Headless/Services/InMemoryLogSink.cs,InMemoryLogSink.cs
src/HeadlessDCGO.Engine/Headless/Services/InMemoryRuleQueryService.cs,InMemoryRuleQueryService.cs
src/HeadlessDCGO.Engine/Headless/Services/InMemoryZoneMover.cs,InMemoryZoneMover.cs
src/HeadlessDCGO.Engine/Headless/Services/LegalAction.cs,LegalAction.cs
src/HeadlessDCGO.Engine/Headless/Services/NullLogSink.cs,NullLogSink.cs
src/HeadlessDCGO.Engine/Headless/Services/StateFingerprintService.cs,StateFingerprintService.cs
src/HeadlessDCGO.Engine/Headless/Services/ZoneMoveRequest.cs,ZoneMoveRequest.cs
src/HeadlessDCGO.Engine/Headless/Services/ZoneMoveResult.cs,ZoneMoveResult.cs
src/HeadlessDCGO.Engine/Headless/State/CardIdentityAdapter.cs,CardIdentityAdapter.cs
src/HeadlessDCGO.Engine/Headless/State/CardInstanceState.cs,CardInstanceState.cs
src/HeadlessDCGO.Engine/Headless/State/DigivolutionStack.cs,DigivolutionStack.cs
src/HeadlessDCGO.Engine/Headless/State/DigivolutionStackReader.cs,DigivolutionStackReader.cs
src/HeadlessDCGO.Engine/Headless/State/DpCalculator.cs,DpCalculator.cs
src/HeadlessDCGO.Engine/Headless/State/DpModifier.cs,DpModifier.cs
src/HeadlessDCGO.Engine/Headless/State/GameContextStateAccessor.cs,GameContextStateAccessor.cs
src/HeadlessDCGO.Engine/Headless/State/MatchState.cs,MatchState.cs
src/HeadlessDCGO.Engine/Headless/State/PermanentBookkeepingStore.cs,PermanentBookkeepingStore.cs
src/HeadlessDCGO.Engine/Headless/State/PlayerRuleAdapter.cs,PlayerRuleAdapter.cs
src/HeadlessDCGO.Engine/Headless/State/PlayerState.cs,PlayerState.cs
src/HeadlessDCGO.Engine/Headless/State/PlayerZoneAdapter.cs,PlayerZoneAdapter.cs
src/HeadlessDCGO.Engine/Headless/State/VisibilityView.cs,VisibilityView.cs
src/HeadlessDCGO.Engine/Headless/State/ZoneState.cs,ZoneState.cs
