relpath,layer,lines
"CardEffect/AD1/Black/AD1_023.cs",CardEffect,287
"CardEffect/AD1/Blue/AD1_010.cs",CardEffect,172
"CardEffect/AD1/Blue/AD1_011.cs",CardEffect,158
"CardEffect/AD1/Blue/AD1_012.cs",CardEffect,353
"CardEffect/AD1/Blue/AD1_013.cs",CardEffect,218
"CardEffect/AD1/Blue/AD1_014.cs",CardEffect,329
"CardEffect/AD1/Blue/AD1_019.cs",CardEffect,119
"CardEffect/AD1/Blue/AD1_020.cs",CardEffect,316
"CardEffect/AD1/Blue/AD1_024.cs",CardEffect,273
"CardEffect/AD1/Green/AD1_022.cs",CardEffect,128
"CardEffect/AD1/Purple/AD1_018.cs",CardEffect,256
"CardEffect/AD1/Red/AD1_001.cs",CardEffect,193
"CardEffect/AD1/Red/AD1_002.cs",CardEffect,266
"CardEffect/AD1/Red/AD1_003.cs",CardEffect,334
"CardEffect/AD1/Red/AD1_004.cs",CardEffect,349
"CardEffect/AD1/Red/AD1_005.cs",CardEffect,274
"CardEffect/AD1/Red/AD1_006.cs",CardEffect,351
"CardEffect/AD1/Red/AD1_007.cs",CardEffect,353
"CardEffect/AD1/Red/AD1_008.cs",CardEffect,280
"CardEffect/AD1/Red/AD1_009.cs",CardEffect,295
"CardEffect/AD1/Red/AD1_025.cs",CardEffect,265
"CardEffect/AD1/Yellow/AD1_015.cs",CardEffect,332
"CardEffect/AD1/Yellow/AD1_016.cs",CardEffect,288
"CardEffect/AD1/Yellow/AD1_017.cs",CardEffect,262
"CardEffect/AD1/Yellow/AD1_021.cs",CardEffect,254
"CardEffect/BT1/Blue/BT1_003.cs",CardEffect,54
"CardEffect/BT1/Blue/BT1_004.cs",CardEffect,42
"CardEffect/BT1/Blue/BT1_029.cs",CardEffect,52
"CardEffect/BT1/Blue/BT1_030.cs",CardEffect,54
"CardEffect/BT1/Blue/BT1_031.cs",CardEffect,25
"CardEffect/BT1/Blue/BT1_033.cs",CardEffect,41
"CardEffect/BT1/Blue/BT1_034.cs",CardEffect,45
"CardEffect/BT1/Blue/BT1_035.cs",CardEffect,53
"CardEffect/BT1/Blue/BT1_036.cs",CardEffect,77
"CardEffect/BT1/Blue/BT1_039.cs",CardEffect,76
"CardEffect/BT1/Blue/BT1_040.cs",CardEffect,58
"CardEffect/BT1/Blue/BT1_041.cs",CardEffect,93
"CardEffect/BT1/Blue/BT1_043.cs",CardEffect,91
"CardEffect/BT1/Blue/BT1_044.cs",CardEffect,112
"CardEffect/BT1/Blue/BT1_086.cs",CardEffect,130
"CardEffect/BT1/Blue/BT1_096.cs",CardEffect,96
"CardEffect/BT1/Blue/BT1_097.cs",CardEffect,63
"CardEffect/BT1/Blue/BT1_098.cs",CardEffect,92
"CardEffect/BT1/Blue/BT1_099.cs",CardEffect,79
"CardEffect/BT1/Blue/BT1_100.cs",CardEffect,109
"CardEffect/BT1/Blue/BT1_101.cs",CardEffect,51
"CardEffect/BT1/Blue/BT1_115.cs",CardEffect,78
"CardEffect/BT1/Green/BT1_007.cs",CardEffect,53
"CardEffect/BT1/Green/BT1_008.cs",CardEffect,42
"CardEffect/BT1/Green/BT1_066.cs",CardEffect,83
"CardEffect/BT1/Green/BT1_067.cs",CardEffect,83
"CardEffect/BT1/Green/BT1_068.cs",CardEffect,46
"CardEffect/BT1/Green/BT1_070.cs",CardEffect,74
"CardEffect/BT1/Green/BT1_073.cs",CardEffect,45
"CardEffect/BT1/Green/BT1_074.cs",CardEffect,84
"CardEffect/BT1/Green/BT1_076.cs",CardEffect,56
"CardEffect/BT1/Green/BT1_077.cs",CardEffect,73
"CardEffect/BT1/Green/BT1_078.cs",CardEffect,116
"CardEffect/BT1/Green/BT1_079.cs",CardEffect,83
"CardEffect/BT1/Green/BT1_081.cs",CardEffect,64
"CardEffect/BT1/Green/BT1_082.cs",CardEffect,104
"CardEffect/BT1/Green/BT1_083.cs",CardEffect,48
"CardEffect/BT1/Green/BT1_088.cs",CardEffect,73
"CardEffect/BT1/Green/BT1_089.cs",CardEffect,70
"CardEffect/BT1/Green/BT1_108.cs",CardEffect,122
"CardEffect/BT1/Green/BT1_109.cs",CardEffect,155
"CardEffect/BT1/Green/BT1_110.cs",CardEffect,109
"CardEffect/BT1/Green/BT1_111.cs",CardEffect,111
"CardEffect/BT1/Green/BT1_112.cs",CardEffect,143
"CardEffect/BT1/Green/BT1_113.cs",CardEffect,115
"CardEffect/BT1/Red/BT1_001.cs",CardEffect,60
"CardEffect/BT1/Red/BT1_002.cs",CardEffect,44
"CardEffect/BT1/Red/BT1_010.cs",CardEffect,66
"CardEffect/BT1/Red/BT1_011.cs",CardEffect,91
"CardEffect/BT1/Red/BT1_012.cs",CardEffect,43
"CardEffect/BT1/Red/BT1_015.cs",CardEffect,37
"CardEffect/BT1/Red/BT1_016.cs",CardEffect,26
"CardEffect/BT1/Red/BT1_017.cs",CardEffect,84
"CardEffect/BT1/Red/BT1_018.cs",CardEffect,41
"CardEffect/BT1/Red/BT1_021.cs",CardEffect,54
"CardEffect/BT1/Red/BT1_022.cs",CardEffect,70
"CardEffect/BT1/Red/BT1_023.cs",CardEffect,86
"CardEffect/BT1/Red/BT1_025.cs",CardEffect,90
"CardEffect/BT1/Red/BT1_026.cs",CardEffect,25
"CardEffect/BT1/Red/BT1_085.cs",CardEffect,66
"CardEffect/BT1/Red/BT1_090.cs",CardEffect,64
"CardEffect/BT1/Red/BT1_091.cs",CardEffect,77
"CardEffect/BT1/Red/BT1_092.cs",CardEffect,74
"CardEffect/BT1/Red/BT1_093.cs",CardEffect,102
"CardEffect/BT1/Red/BT1_094.cs",CardEffect,81
"CardEffect/BT1/Red/BT1_095.cs",CardEffect,135
"CardEffect/BT1/Red/BT1_114.cs",CardEffect,81
"CardEffect/BT1/White/BT1_084.cs",CardEffect,163
"CardEffect/BT1/Yellow/BT1_005.cs",CardEffect,42
"CardEffect/BT1/Yellow/BT1_006.cs",CardEffect,57
"CardEffect/BT1/Yellow/BT1_046.cs",CardEffect,56
"CardEffect/BT1/Yellow/BT1_048.cs",CardEffect,77
"CardEffect/BT1/Yellow/BT1_049.cs",CardEffect,73
"CardEffect/BT1/Yellow/BT1_053.cs",CardEffect,86
"CardEffect/BT1/Yellow/BT1_054.cs",CardEffect,84
"CardEffect/BT1/Yellow/BT1_055.cs",CardEffect,88
"CardEffect/BT1/Yellow/BT1_056.cs",CardEffect,178
"CardEffect/BT1/Yellow/BT1_060.cs",CardEffect,83
"CardEffect/BT1/Yellow/BT1_061.cs",CardEffect,82
"CardEffect/BT1/Yellow/BT1_062.cs",CardEffect,82
"CardEffect/BT1/Yellow/BT1_063.cs",CardEffect,81
"CardEffect/BT1/Yellow/BT1_087.cs",CardEffect,124
"CardEffect/BT1/Yellow/BT1_102.cs",CardEffect,48
"CardEffect/BT1/Yellow/BT1_103.cs",CardEffect,100
"CardEffect/BT1/Yellow/BT1_104.cs",CardEffect,164
"CardEffect/BT1/Yellow/BT1_105.cs",CardEffect,75
"CardEffect/BT1/Yellow/BT1_106.cs",CardEffect,73
"CardEffect/BT1/Yellow/BT1_107.cs",CardEffect,46
"CardEffect/BT10/Black/BT10_005.cs",CardEffect,37
"CardEffect/BT10/Black/BT10_058.cs",CardEffect,92
"CardEffect/BT10/Black/BT10_059.cs",CardEffect,234
"CardEffect/BT10/Black/BT10_060.cs",CardEffect,82
"CardEffect/BT10/Black/BT10_061.cs",CardEffect,243
"CardEffect/BT10/Black/BT10_063.cs",CardEffect,73
"CardEffect/BT10/Black/BT10_066.cs",CardEffect,359
"CardEffect/BT10/Black/BT10_067.cs",CardEffect,214
"CardEffect/BT10/Black/BT10_068.cs",CardEffect,240
"CardEffect/BT10/Black/BT10_069.cs",CardEffect,236
"CardEffect/BT10/Black/BT10_070.cs",CardEffect,180
"CardEffect/BT10/Black/BT10_092.cs",CardEffect,166
"CardEffect/BT10/Black/BT10_104.cs",CardEffect,188
"CardEffect/BT10/Black/BT10_105.cs",CardEffect,184
"CardEffect/BT10/Black/BT10_106.cs",CardEffect,293
"CardEffect/BT10/Blue/BT10_002.cs",CardEffect,57
"CardEffect/BT10/Blue/BT10_018.cs",CardEffect,118
"CardEffect/BT10/Blue/BT10_019.cs",CardEffect,189
"CardEffect/BT10/Blue/BT10_020.cs",CardEffect,80
"CardEffect/BT10/Blue/BT10_021.cs",CardEffect,232
"CardEffect/BT10/Blue/BT10_023.cs",CardEffect,120
"CardEffect/BT10/Blue/BT10_024.cs",CardEffect,185
"CardEffect/BT10/Blue/BT10_025.cs",CardEffect,129
"CardEffect/BT10/Blue/BT10_026.cs",CardEffect,656
"CardEffect/BT10/Blue/BT10_027.cs",CardEffect,258
"CardEffect/BT10/Blue/BT10_028.cs",CardEffect,112
"CardEffect/BT10/Blue/BT10_088.cs",CardEffect,131
"CardEffect/BT10/Blue/BT10_097.cs",CardEffect,153
"CardEffect/BT10/Blue/BT10_098.cs",CardEffect,192
"CardEffect/BT10/Green/BT10_004.cs",CardEffect,81
"CardEffect/BT10/Green/BT10_044.cs",CardEffect,131
"CardEffect/BT10/Green/BT10_045.cs",CardEffect,68
"CardEffect/BT10/Green/BT10_046.cs",CardEffect,86
"CardEffect/BT10/Green/BT10_048.cs",CardEffect,245
"CardEffect/BT10/Green/BT10_049.cs",CardEffect,76
"CardEffect/BT10/Green/BT10_050.cs",CardEffect,34
"CardEffect/BT10/Green/BT10_051.cs",CardEffect,70
"CardEffect/BT10/Green/BT10_052.cs",CardEffect,389
"CardEffect/BT10/Green/BT10_053.cs",CardEffect,235
"CardEffect/BT10/Green/BT10_054.cs",CardEffect,166
"CardEffect/BT10/Green/BT10_056.cs",CardEffect,231
"CardEffect/BT10/Green/BT10_057.cs",CardEffect,138
"CardEffect/BT10/Green/BT10_090.cs",CardEffect,314
"CardEffect/BT10/Green/BT10_091.cs",CardEffect,129
"CardEffect/BT10/Green/BT10_102.cs",CardEffect,155
"CardEffect/BT10/Green/BT10_103.cs",CardEffect,166
"CardEffect/BT10/Purple/BT10_006.cs",CardEffect,67
"CardEffect/BT10/Purple/BT10_071.cs",CardEffect,34
"CardEffect/BT10/Purple/BT10_072.cs",CardEffect,218
"CardEffect/BT10/Purple/BT10_073.cs",CardEffect,162
"CardEffect/BT10/Purple/BT10_074.cs",CardEffect,24
"CardEffect/BT10/Purple/BT10_075.cs",CardEffect,240
"CardEffect/BT10/Purple/BT10_076.cs",CardEffect,198
"CardEffect/BT10/Purple/BT10_077.cs",CardEffect,261
"CardEffect/BT10/Purple/BT10_078.cs",CardEffect,141
"CardEffect/BT10/Purple/BT10_080.cs",CardEffect,271
"CardEffect/BT10/Purple/BT10_081.cs",CardEffect,167
"CardEffect/BT10/Purple/BT10_082.cs",CardEffect,270
"CardEffect/BT10/Purple/BT10_083.cs",CardEffect,236
"CardEffect/BT10/Purple/BT10_084.cs",CardEffect,222
"CardEffect/BT10/Purple/BT10_093.cs",CardEffect,502
"CardEffect/BT10/Purple/BT10_107.cs",CardEffect,302
"CardEffect/BT10/Purple/BT10_108.cs",CardEffect,136
"CardEffect/BT10/Red/BT10_001.cs",CardEffect,40
"CardEffect/BT10/Red/BT10_007.cs",CardEffect,29
"CardEffect/BT10/Red/BT10_008.cs",CardEffect,139
"CardEffect/BT10/Red/BT10_009.cs",CardEffect,372
"CardEffect/BT10/Red/BT10_011.cs",CardEffect,198
"CardEffect/BT10/Red/BT10_012.cs",CardEffect,648
"CardEffect/BT10/Red/BT10_013.cs",CardEffect,167
"CardEffect/BT10/Red/BT10_014.cs",CardEffect,42
"CardEffect/BT10/Red/BT10_015.cs",CardEffect,726
"CardEffect/BT10/Red/BT10_016.cs",CardEffect,224
"CardEffect/BT10/Red/BT10_087.cs",CardEffect,216
"CardEffect/BT10/Red/BT10_094.cs",CardEffect,318
"CardEffect/BT10/Red/BT10_095.cs",CardEffect,212
"CardEffect/BT10/Red/BT10_096.cs",CardEffect,242
"CardEffect/BT10/Red/BT10_111.cs",CardEffect,245
"CardEffect/BT10/Red/BT10_112.cs",CardEffect,351
"CardEffect/BT10/White/BT10_085.cs",CardEffect,190
"CardEffect/BT10/White/BT10_086.cs",CardEffect,577
"CardEffect/BT10/White/BT10_109.cs",CardEffect,130
"CardEffect/BT10/White/BT10_110.cs",CardEffect,209
"CardEffect/BT10/Yellow/BT10_003.cs",CardEffect,59
"CardEffect/BT10/Yellow/BT10_029.cs",CardEffect,74
"CardEffect/BT10/Yellow/BT10_030.cs",CardEffect,104
"CardEffect/BT10/Yellow/BT10_031.cs",CardEffect,50
"CardEffect/BT10/Yellow/BT10_032.cs",CardEffect,180
"CardEffect/BT10/Yellow/BT10_034.cs",CardEffect,133
"CardEffect/BT10/Yellow/BT10_035.cs",CardEffect,86
"CardEffect/BT10/Yellow/BT10_036.cs",CardEffect,171
"CardEffect/BT10/Yellow/BT10_038.cs",CardEffect,158
"CardEffect/BT10/Yellow/BT10_039.cs",CardEffect,156
"CardEffect/BT10/Yellow/BT10_040.cs",CardEffect,138
"CardEffect/BT10/Yellow/BT10_041.cs",CardEffect,215
"CardEffect/BT10/Yellow/BT10_042.cs",CardEffect,153
"CardEffect/BT10/Yellow/BT10_089.cs",CardEffect,314
"CardEffect/BT10/Yellow/BT10_099.cs",CardEffect,100
"CardEffect/BT10/Yellow/BT10_100.cs",CardEffect,131
"CardEffect/BT10/Yellow/BT10_101.cs",CardEffect,165
"CardEffect/BT11/Black/BT11_005.cs",CardEffect,68
"CardEffect/BT11/Black/BT11_060.cs",CardEffect,81
"CardEffect/BT11/Black/BT11_061.cs",CardEffect,261
"CardEffect/BT11/Black/BT11_062.cs",CardEffect,328
"CardEffect/BT11/Black/BT11_063.cs",CardEffect,137
"CardEffect/BT11/Black/BT11_064.cs",CardEffect,236
"CardEffect/BT11/Black/BT11_065.cs",CardEffect,176
"CardEffect/BT11/Black/BT11_067.cs",CardEffect,23
"CardEffect/BT11/Black/BT11_068.cs",CardEffect,281
"CardEffect/BT11/Black/BT11_069.cs",CardEffect,216
"CardEffect/BT11/Black/BT11_070.cs",CardEffect,289
"CardEffect/BT11/Black/BT11_071.cs",CardEffect,633
"CardEffect/BT11/Black/BT11_072.cs",CardEffect,372
"CardEffect/BT11/Black/BT11_073.cs",CardEffect,193
"CardEffect/BT11/Black/BT11_074.cs",CardEffect,169
"CardEffect/BT11/Black/BT11_092.cs",CardEffect,226
"CardEffect/BT11/Black/BT11_093.cs",CardEffect,152
"CardEffect/BT11/Black/BT11_105.cs",CardEffect,357
"CardEffect/BT11/Black/BT11_106.cs",CardEffect,283
"CardEffect/BT11/Black/BT11_107.cs",CardEffect,336
"CardEffect/BT11/Black/BT11_108.cs",CardEffect,186
"CardEffect/BT11/Black/BT11_111.cs",CardEffect,327
"CardEffect/BT11/Blue/BT11_002.cs",CardEffect,52
"CardEffect/BT11/Blue/BT11_020.cs",CardEffect,172
"CardEffect/BT11/Blue/BT11_022.cs",CardEffect,157
"CardEffect/BT11/Blue/BT11_023.cs",CardEffect,159
"CardEffect/BT11/Blue/BT11_024.cs",CardEffect,120
"CardEffect/BT11/Blue/BT11_025.cs",CardEffect,126
"CardEffect/BT11/Blue/BT11_027.cs",CardEffect,137
"CardEffect/BT11/Blue/BT11_028.cs",CardEffect,105
"CardEffect/BT11/Blue/BT11_029.cs",CardEffect,239
"CardEffect/BT11/Blue/BT11_030.cs",CardEffect,774
"CardEffect/BT11/Blue/BT11_031.cs",CardEffect,401
"CardEffect/BT11/Blue/BT11_032.cs",CardEffect,254
"CardEffect/BT11/Blue/BT11_033.cs",CardEffect,197
"CardEffect/BT11/Blue/BT11_090.cs",CardEffect,155
"CardEffect/BT11/Blue/BT11_098.cs",CardEffect,202
"CardEffect/BT11/Blue/BT11_099.cs",CardEffect,181
"CardEffect/BT11/Blue/BT11_112.cs",CardEffect,297
"CardEffect/BT11/Green/BT11_004.cs",CardEffect,76
"CardEffect/BT11/Green/BT11_046.cs",CardEffect,90
"CardEffect/BT11/Green/BT11_047.cs",CardEffect,67
"CardEffect/BT11/Green/BT11_049.cs",CardEffect,67
"CardEffect/BT11/Green/BT11_050.cs",CardEffect,99
"CardEffect/BT11/Green/BT11_052.cs",CardEffect,216
"CardEffect/BT11/Green/BT11_054.cs",CardEffect,226
"CardEffect/BT11/Green/BT11_055.cs",CardEffect,320
"CardEffect/BT11/Green/BT11_056.cs",CardEffect,233
"CardEffect/BT11/Green/BT11_057.cs",CardEffect,184
"CardEffect/BT11/Green/BT11_058.cs",CardEffect,103
"CardEffect/BT11/Green/BT11_059.cs",CardEffect,100
"CardEffect/BT11/Green/BT11_091.cs",CardEffect,193
"CardEffect/BT11/Green/BT11_102.cs",CardEffect,227
"CardEffect/BT11/Green/BT11_103.cs",CardEffect,189
"CardEffect/BT11/Green/BT11_104.cs",CardEffect,225
"CardEffect/BT11/Purple/BT11_006.cs",CardEffect,55
"CardEffect/BT11/Purple/BT11_076.cs",CardEffect,197
"CardEffect/BT11/Purple/BT11_077.cs",CardEffect,137
"CardEffect/BT11/Purple/BT11_078.cs",CardEffect,52
"CardEffect/BT11/Purple/BT11_079.cs",CardEffect,83
"CardEffect/BT11/Purple/BT11_080.cs",CardEffect,55
"CardEffect/BT11/Purple/BT11_081.cs",CardEffect,241
"CardEffect/BT11/Purple/BT11_082.cs",CardEffect,227
"CardEffect/BT11/Purple/BT11_083.cs",CardEffect,296
"CardEffect/BT11/Purple/BT11_084.cs",CardEffect,137
"CardEffect/BT11/Purple/BT11_085.cs",CardEffect,346
"CardEffect/BT11/Purple/BT11_086.cs",CardEffect,397
"CardEffect/BT11/Purple/BT11_087.cs",CardEffect,441
"CardEffect/BT11/Purple/BT11_088.cs",CardEffect,572
"CardEffect/BT11/Purple/BT11_094.cs",CardEffect,203
"CardEffect/BT11/Purple/BT11_109.cs",CardEffect,248
"CardEffect/BT11/Purple/BT11_110.cs",CardEffect,146
"CardEffect/BT11/Red/BT11_001.cs",CardEffect,54
"CardEffect/BT11/Red/BT11_007.cs",CardEffect,140
"CardEffect/BT11/Red/BT11_008.cs",CardEffect,60
"CardEffect/BT11/Red/BT11_009.cs",CardEffect,236
"CardEffect/BT11/Red/BT11_010.cs",CardEffect,65
"CardEffect/BT11/Red/BT11_011.cs",CardEffect,117
"CardEffect/BT11/Red/BT11_012.cs",CardEffect,234
"CardEffect/BT11/Red/BT11_014.cs",CardEffect,69
"CardEffect/BT11/Red/BT11_015.cs",CardEffect,145
"CardEffect/BT11/Red/BT11_016.cs",CardEffect,257
"CardEffect/BT11/Red/BT11_017.cs",CardEffect,76
"CardEffect/BT11/Red/BT11_018.cs",CardEffect,278
"CardEffect/BT11/Red/BT11_019.cs",CardEffect,283
"CardEffect/BT11/Red/BT11_089.cs",CardEffect,166
"CardEffect/BT11/Red/BT11_096.cs",CardEffect,131
"CardEffect/BT11/Red/BT11_097.cs",CardEffect,224
"CardEffect/BT11/White/BT11_095.cs",CardEffect,283
"CardEffect/BT11/Yellow/BT11_003.cs",CardEffect,83
"CardEffect/BT11/Yellow/BT11_034.cs",CardEffect,255
"CardEffect/BT11/Yellow/BT11_036.cs",CardEffect,149
"CardEffect/BT11/Yellow/BT11_038.cs",CardEffect,113
"CardEffect/BT11/Yellow/BT11_039.cs",CardEffect,108
"CardEffect/BT11/Yellow/BT11_040.cs",CardEffect,187
"CardEffect/BT11/Yellow/BT11_041.cs",CardEffect,552
"CardEffect/BT11/Yellow/BT11_042.cs",CardEffect,242
"CardEffect/BT11/Yellow/BT11_043.cs",CardEffect,498
"CardEffect/BT11/Yellow/BT11_044.cs",CardEffect,305
"CardEffect/BT11/Yellow/BT11_045.cs",CardEffect,133
"CardEffect/BT11/Yellow/BT11_100.cs",CardEffect,144
"CardEffect/BT11/Yellow/BT11_101.cs",CardEffect,146
"CardEffect/BT12/Black/BT12_005.cs",CardEffect,73
"CardEffect/BT12/Black/BT12_058.cs",CardEffect,23
"CardEffect/BT12/Black/BT12_059.cs",CardEffect,135
"CardEffect/BT12/Black/BT12_060.cs",CardEffect,49
"CardEffect/BT12/Black/BT12_061.cs",CardEffect,28
"CardEffect/BT12/Black/BT12_062.cs",CardEffect,141
"CardEffect/BT12/Black/BT12_063.cs",CardEffect,398
"CardEffect/BT12/Black/BT12_064.cs",CardEffect,296
"CardEffect/BT12/Black/BT12_065.cs",CardEffect,208
"CardEffect/BT12/Black/BT12_066.cs",CardEffect,170
"CardEffect/BT12/Black/BT12_067.cs",CardEffect,38
"CardEffect/BT12/Black/BT12_068.cs",CardEffect,155
"CardEffect/BT12/Black/BT12_070.cs",CardEffect,103
"CardEffect/BT12/Black/BT12_071.cs",CardEffect,213
"CardEffect/BT12/Black/BT12_072.cs",CardEffect,240
"CardEffect/BT12/Black/BT12_094.cs",CardEffect,427
"CardEffect/BT12/Black/BT12_095.cs",CardEffect,295
"CardEffect/BT12/Black/BT12_107.cs",CardEffect,178
"CardEffect/BT12/Blue/BT12_002.cs",CardEffect,55
"CardEffect/BT12/Blue/BT12_019.cs",CardEffect,100
"CardEffect/BT12/Blue/BT12_021.cs",CardEffect,189
"CardEffect/BT12/Blue/BT12_022.cs",CardEffect,104
"CardEffect/BT12/Blue/BT12_024.cs",CardEffect,205
"CardEffect/BT12/Blue/BT12_025.cs",CardEffect,208
"CardEffect/BT12/Blue/BT12_026.cs",CardEffect,210
"CardEffect/BT12/Blue/BT12_027.cs",CardEffect,199
"CardEffect/BT12/Blue/BT12_028.cs",CardEffect,208
"CardEffect/BT12/Blue/BT12_029.cs",CardEffect,176
"CardEffect/BT12/Blue/BT12_030.cs",CardEffect,169
"CardEffect/BT12/Blue/BT12_031.cs",CardEffect,382
"CardEffect/BT12/Blue/BT12_032.cs",CardEffect,275
"CardEffect/BT12/Blue/BT12_090.cs",CardEffect,153
"CardEffect/BT12/Blue/BT12_101.cs",CardEffect,170
"CardEffect/BT12/Blue/BT12_102.cs",CardEffect,460
"CardEffect/BT12/Green/BT12_004.cs",CardEffect,68
"CardEffect/BT12/Green/BT12_045.cs",CardEffect,74
"CardEffect/BT12/Green/BT12_047.cs",CardEffect,189
"CardEffect/BT12/Green/BT12_048.cs",CardEffect,210
"CardEffect/BT12/Green/BT12_050.cs",CardEffect,104
"CardEffect/BT12/Green/BT12_051.cs",CardEffect,413
"CardEffect/BT12/Green/BT12_053.cs",CardEffect,73
"CardEffect/BT12/Green/BT12_054.cs",CardEffect,129
"CardEffect/BT12/Green/BT12_055.cs",CardEffect,274
"CardEffect/BT12/Green/BT12_056.cs",CardEffect,162
"CardEffect/BT12/Green/BT12_057.cs",CardEffect,238
"CardEffect/BT12/Green/BT12_093.cs",CardEffect,476
"CardEffect/BT12/Green/BT12_105.cs",CardEffect,217
"CardEffect/BT12/Green/BT12_106.cs",CardEffect,147
"CardEffect/BT12/Purple/BT12_006.cs",CardEffect,54
"CardEffect/BT12/Purple/BT12_073.cs",CardEffect,338
"CardEffect/BT12/Purple/BT12_074.cs",CardEffect,289
"CardEffect/BT12/Purple/BT12_075.cs",CardEffect,251
"CardEffect/BT12/Purple/BT12_076.cs",CardEffect,28
"CardEffect/BT12/Purple/BT12_077.cs",CardEffect,231
"CardEffect/BT12/Purple/BT12_078.cs",CardEffect,105
"CardEffect/BT12/Purple/BT12_080.cs",CardEffect,155
"CardEffect/BT12/Purple/BT12_081.cs",CardEffect,582
"CardEffect/BT12/Purple/BT12_082.cs",CardEffect,235
"CardEffect/BT12/Purple/BT12_083.cs",CardEffect,308
"CardEffect/BT12/Purple/BT12_084.cs",CardEffect,676
"CardEffect/BT12/Purple/BT12_085.cs",CardEffect,177
"CardEffect/BT12/Purple/BT12_096.cs",CardEffect,316
"CardEffect/BT12/Purple/BT12_097.cs",CardEffect,435
"CardEffect/BT12/Purple/BT12_109.cs",CardEffect,308
"CardEffect/BT12/Purple/BT12_110.cs",CardEffect,155
"CardEffect/BT12/Purple/BT12_111.cs",CardEffect,656
"CardEffect/BT12/Red/BT12_001.cs",CardEffect,55
"CardEffect/BT12/Red/BT12_007.cs",CardEffect,102
"CardEffect/BT12/Red/BT12_008.cs",CardEffect,101
"CardEffect/BT12/Red/BT12_009.cs",CardEffect,145
"CardEffect/BT12/Red/BT12_010.cs",CardEffect,134
"CardEffect/BT12/Red/BT12_011.cs",CardEffect,463
"CardEffect/BT12/Red/BT12_012.cs",CardEffect,214
"CardEffect/BT12/Red/BT12_013.cs",CardEffect,105
"CardEffect/BT12/Red/BT12_014.cs",CardEffect,240
"CardEffect/BT12/Red/BT12_015.cs",CardEffect,469
"CardEffect/BT12/Red/BT12_016.cs",CardEffect,189
"CardEffect/BT12/Red/BT12_017.cs",CardEffect,267
"CardEffect/BT12/Red/BT12_018.cs",CardEffect,185
"CardEffect/BT12/Red/BT12_087.cs",CardEffect,431
"CardEffect/BT12/Red/BT12_088.cs",CardEffect,91
"CardEffect/BT12/Red/BT12_089.cs",CardEffect,281
"CardEffect/BT12/Red/BT12_099.cs",CardEffect,199
"CardEffect/BT12/Red/BT12_100.cs",CardEffect,184
"CardEffect/BT12/Red/BT12_108.cs",CardEffect,327
"CardEffect/BT12/White/BT12_086.cs",CardEffect,142
"CardEffect/BT12/White/BT12_098.cs",CardEffect,169
"CardEffect/BT12/White/BT12_112.cs",CardEffect,480
"CardEffect/BT12/Yellow/BT12_003.cs",CardEffect,114
"CardEffect/BT12/Yellow/BT12_034.cs",CardEffect,209
"CardEffect/BT12/Yellow/BT12_035.cs",CardEffect,95
"CardEffect/BT12/Yellow/BT12_037.cs",CardEffect,452
"CardEffect/BT12/Yellow/BT12_038.cs",CardEffect,215
"CardEffect/BT12/Yellow/BT12_039.cs",CardEffect,168
"CardEffect/BT12/Yellow/BT12_041.cs",CardEffect,235
"CardEffect/BT12/Yellow/BT12_042.cs",CardEffect,302
"CardEffect/BT12/Yellow/BT12_043.cs",CardEffect,196
"CardEffect/BT12/Yellow/BT12_044.cs",CardEffect,199
"CardEffect/BT12/Yellow/BT12_091.cs",CardEffect,476
"CardEffect/BT12/Yellow/BT12_092.cs",CardEffect,194
"CardEffect/BT12/Yellow/BT12_103.cs",CardEffect,135
"CardEffect/BT12/Yellow/BT12_104.cs",CardEffect,139
"CardEffect/BT13/Black/BT13_005.cs",CardEffect,54
"CardEffect/BT13/Black/BT13_061.cs",CardEffect,77
"CardEffect/BT13/Black/BT13_062.cs",CardEffect,258
"CardEffect/BT13/Black/BT13_063.cs",CardEffect,31
"CardEffect/BT13/Black/BT13_064.cs",CardEffect,134
"CardEffect/BT13/Black/BT13_065.cs",CardEffect,203
"CardEffect/BT13/Black/BT13_067.cs",CardEffect,23
"CardEffect/BT13/Black/BT13_068.cs",CardEffect,132
"CardEffect/BT13/Black/BT13_069.cs",CardEffect,227
"CardEffect/BT13/Black/BT13_070.cs",CardEffect,132
"CardEffect/BT13/Black/BT13_071.cs",CardEffect,74
"CardEffect/BT13/Black/BT13_072.cs",CardEffect,186
"CardEffect/BT13/Black/BT13_073.cs",CardEffect,88
"CardEffect/BT13/Black/BT13_074.cs",CardEffect,252
"CardEffect/BT13/Black/BT13_075.cs",CardEffect,426
"CardEffect/BT13/Black/BT13_076.cs",CardEffect,265
"CardEffect/BT13/Black/BT13_077.cs",CardEffect,279
"CardEffect/BT13/Black/BT13_108.cs",CardEffect,294
"CardEffect/BT13/Blue/BT13_002.cs",CardEffect,34
"CardEffect/BT13/Blue/BT13_021.cs",CardEffect,69
"CardEffect/BT13/Blue/BT13_023.cs",CardEffect,93
"CardEffect/BT13/Blue/BT13_025.cs",CardEffect,126
"CardEffect/BT13/Blue/BT13_026.cs",CardEffect,124
"CardEffect/BT13/Blue/BT13_027.cs",CardEffect,140
"CardEffect/BT13/Blue/BT13_028.cs",CardEffect,314
"CardEffect/BT13/Blue/BT13_029.cs",CardEffect,131
"CardEffect/BT13/Blue/BT13_030.cs",CardEffect,281
"CardEffect/BT13/Blue/BT13_031.cs",CardEffect,202
"CardEffect/BT13/Blue/BT13_032.cs",CardEffect,142
"CardEffect/BT13/Blue/BT13_033.cs",CardEffect,303
"CardEffect/BT13/Blue/BT13_096.cs",CardEffect,355
"CardEffect/BT13/Blue/BT13_097.cs",CardEffect,97
"CardEffect/BT13/Blue/BT13_105.cs",CardEffect,122
"CardEffect/BT13/Green/BT13_004.cs",CardEffect,34
"CardEffect/BT13/Green/BT13_047.cs",CardEffect,37
"CardEffect/BT13/Green/BT13_048.cs",CardEffect,122
"CardEffect/BT13/Green/BT13_049.cs",CardEffect,240
"CardEffect/BT13/Green/BT13_050.cs",CardEffect,254
"CardEffect/BT13/Green/BT13_051.cs",CardEffect,115
"CardEffect/BT13/Green/BT13_052.cs",CardEffect,37
"CardEffect/BT13/Green/BT13_053.cs",CardEffect,275
"CardEffect/BT13/Green/BT13_054.cs",CardEffect,126
"CardEffect/BT13/Green/BT13_055.cs",CardEffect,297
"CardEffect/BT13/Green/BT13_056.cs",CardEffect,568
"CardEffect/BT13/Green/BT13_057.cs",CardEffect,212
"CardEffect/BT13/Green/BT13_058.cs",CardEffect,315
"CardEffect/BT13/Green/BT13_059.cs",CardEffect,361
"CardEffect/BT13/Green/BT13_060.cs",CardEffect,270
"CardEffect/BT13/Green/BT13_100.cs",CardEffect,78
"CardEffect/BT13/Green/BT13_107.cs",CardEffect,264
"CardEffect/BT13/Purple/BT13_006.cs",CardEffect,126
"CardEffect/BT13/Purple/BT13_078.cs",CardEffect,145
"CardEffect/BT13/Purple/BT13_079.cs",CardEffect,158
"CardEffect/BT13/Purple/BT13_080.cs",CardEffect,531
"CardEffect/BT13/Purple/BT13_081.cs",CardEffect,226
"CardEffect/BT13/Purple/BT13_082.cs",CardEffect,81
"CardEffect/BT13/Purple/BT13_083.cs",CardEffect,526
"CardEffect/BT13/Purple/BT13_084.cs",CardEffect,329
"CardEffect/BT13/Purple/BT13_085.cs",CardEffect,167
"CardEffect/BT13/Purple/BT13_086.cs",CardEffect,503
"CardEffect/BT13/Purple/BT13_087.cs",CardEffect,227
"CardEffect/BT13/Purple/BT13_088.cs",CardEffect,440
"CardEffect/BT13/Purple/BT13_089.cs",CardEffect,335
"CardEffect/BT13/Purple/BT13_090.cs",CardEffect,217
"CardEffect/BT13/Purple/BT13_091.cs",CardEffect,314
"CardEffect/BT13/Purple/BT13_092.cs",CardEffect,290
"CardEffect/BT13/Purple/BT13_102.cs",CardEffect,188
"CardEffect/BT13/Purple/BT13_103.cs",CardEffect,488
"CardEffect/BT13/Purple/BT13_109.cs",CardEffect,263
"CardEffect/BT13/Red/BT13_001.cs",CardEffect,85
"CardEffect/BT13/Red/BT13_008.cs",CardEffect,203
"CardEffect/BT13/Red/BT13_009.cs",CardEffect,120
"CardEffect/BT13/Red/BT13_010.cs",CardEffect,174
"CardEffect/BT13/Red/BT13_011.cs",CardEffect,190
"CardEffect/BT13/Red/BT13_012.cs",CardEffect,249
"CardEffect/BT13/Red/BT13_013.cs",CardEffect,120
"CardEffect/BT13/Red/BT13_014.cs",CardEffect,265
"CardEffect/BT13/Red/BT13_015.cs",CardEffect,352
"CardEffect/BT13/Red/BT13_016.cs",CardEffect,231
"CardEffect/BT13/Red/BT13_017.cs",CardEffect,284
"CardEffect/BT13/Red/BT13_018.cs",CardEffect,295
"CardEffect/BT13/Red/BT13_019.cs",CardEffect,459
"CardEffect/BT13/Red/BT13_020.cs",CardEffect,268
"CardEffect/BT13/Red/BT13_094.cs",CardEffect,328
"CardEffect/BT13/Red/BT13_095.cs",CardEffect,150
"CardEffect/BT13/Red/BT13_104.cs",CardEffect,132
"CardEffect/BT13/Red/BT13_111.cs",CardEffect,480
"CardEffect/BT13/White/BT13_007.cs",CardEffect,534
"CardEffect/BT13/White/BT13_093.cs",CardEffect,175
"CardEffect/BT13/White/BT13_110.cs",CardEffect,270
"CardEffect/BT13/White/BT13_112.cs",CardEffect,544
"CardEffect/BT13/Yellow/BT13_003.cs",CardEffect,93
"CardEffect/BT13/Yellow/BT13_034.cs",CardEffect,171
"CardEffect/BT13/Yellow/BT13_035.cs",CardEffect,128
"CardEffect/BT13/Yellow/BT13_036.cs",CardEffect,131
"CardEffect/BT13/Yellow/BT13_037.cs",CardEffect,159
"CardEffect/BT13/Yellow/BT13_038.cs",CardEffect,163
"CardEffect/BT13/Yellow/BT13_039.cs",CardEffect,132
"CardEffect/BT13/Yellow/BT13_040.cs",CardEffect,206
"CardEffect/BT13/Yellow/BT13_041.cs",CardEffect,183
"CardEffect/BT13/Yellow/BT13_042.cs",CardEffect,132
"CardEffect/BT13/Yellow/BT13_043.cs",CardEffect,23
"CardEffect/BT13/Yellow/BT13_044.cs",CardEffect,196
"CardEffect/BT13/Yellow/BT13_045.cs",CardEffect,371
"CardEffect/BT13/Yellow/BT13_046.cs",CardEffect,257
"CardEffect/BT13/Yellow/BT13_098.cs",CardEffect,212
"CardEffect/BT13/Yellow/BT13_099.cs",CardEffect,156
"CardEffect/BT13/Yellow/BT13_101.cs",CardEffect,170
"CardEffect/BT13/Yellow/BT13_106.cs",CardEffect,128
"CardEffect/BT14/Black/BT14_005.cs",CardEffect,115
"CardEffect/BT14/Black/BT14_056.cs",CardEffect,193
"CardEffect/BT14/Black/BT14_057.cs",CardEffect,23
"CardEffect/BT14/Black/BT14_058.cs",CardEffect,279
"CardEffect/BT14/Black/BT14_059.cs",CardEffect,28
"CardEffect/BT14/Black/BT14_060.cs",CardEffect,242
"CardEffect/BT14/Black/BT14_061.cs",CardEffect,177
"CardEffect/BT14/Black/BT14_062.cs",CardEffect,42
"CardEffect/BT14/Black/BT14_063.cs",CardEffect,123
"CardEffect/BT14/Black/BT14_064.cs",CardEffect,296
"CardEffect/BT14/Black/BT14_065.cs",CardEffect,208
"CardEffect/BT14/Black/BT14_066.cs",CardEffect,282
"CardEffect/BT14/Black/BT14_067.cs",CardEffect,331
"CardEffect/BT14/Black/BT14_068.cs",CardEffect,310
"CardEffect/BT14/Black/BT14_086.cs",CardEffect,297
"CardEffect/BT14/Black/BT14_097.cs",CardEffect,273
"CardEffect/BT14/Black/BT14_098.cs",CardEffect,219
"CardEffect/BT14/Blue/BT14_002.cs",CardEffect,35
"CardEffect/BT14/Blue/BT14_019.cs",CardEffect,71
"CardEffect/BT14/Blue/BT14_020.cs",CardEffect,204
"CardEffect/BT14/Blue/BT14_021.cs",CardEffect,18
"CardEffect/BT14/Blue/BT14_022.cs",CardEffect,123
"CardEffect/BT14/Blue/BT14_023.cs",CardEffect,246
"CardEffect/BT14/Blue/BT14_026.cs",CardEffect,215
"CardEffect/BT14/Blue/BT14_027.cs",CardEffect,148
"CardEffect/BT14/Blue/BT14_028.cs",CardEffect,80
"CardEffect/BT14/Blue/BT14_029.cs",CardEffect,121
"CardEffect/BT14/Blue/BT14_030.cs",CardEffect,354
"CardEffect/BT14/Blue/BT14_083.cs",CardEffect,115
"CardEffect/BT14/Blue/BT14_091.cs",CardEffect,160
"CardEffect/BT14/Blue/BT14_092.cs",CardEffect,177
"CardEffect/BT14/Green/BT14_004.cs",CardEffect,92
"CardEffect/BT14/Green/BT14_042.cs",CardEffect,71
"CardEffect/BT14/Green/BT14_043.cs",CardEffect,144
"CardEffect/BT14/Green/BT14_044.cs",CardEffect,292
"CardEffect/BT14/Green/BT14_046.cs",CardEffect,471
"CardEffect/BT14/Green/BT14_047.cs",CardEffect,177
"CardEffect/BT14/Green/BT14_048.cs",CardEffect,110
"CardEffect/BT14/Green/BT14_049.cs",CardEffect,228
"CardEffect/BT14/Green/BT14_050.cs",CardEffect,161
"CardEffect/BT14/Green/BT14_051.cs",CardEffect,154
"CardEffect/BT14/Green/BT14_052.cs",CardEffect,120
"CardEffect/BT14/Green/BT14_053.cs",CardEffect,228
"CardEffect/BT14/Green/BT14_054.cs",CardEffect,169
"CardEffect/BT14/Green/BT14_085.cs",CardEffect,149
"CardEffect/BT14/Green/BT14_095.cs",CardEffect,139
"CardEffect/BT14/Green/BT14_096.cs",CardEffect,131
"CardEffect/BT14/Purple/BT14_006.cs",CardEffect,121
"CardEffect/BT14/Purple/BT14_070.cs",CardEffect,60
"CardEffect/BT14/Purple/BT14_071.cs",CardEffect,239
"CardEffect/BT14/Purple/BT14_072.cs",CardEffect,236
"CardEffect/BT14/Purple/BT14_073.cs",CardEffect,105
"CardEffect/BT14/Purple/BT14_074.cs",CardEffect,175
"CardEffect/BT14/Purple/BT14_075.cs",CardEffect,213
"CardEffect/BT14/Purple/BT14_076.cs",CardEffect,275
"CardEffect/BT14/Purple/BT14_077.cs",CardEffect,168
"CardEffect/BT14/Purple/BT14_078.cs",CardEffect,207
"CardEffect/BT14/Purple/BT14_079.cs",CardEffect,258
"CardEffect/BT14/Purple/BT14_080.cs",CardEffect,127
"CardEffect/BT14/Purple/BT14_081.cs",CardEffect,245
"CardEffect/BT14/Purple/BT14_087.cs",CardEffect,297
"CardEffect/BT14/Purple/BT14_099.cs",CardEffect,89
"CardEffect/BT14/Purple/BT14_100.cs",CardEffect,120
"CardEffect/BT14/Red/BT14_001.cs",CardEffect,60
"CardEffect/BT14/Red/BT14_007.cs",CardEffect,124
"CardEffect/BT14/Red/BT14_008.cs",CardEffect,83
"CardEffect/BT14/Red/BT14_012.cs",CardEffect,107
"CardEffect/BT14/Red/BT14_013.cs",CardEffect,173
"CardEffect/BT14/Red/BT14_014.cs",CardEffect,168
"CardEffect/BT14/Red/BT14_015.cs",CardEffect,84
"CardEffect/BT14/Red/BT14_016.cs",CardEffect,17
"CardEffect/BT14/Red/BT14_017.cs",CardEffect,79
"CardEffect/BT14/Red/BT14_018.cs",CardEffect,292
"CardEffect/BT14/Red/BT14_082.cs",CardEffect,158
"CardEffect/BT14/Red/BT14_089.cs",CardEffect,86
"CardEffect/BT14/Red/BT14_090.cs",CardEffect,401
"CardEffect/BT14/Red/BT14_101.cs",CardEffect,189
"CardEffect/BT14/White/BT14_088.cs",CardEffect,172
"CardEffect/BT14/Yellow/BT14_003.cs",CardEffect,60
"CardEffect/BT14/Yellow/BT14_031.cs",CardEffect,86
"CardEffect/BT14/Yellow/BT14_032.cs",CardEffect,193
"CardEffect/BT14/Yellow/BT14_033.cs",CardEffect,251
"CardEffect/BT14/Yellow/BT14_034.cs",CardEffect,93
"CardEffect/BT14/Yellow/BT14_035.cs",CardEffect,18
"CardEffect/BT14/Yellow/BT14_036.cs",CardEffect,151
"CardEffect/BT14/Yellow/BT14_037.cs",CardEffect,212
"CardEffect/BT14/Yellow/BT14_038.cs",CardEffect,265
"CardEffect/BT14/Yellow/BT14_039.cs",CardEffect,161
"CardEffect/BT14/Yellow/BT14_040.cs",CardEffect,303
"CardEffect/BT14/Yellow/BT14_041.cs",CardEffect,134
"CardEffect/BT14/Yellow/BT14_084.cs",CardEffect,168
"CardEffect/BT14/Yellow/BT14_093.cs",CardEffect,346
"CardEffect/BT14/Yellow/BT14_094.cs",CardEffect,191
"CardEffect/BT14/Yellow/BT14_102.cs",CardEffect,331
"CardEffect/BT15/Black/BT15_005.cs",CardEffect,65
"CardEffect/BT15/Black/BT15_055.cs",CardEffect,85
"CardEffect/BT15/Black/BT15_056.cs",CardEffect,261
"CardEffect/BT15/Black/BT15_057.cs",CardEffect,236
"CardEffect/BT15/Black/BT15_058.cs",CardEffect,312
"CardEffect/BT15/Black/BT15_059.cs",CardEffect,318
"CardEffect/BT15/Black/BT15_060.cs",CardEffect,301
"CardEffect/BT15/Black/BT15_061.cs",CardEffect,307
"CardEffect/BT15/Black/BT15_062.cs",CardEffect,234
"CardEffect/BT15/Black/BT15_063.cs",CardEffect,207
"CardEffect/BT15/Black/BT15_064.cs",CardEffect,349
"CardEffect/BT15/Black/BT15_065.cs",CardEffect,543
"CardEffect/BT15/Black/BT15_066.cs",CardEffect,222
"CardEffect/BT15/Black/BT15_067.cs",CardEffect,222
"CardEffect/BT15/Black/BT15_086.cs",CardEffect,352
"CardEffect/BT15/Black/BT15_087.cs",CardEffect,240
"CardEffect/BT15/Black/BT15_096.cs",CardEffect,349
"CardEffect/BT15/Black/BT15_097.cs",CardEffect,134
"CardEffect/BT15/Blue/BT15_002.cs",CardEffect,74
"CardEffect/BT15/Blue/BT15_019.cs",CardEffect,87
"CardEffect/BT15/Blue/BT15_020.cs",CardEffect,169
"CardEffect/BT15/Blue/BT15_021.cs",CardEffect,242
"CardEffect/BT15/Blue/BT15_022.cs",CardEffect,103
"CardEffect/BT15/Blue/BT15_023.cs",CardEffect,92
"CardEffect/BT15/Blue/BT15_024.cs",CardEffect,314
"CardEffect/BT15/Blue/BT15_025.cs",CardEffect,23
"CardEffect/BT15/Blue/BT15_026.cs",CardEffect,297
"CardEffect/BT15/Blue/BT15_027.cs",CardEffect,238
"CardEffect/BT15/Blue/BT15_028.cs",CardEffect,138
"CardEffect/BT15/Blue/BT15_029.cs",CardEffect,344
"CardEffect/BT15/Blue/BT15_030.cs",CardEffect,203
"CardEffect/BT15/Blue/BT15_031.cs",CardEffect,256
"CardEffect/BT15/Blue/BT15_032.cs",CardEffect,220
"CardEffect/BT15/Blue/BT15_083.cs",CardEffect,155
"CardEffect/BT15/Blue/BT15_090.cs",CardEffect,90
"CardEffect/BT15/Blue/BT15_091.cs",CardEffect,405
"CardEffect/BT15/Blue/BT15_101.cs",CardEffect,268
"CardEffect/BT15/Green/BT15_004.cs",CardEffect,81
"CardEffect/BT15/Green/BT15_043.cs",CardEffect,226
"CardEffect/BT15/Green/BT15_044.cs",CardEffect,88
"CardEffect/BT15/Green/BT15_045.cs",CardEffect,213
"CardEffect/BT15/Green/BT15_046.cs",CardEffect,64
"CardEffect/BT15/Green/BT15_047.cs",CardEffect,116
"CardEffect/BT15/Green/BT15_048.cs",CardEffect,173
"CardEffect/BT15/Green/BT15_049.cs",CardEffect,298
"CardEffect/BT15/Green/BT15_050.cs",CardEffect,243
"CardEffect/BT15/Green/BT15_051.cs",CardEffect,164
"CardEffect/BT15/Green/BT15_052.cs",CardEffect,248
"CardEffect/BT15/Green/BT15_053.cs",CardEffect,261
"CardEffect/BT15/Green/BT15_054.cs",CardEffect,293
"CardEffect/BT15/Green/BT15_085.cs",CardEffect,131
"CardEffect/BT15/Green/BT15_094.cs",CardEffect,139
"CardEffect/BT15/Green/BT15_095.cs",CardEffect,209
"CardEffect/BT15/Purple/BT15_006.cs",CardEffect,106
"CardEffect/BT15/Purple/BT15_068.cs",CardEffect,184
"CardEffect/BT15/Purple/BT15_069.cs",CardEffect,69
"CardEffect/BT15/Purple/BT15_070.cs",CardEffect,116
"CardEffect/BT15/Purple/BT15_071.cs",CardEffect,209
"CardEffect/BT15/Purple/BT15_072.cs",CardEffect,129
"CardEffect/BT15/Purple/BT15_073.cs",CardEffect,139
"CardEffect/BT15/Purple/BT15_074.cs",CardEffect,276
"CardEffect/BT15/Purple/BT15_075.cs",CardEffect,252
"CardEffect/BT15/Purple/BT15_076.cs",CardEffect,250
"CardEffect/BT15/Purple/BT15_077.cs",CardEffect,243
"CardEffect/BT15/Purple/BT15_078.cs",CardEffect,308
"CardEffect/BT15/Purple/BT15_079.cs",CardEffect,257
"CardEffect/BT15/Purple/BT15_080.cs",CardEffect,219
"CardEffect/BT15/Purple/BT15_081.cs",CardEffect,411
"CardEffect/BT15/Purple/BT15_098.cs",CardEffect,275
"CardEffect/BT15/Purple/BT15_099.cs",CardEffect,137
"CardEffect/BT15/Purple/BT15_100.cs",CardEffect,320
"CardEffect/BT15/Red/BT15_001.cs",CardEffect,91
"CardEffect/BT15/Red/BT15_007.cs",CardEffect,173
"CardEffect/BT15/Red/BT15_008.cs",CardEffect,75
"CardEffect/BT15/Red/BT15_009.cs",CardEffect,95
"CardEffect/BT15/Red/BT15_010.cs",CardEffect,101
"CardEffect/BT15/Red/BT15_011.cs",CardEffect,159
"CardEffect/BT15/Red/BT15_012.cs",CardEffect,260
"CardEffect/BT15/Red/BT15_013.cs",CardEffect,137
"CardEffect/BT15/Red/BT15_014.cs",CardEffect,295
"CardEffect/BT15/Red/BT15_015.cs",CardEffect,71
"CardEffect/BT15/Red/BT15_016.cs",CardEffect,353
"CardEffect/BT15/Red/BT15_017.cs",CardEffect,277
"CardEffect/BT15/Red/BT15_018.cs",CardEffect,169
"CardEffect/BT15/Red/BT15_082.cs",CardEffect,139
"CardEffect/BT15/Red/BT15_088.cs",CardEffect,290
"CardEffect/BT15/Red/BT15_089.cs",CardEffect,80
"CardEffect/BT15/White/BT15_102.cs",CardEffect,602
"CardEffect/BT15/Yellow/BT15_003.cs",CardEffect,76
"CardEffect/BT15/Yellow/BT15_033.cs",CardEffect,18
"CardEffect/BT15/Yellow/BT15_034.cs",CardEffect,261
"CardEffect/BT15/Yellow/BT15_035.cs",CardEffect,386
"CardEffect/BT15/Yellow/BT15_036.cs",CardEffect,228
"CardEffect/BT15/Yellow/BT15_037.cs",CardEffect,100
"CardEffect/BT15/Yellow/BT15_038.cs",CardEffect,273
"CardEffect/BT15/Yellow/BT15_039.cs",CardEffect,402
"CardEffect/BT15/Yellow/BT15_040.cs",CardEffect,217
"CardEffect/BT15/Yellow/BT15_041.cs",CardEffect,334
"CardEffect/BT15/Yellow/BT15_042.cs",CardEffect,372
"CardEffect/BT15/Yellow/BT15_084.cs",CardEffect,205
"CardEffect/BT15/Yellow/BT15_092.cs",CardEffect,217
"CardEffect/BT15/Yellow/BT15_093.cs",CardEffect,145
"CardEffect/BT16/Black/BT16_005.cs",CardEffect,93
"CardEffect/BT16/Black/BT16_049.cs",CardEffect,113
"CardEffect/BT16/Black/BT16_050.cs",CardEffect,78
"CardEffect/BT16/Black/BT16_051.cs",CardEffect,187
"CardEffect/BT16/Black/BT16_052.cs",CardEffect,75
"CardEffect/BT16/Black/BT16_052_token.cs",CardEffect,57
"CardEffect/BT16/Black/BT16_053.cs",CardEffect,209
"CardEffect/BT16/Black/BT16_054.cs",CardEffect,252
"CardEffect/BT16/Black/BT16_055.cs",CardEffect,218
"CardEffect/BT16/Black/BT16_056.cs",CardEffect,296
"CardEffect/BT16/Black/BT16_057.cs",CardEffect,181
"CardEffect/BT16/Black/BT16_058.cs",CardEffect,493
"CardEffect/BT16/Black/BT16_059.cs",CardEffect,303
"CardEffect/BT16/Black/BT16_060.cs",CardEffect,341
"CardEffect/BT16/Black/BT16_061.cs",CardEffect,348
"CardEffect/BT16/Black/BT16_062.cs",CardEffect,370
"CardEffect/BT16/Black/BT16_063.cs",CardEffect,214
"CardEffect/BT16/Black/BT16_064.cs",CardEffect,205
"CardEffect/BT16/Black/BT16_065.cs",CardEffect,617
"CardEffect/BT16/Black/BT16_087.cs",CardEffect,239
"CardEffect/BT16/Black/BT16_088.cs",CardEffect,297
"CardEffect/BT16/Black/BT16_096.cs",CardEffect,187
"CardEffect/BT16/Black/BT16_097.cs",CardEffect,301
"CardEffect/BT16/Black/BT16_098.cs",CardEffect,112
"CardEffect/BT16/Blue/BT16_002.cs",CardEffect,30
"CardEffect/BT16/Blue/BT16_016.cs",CardEffect,327
"CardEffect/BT16/Blue/BT16_017.cs",CardEffect,98
"CardEffect/BT16/Blue/BT16_018.cs",CardEffect,217
"CardEffect/BT16/Blue/BT16_019.cs",CardEffect,252
"CardEffect/BT16/Blue/BT16_020.cs",CardEffect,83
"CardEffect/BT16/Blue/BT16_021.cs",CardEffect,172
"CardEffect/BT16/Blue/BT16_022.cs",CardEffect,140
"CardEffect/BT16/Blue/BT16_023.cs",CardEffect,322
"CardEffect/BT16/Blue/BT16_024.cs",CardEffect,452
"CardEffect/BT16/Blue/BT16_025.cs",CardEffect,277
"CardEffect/BT16/Blue/BT16_026.cs",CardEffect,262
"CardEffect/BT16/Blue/BT16_027.cs",CardEffect,238
"CardEffect/BT16/Blue/BT16_028.cs",CardEffect,263
"CardEffect/BT16/Blue/BT16_085.cs",CardEffect,297
"CardEffect/BT16/Blue/BT16_092.cs",CardEffect,311
"CardEffect/BT16/Green/BT16_004.cs",CardEffect,79
"CardEffect/BT16/Green/BT16_037.cs",CardEffect,99
"CardEffect/BT16/Green/BT16_038.cs",CardEffect,233
"CardEffect/BT16/Green/BT16_039.cs",CardEffect,132
"CardEffect/BT16/Green/BT16_040.cs",CardEffect,344
"CardEffect/BT16/Green/BT16_041.cs",CardEffect,243
"CardEffect/BT16/Green/BT16_042.cs",CardEffect,185
"CardEffect/BT16/Green/BT16_043.cs",CardEffect,217
"CardEffect/BT16/Green/BT16_044.cs",CardEffect,293
"CardEffect/BT16/Green/BT16_045.cs",CardEffect,403
"CardEffect/BT16/Green/BT16_046.cs",CardEffect,359
"CardEffect/BT16/Green/BT16_047.cs",CardEffect,202
"CardEffect/BT16/Green/BT16_048.cs",CardEffect,428
"CardEffect/BT16/Green/BT16_095.cs",CardEffect,188
"CardEffect/BT16/Purple/BT16_006.cs",CardEffect,93
"CardEffect/BT16/Purple/BT16_066.cs",CardEffect,244
"CardEffect/BT16/Purple/BT16_067.cs",CardEffect,335
"CardEffect/BT16/Purple/BT16_068.cs",CardEffect,231
"CardEffect/BT16/Purple/BT16_069.cs",CardEffect,452
"CardEffect/BT16/Purple/BT16_070.cs",CardEffect,261
"CardEffect/BT16/Purple/BT16_071.cs",CardEffect,249
"CardEffect/BT16/Purple/BT16_072.cs",CardEffect,193
"CardEffect/BT16/Purple/BT16_073.cs",CardEffect,210
"CardEffect/BT16/Purple/BT16_074.cs",CardEffect,335
"CardEffect/BT16/Purple/BT16_075.cs",CardEffect,282
"CardEffect/BT16/Purple/BT16_076.cs",CardEffect,352
"CardEffect/BT16/Purple/BT16_077.cs",CardEffect,288
"CardEffect/BT16/Purple/BT16_078.cs",CardEffect,328
"CardEffect/BT16/Purple/BT16_079.cs",CardEffect,487
"CardEffect/BT16/Purple/BT16_080.cs",CardEffect,282
"CardEffect/BT16/Purple/BT16_081.cs",CardEffect,433
"CardEffect/BT16/Purple/BT16_089.cs",CardEffect,376
"CardEffect/BT16/Purple/BT16_099.cs",CardEffect,389
"CardEffect/BT16/Purple/BT16_100.cs",CardEffect,326
"CardEffect/BT16/Red/BT16_001.cs",CardEffect,87
"CardEffect/BT16/Red/BT16_007.cs",CardEffect,169
"CardEffect/BT16/Red/BT16_008.cs",CardEffect,250
"CardEffect/BT16/Red/BT16_009.cs",CardEffect,131
"CardEffect/BT16/Red/BT16_010.cs",CardEffect,226
"CardEffect/BT16/Red/BT16_011.cs",CardEffect,446
"CardEffect/BT16/Red/BT16_012.cs",CardEffect,355
"CardEffect/BT16/Red/BT16_013.cs",CardEffect,238
"CardEffect/BT16/Red/BT16_014.cs",CardEffect,191
"CardEffect/BT16/Red/BT16_015.cs",CardEffect,244
"CardEffect/BT16/Red/BT16_084.cs",CardEffect,306
"CardEffect/BT16/Red/BT16_091.cs",CardEffect,348
"CardEffect/BT16/White/BT16_082.cs",CardEffect,116
"CardEffect/BT16/White/BT16_083.cs",CardEffect,370
"CardEffect/BT16/White/BT16_090.cs",CardEffect,227
"CardEffect/BT16/Yellow/BT16_003.cs",CardEffect,38
"CardEffect/BT16/Yellow/BT16_029.cs",CardEffect,177
"CardEffect/BT16/Yellow/BT16_030.cs",CardEffect,321
"CardEffect/BT16/Yellow/BT16_031.cs",CardEffect,322
"CardEffect/BT16/Yellow/BT16_032.cs",CardEffect,93
"CardEffect/BT16/Yellow/BT16_033.cs",CardEffect,114
"CardEffect/BT16/Yellow/BT16_034.cs",CardEffect,337
"CardEffect/BT16/Yellow/BT16_035.cs",CardEffect,79
"CardEffect/BT16/Yellow/BT16_036.cs",CardEffect,312
"CardEffect/BT16/Yellow/BT16_086.cs",CardEffect,273
"CardEffect/BT16/Yellow/BT16_093.cs",CardEffect,313
"CardEffect/BT16/Yellow/BT16_094.cs",CardEffect,370
"CardEffect/BT16/Yellow/BT16_101.cs",CardEffect,265
"CardEffect/BT16/Yellow/BT16_102.cs",CardEffect,268
"CardEffect/BT17/Black/BT17_005.cs",CardEffect,51
"CardEffect/BT17/Black/BT17_052.cs",CardEffect,70
"CardEffect/BT17/Black/BT17_053.cs",CardEffect,127
"CardEffect/BT17/Black/BT17_054.cs",CardEffect,89
"CardEffect/BT17/Black/BT17_055.cs",CardEffect,221
"CardEffect/BT17/Black/BT17_056.cs",CardEffect,180
"CardEffect/BT17/Black/BT17_057.cs",CardEffect,542
"CardEffect/BT17/Black/BT17_058.cs",CardEffect,260
"CardEffect/BT17/Black/BT17_059.cs",CardEffect,277
"CardEffect/BT17/Black/BT17_060.cs",CardEffect,511
"CardEffect/BT17/Black/BT17_100.cs",CardEffect,352
"CardEffect/BT17/Blue/BT17_002.cs",CardEffect,74
"CardEffect/BT17/Blue/BT17_019.cs",CardEffect,195
"CardEffect/BT17/Blue/BT17_020.cs",CardEffect,250
"CardEffect/BT17/Blue/BT17_021.cs",CardEffect,156
"CardEffect/BT17/Blue/BT17_022.cs",CardEffect,230
"CardEffect/BT17/Blue/BT17_023.cs",CardEffect,219
"CardEffect/BT17/Blue/BT17_024.cs",CardEffect,274
"CardEffect/BT17/Blue/BT17_025.cs",CardEffect,353
"CardEffect/BT17/Blue/BT17_026.cs",CardEffect,646
"CardEffect/BT17/Blue/BT17_027.cs",CardEffect,598
"CardEffect/BT17/Blue/BT17_028.cs",CardEffect,467
"CardEffect/BT17/Blue/BT17_082.cs",CardEffect,331
"CardEffect/BT17/Blue/BT17_083.cs",CardEffect,82
"CardEffect/BT17/Blue/BT17_084.cs",CardEffect,307
"CardEffect/BT17/Blue/BT17_097.cs",CardEffect,370
"CardEffect/BT17/Green/BT17_004.cs",CardEffect,35
"CardEffect/BT17/Green/BT17_042.cs",CardEffect,134
"CardEffect/BT17/Green/BT17_043.cs",CardEffect,132
"CardEffect/BT17/Green/BT17_044.cs",CardEffect,135
"CardEffect/BT17/Green/BT17_045.cs",CardEffect,162
"CardEffect/BT17/Green/BT17_046.cs",CardEffect,118
"CardEffect/BT17/Green/BT17_047.cs",CardEffect,212
"CardEffect/BT17/Green/BT17_048.cs",CardEffect,406
"CardEffect/BT17/Green/BT17_049.cs",CardEffect,258
"CardEffect/BT17/Green/BT17_050.cs",CardEffect,386
"CardEffect/BT17/Green/BT17_051.cs",CardEffect,387
"CardEffect/BT17/Green/BT17_088.cs",CardEffect,289
"CardEffect/BT17/Green/BT17_089.cs",CardEffect,143
"CardEffect/BT17/Purple/BT17_006.cs",CardEffect,73
"CardEffect/BT17/Purple/BT17_061.cs",CardEffect,131
"CardEffect/BT17/Purple/BT17_062.cs",CardEffect,100
"CardEffect/BT17/Purple/BT17_063.cs",CardEffect,139
"CardEffect/BT17/Purple/BT17_064.cs",CardEffect,153
"CardEffect/BT17/Purple/BT17_065.cs",CardEffect,249
"CardEffect/BT17/Purple/BT17_066.cs",CardEffect,126
"CardEffect/BT17/Purple/BT17_067.cs",CardEffect,345
"CardEffect/BT17/Purple/BT17_068.cs",CardEffect,420
"CardEffect/BT17/Purple/BT17_069.cs",CardEffect,279
"CardEffect/BT17/Purple/BT17_070.cs",CardEffect,441
"CardEffect/BT17/Purple/BT17_071.cs",CardEffect,247
"CardEffect/BT17/Purple/BT17_072.cs",CardEffect,153
"CardEffect/BT17/Purple/BT17_073.cs",CardEffect,272
"CardEffect/BT17/Purple/BT17_090.cs",CardEffect,161
"CardEffect/BT17/Purple/BT17_091.cs",CardEffect,237
"CardEffect/BT17/Purple/BT17_101.cs",CardEffect,308
"CardEffect/BT17/Red/BT17_001.cs",CardEffect,87
"CardEffect/BT17/Red/BT17_007.cs",CardEffect,238
"CardEffect/BT17/Red/BT17_008.cs",CardEffect,186
"CardEffect/BT17/Red/BT17_009.cs",CardEffect,191
"CardEffect/BT17/Red/BT17_010.cs",CardEffect,156
"CardEffect/BT17/Red/BT17_011.cs",CardEffect,201
"CardEffect/BT17/Red/BT17_012.cs",CardEffect,163
"CardEffect/BT17/Red/BT17_013.cs",CardEffect,188
"CardEffect/BT17/Red/BT17_014.cs",CardEffect,549
"CardEffect/BT17/Red/BT17_015.cs",CardEffect,522
"CardEffect/BT17/Red/BT17_016.cs",CardEffect,264
"CardEffect/BT17/Red/BT17_017.cs",CardEffect,409
"CardEffect/BT17/Red/BT17_018.cs",CardEffect,339
"CardEffect/BT17/Red/BT17_079.cs",CardEffect,118
"CardEffect/BT17/Red/BT17_080.cs",CardEffect,349
"CardEffect/BT17/Red/BT17_081.cs",CardEffect,216
"CardEffect/BT17/Red/BT17_094.cs",CardEffect,370
"CardEffect/BT17/Red/BT17_095.cs",CardEffect,637
"CardEffect/BT17/Red/BT17_096.cs",CardEffect,296
"CardEffect/BT17/White/BT17_074.cs",CardEffect,263
"CardEffect/BT17/White/BT17_075.cs",CardEffect,574
"CardEffect/BT17/White/BT17_076.cs",CardEffect,323
"CardEffect/BT17/White/BT17_077.cs",CardEffect,336
"CardEffect/BT17/White/BT17_078.cs",CardEffect,492
"CardEffect/BT17/White/BT17_092.cs",CardEffect,270
"CardEffect/BT17/White/BT17_093.cs",CardEffect,188
"CardEffect/BT17/White/BT17_102.cs",CardEffect,371
"CardEffect/BT17/Yellow/BT17_003.cs",CardEffect,65
"CardEffect/BT17/Yellow/BT17_029.cs",CardEffect,151
"CardEffect/BT17/Yellow/BT17_030.cs",CardEffect,162
"CardEffect/BT17/Yellow/BT17_031.cs",CardEffect,181
"CardEffect/BT17/Yellow/BT17_032.cs",CardEffect,187
"CardEffect/BT17/Yellow/BT17_033.cs",CardEffect,151
"CardEffect/BT17/Yellow/BT17_034.cs",CardEffect,206
"CardEffect/BT17/Yellow/BT17_035.cs",CardEffect,388
"CardEffect/BT17/Yellow/BT17_036.cs",CardEffect,235
"CardEffect/BT17/Yellow/BT17_037.cs",CardEffect,429
"CardEffect/BT17/Yellow/BT17_038.cs",CardEffect,243
"CardEffect/BT17/Yellow/BT17_039.cs",CardEffect,224
"CardEffect/BT17/Yellow/BT17_040.cs",CardEffect,333
"CardEffect/BT17/Yellow/BT17_041.cs",CardEffect,404
"CardEffect/BT17/Yellow/BT17_085.cs",CardEffect,360
"CardEffect/BT17/Yellow/BT17_086.cs",CardEffect,287
"CardEffect/BT17/Yellow/BT17_087.cs",CardEffect,210
"CardEffect/BT17/Yellow/BT17_098.cs",CardEffect,228
"CardEffect/BT17/Yellow/BT17_099.cs",CardEffect,457
"CardEffect/BT18/Black/BT18_005.cs",CardEffect,62
"CardEffect/BT18/Black/BT18_057.cs",CardEffect,123
"CardEffect/BT18/Black/BT18_058.cs",CardEffect,108
"CardEffect/BT18/Black/BT18_059.cs",CardEffect,60
"CardEffect/BT18/Black/BT18_060.cs",CardEffect,275
"CardEffect/BT18/Black/BT18_061.cs",CardEffect,223
"CardEffect/BT18/Black/BT18_062.cs",CardEffect,283
"CardEffect/BT18/Black/BT18_063.cs",CardEffect,275
"CardEffect/BT18/Black/BT18_064.cs",CardEffect,157
"CardEffect/BT18/Black/BT18_065.cs",CardEffect,302
"CardEffect/BT18/Black/BT18_066.cs",CardEffect,544
"CardEffect/BT18/Black/BT18_067.cs",CardEffect,201
"CardEffect/BT18/Black/BT18_068.cs",CardEffect,173
"CardEffect/BT18/Black/BT18_069.cs",CardEffect,167
"CardEffect/BT18/Black/BT18_070.cs",CardEffect,375
"CardEffect/BT18/Black/BT18_071.cs",CardEffect,286
"CardEffect/BT18/Black/BT18_072.cs",CardEffect,313
"CardEffect/BT18/Black/BT18_073.cs",CardEffect,657
"CardEffect/BT18/Black/BT18_074.cs",CardEffect,442
"CardEffect/BT18/Black/BT18_091.cs",CardEffect,167
"CardEffect/BT18/Black/BT18_092.cs",CardEffect,291
"CardEffect/BT18/Blue/BT18_002.cs",CardEffect,33
"CardEffect/BT18/Blue/BT18_021.cs",CardEffect,123
"CardEffect/BT18/Blue/BT18_022.cs",CardEffect,310
"CardEffect/BT18/Blue/BT18_023.cs",CardEffect,396
"CardEffect/BT18/Blue/BT18_024.cs",CardEffect,382
"CardEffect/BT18/Blue/BT18_025.cs",CardEffect,244
"CardEffect/BT18/Blue/BT18_026.cs",CardEffect,342
"CardEffect/BT18/Blue/BT18_027.cs",CardEffect,124
"CardEffect/BT18/Blue/BT18_028.cs",CardEffect,282
"CardEffect/BT18/Blue/BT18_029.cs",CardEffect,419
"CardEffect/BT18/Blue/BT18_089.cs",CardEffect,168
"CardEffect/BT18/Green/BT18_004.cs",CardEffect,93
"CardEffect/BT18/Green/BT18_043.cs",CardEffect,123
"CardEffect/BT18/Green/BT18_044.cs",CardEffect,162
"CardEffect/BT18/Green/BT18_045.cs",CardEffect,58
"CardEffect/BT18/Green/BT18_046.cs",CardEffect,127
"CardEffect/BT18/Green/BT18_047.cs",CardEffect,257
"CardEffect/BT18/Green/BT18_048.cs",CardEffect,299
"CardEffect/BT18/Green/BT18_049.cs",CardEffect,213
"CardEffect/BT18/Green/BT18_050.cs",CardEffect,208
"CardEffect/BT18/Green/BT18_051.cs",CardEffect,49
"CardEffect/BT18/Green/BT18_052.cs",CardEffect,213
"CardEffect/BT18/Green/BT18_053.cs",CardEffect,358
"CardEffect/BT18/Green/BT18_054.cs",CardEffect,260
"CardEffect/BT18/Green/BT18_055.cs",CardEffect,319
"CardEffect/BT18/Green/BT18_056.cs",CardEffect,233
"CardEffect/BT18/Green/BT18_090.cs",CardEffect,172
"CardEffect/BT18/Purple/BT18_006.cs",CardEffect,64
"CardEffect/BT18/Purple/BT18_075.cs",CardEffect,120
"CardEffect/BT18/Purple/BT18_076.cs",CardEffect,292
"CardEffect/BT18/Purple/BT18_077.cs",CardEffect,188
"CardEffect/BT18/Purple/BT18_078.cs",CardEffect,472
"CardEffect/BT18/Purple/BT18_079.cs",CardEffect,279
"CardEffect/BT18/Purple/BT18_080.cs",CardEffect,200
"CardEffect/BT18/Purple/BT18_081.cs",CardEffect,420
"CardEffect/BT18/Purple/BT18_082.cs",CardEffect,281
"CardEffect/BT18/Purple/BT18_083.cs",CardEffect,177
"CardEffect/BT18/Purple/BT18_084.cs",CardEffect,288
"CardEffect/BT18/Purple/BT18_085.cs",CardEffect,106
"CardEffect/BT18/Purple/BT18_093.cs",CardEffect,103
"CardEffect/BT18/Purple/BT18_094.cs",CardEffect,151
"CardEffect/BT18/Purple/BT18_099.cs",CardEffect,331
"CardEffect/BT18/Purple/BT18_100.cs",CardEffect,225
"CardEffect/BT18/Purple/BT18_101.cs",CardEffect,252
"CardEffect/BT18/Red/BT18_001.cs",CardEffect,90
"CardEffect/BT18/Red/BT18_007.cs",CardEffect,120
"CardEffect/BT18/Red/BT18_008.cs",CardEffect,89
"CardEffect/BT18/Red/BT18_009.cs",CardEffect,61
"CardEffect/BT18/Red/BT18_010.cs",CardEffect,136
"CardEffect/BT18/Red/BT18_011.cs",CardEffect,140
"CardEffect/BT18/Red/BT18_012.cs",CardEffect,257
"CardEffect/BT18/Red/BT18_013.cs",CardEffect,292
"CardEffect/BT18/Red/BT18_014.cs",CardEffect,244
"CardEffect/BT18/Red/BT18_015.cs",CardEffect,425
"CardEffect/BT18/Red/BT18_016.cs",CardEffect,61
"CardEffect/BT18/Red/BT18_017.cs",CardEffect,342
"CardEffect/BT18/Red/BT18_018.cs",CardEffect,194
"CardEffect/BT18/Red/BT18_019.cs",CardEffect,600
"CardEffect/BT18/Red/BT18_087.cs",CardEffect,115
"CardEffect/BT18/Red/BT18_088.cs",CardEffect,222
"CardEffect/BT18/Red/BT18_095.cs",CardEffect,470
"CardEffect/BT18/Red/BT18_096.cs",CardEffect,400
"CardEffect/BT18/White/BT18_086.cs",CardEffect,176
"CardEffect/BT18/White/BT18_102.cs",CardEffect,257
"CardEffect/BT18/Yellow/BT18_003.cs",CardEffect,93
"CardEffect/BT18/Yellow/BT18_030.cs",CardEffect,153
"CardEffect/BT18/Yellow/BT18_031.cs",CardEffect,121
"CardEffect/BT18/Yellow/BT18_032.cs",CardEffect,138
"CardEffect/BT18/Yellow/BT18_033.cs",CardEffect,136
"CardEffect/BT18/Yellow/BT18_034.cs",CardEffect,410
"CardEffect/BT18/Yellow/BT18_035.cs",CardEffect,83
"CardEffect/BT18/Yellow/BT18_036.cs",CardEffect,140
"CardEffect/BT18/Yellow/BT18_037.cs",CardEffect,199
"CardEffect/BT18/Yellow/BT18_038.cs",CardEffect,243
"CardEffect/BT18/Yellow/BT18_039.cs",CardEffect,235
"CardEffect/BT18/Yellow/BT18_040.cs",CardEffect,297
"CardEffect/BT18/Yellow/BT18_041.cs",CardEffect,437
"CardEffect/BT18/Yellow/BT18_042.cs",CardEffect,252
"CardEffect/BT18/Yellow/BT18_097.cs",CardEffect,470
"CardEffect/BT18/Yellow/BT18_098.cs",CardEffect,225
"CardEffect/BT19/Black/BT19_005.cs",CardEffect,39
"CardEffect/BT19/Black/BT19_055.cs",CardEffect,148
"CardEffect/BT19/Black/BT19_056.cs",CardEffect,121
"CardEffect/BT19/Black/BT19_057.cs",CardEffect,174
"CardEffect/BT19/Black/BT19_058.cs",CardEffect,28
"CardEffect/BT19/Black/BT19_059.cs",CardEffect,34
"CardEffect/BT19/Black/BT19_060.cs",CardEffect,104
"CardEffect/BT19/Black/BT19_061.cs",CardEffect,351
"CardEffect/BT19/Black/BT19_062.cs",CardEffect,167
"CardEffect/BT19/Black/BT19_063.cs",CardEffect,505
"CardEffect/BT19/Black/BT19_064.cs",CardEffect,352
"CardEffect/BT19/Black/BT19_065.cs",CardEffect,392
"CardEffect/BT19/Black/BT19_086.cs",CardEffect,309
"CardEffect/BT19/Black/BT19_087.cs",CardEffect,150
"CardEffect/BT19/Blue/BT19_002.cs",CardEffect,90
"CardEffect/BT19/Blue/BT19_016.cs",CardEffect,239
"CardEffect/BT19/Blue/BT19_017.cs",CardEffect,114
"CardEffect/BT19/Blue/BT19_018.cs",CardEffect,37
"CardEffect/BT19/Blue/BT19_019.cs",CardEffect,121
"CardEffect/BT19/Blue/BT19_020.cs",CardEffect,127
"CardEffect/BT19/Blue/BT19_021.cs",CardEffect,134
"CardEffect/BT19/Blue/BT19_022.cs",CardEffect,162
"CardEffect/BT19/Blue/BT19_023.cs",CardEffect,207
"CardEffect/BT19/Blue/BT19_024.cs",CardEffect,331
"CardEffect/BT19/Blue/BT19_025.cs",CardEffect,416
"CardEffect/BT19/Blue/BT19_026.cs",CardEffect,345
"CardEffect/BT19/Blue/BT19_027.cs",CardEffect,226
"CardEffect/BT19/Blue/BT19_028.cs",CardEffect,146
"CardEffect/BT19/Blue/BT19_081.cs",CardEffect,219
"CardEffect/BT19/Blue/BT19_082.cs",CardEffect,127
"CardEffect/BT19/Blue/BT19_092.cs",CardEffect,135
"CardEffect/BT19/Green/BT19_004.cs",CardEffect,40
"CardEffect/BT19/Green/BT19_044.cs",CardEffect,134
"CardEffect/BT19/Green/BT19_045.cs",CardEffect,238
"CardEffect/BT19/Green/BT19_046.cs",CardEffect,197
"CardEffect/BT19/Green/BT19_047.cs",CardEffect,158
"CardEffect/BT19/Green/BT19_048.cs",CardEffect,150
"CardEffect/BT19/Green/BT19_049.cs",CardEffect,163
"CardEffect/BT19/Green/BT19_050.cs",CardEffect,236
"CardEffect/BT19/Green/BT19_051.cs",CardEffect,436
"CardEffect/BT19/Green/BT19_052.cs",CardEffect,225
"CardEffect/BT19/Green/BT19_053.cs",CardEffect,276
"CardEffect/BT19/Green/BT19_054.cs",CardEffect,158
"CardEffect/BT19/Green/BT19_084.cs",CardEffect,232
"CardEffect/BT19/Green/BT19_085.cs",CardEffect,159
"CardEffect/BT19/Green/BT19_095.cs",CardEffect,243
"CardEffect/BT19/Green/BT19_096.cs",CardEffect,176
"CardEffect/BT19/Purple/BT19_006.cs",CardEffect,76
"CardEffect/BT19/Purple/BT19_066.cs",CardEffect,103
"CardEffect/BT19/Purple/BT19_067.cs",CardEffect,91
"CardEffect/BT19/Purple/BT19_068.cs",CardEffect,242
"CardEffect/BT19/Purple/BT19_069.cs",CardEffect,303
"CardEffect/BT19/Purple/BT19_070.cs",CardEffect,523
"CardEffect/BT19/Purple/BT19_071.cs",CardEffect,172
"CardEffect/BT19/Purple/BT19_072.cs",CardEffect,253
"CardEffect/BT19/Purple/BT19_073.cs",CardEffect,272
"CardEffect/BT19/Purple/BT19_074.cs",CardEffect,326
"CardEffect/BT19/Purple/BT19_075.cs",CardEffect,350
"CardEffect/BT19/Purple/BT19_088.cs",CardEffect,179
"CardEffect/BT19/Purple/BT19_097.cs",CardEffect,195
"CardEffect/BT19/Purple/BT19_098.cs",CardEffect,263
"CardEffect/BT19/Purple/BT19_099.cs",CardEffect,403
"CardEffect/BT19/Red/BT19_001.cs",CardEffect,131
"CardEffect/BT19/Red/BT19_007.cs",CardEffect,104
"CardEffect/BT19/Red/BT19_008.cs",CardEffect,254
"CardEffect/BT19/Red/BT19_009.cs",CardEffect,131
"CardEffect/BT19/Red/BT19_010.cs",CardEffect,253
"CardEffect/BT19/Red/BT19_011.cs",CardEffect,303
"CardEffect/BT19/Red/BT19_012.cs",CardEffect,439
"CardEffect/BT19/Red/BT19_013.cs",CardEffect,394
"CardEffect/BT19/Red/BT19_014.cs",CardEffect,377
"CardEffect/BT19/Red/BT19_015.cs",CardEffect,165
"CardEffect/BT19/Red/BT19_079.cs",CardEffect,111
"CardEffect/BT19/Red/BT19_080.cs",CardEffect,116
"CardEffect/BT19/Red/BT19_089.cs",CardEffect,182
"CardEffect/BT19/Red/BT19_090.cs",CardEffect,377
"CardEffect/BT19/Red/BT19_091.cs",CardEffect,233
"CardEffect/BT19/Red/BT19_101.cs",CardEffect,471
"CardEffect/BT19/White/BT19_076.cs",CardEffect,149
"CardEffect/BT19/White/BT19_077.cs",CardEffect,253
"CardEffect/BT19/White/BT19_078.cs",CardEffect,331
"CardEffect/BT19/White/BT19_100.cs",CardEffect,251
"CardEffect/BT19/White/BT19_102.cs",CardEffect,476
"CardEffect/BT19/Yellow/BT19_003.cs",CardEffect,100
"CardEffect/BT19/Yellow/BT19_029.cs",CardEffect,125
"CardEffect/BT19/Yellow/BT19_030.cs",CardEffect,145
"CardEffect/BT19/Yellow/BT19_031.cs",CardEffect,354
"CardEffect/BT19/Yellow/BT19_032.cs",CardEffect,97
"CardEffect/BT19/Yellow/BT19_033.cs",CardEffect,158
"CardEffect/BT19/Yellow/BT19_034.cs",CardEffect,166
"CardEffect/BT19/Yellow/BT19_035.cs",CardEffect,398
"CardEffect/BT19/Yellow/BT19_036.cs",CardEffect,315
"CardEffect/BT19/Yellow/BT19_037.cs",CardEffect,424
"CardEffect/BT19/Yellow/BT19_038.cs",CardEffect,507
"CardEffect/BT19/Yellow/BT19_039.cs",CardEffect,245
"CardEffect/BT19/Yellow/BT19_040.cs",CardEffect,179
"CardEffect/BT19/Yellow/BT19_040_token.cs",CardEffect,23
"CardEffect/BT19/Yellow/BT19_041.cs",CardEffect,230
"CardEffect/BT19/Yellow/BT19_042.cs",CardEffect,206
"CardEffect/BT19/Yellow/BT19_043.cs",CardEffect,227
"CardEffect/BT19/Yellow/BT19_083.cs",CardEffect,153
"CardEffect/BT19/Yellow/BT19_093.cs",CardEffect,309
"CardEffect/BT19/Yellow/BT19_094.cs",CardEffect,256
"CardEffect/BT2/Black/BT2_005.cs",CardEffect,38
"CardEffect/BT2/Black/BT2_006.cs",CardEffect,39
"CardEffect/BT2/Black/BT2_053.cs",CardEffect,80
"CardEffect/BT2/Black/BT2_055.cs",CardEffect,22
"CardEffect/BT2/Black/BT2_057.cs",CardEffect,39
"CardEffect/BT2/Black/BT2_058.cs",CardEffect,36
"CardEffect/BT2/Black/BT2_059.cs",CardEffect,81
"CardEffect/BT2/Black/BT2_062.cs",CardEffect,50
"CardEffect/BT2/Black/BT2_063.cs",CardEffect,43
"CardEffect/BT2/Black/BT2_065.cs",CardEffect,26
"CardEffect/BT2/Black/BT2_066.cs",CardEffect,146
"CardEffect/BT2/Black/BT2_089.cs",CardEffect,64
"CardEffect/BT2/Black/BT2_103.cs",CardEffect,130
"CardEffect/BT2/Black/BT2_104.cs",CardEffect,123
"CardEffect/BT2/Black/BT2_105.cs",CardEffect,80
"CardEffect/BT2/Black/BT2_106.cs",CardEffect,77
"CardEffect/BT2/Black/BT2_112.cs",CardEffect,139
"CardEffect/BT2/Blue/BT2_002.cs",CardEffect,66
"CardEffect/BT2/Blue/BT2_021.cs",CardEffect,65
"CardEffect/BT2/Blue/BT2_023.cs",CardEffect,102
"CardEffect/BT2/Blue/BT2_025.cs",CardEffect,94
"CardEffect/BT2/Blue/BT2_026.cs",CardEffect,38
"CardEffect/BT2/Blue/BT2_028.cs",CardEffect,127
"CardEffect/BT2/Blue/BT2_029.cs",CardEffect,44
"CardEffect/BT2/Blue/BT2_030.cs",CardEffect,116
"CardEffect/BT2/Blue/BT2_031.cs",CardEffect,59
"CardEffect/BT2/Blue/BT2_032.cs",CardEffect,130
"CardEffect/BT2/Blue/BT2_085.cs",CardEffect,73
"CardEffect/BT2/Blue/BT2_086.cs",CardEffect,146
"CardEffect/BT2/Blue/BT2_094.cs",CardEffect,115
"CardEffect/BT2/Blue/BT2_095.cs",CardEffect,86
"CardEffect/BT2/Blue/BT2_096.cs",CardEffect,112
"CardEffect/BT2/Green/BT2_004.cs",CardEffect,67
"CardEffect/BT2/Green/BT2_044.cs",CardEffect,103
"CardEffect/BT2/Green/BT2_045.cs",CardEffect,280
"CardEffect/BT2/Green/BT2_046.cs",CardEffect,77
"CardEffect/BT2/Green/BT2_047.cs",CardEffect,386
"CardEffect/BT2/Green/BT2_049.cs",CardEffect,126
"CardEffect/BT2/Green/BT2_050.cs",CardEffect,305
"CardEffect/BT2/Green/BT2_051.cs",CardEffect,145
"CardEffect/BT2/Green/BT2_088.cs",CardEffect,251
"CardEffect/BT2/Green/BT2_100.cs",CardEffect,99
"CardEffect/BT2/Green/BT2_101.cs",CardEffect,60
"CardEffect/BT2/Green/BT2_102.cs",CardEffect,79
"CardEffect/BT2/Purple/BT2_007.cs",CardEffect,54
"CardEffect/BT2/Purple/BT2_008.cs",CardEffect,37
"CardEffect/BT2/Purple/BT2_068.cs",CardEffect,52
"CardEffect/BT2/Purple/BT2_069.cs",CardEffect,81
"CardEffect/BT2/Purple/BT2_070.cs",CardEffect,53
"CardEffect/BT2/Purple/BT2_071.cs",CardEffect,70
"CardEffect/BT2/Purple/BT2_073.cs",CardEffect,75
"CardEffect/BT2/Purple/BT2_074.cs",CardEffect,26
"CardEffect/BT2/Purple/BT2_077.cs",CardEffect,135
"CardEffect/BT2/Purple/BT2_078.cs",CardEffect,108
"CardEffect/BT2/Purple/BT2_079.cs",CardEffect,74
"CardEffect/BT2/Purple/BT2_080.cs",CardEffect,138
"CardEffect/BT2/Purple/BT2_081.cs",CardEffect,132
"CardEffect/BT2/Purple/BT2_090.cs",CardEffect,110
"CardEffect/BT2/Purple/BT2_107.cs",CardEffect,95
"CardEffect/BT2/Purple/BT2_108.cs",CardEffect,112
"CardEffect/BT2/Purple/BT2_109.cs",CardEffect,146
"CardEffect/BT2/Purple/BT2_110.cs",CardEffect,77
"CardEffect/BT2/Purple/BT2_111.cs",CardEffect,116
"CardEffect/BT2/Red/BT2_001.cs",CardEffect,38
"CardEffect/BT2/Red/BT2_010.cs",CardEffect,57
"CardEffect/BT2/Red/BT2_012.cs",CardEffect,62
"CardEffect/BT2/Red/BT2_013.cs",CardEffect,86
"CardEffect/BT2/Red/BT2_015.cs",CardEffect,61
"CardEffect/BT2/Red/BT2_017.cs",CardEffect,110
"CardEffect/BT2/Red/BT2_018.cs",CardEffect,72
"CardEffect/BT2/Red/BT2_019.cs",CardEffect,60
"CardEffect/BT2/Red/BT2_020.cs",CardEffect,152
"CardEffect/BT2/Red/BT2_084.cs",CardEffect,93
"CardEffect/BT2/Red/BT2_091.cs",CardEffect,79
"CardEffect/BT2/Red/BT2_092.cs",CardEffect,79
"CardEffect/BT2/Red/BT2_093.cs",CardEffect,91
"CardEffect/BT2/White/BT2_082.cs",CardEffect,158
"CardEffect/BT2/White/BT2_083.cs",CardEffect,100
"CardEffect/BT2/Yellow/BT2_003.cs",CardEffect,47
"CardEffect/BT2/Yellow/BT2_033.cs",CardEffect,57
"CardEffect/BT2/Yellow/BT2_034.cs",CardEffect,59
"CardEffect/BT2/Yellow/BT2_035.cs",CardEffect,86
"CardEffect/BT2/Yellow/BT2_036.cs",CardEffect,137
"CardEffect/BT2/Yellow/BT2_038.cs",CardEffect,132
"CardEffect/BT2/Yellow/BT2_039.cs",CardEffect,161
"CardEffect/BT2/Yellow/BT2_040.cs",CardEffect,57
"CardEffect/BT2/Yellow/BT2_041.cs",CardEffect,141
"CardEffect/BT2/Yellow/BT2_087.cs",CardEffect,78
"CardEffect/BT2/Yellow/BT2_097.cs",CardEffect,92
"CardEffect/BT2/Yellow/BT2_098.cs",CardEffect,87
"CardEffect/BT2/Yellow/BT2_099.cs",CardEffect,138
"CardEffect/BT20/Black/BT20_005.cs",CardEffect,55
"CardEffect/BT20/Black/BT20_046.cs",CardEffect,87
"CardEffect/BT20/Black/BT20_047.cs",CardEffect,31
"CardEffect/BT20/Black/BT20_048.cs",CardEffect,121
"CardEffect/BT20/Black/BT20_049.cs",CardEffect,183
"CardEffect/BT20/Black/BT20_050.cs",CardEffect,115
"CardEffect/BT20/Black/BT20_051.cs",CardEffect,135
"CardEffect/BT20/Black/BT20_052.cs",CardEffect,171
"CardEffect/BT20/Black/BT20_053.cs",CardEffect,417
"CardEffect/BT20/Black/BT20_054.cs",CardEffect,192
"CardEffect/BT20/Black/BT20_055.cs",CardEffect,291
"CardEffect/BT20/Black/BT20_056.cs",CardEffect,392
"CardEffect/BT20/Black/BT20_057.cs",CardEffect,579
"CardEffect/BT20/Black/BT20_058.cs",CardEffect,314
"CardEffect/BT20/Black/BT20_059.cs",CardEffect,223
"CardEffect/BT20/Black/BT20_060.cs",CardEffect,291
"CardEffect/BT20/Black/BT20_086.cs",CardEffect,206
"CardEffect/BT20/Black/BT20_087.cs",CardEffect,170
"CardEffect/BT20/Black/BT20_095.cs",CardEffect,326
"CardEffect/BT20/Blue/BT20_002.cs",CardEffect,50
"CardEffect/BT20/Blue/BT20_022.cs",CardEffect,212
"CardEffect/BT20/Blue/BT20_023.cs",CardEffect,117
"CardEffect/BT20/Blue/BT20_024.cs",CardEffect,370
"CardEffect/BT20/Blue/BT20_025.cs",CardEffect,216
"CardEffect/BT20/Blue/BT20_026.cs",CardEffect,352
"CardEffect/BT20/Blue/BT20_027.cs",CardEffect,328
"CardEffect/BT20/Blue/BT20_028.cs",CardEffect,309
"CardEffect/BT20/Blue/BT20_102.cs",CardEffect,414
"CardEffect/BT20/Green/BT20_004.cs",CardEffect,74
"CardEffect/BT20/Green/BT20_038.cs",CardEffect,184
"CardEffect/BT20/Green/BT20_039.cs",CardEffect,142
"CardEffect/BT20/Green/BT20_040.cs",CardEffect,117
"CardEffect/BT20/Green/BT20_041.cs",CardEffect,365
"CardEffect/BT20/Green/BT20_042.cs",CardEffect,320
"CardEffect/BT20/Green/BT20_043.cs",CardEffect,430
"CardEffect/BT20/Green/BT20_044.cs",CardEffect,396
"CardEffect/BT20/Green/BT20_045.cs",CardEffect,212
"CardEffect/BT20/Green/BT20_085.cs",CardEffect,237
"CardEffect/BT20/Green/BT20_101.cs",CardEffect,283
"CardEffect/BT20/Purple/BT20_006.cs",CardEffect,88
"CardEffect/BT20/Purple/BT20_061.cs",CardEffect,117
"CardEffect/BT20/Purple/BT20_062.cs",CardEffect,120
"CardEffect/BT20/Purple/BT20_063.cs",CardEffect,113
"CardEffect/BT20/Purple/BT20_064.cs",CardEffect,108
"CardEffect/BT20/Purple/BT20_065.cs",CardEffect,177
"CardEffect/BT20/Purple/BT20_066.cs",CardEffect,250
"CardEffect/BT20/Purple/BT20_067.cs",CardEffect,265
"CardEffect/BT20/Purple/BT20_068.cs",CardEffect,125
"CardEffect/BT20/Purple/BT20_069.cs",CardEffect,245
"CardEffect/BT20/Purple/BT20_070.cs",CardEffect,231
"CardEffect/BT20/Purple/BT20_071.cs",CardEffect,369
"CardEffect/BT20/Purple/BT20_072.cs",CardEffect,189
"CardEffect/BT20/Purple/BT20_073.cs",CardEffect,316
"CardEffect/BT20/Purple/BT20_074.cs",CardEffect,323
"CardEffect/BT20/Purple/BT20_075.cs",CardEffect,266
"CardEffect/BT20/Purple/BT20_076.cs",CardEffect,380
"CardEffect/BT20/Purple/BT20_077.cs",CardEffect,361
"CardEffect/BT20/Purple/BT20_078.cs",CardEffect,169
"CardEffect/BT20/Purple/BT20_079.cs",CardEffect,297
"CardEffect/BT20/Purple/BT20_080.cs",CardEffect,316
"CardEffect/BT20/Purple/BT20_081.cs",CardEffect,398
"CardEffect/BT20/Purple/BT20_082.cs",CardEffect,169
"CardEffect/BT20/Purple/BT20_088.cs",CardEffect,205
"CardEffect/BT20/Purple/BT20_089.cs",CardEffect,276
"CardEffect/BT20/Purple/BT20_090.cs",CardEffect,132
"CardEffect/BT20/Purple/BT20_096.cs",CardEffect,256
"CardEffect/BT20/Purple/BT20_097.cs",CardEffect,439
"CardEffect/BT20/Purple/BT20_098.cs",CardEffect,286
"CardEffect/BT20/Red/BT20_001.cs",CardEffect,40
"CardEffect/BT20/Red/BT20_007.cs",CardEffect,119
"CardEffect/BT20/Red/BT20_008.cs",CardEffect,123
"CardEffect/BT20/Red/BT20_009.cs",CardEffect,114
"CardEffect/BT20/Red/BT20_010.cs",CardEffect,92
"CardEffect/BT20/Red/BT20_011.cs",CardEffect,250
"CardEffect/BT20/Red/BT20_012.cs",CardEffect,105
"CardEffect/BT20/Red/BT20_013.cs",CardEffect,243
"CardEffect/BT20/Red/BT20_014.cs",CardEffect,245
"CardEffect/BT20/Red/BT20_015.cs",CardEffect,355
"CardEffect/BT20/Red/BT20_016.cs",CardEffect,353
"CardEffect/BT20/Red/BT20_017.cs",CardEffect,250
"CardEffect/BT20/Red/BT20_017_token.cs",CardEffect,61
"CardEffect/BT20/Red/BT20_018.cs",CardEffect,438
"CardEffect/BT20/Red/BT20_019.cs",CardEffect,413
"CardEffect/BT20/Red/BT20_020.cs",CardEffect,179
"CardEffect/BT20/Red/BT20_021.cs",CardEffect,744
"CardEffect/BT20/Red/BT20_093.cs",CardEffect,364
"CardEffect/BT20/Red/BT20_094.cs",CardEffect,479
"CardEffect/BT20/White/BT20_083.cs",CardEffect,261
"CardEffect/BT20/White/BT20_084.cs",CardEffect,403
"CardEffect/BT20/White/BT20_091.cs",CardEffect,175
"CardEffect/BT20/White/BT20_092.cs",CardEffect,220
"CardEffect/BT20/White/BT20_099.cs",CardEffect,318
"CardEffect/BT20/White/BT20_100.cs",CardEffect,317
"CardEffect/BT20/Yellow/BT20_003.cs",CardEffect,99
"CardEffect/BT20/Yellow/BT20_029.cs",CardEffect,226
"CardEffect/BT20/Yellow/BT20_030.cs",CardEffect,96
"CardEffect/BT20/Yellow/BT20_031.cs",CardEffect,150
"CardEffect/BT20/Yellow/BT20_032.cs",CardEffect,204
"CardEffect/BT20/Yellow/BT20_033.cs",CardEffect,306
"CardEffect/BT20/Yellow/BT20_034.cs",CardEffect,206
"CardEffect/BT20/Yellow/BT20_035.cs",CardEffect,333
"CardEffect/BT20/Yellow/BT20_036.cs",CardEffect,365
"CardEffect/BT20/Yellow/BT20_037.cs",CardEffect,189
"CardEffect/BT21/Black/BT21_006.cs",CardEffect,36
"CardEffect/BT21/Black/BT21_053.cs",CardEffect,210
"CardEffect/BT21/Black/BT21_054.cs",CardEffect,243
"CardEffect/BT21/Black/BT21_055.cs",CardEffect,114
"CardEffect/BT21/Black/BT21_056.cs",CardEffect,282
"CardEffect/BT21/Black/BT21_057.cs",CardEffect,391
"CardEffect/BT21/Black/BT21_058.cs",CardEffect,231
"CardEffect/BT21/Black/BT21_059.cs",CardEffect,264
"CardEffect/BT21/Black/BT21_060.cs",CardEffect,302
"CardEffect/BT21/Black/BT21_061.cs",CardEffect,363
"CardEffect/BT21/Black/BT21_062.cs",CardEffect,444
"CardEffect/BT21/Black/BT21_087.cs",CardEffect,139
"CardEffect/BT21/Black/BT21_098.cs",CardEffect,337
"CardEffect/BT21/Blue/BT21_003.cs",CardEffect,57
"CardEffect/BT21/Blue/BT21_031.cs",CardEffect,87
"CardEffect/BT21/Blue/BT21_032.cs",CardEffect,92
"CardEffect/BT21/Blue/BT21_033.cs",CardEffect,112
"CardEffect/BT21/Blue/BT21_034.cs",CardEffect,80
"CardEffect/BT21/Blue/BT21_035.cs",CardEffect,115
"CardEffect/BT21/Blue/BT21_036.cs",CardEffect,134
"CardEffect/BT21/Blue/BT21_037.cs",CardEffect,117
"CardEffect/BT21/Blue/BT21_038.cs",CardEffect,178
"CardEffect/BT21/Blue/BT21_039.cs",CardEffect,260
"CardEffect/BT21/Blue/BT21_085.cs",CardEffect,144
"CardEffect/BT21/Blue/BT21_094.cs",CardEffect,192
"CardEffect/BT21/Blue/BT21_095.cs",CardEffect,164
"CardEffect/BT21/Green/BT21_005.cs",CardEffect,57
"CardEffect/BT21/Green/BT21_046.cs",CardEffect,207
"CardEffect/BT21/Green/BT21_047.cs",CardEffect,125
"CardEffect/BT21/Green/BT21_048.cs",CardEffect,94
"CardEffect/BT21/Green/BT21_049.cs",CardEffect,225
"CardEffect/BT21/Green/BT21_050.cs",CardEffect,311
"CardEffect/BT21/Green/BT21_051.cs",CardEffect,264
"CardEffect/BT21/Green/BT21_052.cs",CardEffect,171
"CardEffect/BT21/Green/BT21_097.cs",CardEffect,228
"CardEffect/BT21/Purple/BT21_063.cs",CardEffect,112
"CardEffect/BT21/Purple/BT21_064.cs",CardEffect,143
"CardEffect/BT21/Purple/BT21_065.cs",CardEffect,202
"CardEffect/BT21/Purple/BT21_066.cs",CardEffect,418
"CardEffect/BT21/Purple/BT21_067.cs",CardEffect,197
"CardEffect/BT21/Purple/BT21_068.cs",CardEffect,230
"CardEffect/BT21/Purple/BT21_069.cs",CardEffect,373
"CardEffect/BT21/Purple/BT21_070.cs",CardEffect,206
"CardEffect/BT21/Purple/BT21_071.cs",CardEffect,438
"CardEffect/BT21/Purple/BT21_072.cs",CardEffect,134
"CardEffect/BT21/Purple/BT21_073.cs",CardEffect,540
"CardEffect/BT21/Purple/BT21_074.cs",CardEffect,683
"CardEffect/BT21/Purple/BT21_075.cs",CardEffect,329
"CardEffect/BT21/Purple/BT21_076.cs",CardEffect,194
"CardEffect/BT21/Purple/BT21_077.cs",CardEffect,419
"CardEffect/BT21/Purple/BT21_078.cs",CardEffect,364
"CardEffect/BT21/Purple/BT21_079.cs",CardEffect,181
"CardEffect/BT21/Purple/BT21_088.cs",CardEffect,440
"CardEffect/BT21/Purple/BT21_089.cs",CardEffect,164
"CardEffect/BT21/Purple/BT21_099.cs",CardEffect,382
"CardEffect/BT21/Purple/BT21_100.cs",CardEffect,242
"CardEffect/BT21/Red/BT21_001.cs",CardEffect,113
"CardEffect/BT21/Red/BT21_002.cs",CardEffect,56
"CardEffect/BT21/Red/BT21_007.cs",CardEffect,110
"CardEffect/BT21/Red/BT21_008.cs",CardEffect,156
"CardEffect/BT21/Red/BT21_009.cs",CardEffect,183
"CardEffect/BT21/Red/BT21_010.cs",CardEffect,100
"CardEffect/BT21/Red/BT21_011.cs",CardEffect,208
"CardEffect/BT21/Red/BT21_012.cs",CardEffect,125
"CardEffect/BT21/Red/BT21_013.cs",CardEffect,347
"CardEffect/BT21/Red/BT21_014.cs",CardEffect,250
"CardEffect/BT21/Red/BT21_015.cs",CardEffect,141
"CardEffect/BT21/Red/BT21_016.cs",CardEffect,312
"CardEffect/BT21/Red/BT21_017.cs",CardEffect,162
"CardEffect/BT21/Red/BT21_018.cs",CardEffect,211
"CardEffect/BT21/Red/BT21_019.cs",CardEffect,148
"CardEffect/BT21/Red/BT21_020.cs",CardEffect,484
"CardEffect/BT21/Red/BT21_021.cs",CardEffect,536
"CardEffect/BT21/Red/BT21_022.cs",CardEffect,298
"CardEffect/BT21/Red/BT21_023.cs",CardEffect,404
"CardEffect/BT21/Red/BT21_024.cs",CardEffect,130
"CardEffect/BT21/Red/BT21_025.cs",CardEffect,188
"CardEffect/BT21/Red/BT21_026.cs",CardEffect,124
"CardEffect/BT21/Red/BT21_027.cs",CardEffect,443
"CardEffect/BT21/Red/BT21_028.cs",CardEffect,266
"CardEffect/BT21/Red/BT21_029.cs",CardEffect,259
"CardEffect/BT21/Red/BT21_029_token.cs",CardEffect,77
"CardEffect/BT21/Red/BT21_030.cs",CardEffect,554
"CardEffect/BT21/Red/BT21_080.cs",CardEffect,107
"CardEffect/BT21/Red/BT21_081.cs",CardEffect,161
"CardEffect/BT21/Red/BT21_082.cs",CardEffect,204
"CardEffect/BT21/Red/BT21_083.cs",CardEffect,243
"CardEffect/BT21/Red/BT21_084.cs",CardEffect,188
"CardEffect/BT21/Red/BT21_090.cs",CardEffect,360
"CardEffect/BT21/Red/BT21_091.cs",CardEffect,386
"CardEffect/BT21/Red/BT21_092.cs",CardEffect,343
"CardEffect/BT21/Red/BT21_093.cs",CardEffect,405
"CardEffect/BT21/White/BT21_101.cs",CardEffect,311
"CardEffect/BT21/White/BT21_102.cs",CardEffect,142
"CardEffect/BT21/Yellow/BT21_004.cs",CardEffect,78
"CardEffect/BT21/Yellow/BT21_040.cs",CardEffect,96
"CardEffect/BT21/Yellow/BT21_041.cs",CardEffect,76
"CardEffect/BT21/Yellow/BT21_042.cs",CardEffect,115
"CardEffect/BT21/Yellow/BT21_043.cs",CardEffect,267
"CardEffect/BT21/Yellow/BT21_044.cs",CardEffect,507
"CardEffect/BT21/Yellow/BT21_045.cs",CardEffect,283
"CardEffect/BT21/Yellow/BT21_086.cs",CardEffect,243
"CardEffect/BT21/Yellow/BT21_096.cs",CardEffect,286
"CardEffect/BT22/Black/BT22_005.cs",CardEffect,53
"CardEffect/BT22/Black/BT22_053.cs",CardEffect,182
"CardEffect/BT22/Black/BT22_054.cs",CardEffect,152
"CardEffect/BT22/Black/BT22_055.cs",CardEffect,140
"CardEffect/BT22/Black/BT22_056.cs",CardEffect,258
"CardEffect/BT22/Black/BT22_057.cs",CardEffect,196
"CardEffect/BT22/Black/BT22_058.cs",CardEffect,212
"CardEffect/BT22/Black/BT22_059.cs",CardEffect,250
"CardEffect/BT22/Black/BT22_060.cs",CardEffect,243
"CardEffect/BT22/Black/BT22_061.cs",CardEffect,546
"CardEffect/BT22/Black/BT22_062.cs",CardEffect,264
"CardEffect/BT22/Black/BT22_063.cs",CardEffect,201
"CardEffect/BT22/Black/BT22_064.cs",CardEffect,192
"CardEffect/BT22/Black/BT22_065.cs",CardEffect,245
"CardEffect/BT22/Black/BT22_066.cs",CardEffect,265
"CardEffect/BT22/Black/BT22_067.cs",CardEffect,326
"CardEffect/BT22/Black/BT22_090.cs",CardEffect,139
"CardEffect/BT22/Black/BT22_091.cs",CardEffect,180
"CardEffect/BT22/Black/BT22_099.cs",CardEffect,100
"CardEffect/BT22/Black/BT22_100.cs",CardEffect,149
"CardEffect/BT22/Black/BT22_101.cs",CardEffect,165
"CardEffect/BT22/Blue/BT22_001.cs",CardEffect,56
"CardEffect/BT22/Blue/BT22_016.cs",CardEffect,170
"CardEffect/BT22/Blue/BT22_017.cs",CardEffect,187
"CardEffect/BT22/Blue/BT22_018.cs",CardEffect,125
"CardEffect/BT22/Blue/BT22_019.cs",CardEffect,232
"CardEffect/BT22/Blue/BT22_020.cs",CardEffect,118
"CardEffect/BT22/Blue/BT22_021.cs",CardEffect,276
"CardEffect/BT22/Blue/BT22_022.cs",CardEffect,154
"CardEffect/BT22/Blue/BT22_023.cs",CardEffect,262
"CardEffect/BT22/Blue/BT22_024.cs",CardEffect,267
"CardEffect/BT22/Blue/BT22_025.cs",CardEffect,359
"CardEffect/BT22/Blue/BT22_026.cs",CardEffect,318
"CardEffect/BT22/Blue/BT22_027.cs",CardEffect,373
"CardEffect/BT22/Blue/BT22_028.cs",CardEffect,416
"CardEffect/BT22/Blue/BT22_085.cs",CardEffect,174
"CardEffect/BT22/Blue/BT22_086.cs",CardEffect,233
"CardEffect/BT22/Blue/BT22_096.cs",CardEffect,267
"CardEffect/BT22/Green/BT22_004.cs",CardEffect,76
"CardEffect/BT22/Green/BT22_043.cs",CardEffect,159
"CardEffect/BT22/Green/BT22_044.cs",CardEffect,120
"CardEffect/BT22/Green/BT22_045.cs",CardEffect,210
"CardEffect/BT22/Green/BT22_046.cs",CardEffect,125
"CardEffect/BT22/Green/BT22_047.cs",CardEffect,280
"CardEffect/BT22/Green/BT22_048.cs",CardEffect,159
"CardEffect/BT22/Green/BT22_049.cs",CardEffect,177
"CardEffect/BT22/Green/BT22_050.cs",CardEffect,225
"CardEffect/BT22/Green/BT22_051.cs",CardEffect,257
"CardEffect/BT22/Green/BT22_052.cs",CardEffect,269
"CardEffect/BT22/Purple/BT22_006.cs",CardEffect,65
"CardEffect/BT22/Purple/BT22_068.cs",CardEffect,176
"CardEffect/BT22/Purple/BT22_069.cs",CardEffect,135
"CardEffect/BT22/Purple/BT22_070.cs",CardEffect,181
"CardEffect/BT22/Purple/BT22_071.cs",CardEffect,176
"CardEffect/BT22/Purple/BT22_072.cs",CardEffect,298
"CardEffect/BT22/Purple/BT22_073.cs",CardEffect,365
"CardEffect/BT22/Purple/BT22_074.cs",CardEffect,262
"CardEffect/BT22/Purple/BT22_075.cs",CardEffect,418
"CardEffect/BT22/Purple/BT22_076.cs",CardEffect,294
"CardEffect/BT22/Purple/BT22_077.cs",CardEffect,262
"CardEffect/BT22/Purple/BT22_078.cs",CardEffect,236
"CardEffect/BT22/Purple/BT22_092.cs",CardEffect,239
"CardEffect/BT22/Purple/BT22_102.cs",CardEffect,112
"CardEffect/BT22/Red/BT22_008.cs",CardEffect,191
"CardEffect/BT22/Red/BT22_009.cs",CardEffect,181
"CardEffect/BT22/Red/BT22_010.cs",CardEffect,86
"CardEffect/BT22/Red/BT22_011.cs",CardEffect,141
"CardEffect/BT22/Red/BT22_012.cs",CardEffect,141
"CardEffect/BT22/Red/BT22_013.cs",CardEffect,343
"CardEffect/BT22/Red/BT22_014.cs",CardEffect,184
"CardEffect/BT22/Red/BT22_015.cs",CardEffect,342
"CardEffect/BT22/Red/BT22_083.cs",CardEffect,289
"CardEffect/BT22/Red/BT22_084.cs",CardEffect,168
"CardEffect/BT22/White/BT22_007.cs",CardEffect,315
"CardEffect/BT22/White/BT22_079.cs",CardEffect,308
"CardEffect/BT22/White/BT22_080.cs",CardEffect,447
"CardEffect/BT22/White/BT22_081.cs",CardEffect,510
"CardEffect/BT22/White/BT22_082.cs",CardEffect,424
"CardEffect/BT22/White/BT22_093.cs",CardEffect,163
"CardEffect/BT22/White/BT22_094.cs",CardEffect,229
"CardEffect/BT22/White/BT22_095.cs",CardEffect,173
"CardEffect/BT22/Yellow/BT22_002.cs",CardEffect,53
"CardEffect/BT22/Yellow/BT22_003.cs",CardEffect,80
"CardEffect/BT22/Yellow/BT22_029.cs",CardEffect,211
"CardEffect/BT22/Yellow/BT22_030.cs",CardEffect,216
"CardEffect/BT22/Yellow/BT22_031.cs",CardEffect,316
"CardEffect/BT22/Yellow/BT22_032.cs",CardEffect,172
"CardEffect/BT22/Yellow/BT22_033.cs",CardEffect,345
"CardEffect/BT22/Yellow/BT22_034.cs",CardEffect,298
"CardEffect/BT22/Yellow/BT22_035.cs",CardEffect,414
"CardEffect/BT22/Yellow/BT22_036.cs",CardEffect,248
"CardEffect/BT22/Yellow/BT22_037.cs",CardEffect,240
"CardEffect/BT22/Yellow/BT22_038.cs",CardEffect,463
"CardEffect/BT22/Yellow/BT22_039.cs",CardEffect,334
"CardEffect/BT22/Yellow/BT22_040.cs",CardEffect,199
"CardEffect/BT22/Yellow/BT22_041.cs",CardEffect,312
"CardEffect/BT22/Yellow/BT22_042.cs",CardEffect,284
"CardEffect/BT22/Yellow/BT22_087.cs",CardEffect,230
"CardEffect/BT22/Yellow/BT22_088.cs",CardEffect,211
"CardEffect/BT22/Yellow/BT22_089.cs",CardEffect,204
"CardEffect/BT22/Yellow/BT22_097.cs",CardEffect,235
"CardEffect/BT22/Yellow/BT22_098.cs",CardEffect,276
"CardEffect/BT23/Black/BT23_003.cs",CardEffect,65
"CardEffect/BT23/Black/BT23_049.cs",CardEffect,143
"CardEffect/BT23/Black/BT23_050.cs",CardEffect,179
"CardEffect/BT23/Black/BT23_051.cs",CardEffect,139
"CardEffect/BT23/Black/BT23_052.cs",CardEffect,264
"CardEffect/BT23/Black/BT23_053.cs",CardEffect,105
"CardEffect/BT23/Black/BT23_054.cs",CardEffect,177
"CardEffect/BT23/Black/BT23_055.cs",CardEffect,287
"CardEffect/BT23/Black/BT23_056.cs",CardEffect,317
"CardEffect/BT23/Black/BT23_057.cs",CardEffect,410
"CardEffect/BT23/Black/BT23_057_token.cs",CardEffect,37
"CardEffect/BT23/Black/BT23_058.cs",CardEffect,170
"CardEffect/BT23/Black/BT23_059.cs",CardEffect,294
"CardEffect/BT23/Black/BT23_060.cs",CardEffect,417
"CardEffect/BT23/Black/BT23_085.cs",CardEffect,261
"CardEffect/BT23/Black/BT23_086.cs",CardEffect,266
"CardEffect/BT23/Black/BT23_096.cs",CardEffect,203
"CardEffect/BT23/Blue/BT23_001.cs",CardEffect,50
"CardEffect/BT23/Blue/BT23_016.cs",CardEffect,181
"CardEffect/BT23/Blue/BT23_017.cs",CardEffect,253
"CardEffect/BT23/Blue/BT23_018.cs",CardEffect,159
"CardEffect/BT23/Blue/BT23_019.cs",CardEffect,131
"CardEffect/BT23/Blue/BT23_020.cs",CardEffect,83
"CardEffect/BT23/Blue/BT23_021.cs",CardEffect,427
"CardEffect/BT23/Blue/BT23_022.cs",CardEffect,379
"CardEffect/BT23/Blue/BT23_023.cs",CardEffect,167
"CardEffect/BT23/Blue/BT23_024.cs",CardEffect,360
"CardEffect/BT23/Blue/BT23_025.cs",CardEffect,280
"CardEffect/BT23/Blue/BT23_079.cs",CardEffect,197
"CardEffect/BT23/Blue/BT23_080.cs",CardEffect,128
"CardEffect/BT23/Blue/BT23_092.cs",CardEffect,244
"CardEffect/BT23/Blue/BT23_093.cs",CardEffect,242
"CardEffect/BT23/Green/BT23_002.cs",CardEffect,50
"CardEffect/BT23/Green/BT23_037.cs",CardEffect,193
"CardEffect/BT23/Green/BT23_038.cs",CardEffect,151
"CardEffect/BT23/Green/BT23_039.cs",CardEffect,182
"CardEffect/BT23/Green/BT23_040.cs",CardEffect,206
"CardEffect/BT23/Green/BT23_041.cs",CardEffect,131
"CardEffect/BT23/Green/BT23_042.cs",CardEffect,170
"CardEffect/BT23/Green/BT23_043.cs",CardEffect,242
"CardEffect/BT23/Green/BT23_044.cs",CardEffect,448
"CardEffect/BT23/Green/BT23_045.cs",CardEffect,317
"CardEffect/BT23/Green/BT23_046.cs",CardEffect,270
"CardEffect/BT23/Green/BT23_047.cs",CardEffect,328
"CardEffect/BT23/Green/BT23_083.cs",CardEffect,94
"CardEffect/BT23/Green/BT23_084.cs",CardEffect,218
"CardEffect/BT23/Green/BT23_095.cs",CardEffect,197
"CardEffect/BT23/Green/BT23_101.cs",CardEffect,390
"CardEffect/BT23/Purple/BT23_004.cs",CardEffect,91
"CardEffect/BT23/Purple/BT23_061.cs",CardEffect,166
"CardEffect/BT23/Purple/BT23_062.cs",CardEffect,247
"CardEffect/BT23/Purple/BT23_063.cs",CardEffect,224
"CardEffect/BT23/Purple/BT23_064.cs",CardEffect,186
"CardEffect/BT23/Purple/BT23_065.cs",CardEffect,263
"CardEffect/BT23/Purple/BT23_066.cs",CardEffect,319
"CardEffect/BT23/Purple/BT23_067.cs",CardEffect,349
"CardEffect/BT23/Purple/BT23_068.cs",CardEffect,365
"CardEffect/BT23/Purple/BT23_069.cs",CardEffect,287
"CardEffect/BT23/Purple/BT23_070.cs",CardEffect,170
"CardEffect/BT23/Purple/BT23_071.cs",CardEffect,252
"CardEffect/BT23/Purple/BT23_087.cs",CardEffect,207
"CardEffect/BT23/Purple/BT23_088.cs",CardEffect,197
"CardEffect/BT23/Purple/BT23_097.cs",CardEffect,131
"CardEffect/BT23/Purple/BT23_098.cs",CardEffect,276
"CardEffect/BT23/Red/BT23_005.cs",CardEffect,180
"CardEffect/BT23/Red/BT23_006.cs",CardEffect,145
"CardEffect/BT23/Red/BT23_007.cs",CardEffect,84
"CardEffect/BT23/Red/BT23_008.cs",CardEffect,162
"CardEffect/BT23/Red/BT23_009.cs",CardEffect,174
"CardEffect/BT23/Red/BT23_010.cs",CardEffect,74
"CardEffect/BT23/Red/BT23_011.cs",CardEffect,204
"CardEffect/BT23/Red/BT23_012.cs",CardEffect,254
"CardEffect/BT23/Red/BT23_013.cs",CardEffect,361
"CardEffect/BT23/Red/BT23_014.cs",CardEffect,255
"CardEffect/BT23/Red/BT23_015.cs",CardEffect,428
"CardEffect/BT23/Red/BT23_048.cs",CardEffect,222
"CardEffect/BT23/Red/BT23_078.cs",CardEffect,173
"CardEffect/BT23/Red/BT23_091.cs",CardEffect,192
"CardEffect/BT23/White/BT23_072.cs",CardEffect,260
"CardEffect/BT23/White/BT23_073.cs",CardEffect,481
"CardEffect/BT23/White/BT23_074.cs",CardEffect,236
"CardEffect/BT23/White/BT23_075.cs",CardEffect,295
"CardEffect/BT23/White/BT23_076.cs",CardEffect,197
"CardEffect/BT23/White/BT23_077.cs",CardEffect,175
"CardEffect/BT23/White/BT23_089.cs",CardEffect,271
"CardEffect/BT23/White/BT23_090.cs",CardEffect,199
"CardEffect/BT23/White/BT23_099.cs",CardEffect,381
"CardEffect/BT23/White/BT23_100.cs",CardEffect,321
"CardEffect/BT23/Yellow/BT23_026.cs",CardEffect,160
"CardEffect/BT23/Yellow/BT23_027.cs",CardEffect,152
"CardEffect/BT23/Yellow/BT23_028.cs",CardEffect,274
"CardEffect/BT23/Yellow/BT23_029.cs",CardEffect,245
"CardEffect/BT23/Yellow/BT23_030.cs",CardEffect,188
"CardEffect/BT23/Yellow/BT23_031.cs",CardEffect,330
"CardEffect/BT23/Yellow/BT23_032.cs",CardEffect,385
"CardEffect/BT23/Yellow/BT23_033.cs",CardEffect,397
"CardEffect/BT23/Yellow/BT23_034.cs",CardEffect,431
"CardEffect/BT23/Yellow/BT23_035.cs",CardEffect,177
"CardEffect/BT23/Yellow/BT23_036.cs",CardEffect,470
"CardEffect/BT23/Yellow/BT23_081.cs",CardEffect,216
"CardEffect/BT23/Yellow/BT23_082.cs",CardEffect,130
"CardEffect/BT23/Yellow/BT23_094.cs",CardEffect,282
"CardEffect/BT23/Yellow/BT23_102.cs",CardEffect,413
"CardEffect/BT24/Black/BT24_005.cs",CardEffect,66
"CardEffect/BT24/Black/BT24_052.cs",CardEffect,171
"CardEffect/BT24/Black/BT24_053.cs",CardEffect,84
"CardEffect/BT24/Black/BT24_054.cs",CardEffect,149
"CardEffect/BT24/Black/BT24_055.cs",CardEffect,264
"CardEffect/BT24/Black/BT24_056.cs",CardEffect,221
"CardEffect/BT24/Black/BT24_057.cs",CardEffect,231
"CardEffect/BT24/Black/BT24_058.cs",CardEffect,186
"CardEffect/BT24/Black/BT24_059.cs",CardEffect,280
"CardEffect/BT24/Black/BT24_060.cs",CardEffect,296
"CardEffect/BT24/Black/BT24_061.cs",CardEffect,189
"CardEffect/BT24/Black/BT24_062.cs",CardEffect,228
"CardEffect/BT24/Black/BT24_063.cs",CardEffect,148
"CardEffect/BT24/Black/BT24_064.cs",CardEffect,200
"CardEffect/BT24/Black/BT24_065.cs",CardEffect,268
"CardEffect/BT24/Black/BT24_086.cs",CardEffect,267
"CardEffect/BT24/Blue/BT24_002.cs",CardEffect,60
"CardEffect/BT24/Blue/BT24_019.cs",CardEffect,80
"CardEffect/BT24/Blue/BT24_020.cs",CardEffect,131
"CardEffect/BT24/Blue/BT24_021.cs",CardEffect,187
"CardEffect/BT24/Blue/BT24_022.cs",CardEffect,217
"CardEffect/BT24/Blue/BT24_023.cs",CardEffect,201
"CardEffect/BT24/Blue/BT24_024.cs",CardEffect,217
"CardEffect/BT24/Blue/BT24_025.cs",CardEffect,172
"CardEffect/BT24/Blue/BT24_026.cs",CardEffect,265
"CardEffect/BT24/Blue/BT24_027.cs",CardEffect,245
"CardEffect/BT24/Blue/BT24_028.cs",CardEffect,308
"CardEffect/BT24/Blue/BT24_029.cs",CardEffect,370
"CardEffect/BT24/Blue/BT24_030.cs",CardEffect,221
"CardEffect/BT24/Blue/BT24_090.cs",CardEffect,364
"CardEffect/BT24/Blue/BT24_091.cs",CardEffect,276
"CardEffect/BT24/Green/BT24_004.cs",CardEffect,54
"CardEffect/BT24/Green/BT24_042.cs",CardEffect,127
"CardEffect/BT24/Green/BT24_043.cs",CardEffect,159
"CardEffect/BT24/Green/BT24_044.cs",CardEffect,170
"CardEffect/BT24/Green/BT24_045.cs",CardEffect,269
"CardEffect/BT24/Green/BT24_046.cs",CardEffect,180
"CardEffect/BT24/Green/BT24_047.cs",CardEffect,221
"CardEffect/BT24/Green/BT24_048.cs",CardEffect,217
"CardEffect/BT24/Green/BT24_049.cs",CardEffect,191
"CardEffect/BT24/Green/BT24_050.cs",CardEffect,265
"CardEffect/BT24/Green/BT24_051.cs",CardEffect,338
"CardEffect/BT24/Green/BT24_085.cs",CardEffect,197
"CardEffect/BT24/Green/BT24_094.cs",CardEffect,372
"CardEffect/BT24/Green/BT24_095.cs",CardEffect,245
"CardEffect/BT24/Purple/BT24_006.cs",CardEffect,83
"CardEffect/BT24/Purple/BT24_007.cs",CardEffect,105
"CardEffect/BT24/Purple/BT24_066.cs",CardEffect,177
"CardEffect/BT24/Purple/BT24_067.cs",CardEffect,170
"CardEffect/BT24/Purple/BT24_068.cs",CardEffect,148
"CardEffect/BT24/Purple/BT24_069.cs",CardEffect,198
"CardEffect/BT24/Purple/BT24_070.cs",CardEffect,176
"CardEffect/BT24/Purple/BT24_071.cs",CardEffect,245
"CardEffect/BT24/Purple/BT24_072.cs",CardEffect,255
"CardEffect/BT24/Purple/BT24_073.cs",CardEffect,202
"CardEffect/BT24/Purple/BT24_074.cs",CardEffect,307
"CardEffect/BT24/Purple/BT24_075.cs",CardEffect,212
"CardEffect/BT24/Purple/BT24_076.cs",CardEffect,265
"CardEffect/BT24/Purple/BT24_077.cs",CardEffect,400
"CardEffect/BT24/Purple/BT24_078.cs",CardEffect,209
"CardEffect/BT24/Purple/BT24_079.cs",CardEffect,395
"CardEffect/BT24/Purple/BT24_080.cs",CardEffect,207
"CardEffect/BT24/Purple/BT24_081.cs",CardEffect,303
"CardEffect/BT24/Purple/BT24_087.cs",CardEffect,221
"CardEffect/BT24/Purple/BT24_088.cs",CardEffect,190
"CardEffect/BT24/Purple/BT24_096.cs",CardEffect,163
"CardEffect/BT24/Purple/BT24_097.cs",CardEffect,255
"CardEffect/BT24/Purple/BT24_098.cs",CardEffect,307
"CardEffect/BT24/Purple/BT24_099.cs",CardEffect,278
"CardEffect/BT24/Red/BT24_001.cs",CardEffect,92
"CardEffect/BT24/Red/BT24_008.cs",CardEffect,140
"CardEffect/BT24/Red/BT24_009.cs",CardEffect,175
"CardEffect/BT24/Red/BT24_010.cs",CardEffect,122
"CardEffect/BT24/Red/BT24_011.cs",CardEffect,52
"CardEffect/BT24/Red/BT24_012.cs",CardEffect,148
"CardEffect/BT24/Red/BT24_013.cs",CardEffect,255
"CardEffect/BT24/Red/BT24_014.cs",CardEffect,183
"CardEffect/BT24/Red/BT24_015.cs",CardEffect,202
"CardEffect/BT24/Red/BT24_016.cs",CardEffect,376
"CardEffect/BT24/Red/BT24_017.cs",CardEffect,162
"CardEffect/BT24/Red/BT24_018.cs",CardEffect,357
"CardEffect/BT24/Red/BT24_082.cs",CardEffect,232
"CardEffect/BT24/Red/BT24_083.cs",CardEffect,158
"CardEffect/BT24/Red/BT24_089.cs",CardEffect,277
"CardEffect/BT24/White/BT24_100.cs",CardEffect,101
"CardEffect/BT24/White/BT24_102.cs",CardEffect,273
"CardEffect/BT24/Yellow/BT24_003.cs",CardEffect,69
"CardEffect/BT24/Yellow/BT24_031.cs",CardEffect,163
"CardEffect/BT24/Yellow/BT24_032.cs",CardEffect,186
"CardEffect/BT24/Yellow/BT24_033.cs",CardEffect,71
"CardEffect/BT24/Yellow/BT24_034.cs",CardEffect,186
"CardEffect/BT24/Yellow/BT24_035.cs",CardEffect,143
"CardEffect/BT24/Yellow/BT24_036.cs",CardEffect,219
"CardEffect/BT24/Yellow/BT24_037.cs",CardEffect,472
"CardEffect/BT24/Yellow/BT24_038.cs",CardEffect,362
"CardEffect/BT24/Yellow/BT24_039.cs",CardEffect,152
"CardEffect/BT24/Yellow/BT24_040.cs",CardEffect,324
"CardEffect/BT24/Yellow/BT24_041.cs",CardEffect,226
"CardEffect/BT24/Yellow/BT24_084.cs",CardEffect,137
"CardEffect/BT24/Yellow/BT24_092.cs",CardEffect,224
"CardEffect/BT24/Yellow/BT24_093.cs",CardEffect,290
"CardEffect/BT24/Yellow/BT24_101.cs",CardEffect,262
"CardEffect/BT25/Black/BT25_005.cs",CardEffect,81
"CardEffect/BT25/Black/BT25_061.cs",CardEffect,195
"CardEffect/BT25/Black/BT25_062.cs",CardEffect,94
"CardEffect/BT25/Black/BT25_063.cs",CardEffect,99
"CardEffect/BT25/Black/BT25_064.cs",CardEffect,97
"CardEffect/BT25/Black/BT25_065.cs",CardEffect,108
"CardEffect/BT25/Black/BT25_066.cs",CardEffect,127
"CardEffect/BT25/Black/BT25_067.cs",CardEffect,100
"CardEffect/BT25/Black/BT25_068.cs",CardEffect,106
"CardEffect/BT25/Black/BT25_069.cs",CardEffect,152
"CardEffect/BT25/Black/BT25_070.cs",CardEffect,332
"CardEffect/BT25/Black/BT25_071.cs",CardEffect,172
"CardEffect/BT25/Black/BT25_072.cs",CardEffect,377
"CardEffect/BT25/Black/BT25_073.cs",CardEffect,277
"CardEffect/BT25/Black/BT25_074.cs",CardEffect,269
"CardEffect/BT25/Black/BT25_075.cs",CardEffect,299
"CardEffect/BT25/Black/BT25_076.cs",CardEffect,330
"CardEffect/BT25/Black/BT25_077.cs",CardEffect,209
"CardEffect/BT25/Black/BT25_091.cs",CardEffect,188
"CardEffect/BT25/Black/BT25_100.cs",CardEffect,167
"CardEffect/BT25/Black/BT25_101.cs",CardEffect,370
"CardEffect/BT25/Black/BT25_102.cs",CardEffect,253
"CardEffect/BT25/Blue/BT25_002.cs",CardEffect,62
"CardEffect/BT25/Blue/BT25_021.cs",CardEffect,140
"CardEffect/BT25/Blue/BT25_022.cs",CardEffect,97
"CardEffect/BT25/Blue/BT25_023.cs",CardEffect,122
"CardEffect/BT25/Blue/BT25_024.cs",CardEffect,130
"CardEffect/BT25/Blue/BT25_025.cs",CardEffect,201
"CardEffect/BT25/Blue/BT25_026.cs",CardEffect,210
"CardEffect/BT25/Blue/BT25_027.cs",CardEffect,270
"CardEffect/BT25/Blue/BT25_028.cs",CardEffect,273
"CardEffect/BT25/Blue/BT25_029.cs",CardEffect,231
"CardEffect/BT25/Blue/BT25_087.cs",CardEffect,240
"CardEffect/BT25/Blue/BT25_096.cs",CardEffect,469
"CardEffect/BT25/Green/BT25_004.cs",CardEffect,73
"CardEffect/BT25/Green/BT25_045.cs",CardEffect,153
"CardEffect/BT25/Green/BT25_046.cs",CardEffect,102
"CardEffect/BT25/Green/BT25_047.cs",CardEffect,108
"CardEffect/BT25/Green/BT25_048.cs",CardEffect,109
"CardEffect/BT25/Green/BT25_049.cs",CardEffect,268
"CardEffect/BT25/Green/BT25_050.cs",CardEffect,138
"CardEffect/BT25/Green/BT25_051.cs",CardEffect,141
"CardEffect/BT25/Green/BT25_052.cs",CardEffect,332
"CardEffect/BT25/Green/BT25_053.cs",CardEffect,207
"CardEffect/BT25/Green/BT25_054.cs",CardEffect,257
"CardEffect/BT25/Green/BT25_055.cs",CardEffect,283
"CardEffect/BT25/Green/BT25_056.cs",CardEffect,335
"CardEffect/BT25/Green/BT25_057.cs",CardEffect,313
"CardEffect/BT25/Green/BT25_058.cs",CardEffect,212
"CardEffect/BT25/Green/BT25_059.cs",CardEffect,190
"CardEffect/BT25/Green/BT25_060.cs",CardEffect,282
"CardEffect/BT25/Green/BT25_089.cs",CardEffect,378
"CardEffect/BT25/Green/BT25_090.cs",CardEffect,294
"CardEffect/BT25/Green/BT25_099.cs",CardEffect,295
"CardEffect/BT25/Purple/BT25_006.cs",CardEffect,113
"CardEffect/BT25/Purple/BT25_078.cs",CardEffect,121
"CardEffect/BT25/Purple/BT25_079.cs",CardEffect,50
"CardEffect/BT25/Purple/BT25_080.cs",CardEffect,191
"CardEffect/BT25/Purple/BT25_081.cs",CardEffect,105
"CardEffect/BT25/Purple/BT25_082.cs",CardEffect,246
"CardEffect/BT25/Purple/BT25_083.cs",CardEffect,458
"CardEffect/BT25/Purple/BT25_084.cs",CardEffect,259
"CardEffect/BT25/Purple/BT25_085.cs",CardEffect,458
"CardEffect/BT25/Purple/BT25_092.cs",CardEffect,268
"CardEffect/BT25/Red/BT25_001.cs",CardEffect,62
"CardEffect/BT25/Red/BT25_007.cs",CardEffect,167
"CardEffect/BT25/Red/BT25_008.cs",CardEffect,105
"CardEffect/BT25/Red/BT25_009.cs",CardEffect,94
"CardEffect/BT25/Red/BT25_010.cs",CardEffect,91
"CardEffect/BT25/Red/BT25_011.cs",CardEffect,126
"CardEffect/BT25/Red/BT25_012.cs",CardEffect,110
"CardEffect/BT25/Red/BT25_013.cs",CardEffect,194
"CardEffect/BT25/Red/BT25_014.cs",CardEffect,209
"CardEffect/BT25/Red/BT25_015.cs",CardEffect,132
"CardEffect/BT25/Red/BT25_016.cs",CardEffect,173
"CardEffect/BT25/Red/BT25_017.cs",CardEffect,178
"CardEffect/BT25/Red/BT25_018.cs",CardEffect,218
"CardEffect/BT25/Red/BT25_019.cs",CardEffect,134
"CardEffect/BT25/Red/BT25_020.cs",CardEffect,216
"CardEffect/BT25/Red/BT25_086.cs",CardEffect,158
"CardEffect/BT25/Red/BT25_093.cs",CardEffect,222
"CardEffect/BT25/Red/BT25_094.cs",CardEffect,258
"CardEffect/BT25/Red/BT25_095.cs",CardEffect,266
"CardEffect/BT25/Red/BT25_103.cs",CardEffect,207
"CardEffect/BT25/Red/BT25_104.cs",CardEffect,351
"CardEffect/BT25/Yellow/BT25_002.cs",CardEffect,80
"CardEffect/BT25/Yellow/BT25_030.cs",CardEffect,140
"CardEffect/BT25/Yellow/BT25_031.cs",CardEffect,100
"CardEffect/BT25/Yellow/BT25_032.cs",CardEffect,98
"CardEffect/BT25/Yellow/BT25_033.cs",CardEffect,104
"CardEffect/BT25/Yellow/BT25_034.cs",CardEffect,99
"CardEffect/BT25/Yellow/BT25_035.cs",CardEffect,162
"CardEffect/BT25/Yellow/BT25_036.cs",CardEffect,157
"CardEffect/BT25/Yellow/BT25_037.cs",CardEffect,131
"CardEffect/BT25/Yellow/BT25_038.cs",CardEffect,414
"CardEffect/BT25/Yellow/BT25_039.cs",CardEffect,284
"CardEffect/BT25/Yellow/BT25_040.cs",CardEffect,268
"CardEffect/BT25/Yellow/BT25_041.cs",CardEffect,352
"CardEffect/BT25/Yellow/BT25_042.cs",CardEffect,216
"CardEffect/BT25/Yellow/BT25_043.cs",CardEffect,263
"CardEffect/BT25/Yellow/BT25_044.cs",CardEffect,251
"CardEffect/BT25/Yellow/BT25_088.cs",CardEffect,288
"CardEffect/BT25/Yellow/BT25_097.cs",CardEffect,294
"CardEffect/BT25/Yellow/BT25_098.cs",CardEffect,137
"CardEffect/BT3/Black/BT3_005.cs",CardEffect,58
"CardEffect/BT3/Black/BT3_063.cs",CardEffect,98
"CardEffect/BT3/Black/BT3_064.cs",CardEffect,105
"CardEffect/BT3/Black/BT3_066.cs",CardEffect,35
"CardEffect/BT3/Black/BT3_070.cs",CardEffect,109
"CardEffect/BT3/Black/BT3_071.cs",CardEffect,114
"CardEffect/BT3/Black/BT3_073.cs",CardEffect,123
"CardEffect/BT3/Black/BT3_074.cs",CardEffect,54
"CardEffect/BT3/Black/BT3_075.cs",CardEffect,69
"CardEffect/BT3/Black/BT3_095.cs",CardEffect,75
"CardEffect/BT3/Black/BT3_105.cs",CardEffect,139
"CardEffect/BT3/Black/BT3_106.cs",CardEffect,85
"CardEffect/BT3/Black/BT3_107.cs",CardEffect,108
"CardEffect/BT3/Blue/BT3_002.cs",CardEffect,55
"CardEffect/BT3/Blue/BT3_025.cs",CardEffect,85
"CardEffect/BT3/Blue/BT3_027.cs",CardEffect,63
"CardEffect/BT3/Blue/BT3_029.cs",CardEffect,77
"CardEffect/BT3/Blue/BT3_030.cs",CardEffect,208
"CardEffect/BT3/Blue/BT3_031.cs",CardEffect,141
"CardEffect/BT3/Blue/BT3_093.cs",CardEffect,110
"CardEffect/BT3/Blue/BT3_099.cs",CardEffect,90
"CardEffect/BT3/Blue/BT3_100.cs",CardEffect,127
"CardEffect/BT3/Green/BT3_004.cs",CardEffect,59
"CardEffect/BT3/Green/BT3_046.cs",CardEffect,60
"CardEffect/BT3/Green/BT3_047.cs",CardEffect,87
"CardEffect/BT3/Green/BT3_050.cs",CardEffect,67
"CardEffect/BT3/Green/BT3_051.cs",CardEffect,107
"CardEffect/BT3/Green/BT3_054.cs",CardEffect,278
"CardEffect/BT3/Green/BT3_055.cs",CardEffect,27
"CardEffect/BT3/Green/BT3_056.cs",CardEffect,486
"CardEffect/BT3/Green/BT3_057.cs",CardEffect,111
"CardEffect/BT3/Green/BT3_058.cs",CardEffect,80
"CardEffect/BT3/Green/BT3_094.cs",CardEffect,98
"CardEffect/BT3/Green/BT3_103.cs",CardEffect,260
"CardEffect/BT3/Green/BT3_104.cs",CardEffect,230
"CardEffect/BT3/Green/BT3_111.cs",CardEffect,121
"CardEffect/BT3/Purple/BT3_006.cs",CardEffect,80
"CardEffect/BT3/Purple/BT3_080.cs",CardEffect,21
"CardEffect/BT3/Purple/BT3_084.cs",CardEffect,72
"CardEffect/BT3/Purple/BT3_086.cs",CardEffect,123
"CardEffect/BT3/Purple/BT3_087.cs",CardEffect,126
"CardEffect/BT3/Purple/BT3_088.cs",CardEffect,163
"CardEffect/BT3/Purple/BT3_090.cs",CardEffect,128
"CardEffect/BT3/Purple/BT3_091.cs",CardEffect,145
"CardEffect/BT3/Purple/BT3_092.cs",CardEffect,95
"CardEffect/BT3/Purple/BT3_096.cs",CardEffect,70
"CardEffect/BT3/Purple/BT3_108.cs",CardEffect,95
"CardEffect/BT3/Purple/BT3_109.cs",CardEffect,142
"CardEffect/BT3/Purple/BT3_110.cs",CardEffect,116
"CardEffect/BT3/Red/BT3_001.cs",CardEffect,88
"CardEffect/BT3/Red/BT3_008.cs",CardEffect,333
"CardEffect/BT3/Red/BT3_010.cs",CardEffect,42
"CardEffect/BT3/Red/BT3_011.cs",CardEffect,22
"CardEffect/BT3/Red/BT3_014.cs",CardEffect,194
"CardEffect/BT3/Red/BT3_015.cs",CardEffect,114
"CardEffect/BT3/Red/BT3_016.cs",CardEffect,23
"CardEffect/BT3/Red/BT3_017.cs",CardEffect,155
"CardEffect/BT3/Red/BT3_018.cs",CardEffect,107
"CardEffect/BT3/Red/BT3_019.cs",CardEffect,131
"CardEffect/BT3/Red/BT3_097.cs",CardEffect,138
"CardEffect/BT3/Red/BT3_098.cs",CardEffect,79
"CardEffect/BT3/White/BT3_112.cs",CardEffect,172
"CardEffect/BT3/Yellow/BT3_003.cs",CardEffect,54
"CardEffect/BT3/Yellow/BT3_034.cs",CardEffect,92
"CardEffect/BT3/Yellow/BT3_039.cs",CardEffect,188
"CardEffect/BT3/Yellow/BT3_040.cs",CardEffect,85
"CardEffect/BT3/Yellow/BT3_041.cs",CardEffect,127
"CardEffect/BT3/Yellow/BT3_042.cs",CardEffect,88
"CardEffect/BT3/Yellow/BT3_043.cs",CardEffect,165
"CardEffect/BT3/Yellow/BT3_101.cs",CardEffect,153
"CardEffect/BT3/Yellow/BT3_102.cs",CardEffect,73
"CardEffect/BT4/Black/BT4_005.cs",CardEffect,37
"CardEffect/BT4/Black/BT4_063.cs",CardEffect,97
"CardEffect/BT4/Black/BT4_066.cs",CardEffect,51
"CardEffect/BT4/Black/BT4_068.cs",CardEffect,90
"CardEffect/BT4/Black/BT4_070.cs",CardEffect,22
"CardEffect/BT4/Black/BT4_071.cs",CardEffect,124
"CardEffect/BT4/Black/BT4_072.cs",CardEffect,97
"CardEffect/BT4/Black/BT4_073.cs",CardEffect,42
"CardEffect/BT4/Black/BT4_074.cs",CardEffect,133
"CardEffect/BT4/Black/BT4_075.cs",CardEffect,108
"CardEffect/BT4/Black/BT4_096.cs",CardEffect,82
"CardEffect/BT4/Black/BT4_109.cs",CardEffect,103
"CardEffect/BT4/Black/BT4_110.cs",CardEffect,83
"CardEffect/BT4/Blue/BT4_002.cs",CardEffect,99
"CardEffect/BT4/Blue/BT4_023.cs",CardEffect,98
"CardEffect/BT4/Blue/BT4_025.cs",CardEffect,32
"CardEffect/BT4/Blue/BT4_026.cs",CardEffect,50
"CardEffect/BT4/Blue/BT4_027.cs",CardEffect,105
"CardEffect/BT4/Blue/BT4_030.cs",CardEffect,64
"CardEffect/BT4/Blue/BT4_031.cs",CardEffect,165
"CardEffect/BT4/Blue/BT4_032.cs",CardEffect,108
"CardEffect/BT4/Blue/BT4_033.cs",CardEffect,90
"CardEffect/BT4/Blue/BT4_034.cs",CardEffect,115
"CardEffect/BT4/Blue/BT4_035.cs",CardEffect,77
"CardEffect/BT4/Blue/BT4_093.cs",CardEffect,129
"CardEffect/BT4/Blue/BT4_101.cs",CardEffect,168
"CardEffect/BT4/Blue/BT4_102.cs",CardEffect,171
"CardEffect/BT4/Blue/BT4_103.cs",CardEffect,88
"CardEffect/BT4/Blue/BT4_114.cs",CardEffect,195
"CardEffect/BT4/Green/BT4_004.cs",CardEffect,37
"CardEffect/BT4/Green/BT4_051.cs",CardEffect,79
"CardEffect/BT4/Green/BT4_054.cs",CardEffect,95
"CardEffect/BT4/Green/BT4_055.cs",CardEffect,83
"CardEffect/BT4/Green/BT4_057.cs",CardEffect,52
"CardEffect/BT4/Green/BT4_058.cs",CardEffect,85
"CardEffect/BT4/Green/BT4_059.cs",CardEffect,136
"CardEffect/BT4/Green/BT4_060.cs",CardEffect,100
"CardEffect/BT4/Green/BT4_061.cs",CardEffect,87
"CardEffect/BT4/Green/BT4_062.cs",CardEffect,169
"CardEffect/BT4/Green/BT4_095.cs",CardEffect,255
"CardEffect/BT4/Green/BT4_107.cs",CardEffect,99
"CardEffect/BT4/Green/BT4_108.cs",CardEffect,97
"CardEffect/BT4/Purple/BT4_006.cs",CardEffect,37
"CardEffect/BT4/Purple/BT4_078.cs",CardEffect,87
"CardEffect/BT4/Purple/BT4_079.cs",CardEffect,87
"CardEffect/BT4/Purple/BT4_081.cs",CardEffect,85
"CardEffect/BT4/Purple/BT4_083.cs",CardEffect,81
"CardEffect/BT4/Purple/BT4_084.cs",CardEffect,137
"CardEffect/BT4/Purple/BT4_086.cs",CardEffect,109
"CardEffect/BT4/Purple/BT4_087.cs",CardEffect,182
"CardEffect/BT4/Purple/BT4_088.cs",CardEffect,122
"CardEffect/BT4/Purple/BT4_089.cs",CardEffect,126
"CardEffect/BT4/Purple/BT4_097.cs",CardEffect,68
"CardEffect/BT4/Purple/BT4_111.cs",CardEffect,72
"CardEffect/BT4/Purple/BT4_112.cs",CardEffect,100
"CardEffect/BT4/Red/BT4_008.cs",CardEffect,64
"CardEffect/BT4/Red/BT4_009.cs",CardEffect,99
"CardEffect/BT4/Red/BT4_011.cs",CardEffect,148
"CardEffect/BT4/Red/BT4_012.cs",CardEffect,84
"CardEffect/BT4/Red/BT4_013.cs",CardEffect,42
"CardEffect/BT4/Red/BT4_016.cs",CardEffect,43
"CardEffect/BT4/Red/BT4_017.cs",CardEffect,222
"CardEffect/BT4/Red/BT4_018.cs",CardEffect,34
"CardEffect/BT4/Red/BT4_019.cs",CardEffect,96
"CardEffect/BT4/Red/BT4_020.cs",CardEffect,77
"CardEffect/BT4/Red/BT4_092.cs",CardEffect,89
"CardEffect/BT4/Red/BT4_098.cs",CardEffect,181
"CardEffect/BT4/Red/BT4_099.cs",CardEffect,82
"CardEffect/BT4/Red/BT4_100.cs",CardEffect,138
"CardEffect/BT4/Red/BT4_113.cs",CardEffect,159
"CardEffect/BT4/White/BT4_090.cs",CardEffect,145
"CardEffect/BT4/White/BT4_091.cs",CardEffect,131
"CardEffect/BT4/Yellow/BT4_003.cs",CardEffect,87
"CardEffect/BT4/Yellow/BT4_037.cs",CardEffect,91
"CardEffect/BT4/Yellow/BT4_038.cs",CardEffect,22
"CardEffect/BT4/Yellow/BT4_039.cs",CardEffect,37
"CardEffect/BT4/Yellow/BT4_041.cs",CardEffect,88
"CardEffect/BT4/Yellow/BT4_044.cs",CardEffect,93
"CardEffect/BT4/Yellow/BT4_045.cs",CardEffect,48
"CardEffect/BT4/Yellow/BT4_046.cs",CardEffect,113
"CardEffect/BT4/Yellow/BT4_047.cs",CardEffect,108
"CardEffect/BT4/Yellow/BT4_048.cs",CardEffect,105
"CardEffect/BT4/Yellow/BT4_049.cs",CardEffect,59
"CardEffect/BT4/Yellow/BT4_094.cs",CardEffect,118
"CardEffect/BT4/Yellow/BT4_104.cs",CardEffect,44
"CardEffect/BT4/Yellow/BT4_105.cs",CardEffect,109
"CardEffect/BT4/Yellow/BT4_106.cs",CardEffect,54
"CardEffect/BT4/Yellow/BT4_115.cs",CardEffect,163
"CardEffect/BT5/Black/BT5_005.cs",CardEffect,54
"CardEffect/BT5/Black/BT5_059.cs",CardEffect,104
"CardEffect/BT5/Black/BT5_060.cs",CardEffect,155
"CardEffect/BT5/Black/BT5_062.cs",CardEffect,84
"CardEffect/BT5/Black/BT5_063.cs",CardEffect,150
"CardEffect/BT5/Black/BT5_065.cs",CardEffect,37
"CardEffect/BT5/Black/BT5_067.cs",CardEffect,77
"CardEffect/BT5/Black/BT5_068.cs",CardEffect,42
"CardEffect/BT5/Black/BT5_069.cs",CardEffect,27
"CardEffect/BT5/Black/BT5_070.cs",CardEffect,128
"CardEffect/BT5/Black/BT5_090.cs",CardEffect,123
"CardEffect/BT5/Black/BT5_103.cs",CardEffect,106
"CardEffect/BT5/Black/BT5_104.cs",CardEffect,104
"CardEffect/BT5/Black/BT5_105.cs",CardEffect,100
"CardEffect/BT5/Blue/BT5_002.cs",CardEffect,39
"CardEffect/BT5/Blue/BT5_020.cs",CardEffect,100
"CardEffect/BT5/Blue/BT5_021.cs",CardEffect,71
"CardEffect/BT5/Blue/BT5_022.cs",CardEffect,68
"CardEffect/BT5/Blue/BT5_024.cs",CardEffect,74
"CardEffect/BT5/Blue/BT5_025.cs",CardEffect,110
"CardEffect/BT5/Blue/BT5_028.cs",CardEffect,101
"CardEffect/BT5/Blue/BT5_029.cs",CardEffect,56
"CardEffect/BT5/Blue/BT5_030.cs",CardEffect,41
"CardEffect/BT5/Blue/BT5_031.cs",CardEffect,125
"CardEffect/BT5/Blue/BT5_032.cs",CardEffect,157
"CardEffect/BT5/Blue/BT5_088.cs",CardEffect,187
"CardEffect/BT5/Blue/BT5_096.cs",CardEffect,94
"CardEffect/BT5/Blue/BT5_097.cs",CardEffect,119
"CardEffect/BT5/Green/BT5_004.cs",CardEffect,91
"CardEffect/BT5/Green/BT5_046.cs",CardEffect,75
"CardEffect/BT5/Green/BT5_047.cs",CardEffect,163
"CardEffect/BT5/Green/BT5_049.cs",CardEffect,77
"CardEffect/BT5/Green/BT5_050.cs",CardEffect,62
"CardEffect/BT5/Green/BT5_053.cs",CardEffect,43
"CardEffect/BT5/Green/BT5_055.cs",CardEffect,86
"CardEffect/BT5/Green/BT5_056.cs",CardEffect,149
"CardEffect/BT5/Green/BT5_057.cs",CardEffect,59
"CardEffect/BT5/Green/BT5_058.cs",CardEffect,364
"CardEffect/BT5/Green/BT5_089.cs",CardEffect,196
"CardEffect/BT5/Green/BT5_100.cs",CardEffect,90
"CardEffect/BT5/Green/BT5_101.cs",CardEffect,98
"CardEffect/BT5/Green/BT5_102.cs",CardEffect,164
"CardEffect/BT5/Purple/BT5_006.cs",CardEffect,71
"CardEffect/BT5/Purple/BT5_071.cs",CardEffect,57
"CardEffect/BT5/Purple/BT5_072.cs",CardEffect,100
"CardEffect/BT5/Purple/BT5_074.cs",CardEffect,107
"CardEffect/BT5/Purple/BT5_076.cs",CardEffect,71
"CardEffect/BT5/Purple/BT5_078.cs",CardEffect,123
"CardEffect/BT5/Purple/BT5_079.cs",CardEffect,214
"CardEffect/BT5/Purple/BT5_080.cs",CardEffect,20
"CardEffect/BT5/Purple/BT5_081.cs",CardEffect,250
"CardEffect/BT5/Purple/BT5_082.cs",CardEffect,217
"CardEffect/BT5/Purple/BT5_083.cs",CardEffect,239
"CardEffect/BT5/Purple/BT5_106.cs",CardEffect,202
"CardEffect/BT5/Purple/BT5_107.cs",CardEffect,166
"CardEffect/BT5/Purple/BT5_108.cs",CardEffect,153
"CardEffect/BT5/Red/BT5_001.cs",CardEffect,54
"CardEffect/BT5/Red/BT5_007.cs",CardEffect,99
"CardEffect/BT5/Red/BT5_008.cs",CardEffect,107
"CardEffect/BT5/Red/BT5_009.cs",CardEffect,120
"CardEffect/BT5/Red/BT5_010.cs",CardEffect,82
"CardEffect/BT5/Red/BT5_011.cs",CardEffect,99
"CardEffect/BT5/Red/BT5_014.cs",CardEffect,61
"CardEffect/BT5/Red/BT5_015.cs",CardEffect,110
"CardEffect/BT5/Red/BT5_016.cs",CardEffect,159
"CardEffect/BT5/Red/BT5_017.cs",CardEffect,82
"CardEffect/BT5/Red/BT5_018.cs",CardEffect,109
"CardEffect/BT5/Red/BT5_019.cs",CardEffect,150
"CardEffect/BT5/Red/BT5_094.cs",CardEffect,173
"CardEffect/BT5/Red/BT5_095.cs",CardEffect,90
"CardEffect/BT5/White/BT5_084.cs",CardEffect,53
"CardEffect/BT5/White/BT5_085.cs",CardEffect,349
"CardEffect/BT5/White/BT5_086.cs",CardEffect,176
"CardEffect/BT5/White/BT5_087.cs",CardEffect,250
"CardEffect/BT5/White/BT5_091.cs",CardEffect,169
"CardEffect/BT5/White/BT5_092.cs",CardEffect,278
"CardEffect/BT5/White/BT5_093.cs",CardEffect,120
"CardEffect/BT5/White/BT5_109.cs",CardEffect,280
"CardEffect/BT5/White/BT5_110.cs",CardEffect,157
"CardEffect/BT5/White/BT5_111.cs",CardEffect,238
"CardEffect/BT5/White/BT5_112.cs",CardEffect,219
"CardEffect/BT5/Yellow/BT5_003.cs",CardEffect,95
"CardEffect/BT5/Yellow/BT5_034.cs",CardEffect,104
"CardEffect/BT5/Yellow/BT5_035.cs",CardEffect,89
"CardEffect/BT5/Yellow/BT5_036.cs",CardEffect,92
"CardEffect/BT5/Yellow/BT5_037.cs",CardEffect,130
"CardEffect/BT5/Yellow/BT5_038.cs",CardEffect,45
"CardEffect/BT5/Yellow/BT5_039.cs",CardEffect,85
"CardEffect/BT5/Yellow/BT5_042.cs",CardEffect,92
"CardEffect/BT5/Yellow/BT5_043.cs",CardEffect,56
"CardEffect/BT5/Yellow/BT5_044.cs",CardEffect,110
"CardEffect/BT5/Yellow/BT5_045.cs",CardEffect,142
"CardEffect/BT5/Yellow/BT5_098.cs",CardEffect,104
"CardEffect/BT5/Yellow/BT5_099.cs",CardEffect,87
"CardEffect/BT6/Black/BT6_005.cs",CardEffect,78
"CardEffect/BT6/Black/BT6_056.cs",CardEffect,127
"CardEffect/BT6/Black/BT6_057.cs",CardEffect,35
"CardEffect/BT6/Black/BT6_059.cs",CardEffect,46
"CardEffect/BT6/Black/BT6_060.cs",CardEffect,138
"CardEffect/BT6/Black/BT6_061.cs",CardEffect,69
"CardEffect/BT6/Black/BT6_062.cs",CardEffect,38
"CardEffect/BT6/Black/BT6_064.cs",CardEffect,119
"CardEffect/BT6/Black/BT6_065.cs",CardEffect,137
"CardEffect/BT6/Black/BT6_066.cs",CardEffect,113
"CardEffect/BT6/Black/BT6_067.cs",CardEffect,88
"CardEffect/BT6/Black/BT6_090.cs",CardEffect,131
"CardEffect/BT6/Black/BT6_104.cs",CardEffect,155
"CardEffect/BT6/Black/BT6_105.cs",CardEffect,117
"CardEffect/BT6/Black/BT6_106.cs",CardEffect,59
"CardEffect/BT6/Black/BT6_111.cs",CardEffect,298
"CardEffect/BT6/Blue/BT6_002.cs",CardEffect,67
"CardEffect/BT6/Blue/BT6_019.cs",CardEffect,118
"CardEffect/BT6/Blue/BT6_020.cs",CardEffect,38
"CardEffect/BT6/Blue/BT6_022.cs",CardEffect,66
"CardEffect/BT6/Blue/BT6_024.cs",CardEffect,123
"CardEffect/BT6/Blue/BT6_025.cs",CardEffect,52
"CardEffect/BT6/Blue/BT6_026.cs",CardEffect,92
"CardEffect/BT6/Blue/BT6_027.cs",CardEffect,134
"CardEffect/BT6/Blue/BT6_028.cs",CardEffect,67
"CardEffect/BT6/Blue/BT6_029.cs",CardEffect,114
"CardEffect/BT6/Blue/BT6_030.cs",CardEffect,130
"CardEffect/BT6/Blue/BT6_088.cs",CardEffect,246
"CardEffect/BT6/Blue/BT6_096.cs",CardEffect,211
"CardEffect/BT6/Blue/BT6_097.cs",CardEffect,159
"CardEffect/BT6/Blue/BT6_098.cs",CardEffect,108
"CardEffect/BT6/Green/BT6_004.cs",CardEffect,60
"CardEffect/BT6/Green/BT6_045.cs",CardEffect,56
"CardEffect/BT6/Green/BT6_047.cs",CardEffect,92
"CardEffect/BT6/Green/BT6_049.cs",CardEffect,32
"CardEffect/BT6/Green/BT6_050.cs",CardEffect,38
"CardEffect/BT6/Green/BT6_051.cs",CardEffect,84
"CardEffect/BT6/Green/BT6_052.cs",CardEffect,69
"CardEffect/BT6/Green/BT6_053.cs",CardEffect,59
"CardEffect/BT6/Green/BT6_054.cs",CardEffect,204
"CardEffect/BT6/Green/BT6_102.cs",CardEffect,120
"CardEffect/BT6/Green/BT6_103.cs",CardEffect,100
"CardEffect/BT6/Purple/BT6_006.cs",CardEffect,79
"CardEffect/BT6/Purple/BT6_068.cs",CardEffect,156
"CardEffect/BT6/Purple/BT6_069.cs",CardEffect,63
"CardEffect/BT6/Purple/BT6_070.cs",CardEffect,89
"CardEffect/BT6/Purple/BT6_071.cs",CardEffect,129
"CardEffect/BT6/Purple/BT6_072.cs",CardEffect,144
"CardEffect/BT6/Purple/BT6_073.cs",CardEffect,79
"CardEffect/BT6/Purple/BT6_075.cs",CardEffect,196
"CardEffect/BT6/Purple/BT6_077.cs",CardEffect,130
"CardEffect/BT6/Purple/BT6_078.cs",CardEffect,204
"CardEffect/BT6/Purple/BT6_079.cs",CardEffect,118
"CardEffect/BT6/Purple/BT6_080.cs",CardEffect,94
"CardEffect/BT6/Purple/BT6_081.cs",CardEffect,216
"CardEffect/BT6/Purple/BT6_091.cs",CardEffect,165
"CardEffect/BT6/Purple/BT6_107.cs",CardEffect,119
"CardEffect/BT6/Purple/BT6_108.cs",CardEffect,152
"CardEffect/BT6/Purple/BT6_109.cs",CardEffect,110
"CardEffect/BT6/Purple/BT6_112.cs",CardEffect,230
"CardEffect/BT6/Red/BT6_001.cs",CardEffect,61
"CardEffect/BT6/Red/BT6_007.cs",CardEffect,96
"CardEffect/BT6/Red/BT6_008.cs",CardEffect,54
"CardEffect/BT6/Red/BT6_009.cs",CardEffect,101
"CardEffect/BT6/Red/BT6_010.cs",CardEffect,49
"CardEffect/BT6/Red/BT6_011.cs",CardEffect,88
"CardEffect/BT6/Red/BT6_013.cs",CardEffect,70
"CardEffect/BT6/Red/BT6_014.cs",CardEffect,22
"CardEffect/BT6/Red/BT6_015.cs",CardEffect,144
"CardEffect/BT6/Red/BT6_016.cs",CardEffect,235
"CardEffect/BT6/Red/BT6_017.cs",CardEffect,159
"CardEffect/BT6/Red/BT6_018.cs",CardEffect,142
"CardEffect/BT6/Red/BT6_087.cs",CardEffect,249
"CardEffect/BT6/Red/BT6_093.cs",CardEffect,300
"CardEffect/BT6/Red/BT6_094.cs",CardEffect,91
"CardEffect/BT6/Red/BT6_095.cs",CardEffect,69
"CardEffect/BT6/White/BT6_082.cs",CardEffect,84
"CardEffect/BT6/White/BT6_083.cs",CardEffect,271
"CardEffect/BT6/White/BT6_084.cs",CardEffect,88
"CardEffect/BT6/White/BT6_085.cs",CardEffect,131
"CardEffect/BT6/White/BT6_086.cs",CardEffect,203
"CardEffect/BT6/White/BT6_092.cs",CardEffect,168
"CardEffect/BT6/White/BT6_110.cs",CardEffect,148
"CardEffect/BT6/Yellow/BT6_003.cs",CardEffect,55
"CardEffect/BT6/Yellow/BT6_031.cs",CardEffect,85
"CardEffect/BT6/Yellow/BT6_032.cs",CardEffect,62
"CardEffect/BT6/Yellow/BT6_033.cs",CardEffect,114
"CardEffect/BT6/Yellow/BT6_034.cs",CardEffect,63
"CardEffect/BT6/Yellow/BT6_035.cs",CardEffect,55
"CardEffect/BT6/Yellow/BT6_036.cs",CardEffect,62
"CardEffect/BT6/Yellow/BT6_037.cs",CardEffect,38
"CardEffect/BT6/Yellow/BT6_039.cs",CardEffect,34
"CardEffect/BT6/Yellow/BT6_040.cs",CardEffect,94
"CardEffect/BT6/Yellow/BT6_041.cs",CardEffect,91
"CardEffect/BT6/Yellow/BT6_042.cs",CardEffect,197
"CardEffect/BT6/Yellow/BT6_043.cs",CardEffect,39
"CardEffect/BT6/Yellow/BT6_044.cs",CardEffect,145
"CardEffect/BT6/Yellow/BT6_089.cs",CardEffect,176
"CardEffect/BT6/Yellow/BT6_099.cs",CardEffect,101
"CardEffect/BT6/Yellow/BT6_100.cs",CardEffect,100
"CardEffect/BT6/Yellow/BT6_101.cs",CardEffect,76
"CardEffect/BT7/Black/BT7_005.cs",CardEffect,67
"CardEffect/BT7/Black/BT7_056.cs",CardEffect,133
"CardEffect/BT7/Black/BT7_057.cs",CardEffect,82
"CardEffect/BT7/Black/BT7_058.cs",CardEffect,167
"CardEffect/BT7/Black/BT7_059.cs",CardEffect,112
"CardEffect/BT7/Black/BT7_060.cs",CardEffect,33
"CardEffect/BT7/Black/BT7_061.cs",CardEffect,38
"CardEffect/BT7/Black/BT7_062.cs",CardEffect,60
"CardEffect/BT7/Black/BT7_063.cs",CardEffect,621
"CardEffect/BT7/Black/BT7_064.cs",CardEffect,146
"CardEffect/BT7/Black/BT7_065.cs",CardEffect,174
"CardEffect/BT7/Black/BT7_066.cs",CardEffect,212
"CardEffect/BT7/Black/BT7_090.cs",CardEffect,83
"CardEffect/BT7/Black/BT7_104.cs",CardEffect,113
"CardEffect/BT7/Black/BT7_105.cs",CardEffect,128
"CardEffect/BT7/Black/BT7_106.cs",CardEffect,90
"CardEffect/BT7/Blue/BT7_002.cs",CardEffect,75
"CardEffect/BT7/Blue/BT7_018.cs",CardEffect,61
"CardEffect/BT7/Blue/BT7_019.cs",CardEffect,184
"CardEffect/BT7/Blue/BT7_021.cs",CardEffect,114
"CardEffect/BT7/Blue/BT7_022.cs",CardEffect,68
"CardEffect/BT7/Blue/BT7_023.cs",CardEffect,120
"CardEffect/BT7/Blue/BT7_024.cs",CardEffect,95
"CardEffect/BT7/Blue/BT7_025.cs",CardEffect,164
"CardEffect/BT7/Blue/BT7_026.cs",CardEffect,158
"CardEffect/BT7/Blue/BT7_027.cs",CardEffect,260
"CardEffect/BT7/Blue/BT7_028.cs",CardEffect,221
"CardEffect/BT7/Blue/BT7_029.cs",CardEffect,327
"CardEffect/BT7/Blue/BT7_030.cs",CardEffect,194
"CardEffect/BT7/Blue/BT7_086.cs",CardEffect,176
"CardEffect/BT7/Blue/BT7_087.cs",CardEffect,325
"CardEffect/BT7/Blue/BT7_095.cs",CardEffect,148
"CardEffect/BT7/Blue/BT7_096.cs",CardEffect,307
"CardEffect/BT7/Blue/BT7_097.cs",CardEffect,163
"CardEffect/BT7/Green/BT7_004.cs",CardEffect,65
"CardEffect/BT7/Green/BT7_043.cs",CardEffect,78
"CardEffect/BT7/Green/BT7_044.cs",CardEffect,91
"CardEffect/BT7/Green/BT7_046.cs",CardEffect,109
"CardEffect/BT7/Green/BT7_047.cs",CardEffect,101
"CardEffect/BT7/Green/BT7_051.cs",CardEffect,100
"CardEffect/BT7/Green/BT7_052.cs",CardEffect,81
"CardEffect/BT7/Green/BT7_053.cs",CardEffect,115
"CardEffect/BT7/Green/BT7_054.cs",CardEffect,185
"CardEffect/BT7/Green/BT7_055.cs",CardEffect,258
"CardEffect/BT7/Green/BT7_089.cs",CardEffect,79
"CardEffect/BT7/Green/BT7_101.cs",CardEffect,91
"CardEffect/BT7/Green/BT7_102.cs",CardEffect,99
"CardEffect/BT7/Green/BT7_103.cs",CardEffect,126
"CardEffect/BT7/Purple/BT7_006.cs",CardEffect,73
"CardEffect/BT7/Purple/BT7_045.cs",CardEffect,118
"CardEffect/BT7/Purple/BT7_068.cs",CardEffect,76
"CardEffect/BT7/Purple/BT7_069.cs",CardEffect,88
"CardEffect/BT7/Purple/BT7_070.cs",CardEffect,128
"CardEffect/BT7/Purple/BT7_071.cs",CardEffect,32
"CardEffect/BT7/Purple/BT7_072.cs",CardEffect,110
"CardEffect/BT7/Purple/BT7_073.cs",CardEffect,67
"CardEffect/BT7/Purple/BT7_074.cs",CardEffect,111
"CardEffect/BT7/Purple/BT7_075.cs",CardEffect,170
"CardEffect/BT7/Purple/BT7_076.cs",CardEffect,145
"CardEffect/BT7/Purple/BT7_077.cs",CardEffect,195
"CardEffect/BT7/Purple/BT7_078.cs",CardEffect,253
"CardEffect/BT7/Purple/BT7_079.cs",CardEffect,271
"CardEffect/BT7/Purple/BT7_091.cs",CardEffect,129
"CardEffect/BT7/Purple/BT7_107.cs",CardEffect,148
"CardEffect/BT7/Purple/BT7_108.cs",CardEffect,91
"CardEffect/BT7/Purple/BT7_109.cs",CardEffect,122
"CardEffect/BT7/Purple/BT7_111.cs",CardEffect,263
"CardEffect/BT7/Red/BT7_001.cs",CardEffect,38
"CardEffect/BT7/Red/BT7_008.cs",CardEffect,183
"CardEffect/BT7/Red/BT7_009.cs",CardEffect,68
"CardEffect/BT7/Red/BT7_010.cs",CardEffect,91
"CardEffect/BT7/Red/BT7_011.cs",CardEffect,105
"CardEffect/BT7/Red/BT7_013.cs",CardEffect,176
"CardEffect/BT7/Red/BT7_014.cs",CardEffect,149
"CardEffect/BT7/Red/BT7_015.cs",CardEffect,328
"CardEffect/BT7/Red/BT7_016.cs",CardEffect,73
"CardEffect/BT7/Red/BT7_017.cs",CardEffect,264
"CardEffect/BT7/Red/BT7_085.cs",CardEffect,310
"CardEffect/BT7/Red/BT7_092.cs",CardEffect,112
"CardEffect/BT7/Red/BT7_093.cs",CardEffect,278
"CardEffect/BT7/Red/BT7_094.cs",CardEffect,87
"CardEffect/BT7/White/BT7_080.cs",CardEffect,212
"CardEffect/BT7/White/BT7_081.cs",CardEffect,156
"CardEffect/BT7/White/BT7_082.cs",CardEffect,273
"CardEffect/BT7/White/BT7_083.cs",CardEffect,294
"CardEffect/BT7/White/BT7_084.cs",CardEffect,153
"CardEffect/BT7/White/BT7_110.cs",CardEffect,180
"CardEffect/BT7/White/BT7_112.cs",CardEffect,398
"CardEffect/BT7/Yellow/BT7_003.cs",CardEffect,97
"CardEffect/BT7/Yellow/BT7_032.cs",CardEffect,51
"CardEffect/BT7/Yellow/BT7_033.cs",CardEffect,38
"CardEffect/BT7/Yellow/BT7_034.cs",CardEffect,88
"CardEffect/BT7/Yellow/BT7_035.cs",CardEffect,31
"CardEffect/BT7/Yellow/BT7_036.cs",CardEffect,71
"CardEffect/BT7/Yellow/BT7_037.cs",CardEffect,77
"CardEffect/BT7/Yellow/BT7_038.cs",CardEffect,100
"CardEffect/BT7/Yellow/BT7_039.cs",CardEffect,247
"CardEffect/BT7/Yellow/BT7_040.cs",CardEffect,191
"CardEffect/BT7/Yellow/BT7_041.cs",CardEffect,89
"CardEffect/BT7/Yellow/BT7_042.cs",CardEffect,144
"CardEffect/BT7/Yellow/BT7_088.cs",CardEffect,157
"CardEffect/BT7/Yellow/BT7_098.cs",CardEffect,100
"CardEffect/BT7/Yellow/BT7_099.cs",CardEffect,121
"CardEffect/BT7/Yellow/BT7_100.cs",CardEffect,207
"CardEffect/BT8/Black/BT8_005.cs",CardEffect,62
"CardEffect/BT8/Black/BT8_058.cs",CardEffect,84
"CardEffect/BT8/Black/BT8_059.cs",CardEffect,42
"CardEffect/BT8/Black/BT8_060.cs",CardEffect,136
"CardEffect/BT8/Black/BT8_061.cs",CardEffect,40
"CardEffect/BT8/Black/BT8_062.cs",CardEffect,104
"CardEffect/BT8/Black/BT8_063.cs",CardEffect,41
"CardEffect/BT8/Black/BT8_064.cs",CardEffect,38
"CardEffect/BT8/Black/BT8_065.cs",CardEffect,278
"CardEffect/BT8/Black/BT8_066.cs",CardEffect,110
"CardEffect/BT8/Black/BT8_067.cs",CardEffect,209
"CardEffect/BT8/Black/BT8_068.cs",CardEffect,142
"CardEffect/BT8/Black/BT8_069.cs",CardEffect,262
"CardEffect/BT8/Black/BT8_070.cs",CardEffect,198
"CardEffect/BT8/Black/BT8_092.cs",CardEffect,205
"CardEffect/BT8/Black/BT8_104.cs",CardEffect,307
"CardEffect/BT8/Black/BT8_105.cs",CardEffect,180
"CardEffect/BT8/Black/BT8_106.cs",CardEffect,182
"CardEffect/BT8/Blue/BT8_002.cs",CardEffect,36
"CardEffect/BT8/Blue/BT8_020.cs",CardEffect,94
"CardEffect/BT8/Blue/BT8_021.cs",CardEffect,73
"CardEffect/BT8/Blue/BT8_022.cs",CardEffect,106
"CardEffect/BT8/Blue/BT8_023.cs",CardEffect,152
"CardEffect/BT8/Blue/BT8_024.cs",CardEffect,149
"CardEffect/BT8/Blue/BT8_026.cs",CardEffect,103
"CardEffect/BT8/Blue/BT8_028.cs",CardEffect,83
"CardEffect/BT8/Blue/BT8_029.cs",CardEffect,124
"CardEffect/BT8/Blue/BT8_031.cs",CardEffect,295
"CardEffect/BT8/Blue/BT8_032.cs",CardEffect,191
"CardEffect/BT8/Blue/BT8_087.cs",CardEffect,90
"CardEffect/BT8/Blue/BT8_088.cs",CardEffect,151
"CardEffect/BT8/Blue/BT8_098.cs",CardEffect,135
"CardEffect/BT8/Blue/BT8_099.cs",CardEffect,314
"CardEffect/BT8/Green/BT8_004.cs",CardEffect,38
"CardEffect/BT8/Green/BT8_046.cs",CardEffect,82
"CardEffect/BT8/Green/BT8_047.cs",CardEffect,40
"CardEffect/BT8/Green/BT8_048.cs",CardEffect,118
"CardEffect/BT8/Green/BT8_049.cs",CardEffect,77
"CardEffect/BT8/Green/BT8_050.cs",CardEffect,178
"CardEffect/BT8/Green/BT8_051.cs",CardEffect,107
"CardEffect/BT8/Green/BT8_053.cs",CardEffect,101
"CardEffect/BT8/Green/BT8_054.cs",CardEffect,303
"CardEffect/BT8/Green/BT8_055.cs",CardEffect,167
"CardEffect/BT8/Green/BT8_057.cs",CardEffect,114
"CardEffect/BT8/Green/BT8_091.cs",CardEffect,228
"CardEffect/BT8/Green/BT8_102.cs",CardEffect,229
"CardEffect/BT8/Green/BT8_103.cs",CardEffect,159
"CardEffect/BT8/Purple/BT8_006.cs",CardEffect,63
"CardEffect/BT8/Purple/BT8_071.cs",CardEffect,61
"CardEffect/BT8/Purple/BT8_072.cs",CardEffect,91
"CardEffect/BT8/Purple/BT8_074.cs",CardEffect,63
"CardEffect/BT8/Purple/BT8_077.cs",CardEffect,26
"CardEffect/BT8/Purple/BT8_079.cs",CardEffect,153
"CardEffect/BT8/Purple/BT8_080.cs",CardEffect,286
"CardEffect/BT8/Purple/BT8_081.cs",CardEffect,215
"CardEffect/BT8/Purple/BT8_082.cs",CardEffect,235
"CardEffect/BT8/Purple/BT8_083.cs",CardEffect,153
"CardEffect/BT8/Purple/BT8_093.cs",CardEffect,184
"CardEffect/BT8/Purple/BT8_107.cs",CardEffect,175
"CardEffect/BT8/Purple/BT8_108.cs",CardEffect,76
"CardEffect/BT8/Purple/BT8_109.cs",CardEffect,142
"CardEffect/BT8/Purple/BT8_111.cs",CardEffect,166
"CardEffect/BT8/Red/BT8_001.cs",CardEffect,55
"CardEffect/BT8/Red/BT8_008.cs",CardEffect,150
"CardEffect/BT8/Red/BT8_009.cs",CardEffect,79
"CardEffect/BT8/Red/BT8_010.cs",CardEffect,169
"CardEffect/BT8/Red/BT8_012.cs",CardEffect,74
"CardEffect/BT8/Red/BT8_015.cs",CardEffect,300
"CardEffect/BT8/Red/BT8_016.cs",CardEffect,58
"CardEffect/BT8/Red/BT8_018.cs",CardEffect,64
"CardEffect/BT8/Red/BT8_019.cs",CardEffect,185
"CardEffect/BT8/Red/BT8_085.cs",CardEffect,164
"CardEffect/BT8/Red/BT8_086.cs",CardEffect,130
"CardEffect/BT8/Red/BT8_095.cs",CardEffect,167
"CardEffect/BT8/Red/BT8_096.cs",CardEffect,104
"CardEffect/BT8/Red/BT8_097.cs",CardEffect,159
"CardEffect/BT8/White/BT8_084.cs",CardEffect,353
"CardEffect/BT8/White/BT8_094.cs",CardEffect,147
"CardEffect/BT8/White/BT8_110.cs",CardEffect,380
"CardEffect/BT8/White/BT8_112.cs",CardEffect,687
"CardEffect/BT8/Yellow/BT8_003.cs",CardEffect,38
"CardEffect/BT8/Yellow/BT8_033.cs",CardEffect,73
"CardEffect/BT8/Yellow/BT8_035.cs",CardEffect,78
"CardEffect/BT8/Yellow/BT8_036.cs",CardEffect,173
"CardEffect/BT8/Yellow/BT8_038.cs",CardEffect,86
"CardEffect/BT8/Yellow/BT8_039.cs",CardEffect,163
"CardEffect/BT8/Yellow/BT8_040.cs",CardEffect,153
"CardEffect/BT8/Yellow/BT8_042.cs",CardEffect,251
"CardEffect/BT8/Yellow/BT8_043.cs",CardEffect,496
"CardEffect/BT8/Yellow/BT8_044.cs",CardEffect,140
"CardEffect/BT8/Yellow/BT8_089.cs",CardEffect,163
"CardEffect/BT8/Yellow/BT8_090.cs",CardEffect,75
"CardEffect/BT8/Yellow/BT8_100.cs",CardEffect,111
"CardEffect/BT8/Yellow/BT8_101.cs",CardEffect,122
"CardEffect/BT9/Black/BT9_005.cs",CardEffect,38
"CardEffect/BT9/Black/BT9_058.cs",CardEffect,114
"CardEffect/BT9/Black/BT9_059.cs",CardEffect,35
"CardEffect/BT9/Black/BT9_061.cs",CardEffect,61
"CardEffect/BT9/Black/BT9_062.cs",CardEffect,94
"CardEffect/BT9/Black/BT9_064.cs",CardEffect,178
"CardEffect/BT9/Black/BT9_065.cs",CardEffect,201
"CardEffect/BT9/Black/BT9_066.cs",CardEffect,184
"CardEffect/BT9/Black/BT9_067.cs",CardEffect,518
"CardEffect/BT9/Black/BT9_068.cs",CardEffect,152
"CardEffect/BT9/Black/BT9_069.cs",CardEffect,155
"CardEffect/BT9/Black/BT9_089.cs",CardEffect,153
"CardEffect/BT9/Black/BT9_090.cs",CardEffect,214
"CardEffect/BT9/Black/BT9_102.cs",CardEffect,287
"CardEffect/BT9/Black/BT9_103.cs",CardEffect,95
"CardEffect/BT9/Black/BT9_104.cs",CardEffect,322
"CardEffect/BT9/Black/BT9_105.cs",CardEffect,220
"CardEffect/BT9/Black/BT9_111.cs",CardEffect,189
"CardEffect/BT9/Blue/BT9_002.cs",CardEffect,57
"CardEffect/BT9/Blue/BT9_020.cs",CardEffect,200
"CardEffect/BT9/Blue/BT9_021.cs",CardEffect,160
"CardEffect/BT9/Blue/BT9_023.cs",CardEffect,41
"CardEffect/BT9/Blue/BT9_024.cs",CardEffect,244
"CardEffect/BT9/Blue/BT9_025.cs",CardEffect,93
"CardEffect/BT9/Blue/BT9_028.cs",CardEffect,112
"CardEffect/BT9/Blue/BT9_029.cs",CardEffect,327
"CardEffect/BT9/Blue/BT9_030.cs",CardEffect,118
"CardEffect/BT9/Blue/BT9_031.cs",CardEffect,113
"CardEffect/BT9/Blue/BT9_085.cs",CardEffect,182
"CardEffect/BT9/Blue/BT9_086.cs",CardEffect,104
"CardEffect/BT9/Blue/BT9_096.cs",CardEffect,128
"CardEffect/BT9/Blue/BT9_097.cs",CardEffect,172
"CardEffect/BT9/Green/BT9_004.cs",CardEffect,39
"CardEffect/BT9/Green/BT9_046.cs",CardEffect,199
"CardEffect/BT9/Green/BT9_049.cs",CardEffect,48
"CardEffect/BT9/Green/BT9_050.cs",CardEffect,137
"CardEffect/BT9/Green/BT9_051.cs",CardEffect,161
"CardEffect/BT9/Green/BT9_052.cs",CardEffect,185
"CardEffect/BT9/Green/BT9_054.cs",CardEffect,303
"CardEffect/BT9/Green/BT9_055.cs",CardEffect,220
"CardEffect/BT9/Green/BT9_056.cs",CardEffect,159
"CardEffect/BT9/Green/BT9_088.cs",CardEffect,148
"CardEffect/BT9/Green/BT9_100.cs",CardEffect,196
"CardEffect/BT9/Green/BT9_101.cs",CardEffect,117
"CardEffect/BT9/Purple/BT9_006.cs",CardEffect,97
"CardEffect/BT9/Purple/BT9_070.cs",CardEffect,66
"CardEffect/BT9/Purple/BT9_071.cs",CardEffect,155
"CardEffect/BT9/Purple/BT9_072.cs",CardEffect,72
"CardEffect/BT9/Purple/BT9_073.cs",CardEffect,74
"CardEffect/BT9/Purple/BT9_074.cs",CardEffect,63
"CardEffect/BT9/Purple/BT9_075.cs",CardEffect,222
"CardEffect/BT9/Purple/BT9_076.cs",CardEffect,356
"CardEffect/BT9/Purple/BT9_077.cs",CardEffect,156
"CardEffect/BT9/Purple/BT9_078.cs",CardEffect,218
"CardEffect/BT9/Purple/BT9_079.cs",CardEffect,251
"CardEffect/BT9/Purple/BT9_080.cs",CardEffect,245
"CardEffect/BT9/Purple/BT9_081.cs",CardEffect,187
"CardEffect/BT9/Purple/BT9_082.cs",CardEffect,279
"CardEffect/BT9/Purple/BT9_091.cs",CardEffect,155
"CardEffect/BT9/Purple/BT9_106.cs",CardEffect,230
"CardEffect/BT9/Purple/BT9_107.cs",CardEffect,181
"CardEffect/BT9/Purple/BT9_108.cs",CardEffect,168
"CardEffect/BT9/Purple/BT9_112.cs",CardEffect,249
"CardEffect/BT9/Red/BT9_001.cs",CardEffect,44
"CardEffect/BT9/Red/BT9_008.cs",CardEffect,200
"CardEffect/BT9/Red/BT9_009.cs",CardEffect,139
"CardEffect/BT9/Red/BT9_011.cs",CardEffect,70
"CardEffect/BT9/Red/BT9_012.cs",CardEffect,225
"CardEffect/BT9/Red/BT9_013.cs",CardEffect,84
"CardEffect/BT9/Red/BT9_014.cs",CardEffect,239
"CardEffect/BT9/Red/BT9_015.cs",CardEffect,71
"CardEffect/BT9/Red/BT9_016.cs",CardEffect,164
"CardEffect/BT9/Red/BT9_017.cs",CardEffect,176
"CardEffect/BT9/Red/BT9_018.cs",CardEffect,188
"CardEffect/BT9/Red/BT9_084.cs",CardEffect,158
"CardEffect/BT9/Red/BT9_093.cs",CardEffect,202
"CardEffect/BT9/Red/BT9_094.cs",CardEffect,118
"CardEffect/BT9/Red/BT9_095.cs",CardEffect,245
"CardEffect/BT9/White/BT9_083.cs",CardEffect,228
"CardEffect/BT9/White/BT9_092.cs",CardEffect,172
"CardEffect/BT9/White/BT9_109.cs",CardEffect,277
"CardEffect/BT9/White/BT9_110.cs",CardEffect,203
"CardEffect/BT9/Yellow/BT9_003.cs",CardEffect,95
"CardEffect/BT9/Yellow/BT9_033.cs",CardEffect,45
"CardEffect/BT9/Yellow/BT9_034.cs",CardEffect,120
"CardEffect/BT9/Yellow/BT9_036.cs",CardEffect,96
"CardEffect/BT9/Yellow/BT9_037.cs",CardEffect,97
"CardEffect/BT9/Yellow/BT9_038.cs",CardEffect,105
"CardEffect/BT9/Yellow/BT9_040.cs",CardEffect,106
"CardEffect/BT9/Yellow/BT9_041.cs",CardEffect,184
"CardEffect/BT9/Yellow/BT9_042.cs",CardEffect,316
"CardEffect/BT9/Yellow/BT9_043.cs",CardEffect,140
"CardEffect/BT9/Yellow/BT9_044.cs",CardEffect,159
"CardEffect/BT9/Yellow/BT9_087.cs",CardEffect,173
"CardEffect/BT9/Yellow/BT9_098.cs",CardEffect,224
"CardEffect/BT9/Yellow/BT9_099.cs",CardEffect,134
"CardEffect/EX1/Black/EX1_044.cs",CardEffect,46
"CardEffect/EX1/Black/EX1_045.cs",CardEffect,107
"CardEffect/EX1/Black/EX1_046.cs",CardEffect,79
"CardEffect/EX1/Black/EX1_047.cs",CardEffect,135
"CardEffect/EX1/Black/EX1_048.cs",CardEffect,104
"CardEffect/EX1/Black/EX1_049.cs",CardEffect,104
"CardEffect/EX1/Black/EX1_050.cs",CardEffect,160
"CardEffect/EX1/Black/EX1_051.cs",CardEffect,112
"CardEffect/EX1/Black/EX1_052.cs",CardEffect,67
"CardEffect/EX1/Black/EX1_053.cs",CardEffect,111
"CardEffect/EX1/Black/EX1_054.cs",CardEffect,89
"CardEffect/EX1/Black/EX1_069.cs",CardEffect,105
"CardEffect/EX1/Black/EX1_073.cs",CardEffect,475
"CardEffect/EX1/Blue/EX1_011.cs",CardEffect,81
"CardEffect/EX1/Blue/EX1_012.cs",CardEffect,94
"CardEffect/EX1/Blue/EX1_013.cs",CardEffect,63
"CardEffect/EX1/Blue/EX1_014.cs",CardEffect,44
"CardEffect/EX1/Blue/EX1_015.cs",CardEffect,104
"CardEffect/EX1/Blue/EX1_016.cs",CardEffect,64
"CardEffect/EX1/Blue/EX1_017.cs",CardEffect,88
"CardEffect/EX1/Blue/EX1_018.cs",CardEffect,153
"CardEffect/EX1/Blue/EX1_019.cs",CardEffect,82
"CardEffect/EX1/Blue/EX1_020.cs",CardEffect,114
"CardEffect/EX1/Blue/EX1_021.cs",CardEffect,131
"CardEffect/EX1/Blue/EX1_022.cs",CardEffect,118
"CardEffect/EX1/Blue/EX1_068.cs",CardEffect,163
"CardEffect/EX1/Green/EX1_033.cs",CardEffect,175
"CardEffect/EX1/Green/EX1_034.cs",CardEffect,84
"CardEffect/EX1/Green/EX1_035.cs",CardEffect,64
"CardEffect/EX1/Green/EX1_036.cs",CardEffect,60
"CardEffect/EX1/Green/EX1_037.cs",CardEffect,188
"CardEffect/EX1/Green/EX1_038.cs",CardEffect,44
"CardEffect/EX1/Green/EX1_039.cs",CardEffect,60
"CardEffect/EX1/Green/EX1_040.cs",CardEffect,114
"CardEffect/EX1/Green/EX1_041.cs",CardEffect,149
"CardEffect/EX1/Green/EX1_042.cs",CardEffect,100
"CardEffect/EX1/Green/EX1_043.cs",CardEffect,123
"CardEffect/EX1/Purple/EX1_055.cs",CardEffect,73
"CardEffect/EX1/Purple/EX1_056.cs",CardEffect,41
"CardEffect/EX1/Purple/EX1_057.cs",CardEffect,54
"CardEffect/EX1/Purple/EX1_058.cs",CardEffect,103
"CardEffect/EX1/Purple/EX1_059.cs",CardEffect,163
"CardEffect/EX1/Purple/EX1_060.cs",CardEffect,109
"CardEffect/EX1/Purple/EX1_061.cs",CardEffect,112
"CardEffect/EX1/Purple/EX1_062.cs",CardEffect,145
"CardEffect/EX1/Purple/EX1_063.cs",CardEffect,139
"CardEffect/EX1/Purple/EX1_064.cs",CardEffect,140
"CardEffect/EX1/Purple/EX1_070.cs",CardEffect,235
"CardEffect/EX1/Red/EX1_001.cs",CardEffect,81
"CardEffect/EX1/Red/EX1_002.cs",CardEffect,57
"CardEffect/EX1/Red/EX1_003.cs",CardEffect,96
"CardEffect/EX1/Red/EX1_004.cs",CardEffect,110
"CardEffect/EX1/Red/EX1_005.cs",CardEffect,164
"CardEffect/EX1/Red/EX1_006.cs",CardEffect,57
"CardEffect/EX1/Red/EX1_007.cs",CardEffect,121
"CardEffect/EX1/Red/EX1_008.cs",CardEffect,121
"CardEffect/EX1/Red/EX1_009.cs",CardEffect,100
"CardEffect/EX1/Red/EX1_010.cs",CardEffect,63
"CardEffect/EX1/Red/EX1_067.cs",CardEffect,79
"CardEffect/EX1/White/EX1_065.cs",CardEffect,108
"CardEffect/EX1/White/EX1_066.cs",CardEffect,144
"CardEffect/EX1/White/EX1_071.cs",CardEffect,310
"CardEffect/EX1/White/EX1_072.cs",CardEffect,108
"CardEffect/EX1/Yellow/EX1_023.cs",CardEffect,84
"CardEffect/EX1/Yellow/EX1_024.cs",CardEffect,92
"CardEffect/EX1/Yellow/EX1_025.cs",CardEffect,52
"CardEffect/EX1/Yellow/EX1_026.cs",CardEffect,85
"CardEffect/EX1/Yellow/EX1_027.cs",CardEffect,97
"CardEffect/EX1/Yellow/EX1_028.cs",CardEffect,56
"CardEffect/EX1/Yellow/EX1_029.cs",CardEffect,100
"CardEffect/EX1/Yellow/EX1_030.cs",CardEffect,175
"CardEffect/EX1/Yellow/EX1_031.cs",CardEffect,84
"CardEffect/EX1/Yellow/EX1_032.cs",CardEffect,98
"CardEffect/EX10/Black/EX10_002.cs",CardEffect,49
"CardEffect/EX10/Black/EX10_003.cs",CardEffect,102
"CardEffect/EX10/Black/EX10_024.cs",CardEffect,198
"CardEffect/EX10/Black/EX10_025.cs",CardEffect,191
"CardEffect/EX10/Black/EX10_026.cs",CardEffect,234
"CardEffect/EX10/Black/EX10_027.cs",CardEffect,267
"CardEffect/EX10/Black/EX10_028.cs",CardEffect,355
"CardEffect/EX10/Black/EX10_029.cs",CardEffect,211
"CardEffect/EX10/Black/EX10_030.cs",CardEffect,413
"CardEffect/EX10/Black/EX10_031.cs",CardEffect,377
"CardEffect/EX10/Black/EX10_032.cs",CardEffect,471
"CardEffect/EX10/Black/EX10_033.cs",CardEffect,436
"CardEffect/EX10/Black/EX10_034.cs",CardEffect,513
"CardEffect/EX10/Black/EX10_035.cs",CardEffect,504
"CardEffect/EX10/Black/EX10_036.cs",CardEffect,447
"CardEffect/EX10/Black/EX10_062.cs",CardEffect,246
"CardEffect/EX10/Black/EX10_063.cs",CardEffect,215
"CardEffect/EX10/Black/EX10_069.cs",CardEffect,276
"CardEffect/EX10/Black/EX10_070.cs",CardEffect,269
"CardEffect/EX10/Black/EX10_073.cs",CardEffect,251
"CardEffect/EX10/Blue/EX10_012.cs",CardEffect,530
"CardEffect/EX10/Green/EX10_001.cs",CardEffect,50
"CardEffect/EX10/Green/EX10_015.cs",CardEffect,189
"CardEffect/EX10/Green/EX10_016.cs",CardEffect,215
"CardEffect/EX10/Green/EX10_017.cs",CardEffect,270
"CardEffect/EX10/Green/EX10_018.cs",CardEffect,191
"CardEffect/EX10/Green/EX10_019.cs",CardEffect,505
"CardEffect/EX10/Green/EX10_020.cs",CardEffect,463
"CardEffect/EX10/Green/EX10_021.cs",CardEffect,465
"CardEffect/EX10/Green/EX10_022.cs",CardEffect,274
"CardEffect/EX10/Green/EX10_023.cs",CardEffect,222
"CardEffect/EX10/Purple/EX10_004.cs",CardEffect,93
"CardEffect/EX10/Purple/EX10_005.cs",CardEffect,51
"CardEffect/EX10/Purple/EX10_037.cs",CardEffect,135
"CardEffect/EX10/Purple/EX10_038.cs",CardEffect,248
"CardEffect/EX10/Purple/EX10_039.cs",CardEffect,219
"CardEffect/EX10/Purple/EX10_040.cs",CardEffect,123
"CardEffect/EX10/Purple/EX10_041.cs",CardEffect,259
"CardEffect/EX10/Purple/EX10_042.cs",CardEffect,314
"CardEffect/EX10/Purple/EX10_043.cs",CardEffect,326
"CardEffect/EX10/Purple/EX10_044.cs",CardEffect,361
"CardEffect/EX10/Purple/EX10_045.cs",CardEffect,385
"CardEffect/EX10/Purple/EX10_046.cs",CardEffect,173
"CardEffect/EX10/Purple/EX10_047.cs",CardEffect,263
"CardEffect/EX10/Purple/EX10_048.cs",CardEffect,484
"CardEffect/EX10/Purple/EX10_049.cs",CardEffect,191
"CardEffect/EX10/Purple/EX10_050.cs",CardEffect,219
"CardEffect/EX10/Purple/EX10_051.cs",CardEffect,230
"CardEffect/EX10/Purple/EX10_052.cs",CardEffect,297
"CardEffect/EX10/Purple/EX10_053.cs",CardEffect,405
"CardEffect/EX10/Purple/EX10_054.cs",CardEffect,373
"CardEffect/EX10/Purple/EX10_055.cs",CardEffect,442
"CardEffect/EX10/Purple/EX10_056.cs",CardEffect,546
"CardEffect/EX10/Purple/EX10_057.cs",CardEffect,456
"CardEffect/EX10/Purple/EX10_058.cs",CardEffect,403
"CardEffect/EX10/Purple/EX10_059.cs",CardEffect,581
"CardEffect/EX10/Purple/EX10_060.cs",CardEffect,310
"CardEffect/EX10/Purple/EX10_064.cs",CardEffect,360
"CardEffect/EX10/Purple/EX10_065.cs",CardEffect,130
"CardEffect/EX10/Purple/EX10_066.cs",CardEffect,132
"CardEffect/EX10/Purple/EX10_067.cs",CardEffect,177
"CardEffect/EX10/Purple/EX10_071.cs",CardEffect,317
"CardEffect/EX10/Purple/EX10_074.cs",CardEffect,293
"CardEffect/EX10/Red/EX10_006.cs",CardEffect,100
"CardEffect/EX10/Red/EX10_007.cs",CardEffect,164
"CardEffect/EX10/Red/EX10_008.cs",CardEffect,203
"CardEffect/EX10/Red/EX10_009.cs",CardEffect,242
"CardEffect/EX10/Red/EX10_010.cs",CardEffect,213
"CardEffect/EX10/Red/EX10_011.cs",CardEffect,350
"CardEffect/EX10/White/EX10_061.cs",CardEffect,611
"CardEffect/EX10/White/EX10_068.cs",CardEffect,318
"CardEffect/EX10/White/EX10_072.cs",CardEffect,386
"CardEffect/EX10/Yellow/EX10_013.cs",CardEffect,189
"CardEffect/EX10/Yellow/EX10_014.cs",CardEffect,331
"CardEffect/EX11/Black/EX11_004.cs",CardEffect,47
"CardEffect/EX11/Black/EX11_037.cs",CardEffect,108
"CardEffect/EX11/Black/EX11_038.cs",CardEffect,216
"CardEffect/EX11/Black/EX11_039.cs",CardEffect,118
"CardEffect/EX11/Black/EX11_040.cs",CardEffect,343
"CardEffect/EX11/Black/EX11_041.cs",CardEffect,241
"CardEffect/EX11/Black/EX11_042.cs",CardEffect,268
"CardEffect/EX11/Black/EX11_043.cs",CardEffect,184
"CardEffect/EX11/Black/EX11_044.cs",CardEffect,267
"CardEffect/EX11/Black/EX11_045.cs",CardEffect,374
"CardEffect/EX11/Black/EX11_046.cs",CardEffect,273
"CardEffect/EX11/Black/EX11_064.cs",CardEffect,131
"CardEffect/EX11/Black/EX11_065.cs",CardEffect,365
"CardEffect/EX11/Black/EX11_066.cs",CardEffect,286
"CardEffect/EX11/Blue/EX11_002.cs",CardEffect,49
"CardEffect/EX11/Blue/EX11_013.cs",CardEffect,111
"CardEffect/EX11/Blue/EX11_014.cs",CardEffect,110
"CardEffect/EX11/Blue/EX11_015.cs",CardEffect,117
"CardEffect/EX11/Blue/EX11_016.cs",CardEffect,214
"CardEffect/EX11/Blue/EX11_017.cs",CardEffect,263
"CardEffect/EX11/Blue/EX11_018.cs",CardEffect,222
"CardEffect/EX11/Blue/EX11_057.cs",CardEffect,115
"CardEffect/EX11/Blue/EX11_058.cs",CardEffect,242
"CardEffect/EX11/Green/EX11_003.cs",CardEffect,66
"CardEffect/EX11/Green/EX11_025.cs",CardEffect,148
"CardEffect/EX11/Green/EX11_026.cs",CardEffect,210
"CardEffect/EX11/Green/EX11_027.cs",CardEffect,311
"CardEffect/EX11/Green/EX11_028.cs",CardEffect,227
"CardEffect/EX11/Green/EX11_029.cs",CardEffect,348
"CardEffect/EX11/Green/EX11_030.cs",CardEffect,165
"CardEffect/EX11/Green/EX11_031.cs",CardEffect,291
"CardEffect/EX11/Green/EX11_032.cs",CardEffect,313
"CardEffect/EX11/Green/EX11_033.cs",CardEffect,305
"CardEffect/EX11/Green/EX11_034.cs",CardEffect,533
"CardEffect/EX11/Green/EX11_035.cs",CardEffect,203
"CardEffect/EX11/Green/EX11_036.cs",CardEffect,352
"CardEffect/EX11/Green/EX11_062.cs",CardEffect,139
"CardEffect/EX11/Green/EX11_063.cs",CardEffect,188
"CardEffect/EX11/Green/EX11_072.cs",CardEffect,277
"CardEffect/EX11/Green/EX11_073.cs",CardEffect,316
"CardEffect/EX11/Green/EX11_074.cs",CardEffect,272
"CardEffect/EX11/Purple/EX11_005.cs",CardEffect,92
"CardEffect/EX11/Purple/EX11_047.cs",CardEffect,112
"CardEffect/EX11/Purple/EX11_048.cs",CardEffect,141
"CardEffect/EX11/Purple/EX11_049.cs",CardEffect,125
"CardEffect/EX11/Purple/EX11_050.cs",CardEffect,259
"CardEffect/EX11/Purple/EX11_051.cs",CardEffect,272
"CardEffect/EX11/Purple/EX11_052.cs",CardEffect,262
"CardEffect/EX11/Purple/EX11_067.cs",CardEffect,195
"CardEffect/EX11/Purple/EX11_068.cs",CardEffect,116
"CardEffect/EX11/Purple/EX11_069.cs",CardEffect,237
"CardEffect/EX11/Red/EX11_001.cs",CardEffect,61
"CardEffect/EX11/Red/EX11_007.cs",CardEffect,156
"CardEffect/EX11/Red/EX11_008.cs",CardEffect,179
"CardEffect/EX11/Red/EX11_009.cs",CardEffect,125
"CardEffect/EX11/Red/EX11_010.cs",CardEffect,148
"CardEffect/EX11/Red/EX11_011.cs",CardEffect,219
"CardEffect/EX11/Red/EX11_012.cs",CardEffect,208
"CardEffect/EX11/Red/EX11_054.cs",CardEffect,121
"CardEffect/EX11/Red/EX11_055.cs",CardEffect,201
"CardEffect/EX11/Red/EX11_056.cs",CardEffect,131
"CardEffect/EX11/White/EX11_006.cs",CardEffect,62
"CardEffect/EX11/White/EX11_053.cs",CardEffect,342
"CardEffect/EX11/White/EX11_070.cs",CardEffect,162
"CardEffect/EX11/White/EX11_071.cs",CardEffect,236
"CardEffect/EX11/Yellow/EX11_019.cs",CardEffect,57
"CardEffect/EX11/Yellow/EX11_020.cs",CardEffect,191
"CardEffect/EX11/Yellow/EX11_021.cs",CardEffect,175
"CardEffect/EX11/Yellow/EX11_022.cs",CardEffect,306
"CardEffect/EX11/Yellow/EX11_023.cs",CardEffect,226
"CardEffect/EX11/Yellow/EX11_024.cs",CardEffect,218
"CardEffect/EX11/Yellow/EX11_059.cs",CardEffect,190
"CardEffect/EX11/Yellow/EX11_060.cs",CardEffect,121
"CardEffect/EX11/Yellow/EX11_061.cs",CardEffect,161
"CardEffect/EX2/Black/EX2_005.cs",CardEffect,34
"CardEffect/EX2/Black/EX2_030.cs",CardEffect,74
"CardEffect/EX2/Black/EX2_031.cs",CardEffect,94
"CardEffect/EX2/Black/EX2_032.cs",CardEffect,116
"CardEffect/EX2/Black/EX2_033.cs",CardEffect,46
"CardEffect/EX2/Black/EX2_034.cs",CardEffect,55
"CardEffect/EX2/Black/EX2_035.cs",CardEffect,200
"CardEffect/EX2/Black/EX2_036.cs",CardEffect,53
"CardEffect/EX2/Black/EX2_037.cs",CardEffect,113
"CardEffect/EX2/Black/EX2_038.cs",CardEffect,230
"CardEffect/EX2/Black/EX2_062.cs",CardEffect,152
"CardEffect/EX2/Black/EX2_063.cs",CardEffect,155
"CardEffect/EX2/Blue/EX2_002.cs",CardEffect,34
"CardEffect/EX2/Blue/EX2_013.cs",CardEffect,52
"CardEffect/EX2/Blue/EX2_014.cs",CardEffect,90
"CardEffect/EX2/Blue/EX2_016.cs",CardEffect,176
"CardEffect/EX2/Blue/EX2_017.cs",CardEffect,78
"CardEffect/EX2/Blue/EX2_018.cs",CardEffect,76
"CardEffect/EX2/Blue/EX2_057.cs",CardEffect,231
"CardEffect/EX2/Blue/EX2_058.cs",CardEffect,169
"CardEffect/EX2/Blue/EX2_068.cs",CardEffect,131
"CardEffect/EX2/Blue/EX2_069.cs",CardEffect,123
"CardEffect/EX2/Green/EX2_004.cs",CardEffect,65
"CardEffect/EX2/Green/EX2_025.cs",CardEffect,121
"CardEffect/EX2/Green/EX2_026.cs",CardEffect,106
"CardEffect/EX2/Green/EX2_027.cs",CardEffect,122
"CardEffect/EX2/Green/EX2_028.cs",CardEffect,128
"CardEffect/EX2/Green/EX2_029.cs",CardEffect,167
"CardEffect/EX2/Green/EX2_061.cs",CardEffect,125
"CardEffect/EX2/Green/EX2_070.cs",CardEffect,186
"CardEffect/EX2/Purple/EX2_006.cs",CardEffect,34
"CardEffect/EX2/Purple/EX2_039.cs",CardEffect,204
"CardEffect/EX2/Purple/EX2_040.cs",CardEffect,59
"CardEffect/EX2/Purple/EX2_041.cs",CardEffect,183
"CardEffect/EX2/Purple/EX2_042.cs",CardEffect,174
"CardEffect/EX2/Purple/EX2_043.cs",CardEffect,175
"CardEffect/EX2/Purple/EX2_044.cs",CardEffect,330
"CardEffect/EX2/Purple/EX2_064.cs",CardEffect,346
"CardEffect/EX2/Purple/EX2_065.cs",CardEffect,110
"CardEffect/EX2/Purple/EX2_071.cs",CardEffect,124
"CardEffect/EX2/Purple/EX2_074.cs",CardEffect,155
"CardEffect/EX2/Red/EX2_001.cs",CardEffect,62
"CardEffect/EX2/Red/EX2_008.cs",CardEffect,178
"CardEffect/EX2/Red/EX2_009.cs",CardEffect,170
"CardEffect/EX2/Red/EX2_010.cs",CardEffect,148
"CardEffect/EX2/Red/EX2_011.cs",CardEffect,196
"CardEffect/EX2/Red/EX2_012.cs",CardEffect,434
"CardEffect/EX2/Red/EX2_056.cs",CardEffect,221
"CardEffect/EX2/Red/EX2_066.cs",CardEffect,146
"CardEffect/EX2/Red/EX2_067.cs",CardEffect,97
"CardEffect/EX2/Red/EX2_073.cs",CardEffect,161
"CardEffect/EX2/White/EX2_007.cs",CardEffect,518
"CardEffect/EX2/White/EX2_045.cs",CardEffect,199
"CardEffect/EX2/White/EX2_046.cs",CardEffect,228
"CardEffect/EX2/White/EX2_047.cs",CardEffect,91
"CardEffect/EX2/White/EX2_048.cs",CardEffect,587
"CardEffect/EX2/White/EX2_049.cs",CardEffect,151
"CardEffect/EX2/White/EX2_050.cs",CardEffect,34
"CardEffect/EX2/White/EX2_051.cs",CardEffect,92
"CardEffect/EX2/White/EX2_052.cs",CardEffect,39
"CardEffect/EX2/White/EX2_053.cs",CardEffect,204
"CardEffect/EX2/White/EX2_054.cs",CardEffect,189
"CardEffect/EX2/White/EX2_055.cs",CardEffect,480
"CardEffect/EX2/White/EX2_072.cs",CardEffect,343
"CardEffect/EX2/Yellow/EX2_003.cs",CardEffect,60
"CardEffect/EX2/Yellow/EX2_019.cs",CardEffect,152
"CardEffect/EX2/Yellow/EX2_020.cs",CardEffect,70
"CardEffect/EX2/Yellow/EX2_021.cs",CardEffect,156
"CardEffect/EX2/Yellow/EX2_022.cs",CardEffect,82
"CardEffect/EX2/Yellow/EX2_023.cs",CardEffect,183
"CardEffect/EX2/Yellow/EX2_024.cs",CardEffect,193
"CardEffect/EX2/Yellow/EX2_059.cs",CardEffect,163
"CardEffect/EX2/Yellow/EX2_060.cs",CardEffect,162
"CardEffect/EX3/Black/EX3_002.cs",CardEffect,34
"CardEffect/EX3/Black/EX3_046.cs",CardEffect,42
"CardEffect/EX3/Black/EX3_047.cs",CardEffect,95
"CardEffect/EX3/Black/EX3_048.cs",CardEffect,162
"CardEffect/EX3/Black/EX3_049.cs",CardEffect,95
"CardEffect/EX3/Black/EX3_050.cs",CardEffect,31
"CardEffect/EX3/Black/EX3_051.cs",CardEffect,206
"CardEffect/EX3/Black/EX3_052.cs",CardEffect,182
"CardEffect/EX3/Black/EX3_053.cs",CardEffect,219
"CardEffect/EX3/Black/EX3_054.cs",CardEffect,341
"CardEffect/EX3/Black/EX3_071.cs",CardEffect,114
"CardEffect/EX3/Blue/EX3_001.cs",CardEffect,70
"CardEffect/EX3/Blue/EX3_015.cs",CardEffect,171
"CardEffect/EX3/Blue/EX3_016.cs",CardEffect,54
"CardEffect/EX3/Blue/EX3_017.cs",CardEffect,111
"CardEffect/EX3/Blue/EX3_018.cs",CardEffect,51
"CardEffect/EX3/Blue/EX3_019.cs",CardEffect,113
"CardEffect/EX3/Blue/EX3_020.cs",CardEffect,201
"CardEffect/EX3/Blue/EX3_021.cs",CardEffect,138
"CardEffect/EX3/Blue/EX3_022.cs",CardEffect,328
"CardEffect/EX3/Blue/EX3_023.cs",CardEffect,355
"CardEffect/EX3/Blue/EX3_024.cs",CardEffect,428
"CardEffect/EX3/Blue/EX3_025.cs",CardEffect,164
"CardEffect/EX3/Blue/EX3_026.cs",CardEffect,300
"CardEffect/EX3/Blue/EX3_067.cs",CardEffect,111
"CardEffect/EX3/Green/EX3_037.cs",CardEffect,160
"CardEffect/EX3/Green/EX3_038.cs",CardEffect,87
"CardEffect/EX3/Green/EX3_039.cs",CardEffect,51
"CardEffect/EX3/Green/EX3_040.cs",CardEffect,328
"CardEffect/EX3/Green/EX3_041.cs",CardEffect,201
"CardEffect/EX3/Green/EX3_042.cs",CardEffect,155
"CardEffect/EX3/Green/EX3_043.cs",CardEffect,325
"CardEffect/EX3/Green/EX3_044.cs",CardEffect,227
"CardEffect/EX3/Green/EX3_045.cs",CardEffect,212
"CardEffect/EX3/Green/EX3_070.cs",CardEffect,303
"CardEffect/EX3/Green/EX3_074.cs",CardEffect,359
"CardEffect/EX3/Purple/EX3_055.cs",CardEffect,106
"CardEffect/EX3/Purple/EX3_056.cs",CardEffect,143
"CardEffect/EX3/Purple/EX3_057.cs",CardEffect,231
"CardEffect/EX3/Purple/EX3_058.cs",CardEffect,281
"CardEffect/EX3/Purple/EX3_059.cs",CardEffect,77
"CardEffect/EX3/Purple/EX3_060.cs",CardEffect,54
"CardEffect/EX3/Purple/EX3_061.cs",CardEffect,348
"CardEffect/EX3/Purple/EX3_062.cs",CardEffect,212
"CardEffect/EX3/Purple/EX3_063.cs",CardEffect,266
"CardEffect/EX3/Purple/EX3_064.cs",CardEffect,269
"CardEffect/EX3/Purple/EX3_072.cs",CardEffect,212
"CardEffect/EX3/Purple/EX3_073.cs",CardEffect,310
"CardEffect/EX3/Red/EX3_003.cs",CardEffect,77
"CardEffect/EX3/Red/EX3_004.cs",CardEffect,131
"CardEffect/EX3/Red/EX3_005.cs",CardEffect,184
"CardEffect/EX3/Red/EX3_006.cs",CardEffect,52
"CardEffect/EX3/Red/EX3_007.cs",CardEffect,218
"CardEffect/EX3/Red/EX3_008.cs",CardEffect,281
"CardEffect/EX3/Red/EX3_010.cs",CardEffect,306
"CardEffect/EX3/Red/EX3_011.cs",CardEffect,183
"CardEffect/EX3/Red/EX3_012.cs",CardEffect,133
"CardEffect/EX3/Red/EX3_013.cs",CardEffect,898
"CardEffect/EX3/Red/EX3_014.cs",CardEffect,182
"CardEffect/EX3/Red/EX3_066.cs",CardEffect,317
"CardEffect/EX3/White/EX3_065.cs",CardEffect,245
"CardEffect/EX3/Yellow/EX3_027.cs",CardEffect,81
"CardEffect/EX3/Yellow/EX3_028.cs",CardEffect,99
"CardEffect/EX3/Yellow/EX3_029.cs",CardEffect,119
"CardEffect/EX3/Yellow/EX3_030.cs",CardEffect,231
"CardEffect/EX3/Yellow/EX3_031.cs",CardEffect,231
"CardEffect/EX3/Yellow/EX3_032.cs",CardEffect,105
"CardEffect/EX3/Yellow/EX3_033.cs",CardEffect,171
"CardEffect/EX3/Yellow/EX3_034.cs",CardEffect,302
"CardEffect/EX3/Yellow/EX3_035.cs",CardEffect,350
"CardEffect/EX3/Yellow/EX3_036.cs",CardEffect,183
"CardEffect/EX3/Yellow/EX3_068.cs",CardEffect,119
"CardEffect/EX3/Yellow/EX3_069.cs",CardEffect,226
"CardEffect/EX4/Black/EX4_003.cs",CardEffect,76
"CardEffect/EX4/Black/EX4_038.cs",CardEffect,166
"CardEffect/EX4/Black/EX4_039.cs",CardEffect,167
"CardEffect/EX4/Black/EX4_040.cs",CardEffect,175
"CardEffect/EX4/Black/EX4_041.cs",CardEffect,198
"CardEffect/EX4/Black/EX4_042.cs",CardEffect,68
"CardEffect/EX4/Black/EX4_043.cs",CardEffect,131
"CardEffect/EX4/Black/EX4_044.cs",CardEffect,131
"CardEffect/EX4/Black/EX4_045.cs",CardEffect,136
"CardEffect/EX4/Black/EX4_046.cs",CardEffect,136
"CardEffect/EX4/Black/EX4_047.cs",CardEffect,372
"CardEffect/EX4/Black/EX4_048.cs",CardEffect,226
"CardEffect/EX4/Black/EX4_049.cs",CardEffect,452
"CardEffect/EX4/Black/EX4_050.cs",CardEffect,199
"CardEffect/EX4/Black/EX4_051.cs",CardEffect,302
"CardEffect/EX4/Black/EX4_069.cs",CardEffect,92
"CardEffect/EX4/Black/EX4_073.cs",CardEffect,352
"CardEffect/EX4/Blue/EX4_001.cs",CardEffect,54
"CardEffect/EX4/Blue/EX4_014.cs",CardEffect,138
"CardEffect/EX4/Blue/EX4_015.cs",CardEffect,106
"CardEffect/EX4/Blue/EX4_016.cs",CardEffect,146
"CardEffect/EX4/Blue/EX4_017.cs",CardEffect,133
"CardEffect/EX4/Blue/EX4_018.cs",CardEffect,161
"CardEffect/EX4/Blue/EX4_019.cs",CardEffect,127
"CardEffect/EX4/Blue/EX4_020.cs",CardEffect,326
"CardEffect/EX4/Blue/EX4_021.cs",CardEffect,332
"CardEffect/EX4/Blue/EX4_022.cs",CardEffect,217
"CardEffect/EX4/Blue/EX4_061.cs",CardEffect,287
"CardEffect/EX4/Blue/EX4_062.cs",CardEffect,240
"CardEffect/EX4/Blue/EX4_066.cs",CardEffect,359
"CardEffect/EX4/Blue/EX4_067.cs",CardEffect,123
"CardEffect/EX4/Green/EX4_002.cs",CardEffect,68
"CardEffect/EX4/Green/EX4_032.cs",CardEffect,157
"CardEffect/EX4/Green/EX4_033.cs",CardEffect,188
"CardEffect/EX4/Green/EX4_034.cs",CardEffect,157
"CardEffect/EX4/Green/EX4_035.cs",CardEffect,89
"CardEffect/EX4/Green/EX4_036.cs",CardEffect,165
"CardEffect/EX4/Green/EX4_037.cs",CardEffect,194
"CardEffect/EX4/Green/EX4_063.cs",CardEffect,336
"CardEffect/EX4/Purple/EX4_004.cs",CardEffect,54
"CardEffect/EX4/Purple/EX4_052.cs",CardEffect,135
"CardEffect/EX4/Purple/EX4_053.cs",CardEffect,169
"CardEffect/EX4/Purple/EX4_054.cs",CardEffect,113
"CardEffect/EX4/Purple/EX4_055.cs",CardEffect,170
"CardEffect/EX4/Purple/EX4_056.cs",CardEffect,144
"CardEffect/EX4/Purple/EX4_057.cs",CardEffect,216
"CardEffect/EX4/Purple/EX4_058.cs",CardEffect,242
"CardEffect/EX4/Purple/EX4_059.cs",CardEffect,192
"CardEffect/EX4/Purple/EX4_064.cs",CardEffect,96
"CardEffect/EX4/Purple/EX4_070.cs",CardEffect,180
"CardEffect/EX4/Purple/EX4_071.cs",CardEffect,244
"CardEffect/EX4/Purple/EX4_074.cs",CardEffect,171
"CardEffect/EX4/Red/EX4_005.cs",CardEffect,141
"CardEffect/EX4/Red/EX4_006.cs",CardEffect,73
"CardEffect/EX4/Red/EX4_007.cs",CardEffect,141
"CardEffect/EX4/Red/EX4_008.cs",CardEffect,222
"CardEffect/EX4/Red/EX4_009.cs",CardEffect,191
"CardEffect/EX4/Red/EX4_010.cs",CardEffect,187
"CardEffect/EX4/Red/EX4_011.cs",CardEffect,235
"CardEffect/EX4/Red/EX4_012.cs",CardEffect,169
"CardEffect/EX4/Red/EX4_013.cs",CardEffect,381
"CardEffect/EX4/Red/EX4_065.cs",CardEffect,92
"CardEffect/EX4/White/EX4_060.cs",CardEffect,375
"CardEffect/EX4/White/EX4_072.cs",CardEffect,247
"CardEffect/EX4/Yellow/EX4_023.cs",CardEffect,164
"CardEffect/EX4/Yellow/EX4_024.cs",CardEffect,157
"CardEffect/EX4/Yellow/EX4_025.cs",CardEffect,100
"CardEffect/EX4/Yellow/EX4_026.cs",CardEffect,257
"CardEffect/EX4/Yellow/EX4_027.cs",CardEffect,164
"CardEffect/EX4/Yellow/EX4_028.cs",CardEffect,265
"CardEffect/EX4/Yellow/EX4_029.cs",CardEffect,145
"CardEffect/EX4/Yellow/EX4_030.cs",CardEffect,261
"CardEffect/EX4/Yellow/EX4_031.cs",CardEffect,217
"CardEffect/EX4/Yellow/EX4_068.cs",CardEffect,180
"CardEffect/EX5/Black/EX5_005.cs",CardEffect,54
"CardEffect/EX5/Black/EX5_044.cs",CardEffect,150
"CardEffect/EX5/Black/EX5_045.cs",CardEffect,199
"CardEffect/EX5/Black/EX5_046.cs",CardEffect,263
"CardEffect/EX5/Black/EX5_047.cs",CardEffect,146
"CardEffect/EX5/Black/EX5_048.cs",CardEffect,457
"CardEffect/EX5/Black/EX5_049.cs",CardEffect,189
"CardEffect/EX5/Black/EX5_050.cs",CardEffect,210
"CardEffect/EX5/Black/EX5_051.cs",CardEffect,170
"CardEffect/EX5/Black/EX5_052.cs",CardEffect,208
"CardEffect/EX5/Black/EX5_053.cs",CardEffect,200
"CardEffect/EX5/Black/EX5_054.cs",CardEffect,340
"CardEffect/EX5/Black/EX5_055.cs",CardEffect,346
"CardEffect/EX5/Blue/EX5_002.cs",CardEffect,106
"CardEffect/EX5/Blue/EX5_015.cs",CardEffect,336
"CardEffect/EX5/Blue/EX5_016.cs",CardEffect,206
"CardEffect/EX5/Blue/EX5_017.cs",CardEffect,242
"CardEffect/EX5/Blue/EX5_018.cs",CardEffect,216
"CardEffect/EX5/Blue/EX5_019.cs",CardEffect,261
"CardEffect/EX5/Blue/EX5_020.cs",CardEffect,463
"CardEffect/EX5/Blue/EX5_021.cs",CardEffect,225
"CardEffect/EX5/Blue/EX5_022.cs",CardEffect,270
"CardEffect/EX5/Blue/EX5_023.cs",CardEffect,240
"CardEffect/EX5/Blue/EX5_024.cs",CardEffect,361
"CardEffect/EX5/Blue/EX5_025.cs",CardEffect,309
"CardEffect/EX5/Blue/EX5_026.cs",CardEffect,285
"CardEffect/EX5/Blue/EX5_065.cs",CardEffect,326
"CardEffect/EX5/Blue/EX5_067.cs",CardEffect,269
"CardEffect/EX5/Green/EX5_003.cs",CardEffect,29
"CardEffect/EX5/Green/EX5_004.cs",CardEffect,49
"CardEffect/EX5/Green/EX5_035.cs",CardEffect,88
"CardEffect/EX5/Green/EX5_036.cs",CardEffect,32
"CardEffect/EX5/Green/EX5_037.cs",CardEffect,209
"CardEffect/EX5/Green/EX5_038.cs",CardEffect,212
"CardEffect/EX5/Green/EX5_039.cs",CardEffect,191
"CardEffect/EX5/Green/EX5_040.cs",CardEffect,204
"CardEffect/EX5/Green/EX5_041.cs",CardEffect,273
"CardEffect/EX5/Green/EX5_042.cs",CardEffect,227
"CardEffect/EX5/Green/EX5_043.cs",CardEffect,603
"CardEffect/EX5/Purple/EX5_006.cs",CardEffect,66
"CardEffect/EX5/Purple/EX5_056.cs",CardEffect,130
"CardEffect/EX5/Purple/EX5_057.cs",CardEffect,190
"CardEffect/EX5/Purple/EX5_058.cs",CardEffect,145
"CardEffect/EX5/Purple/EX5_058_token.cs",CardEffect,86
"CardEffect/EX5/Purple/EX5_059.cs",CardEffect,309
"CardEffect/EX5/Purple/EX5_060.cs",CardEffect,397
"CardEffect/EX5/Purple/EX5_061.cs",CardEffect,378
"CardEffect/EX5/Purple/EX5_062.cs",CardEffect,585
"CardEffect/EX5/Purple/EX5_063.cs",CardEffect,333
"CardEffect/EX5/Purple/EX5_069.cs",CardEffect,252
"CardEffect/EX5/Red/EX5_001.cs",CardEffect,83
"CardEffect/EX5/Red/EX5_007.cs",CardEffect,185
"CardEffect/EX5/Red/EX5_008.cs",CardEffect,242
"CardEffect/EX5/Red/EX5_009.cs",CardEffect,197
"CardEffect/EX5/Red/EX5_010.cs",CardEffect,231
"CardEffect/EX5/Red/EX5_011.cs",CardEffect,200
"CardEffect/EX5/Red/EX5_012.cs",CardEffect,391
"CardEffect/EX5/Red/EX5_013.cs",CardEffect,297
"CardEffect/EX5/Red/EX5_014.cs",CardEffect,169
"CardEffect/EX5/Red/EX5_064.cs",CardEffect,416
"CardEffect/EX5/Red/EX5_066.cs",CardEffect,139
"CardEffect/EX5/Red/EX5_073.cs",CardEffect,474
"CardEffect/EX5/White/EX5_070.cs",CardEffect,320
"CardEffect/EX5/White/EX5_071.cs",CardEffect,223
"CardEffect/EX5/White/EX5_072.cs",CardEffect,292
"CardEffect/EX5/Yellow/EX5_027.cs",CardEffect,192
"CardEffect/EX5/Yellow/EX5_028.cs",CardEffect,187
"CardEffect/EX5/Yellow/EX5_029.cs",CardEffect,228
"CardEffect/EX5/Yellow/EX5_030.cs",CardEffect,173
"CardEffect/EX5/Yellow/EX5_031.cs",CardEffect,148
"CardEffect/EX5/Yellow/EX5_032.cs",CardEffect,197
"CardEffect/EX5/Yellow/EX5_033.cs",CardEffect,340
"CardEffect/EX5/Yellow/EX5_034.cs",CardEffect,325
"CardEffect/EX5/Yellow/EX5_068.cs",CardEffect,278
"CardEffect/EX5/Yellow/EX5_074.cs",CardEffect,376
"CardEffect/EX6/Black/EX6_005.cs",CardEffect,89
"CardEffect/EX6/Black/EX6_036.cs",CardEffect,126
"CardEffect/EX6/Black/EX6_037.cs",CardEffect,252
"CardEffect/EX6/Black/EX6_038.cs",CardEffect,194
"CardEffect/EX6/Black/EX6_039.cs",CardEffect,352
"CardEffect/EX6/Black/EX6_040.cs",CardEffect,207
"CardEffect/EX6/Black/EX6_041.cs",CardEffect,288
"CardEffect/EX6/Black/EX6_042.cs",CardEffect,408
"CardEffect/EX6/Black/EX6_043.cs",CardEffect,238
"CardEffect/EX6/Black/EX6_044.cs",CardEffect,330
"CardEffect/EX6/Blue/EX6_002.cs",CardEffect,122
"CardEffect/EX6/Blue/EX6_012.cs",CardEffect,33
"CardEffect/EX6/Blue/EX6_013.cs",CardEffect,83
"CardEffect/EX6/Blue/EX6_014.cs",CardEffect,460
"CardEffect/EX6/Blue/EX6_015.cs",CardEffect,377
"CardEffect/EX6/Blue/EX6_066.cs",CardEffect,196
"CardEffect/EX6/Green/EX6_004.cs",CardEffect,94
"CardEffect/EX6/Green/EX6_032.cs",CardEffect,180
"CardEffect/EX6/Green/EX6_033.cs",CardEffect,215
"CardEffect/EX6/Green/EX6_034.cs",CardEffect,264
"CardEffect/EX6/Green/EX6_035.cs",CardEffect,331
"CardEffect/EX6/Purple/EX6_006.cs",CardEffect,765
"CardEffect/EX6/Purple/EX6_045.cs",CardEffect,180
"CardEffect/EX6/Purple/EX6_046.cs",CardEffect,124
"CardEffect/EX6/Purple/EX6_047.cs",CardEffect,147
"CardEffect/EX6/Purple/EX6_048.cs",CardEffect,466
"CardEffect/EX6/Purple/EX6_049.cs",CardEffect,247
"CardEffect/EX6/Purple/EX6_050.cs",CardEffect,315
"CardEffect/EX6/Purple/EX6_051.cs",CardEffect,471
"CardEffect/EX6/Purple/EX6_052.cs",CardEffect,270
"CardEffect/EX6/Purple/EX6_053.cs",CardEffect,355
"CardEffect/EX6/Purple/EX6_054.cs",CardEffect,515
"CardEffect/EX6/Purple/EX6_055.cs",CardEffect,300
"CardEffect/EX6/Purple/EX6_056.cs",CardEffect,343
"CardEffect/EX6/Purple/EX6_057.cs",CardEffect,480
"CardEffect/EX6/Purple/EX6_058.cs",CardEffect,318
"CardEffect/EX6/Purple/EX6_059.cs",CardEffect,290
"CardEffect/EX6/Purple/EX6_060.cs",CardEffect,374
"CardEffect/EX6/Purple/EX6_061.cs",CardEffect,310
"CardEffect/EX6/Purple/EX6_069.cs",CardEffect,379
"CardEffect/EX6/Purple/EX6_070.cs",CardEffect,282
"CardEffect/EX6/Purple/EX6_071.cs",CardEffect,105
"CardEffect/EX6/Purple/EX6_073.cs",CardEffect,463
"CardEffect/EX6/Purple/EX6_074.cs",CardEffect,231
"CardEffect/EX6/Red/EX6_001.cs",CardEffect,65
"CardEffect/EX6/Red/EX6_007.cs",CardEffect,212
"CardEffect/EX6/Red/EX6_008.cs",CardEffect,207
"CardEffect/EX6/Red/EX6_009.cs",CardEffect,255
"CardEffect/EX6/Red/EX6_010.cs",CardEffect,338
"CardEffect/EX6/Red/EX6_011.cs",CardEffect,357
"CardEffect/EX6/Red/EX6_065.cs",CardEffect,373
"CardEffect/EX6/White/EX6_062.cs",CardEffect,292
"CardEffect/EX6/White/EX6_072.cs",CardEffect,164
"CardEffect/EX6/Yellow/EX6_003.cs",CardEffect,122
"CardEffect/EX6/Yellow/EX6_016.cs",CardEffect,145
"CardEffect/EX6/Yellow/EX6_017.cs",CardEffect,117
"CardEffect/EX6/Yellow/EX6_018.cs",CardEffect,403
"CardEffect/EX6/Yellow/EX6_019.cs",CardEffect,75
"CardEffect/EX6/Yellow/EX6_020.cs",CardEffect,242
"CardEffect/EX6/Yellow/EX6_021.cs",CardEffect,412
"CardEffect/EX6/Yellow/EX6_022.cs",CardEffect,322
"CardEffect/EX6/Yellow/EX6_023.cs",CardEffect,460
"CardEffect/EX6/Yellow/EX6_024.cs",CardEffect,501
"CardEffect/EX6/Yellow/EX6_025.cs",CardEffect,496
"CardEffect/EX6/Yellow/EX6_026.cs",CardEffect,424
"CardEffect/EX6/Yellow/EX6_027.cs",CardEffect,397
"CardEffect/EX6/Yellow/EX6_028.cs",CardEffect,216
"CardEffect/EX6/Yellow/EX6_029.cs",CardEffect,588
"CardEffect/EX6/Yellow/EX6_030.cs",CardEffect,270
"CardEffect/EX6/Yellow/EX6_031.cs",CardEffect,603
"CardEffect/EX6/Yellow/EX6_063.cs",CardEffect,269
"CardEffect/EX6/Yellow/EX6_064.cs",CardEffect,227
"CardEffect/EX6/Yellow/EX6_067.cs",CardEffect,148
"CardEffect/EX6/Yellow/EX6_068.cs",CardEffect,238
"CardEffect/EX7/Black/EX7_005.cs",CardEffect,58
"CardEffect/EX7/Black/EX7_038.cs",CardEffect,57
"CardEffect/EX7/Black/EX7_039.cs",CardEffect,105
"CardEffect/EX7/Black/EX7_040.cs",CardEffect,112
"CardEffect/EX7/Black/EX7_041.cs",CardEffect,91
"CardEffect/EX7/Black/EX7_042.cs",CardEffect,178
"CardEffect/EX7/Black/EX7_043.cs",CardEffect,263
"CardEffect/EX7/Black/EX7_044.cs",CardEffect,219
"CardEffect/EX7/Black/EX7_045.cs",CardEffect,122
"CardEffect/EX7/Black/EX7_046.cs",CardEffect,159
"CardEffect/EX7/Black/EX7_047.cs",CardEffect,280
"CardEffect/EX7/Black/EX7_048.cs",CardEffect,240
"CardEffect/EX7/Black/EX7_049.cs",CardEffect,280
"CardEffect/EX7/Black/EX7_070.cs",CardEffect,252
"CardEffect/EX7/Blue/EX7_002.cs",CardEffect,54
"CardEffect/EX7/Blue/EX7_015.cs",CardEffect,95
"CardEffect/EX7/Blue/EX7_016.cs",CardEffect,162
"CardEffect/EX7/Blue/EX7_017.cs",CardEffect,91
"CardEffect/EX7/Blue/EX7_018.cs",CardEffect,116
"CardEffect/EX7/Blue/EX7_019.cs",CardEffect,163
"CardEffect/EX7/Blue/EX7_020.cs",CardEffect,153
"CardEffect/EX7/Blue/EX7_021.cs",CardEffect,133
"CardEffect/EX7/Blue/EX7_022.cs",CardEffect,185
"CardEffect/EX7/Blue/EX7_023.cs",CardEffect,150
"CardEffect/EX7/Blue/EX7_067.cs",CardEffect,165
"CardEffect/EX7/Green/EX7_004.cs",CardEffect,54
"CardEffect/EX7/Green/EX7_031.cs",CardEffect,92
"CardEffect/EX7/Green/EX7_032.cs",CardEffect,129
"CardEffect/EX7/Green/EX7_033.cs",CardEffect,43
"CardEffect/EX7/Green/EX7_034.cs",CardEffect,175
"CardEffect/EX7/Green/EX7_035.cs",CardEffect,221
"CardEffect/EX7/Green/EX7_036.cs",CardEffect,239
"CardEffect/EX7/Green/EX7_037.cs",CardEffect,338
"CardEffect/EX7/Green/EX7_064.cs",CardEffect,153
"CardEffect/EX7/Green/EX7_069.cs",CardEffect,130
"CardEffect/EX7/Green/EX7_074.cs",CardEffect,277
"CardEffect/EX7/Purple/EX7_006.cs",CardEffect,82
"CardEffect/EX7/Purple/EX7_050.cs",CardEffect,95
"CardEffect/EX7/Purple/EX7_051.cs",CardEffect,235
"CardEffect/EX7/Purple/EX7_052.cs",CardEffect,189
"CardEffect/EX7/Purple/EX7_053.cs",CardEffect,123
"CardEffect/EX7/Purple/EX7_054.cs",CardEffect,337
"CardEffect/EX7/Purple/EX7_055.cs",CardEffect,127
"CardEffect/EX7/Purple/EX7_056.cs",CardEffect,174
"CardEffect/EX7/Purple/EX7_057.cs",CardEffect,262
"CardEffect/EX7/Purple/EX7_058.cs",CardEffect,481
"CardEffect/EX7/Purple/EX7_058_token.cs",CardEffect,31
"CardEffect/EX7/Purple/EX7_059.cs",CardEffect,415
"CardEffect/EX7/Purple/EX7_060.cs",CardEffect,217
"CardEffect/EX7/Purple/EX7_061.cs",CardEffect,327
"CardEffect/EX7/Purple/EX7_062.cs",CardEffect,243
"CardEffect/EX7/Purple/EX7_065.cs",CardEffect,189
"CardEffect/EX7/Purple/EX7_071.cs",CardEffect,401
"CardEffect/EX7/Purple/EX7_072.cs",CardEffect,296
"CardEffect/EX7/Purple/EX7_073.cs",CardEffect,425
"CardEffect/EX7/Red/EX7_001.cs",CardEffect,37
"CardEffect/EX7/Red/EX7_007.cs",CardEffect,113
"CardEffect/EX7/Red/EX7_008.cs",CardEffect,129
"CardEffect/EX7/Red/EX7_009.cs",CardEffect,239
"CardEffect/EX7/Red/EX7_010.cs",CardEffect,184
"CardEffect/EX7/Red/EX7_011.cs",CardEffect,407
"CardEffect/EX7/Red/EX7_012.cs",CardEffect,149
"CardEffect/EX7/Red/EX7_013.cs",CardEffect,418
"CardEffect/EX7/Red/EX7_014.cs",CardEffect,318
"CardEffect/EX7/Red/EX7_066.cs",CardEffect,299
"CardEffect/EX7/Yellow/EX7_003.cs",CardEffect,39
"CardEffect/EX7/Yellow/EX7_024.cs",CardEffect,78
"CardEffect/EX7/Yellow/EX7_025.cs",CardEffect,118
"CardEffect/EX7/Yellow/EX7_026.cs",CardEffect,166
"CardEffect/EX7/Yellow/EX7_027.cs",CardEffect,194
"CardEffect/EX7/Yellow/EX7_028.cs",CardEffect,183
"CardEffect/EX7/Yellow/EX7_029.cs",CardEffect,306
"CardEffect/EX7/Yellow/EX7_030.cs",CardEffect,163
"CardEffect/EX7/Yellow/EX7_030_token.cs",CardEffect,78
"CardEffect/EX7/Yellow/EX7_063.cs",CardEffect,147
"CardEffect/EX7/Yellow/EX7_068.cs",CardEffect,104
"CardEffect/EX8/Black/EX8_005.cs",CardEffect,53
"CardEffect/EX8/Black/EX8_046.cs",CardEffect,84
"CardEffect/EX8/Black/EX8_047.cs",CardEffect,134
"CardEffect/EX8/Black/EX8_048.cs",CardEffect,147
"CardEffect/EX8/Black/EX8_049.cs",CardEffect,135
"CardEffect/EX8/Black/EX8_050.cs",CardEffect,161
"CardEffect/EX8/Black/EX8_051.cs",CardEffect,107
"CardEffect/EX8/Black/EX8_052.cs",CardEffect,354
"CardEffect/EX8/Black/EX8_053.cs",CardEffect,124
"CardEffect/EX8/Black/EX8_054.cs",CardEffect,236
"CardEffect/EX8/Black/EX8_055.cs",CardEffect,278
"CardEffect/EX8/Black/EX8_067.cs",CardEffect,141
"CardEffect/EX8/Black/EX8_070.cs",CardEffect,165
"CardEffect/EX8/Blue/EX8_002.cs",CardEffect,45
"CardEffect/EX8/Blue/EX8_017.cs",CardEffect,92
"CardEffect/EX8/Blue/EX8_018.cs",CardEffect,141
"CardEffect/EX8/Blue/EX8_019.cs",CardEffect,126
"CardEffect/EX8/Blue/EX8_020.cs",CardEffect,73
"CardEffect/EX8/Blue/EX8_021.cs",CardEffect,68
"CardEffect/EX8/Blue/EX8_022.cs",CardEffect,244
"CardEffect/EX8/Blue/EX8_023.cs",CardEffect,400
"CardEffect/EX8/Blue/EX8_024.cs",CardEffect,305
"CardEffect/EX8/Blue/EX8_025.cs",CardEffect,377
"CardEffect/EX8/Blue/EX8_026.cs",CardEffect,250
"CardEffect/EX8/Blue/EX8_027.cs",CardEffect,226
"CardEffect/EX8/Blue/EX8_028.cs",CardEffect,342
"CardEffect/EX8/Blue/EX8_029.cs",CardEffect,408
"CardEffect/EX8/Blue/EX8_066.cs",CardEffect,126
"CardEffect/EX8/Blue/EX8_068.cs",CardEffect,161
"CardEffect/EX8/Green/EX8_004.cs",CardEffect,68
"CardEffect/EX8/Green/EX8_038.cs",CardEffect,93
"CardEffect/EX8/Green/EX8_039.cs",CardEffect,118
"CardEffect/EX8/Green/EX8_040.cs",CardEffect,154
"CardEffect/EX8/Green/EX8_041.cs",CardEffect,199
"CardEffect/EX8/Green/EX8_042.cs",CardEffect,106
"CardEffect/EX8/Green/EX8_043.cs",CardEffect,336
"CardEffect/EX8/Green/EX8_044.cs",CardEffect,263
"CardEffect/EX8/Green/EX8_045.cs",CardEffect,265
"CardEffect/EX8/Green/EX8_069.cs",CardEffect,176
"CardEffect/EX8/Green/EX8_074.cs",CardEffect,443
"CardEffect/EX8/Purple/EX8_006.cs",CardEffect,117
"CardEffect/EX8/Purple/EX8_056.cs",CardEffect,156
"CardEffect/EX8/Purple/EX8_057.cs",CardEffect,162
"CardEffect/EX8/Purple/EX8_058.cs",CardEffect,140
"CardEffect/EX8/Purple/EX8_059.cs",CardEffect,454
"CardEffect/EX8/Purple/EX8_060.cs",CardEffect,320
"CardEffect/EX8/Purple/EX8_061.cs",CardEffect,231
"CardEffect/EX8/Purple/EX8_062.cs",CardEffect,307
"CardEffect/EX8/Purple/EX8_063.cs",CardEffect,374
"CardEffect/EX8/Purple/EX8_064.cs",CardEffect,423
"CardEffect/EX8/Purple/EX8_071.cs",CardEffect,181
"CardEffect/EX8/Purple/EX8_072.cs",CardEffect,183
"CardEffect/EX8/Red/EX8_001.cs",CardEffect,88
"CardEffect/EX8/Red/EX8_007.cs",CardEffect,125
"CardEffect/EX8/Red/EX8_008.cs",CardEffect,94
"CardEffect/EX8/Red/EX8_009.cs",CardEffect,209
"CardEffect/EX8/Red/EX8_010.cs",CardEffect,199
"CardEffect/EX8/Red/EX8_011.cs",CardEffect,159
"CardEffect/EX8/Red/EX8_012.cs",CardEffect,253
"CardEffect/EX8/Red/EX8_013.cs",CardEffect,42
"CardEffect/EX8/Red/EX8_014.cs",CardEffect,335
"CardEffect/EX8/Red/EX8_015.cs",CardEffect,154
"CardEffect/EX8/Red/EX8_016.cs",CardEffect,263
"CardEffect/EX8/Red/EX8_065.cs",CardEffect,166
"CardEffect/EX8/Red/EX8_073.cs",CardEffect,448
"CardEffect/EX8/Yellow/EX8_003.cs",CardEffect,88
"CardEffect/EX8/Yellow/EX8_030.cs",CardEffect,85
"CardEffect/EX8/Yellow/EX8_031.cs",CardEffect,294
"CardEffect/EX8/Yellow/EX8_032.cs",CardEffect,100
"CardEffect/EX8/Yellow/EX8_033.cs",CardEffect,366
"CardEffect/EX8/Yellow/EX8_034.cs",CardEffect,255
"CardEffect/EX8/Yellow/EX8_035.cs",CardEffect,165
"CardEffect/EX8/Yellow/EX8_036.cs",CardEffect,215
"CardEffect/EX8/Yellow/EX8_037.cs",CardEffect,228
"CardEffect/EX8/Yellow/EX8_037_token.cs",CardEffect,21
"CardEffect/EX9/Black/EX9_005.cs",CardEffect,359
"CardEffect/EX9/Black/EX9_046.cs",CardEffect,100
"CardEffect/EX9/Black/EX9_047.cs",CardEffect,168
"CardEffect/EX9/Black/EX9_048.cs",CardEffect,88
"CardEffect/EX9/Black/EX9_049.cs",CardEffect,170
"CardEffect/EX9/Black/EX9_050.cs",CardEffect,169
"CardEffect/EX9/Black/EX9_051.cs",CardEffect,186
"CardEffect/EX9/Black/EX9_052.cs",CardEffect,238
"CardEffect/EX9/Black/EX9_053.cs",CardEffect,260
"CardEffect/EX9/Black/EX9_054.cs",CardEffect,282
"CardEffect/EX9/Black/EX9_055.cs",CardEffect,515
"CardEffect/EX9/Black/EX9_056.cs",CardEffect,294
"CardEffect/EX9/Black/EX9_057.cs",CardEffect,398
"CardEffect/EX9/Black/EX9_068.cs",CardEffect,150
"CardEffect/EX9/Black/EX9_073.cs",CardEffect,764
"CardEffect/EX9/Blue/EX9_002.cs",CardEffect,94
"CardEffect/EX9/Blue/EX9_014.cs",CardEffect,178
"CardEffect/EX9/Blue/EX9_015.cs",CardEffect,122
"CardEffect/EX9/Blue/EX9_016.cs",CardEffect,55
"CardEffect/EX9/Blue/EX9_017.cs",CardEffect,250
"CardEffect/EX9/Blue/EX9_018.cs",CardEffect,628
"CardEffect/EX9/Blue/EX9_019.cs",CardEffect,408
"CardEffect/EX9/Blue/EX9_020.cs",CardEffect,250
"CardEffect/EX9/Blue/EX9_021.cs",CardEffect,337
"CardEffect/EX9/Blue/EX9_071.cs",CardEffect,181
"CardEffect/EX9/Green/EX9_004.cs",CardEffect,74
"CardEffect/EX9/Green/EX9_034.cs",CardEffect,52
"CardEffect/EX9/Green/EX9_035.cs",CardEffect,201
"CardEffect/EX9/Green/EX9_036.cs",CardEffect,181
"CardEffect/EX9/Green/EX9_037.cs",CardEffect,248
"CardEffect/EX9/Green/EX9_038.cs",CardEffect,197
"CardEffect/EX9/Green/EX9_039.cs",CardEffect,434
"CardEffect/EX9/Green/EX9_040.cs",CardEffect,98
"CardEffect/EX9/Green/EX9_041.cs",CardEffect,454
"CardEffect/EX9/Green/EX9_042.cs",CardEffect,318
"CardEffect/EX9/Green/EX9_043.cs",CardEffect,379
"CardEffect/EX9/Green/EX9_044.cs",CardEffect,494
"CardEffect/EX9/Green/EX9_045.cs",CardEffect,285
"CardEffect/EX9/Purple/EX9_006.cs",CardEffect,91
"CardEffect/EX9/Purple/EX9_058.cs",CardEffect,147
"CardEffect/EX9/Purple/EX9_059.cs",CardEffect,289
"CardEffect/EX9/Purple/EX9_060.cs",CardEffect,248
"CardEffect/EX9/Purple/EX9_061.cs",CardEffect,120
"CardEffect/EX9/Purple/EX9_062.cs",CardEffect,357
"CardEffect/EX9/Purple/EX9_063.cs",CardEffect,366
"CardEffect/EX9/Purple/EX9_064.cs",CardEffect,433
"CardEffect/EX9/Purple/EX9_065.cs",CardEffect,256
"CardEffect/EX9/Red/EX9_001.cs",CardEffect,86
"CardEffect/EX9/Red/EX9_007.cs",CardEffect,181
"CardEffect/EX9/Red/EX9_008.cs",CardEffect,54
"CardEffect/EX9/Red/EX9_009.cs",CardEffect,119
"CardEffect/EX9/Red/EX9_010.cs",CardEffect,277
"CardEffect/EX9/Red/EX9_011.cs",CardEffect,553
"CardEffect/EX9/Red/EX9_012.cs",CardEffect,268
"CardEffect/EX9/Red/EX9_013.cs",CardEffect,353
"CardEffect/EX9/Red/EX9_066.cs",CardEffect,163
"CardEffect/EX9/Red/EX9_070.cs",CardEffect,238
"CardEffect/EX9/White/EX9_069.cs",CardEffect,225
"CardEffect/EX9/White/EX9_072.cs",CardEffect,198
"CardEffect/EX9/White/EX9_074.cs",CardEffect,539
"CardEffect/EX9/Yellow/EX9_003.cs",CardEffect,171
"CardEffect/EX9/Yellow/EX9_022.cs",CardEffect,62
"CardEffect/EX9/Yellow/EX9_023.cs",CardEffect,169
"CardEffect/EX9/Yellow/EX9_024.cs",CardEffect,242
"CardEffect/EX9/Yellow/EX9_025.cs",CardEffect,157
"CardEffect/EX9/Yellow/EX9_026.cs",CardEffect,219
"CardEffect/EX9/Yellow/EX9_027.cs",CardEffect,340
"CardEffect/EX9/Yellow/EX9_028.cs",CardEffect,191
"CardEffect/EX9/Yellow/EX9_029.cs",CardEffect,261
"CardEffect/EX9/Yellow/EX9_030.cs",CardEffect,400
"CardEffect/EX9/Yellow/EX9_031.cs",CardEffect,342
"CardEffect/EX9/Yellow/EX9_032.cs",CardEffect,327
"CardEffect/EX9/Yellow/EX9_033.cs",CardEffect,268
"CardEffect/EX9/Yellow/EX9_067.cs",CardEffect,181
"CardEffect/LM/Black/LM_014.cs",CardEffect,128
"CardEffect/LM/Black/LM_015.cs",CardEffect,106
"CardEffect/LM/Black/LM_025.cs",CardEffect,317
"CardEffect/LM/Black/LM_031.cs",CardEffect,335
"CardEffect/LM/Black/LM_037.cs",CardEffect,150
"CardEffect/LM/Black/LM_043.cs",CardEffect,235
"CardEffect/LM/Black/LM_049.cs",CardEffect,125
"CardEffect/LM/Black/LM_053.cs",CardEffect,126
"CardEffect/LM/Black/LM_061.cs",CardEffect,204
"CardEffect/LM/Blue/LM_002.cs",CardEffect,85
"CardEffect/LM/Blue/LM_003.cs",CardEffect,165
"CardEffect/LM/Blue/LM_004.cs",CardEffect,287
"CardEffect/LM/Blue/LM_005.cs",CardEffect,364
"CardEffect/LM/Blue/LM_006.cs",CardEffect,350
"CardEffect/LM/Blue/LM_022.cs",CardEffect,192
"CardEffect/LM/Blue/LM_028.cs",CardEffect,335
"CardEffect/LM/Blue/LM_034.cs",CardEffect,150
"CardEffect/LM/Blue/LM_040.cs",CardEffect,144
"CardEffect/LM/Blue/LM_041.cs",CardEffect,383
"CardEffect/LM/Blue/LM_046.cs",CardEffect,125
"CardEffect/LM/Blue/LM_052.cs",CardEffect,126
"CardEffect/LM/Blue/LM_058.cs",CardEffect,204
"CardEffect/LM/Green/LM_008.cs",CardEffect,91
"CardEffect/LM/Green/LM_009.cs",CardEffect,255
"CardEffect/LM/Green/LM_010.cs",CardEffect,128
"CardEffect/LM/Green/LM_011.cs",CardEffect,239
"CardEffect/LM/Green/LM_012.cs",CardEffect,265
"CardEffect/LM/Green/LM_013.cs",CardEffect,324
"CardEffect/LM/Green/LM_024.cs",CardEffect,391
"CardEffect/LM/Green/LM_030.cs",CardEffect,335
"CardEffect/LM/Green/LM_036.cs",CardEffect,150
"CardEffect/LM/Green/LM_042.cs",CardEffect,403
"CardEffect/LM/Green/LM_048.cs",CardEffect,125
"CardEffect/LM/Green/LM_055.cs",CardEffect,204
"CardEffect/LM/Green/LM_060.cs",CardEffect,204
"CardEffect/LM/Purple/LM_016.cs",CardEffect,190
"CardEffect/LM/Purple/LM_017.cs",CardEffect,447
"CardEffect/LM/Purple/LM_018.cs",CardEffect,98
"CardEffect/LM/Purple/LM_026.cs",CardEffect,318
"CardEffect/LM/Purple/LM_032.cs",CardEffect,335
"CardEffect/LM/Purple/LM_038.cs",CardEffect,150
"CardEffect/LM/Purple/LM_044.cs",CardEffect,132
"CardEffect/LM/Purple/LM_050.cs",CardEffect,125
"CardEffect/LM/Purple/LM_056.cs",CardEffect,204
"CardEffect/LM/Purple/LM_062.cs",CardEffect,204
"CardEffect/LM/Red/LM_001.cs",CardEffect,375
"CardEffect/LM/Red/LM_021.cs",CardEffect,247
"CardEffect/LM/Red/LM_027.cs",CardEffect,335
"CardEffect/LM/Red/LM_033.cs",CardEffect,150
"CardEffect/LM/Red/LM_039.cs",CardEffect,294
"CardEffect/LM/Red/LM_045.cs",CardEffect,125
"CardEffect/LM/Red/LM_051.cs",CardEffect,126
"CardEffect/LM/Red/LM_057.cs",CardEffect,204
"CardEffect/LM/White/LM_019.cs",CardEffect,172
"CardEffect/LM/Yellow/LM_007.cs",CardEffect,61
"CardEffect/LM/Yellow/LM_020.cs",CardEffect,300
"CardEffect/LM/Yellow/LM_023.cs",CardEffect,334
"CardEffect/LM/Yellow/LM_029.cs",CardEffect,335
"CardEffect/LM/Yellow/LM_035.cs",CardEffect,150
"CardEffect/LM/Yellow/LM_047.cs",CardEffect,125
"CardEffect/LM/Yellow/LM_054.cs",CardEffect,204
"CardEffect/LM/Yellow/LM_059.cs",CardEffect,204
"CardEffect/P/Black/P_015.cs",CardEffect,110
"CardEffect/P/Black/P_016.cs",CardEffect,42
"CardEffect/P/Black/P_026.cs",CardEffect,55
"CardEffect/P/Black/P_033.cs",CardEffect,112
"CardEffect/P/Black/P_039.cs",CardEffect,101
"CardEffect/P/Black/P_045.cs",CardEffect,110
"CardEffect/P/Black/P_070.cs",CardEffect,170
"CardEffect/P/Black/P_076.cs",CardEffect,140
"CardEffect/P/Black/P_078.cs",CardEffect,64
"CardEffect/P/Black/P_094.cs",CardEffect,360
"CardEffect/P/Black/P_101.cs",CardEffect,285
"CardEffect/P/Black/P_107.cs",CardEffect,169
"CardEffect/P/Black/P_114.cs",CardEffect,195
"CardEffect/P/Black/P_121.cs",CardEffect,175
"CardEffect/P/Black/P_128.cs",CardEffect,244
"CardEffect/P/Black/P_141.cs",CardEffect,200
"CardEffect/P/Black/P_144.cs",CardEffect,169
"CardEffect/P/Black/P_154.cs",CardEffect,118
"CardEffect/P/Black/P_157.cs",CardEffect,49
"CardEffect/P/Black/P_159.cs",CardEffect,244
"CardEffect/P/Black/P_162.cs",CardEffect,248
"CardEffect/P/Black/P_167.cs",CardEffect,406
"CardEffect/P/Black/P_169.cs",CardEffect,199
"CardEffect/P/Black/P_174.cs",CardEffect,510
"CardEffect/P/Black/P_176.cs",CardEffect,91
"CardEffect/P/Black/P_179.cs",CardEffect,282
"CardEffect/P/Black/P_183.cs",CardEffect,271
"CardEffect/P/Black/P_184.cs",CardEffect,126
"CardEffect/P/Black/P_203.cs",CardEffect,400
"CardEffect/P/Black/P_204.cs",CardEffect,191
"CardEffect/P/Black/P_211.cs",CardEffect,108
"CardEffect/P/Black/P_216.cs",CardEffect,282
"CardEffect/P/Black/P_224.cs",CardEffect,397
"CardEffect/P/Black/P_231.cs",CardEffect,202
"CardEffect/P/Black/P_234.cs",CardEffect,207
"CardEffect/P/Blue/P_003.cs",CardEffect,76
"CardEffect/P/Blue/P_007.cs",CardEffect,57
"CardEffect/P/Blue/P_008.cs",CardEffect,76
"CardEffect/P/Blue/P_011.cs",CardEffect,153
"CardEffect/P/Blue/P_012.cs",CardEffect,124
"CardEffect/P/Blue/P_022.cs",CardEffect,374
"CardEffect/P/Blue/P_030.cs",CardEffect,145
"CardEffect/P/Blue/P_036.cs",CardEffect,102
"CardEffect/P/Blue/P_042.cs",CardEffect,69
"CardEffect/P/Blue/P_047.cs",CardEffect,150
"CardEffect/P/Blue/P_048.cs",CardEffect,185
"CardEffect/P/Blue/P_051.cs",CardEffect,80
"CardEffect/P/Blue/P_052.cs",CardEffect,186
"CardEffect/P/Blue/P_061.cs",CardEffect,60
"CardEffect/P/Blue/P_064.cs",CardEffect,83
"CardEffect/P/Blue/P_067.cs",CardEffect,96
"CardEffect/P/Blue/P_073.cs",CardEffect,384
"CardEffect/P/Blue/P_086.cs",CardEffect,106
"CardEffect/P/Blue/P_089.cs",CardEffect,308
"CardEffect/P/Blue/P_092.cs",CardEffect,153
"CardEffect/P/Blue/P_098.cs",CardEffect,308
"CardEffect/P/Blue/P_104.cs",CardEffect,164
"CardEffect/P/Blue/P_109.cs",CardEffect,167
"CardEffect/P/Blue/P_117.cs",CardEffect,210
"CardEffect/P/Blue/P_124.cs",CardEffect,245
"CardEffect/P/Blue/P_138.cs",CardEffect,234
"CardEffect/P/Blue/P_148.cs",CardEffect,54
"CardEffect/P/Blue/P_161.cs",CardEffect,301
"CardEffect/P/Blue/P_164.cs",CardEffect,252
"CardEffect/P/Blue/P_168.cs",CardEffect,180
"CardEffect/P/Blue/P_171.cs",CardEffect,533
"CardEffect/P/Blue/P_188.cs",CardEffect,78
"CardEffect/P/Blue/P_190.cs",CardEffect,117
"CardEffect/P/Blue/P_196.cs",CardEffect,116
"CardEffect/P/Blue/P_214.cs",CardEffect,399
"CardEffect/P/Blue/P_215.cs",CardEffect,317
"CardEffect/P/Blue/P_228.cs",CardEffect,201
"CardEffect/P/Blue/P_233.cs",CardEffect,139
"CardEffect/P/Green/P_021.cs",CardEffect,173
"CardEffect/P/Green/P_025.cs",CardEffect,82
"CardEffect/P/Green/P_032.cs",CardEffect,94
"CardEffect/P/Green/P_038.cs",CardEffect,102
"CardEffect/P/Green/P_044.cs",CardEffect,120
"CardEffect/P/Green/P_055.cs",CardEffect,128
"CardEffect/P/Green/P_056.cs",CardEffect,360
"CardEffect/P/Green/P_057.cs",CardEffect,60
"CardEffect/P/Green/P_060.cs",CardEffect,61
"CardEffect/P/Green/P_063.cs",CardEffect,83
"CardEffect/P/Green/P_069.cs",CardEffect,121
"CardEffect/P/Green/P_075.cs",CardEffect,165
"CardEffect/P/Green/P_082.cs",CardEffect,78
"CardEffect/P/Green/P_083.cs",CardEffect,93
"CardEffect/P/Green/P_090.cs",CardEffect,144
"CardEffect/P/Green/P_093.cs",CardEffect,211
"CardEffect/P/Green/P_100.cs",CardEffect,191
"CardEffect/P/Green/P_106.cs",CardEffect,163
"CardEffect/P/Green/P_112.cs",CardEffect,285
"CardEffect/P/Green/P_113.cs",CardEffect,156
"CardEffect/P/Green/P_118.cs",CardEffect,175
"CardEffect/P/Green/P_125.cs",CardEffect,244
"CardEffect/P/Green/P_131.cs",CardEffect,91
"CardEffect/P/Green/P_132.cs",CardEffect,134
"CardEffect/P/Green/P_133.cs",CardEffect,162
"CardEffect/P/Green/P_140.cs",CardEffect,142
"CardEffect/P/Green/P_143.cs",CardEffect,70
"CardEffect/P/Green/P_150.cs",CardEffect,199
"CardEffect/P/Green/P_163.cs",CardEffect,143
"CardEffect/P/Green/P_166.cs",CardEffect,191
"CardEffect/P/Green/P_173.cs",CardEffect,141
"CardEffect/P/Green/P_181.cs",CardEffect,205
"CardEffect/P/Green/P_185.cs",CardEffect,219
"CardEffect/P/Green/P_200.cs",CardEffect,215
"CardEffect/P/Green/P_201.cs",CardEffect,234
"CardEffect/P/Green/P_202.cs",CardEffect,169
"CardEffect/P/Green/P_208.cs",CardEffect,214
"CardEffect/P/Green/P_222.cs",CardEffect,406
"CardEffect/P/Green/P_230.cs",CardEffect,201
"CardEffect/P/Green/P_236.cs",CardEffect,96
"CardEffect/P/Green/P_237.cs",CardEffect,282
"CardEffect/P/Purple/P_017.cs",CardEffect,53
"CardEffect/P/Purple/P_020.cs",CardEffect,115
"CardEffect/P/Purple/P_027.cs",CardEffect,99
"CardEffect/P/Purple/P_034.cs",CardEffect,114
"CardEffect/P/Purple/P_040.cs",CardEffect,102
"CardEffect/P/Purple/P_046.cs",CardEffect,63
"CardEffect/P/Purple/P_071.cs",CardEffect,163
"CardEffect/P/Purple/P_077.cs",CardEffect,116
"CardEffect/P/Purple/P_080.cs",CardEffect,92
"CardEffect/P/Purple/P_085.cs",CardEffect,91
"CardEffect/P/Purple/P_096.cs",CardEffect,491
"CardEffect/P/Purple/P_102.cs",CardEffect,429
"CardEffect/P/Purple/P_108.cs",CardEffect,164
"CardEffect/P/Purple/P_115.cs",CardEffect,261
"CardEffect/P/Purple/P_142.cs",CardEffect,229
"CardEffect/P/Purple/P_145.cs",CardEffect,260
"CardEffect/P/Purple/P_149.cs",CardEffect,115
"CardEffect/P/Purple/P_177.cs",CardEffect,68
"CardEffect/P/Purple/P_187.cs",CardEffect,516
"CardEffect/P/Purple/P_192.cs",CardEffect,196
"CardEffect/P/Purple/P_193.cs",CardEffect,265
"CardEffect/P/Purple/P_198.cs",CardEffect,121
"CardEffect/P/Purple/P_205.cs",CardEffect,234
"CardEffect/P/Purple/P_209.cs",CardEffect,284
"CardEffect/P/Purple/P_212.cs",CardEffect,112
"CardEffect/P/Purple/P_219.cs",CardEffect,318
"CardEffect/P/Purple/P_223.cs",CardEffect,461
"CardEffect/P/Purple/P_232.cs",CardEffect,228
"CardEffect/P/Purple/P_238.cs",CardEffect,160
"CardEffect/P/Red/P_001.cs",CardEffect,86
"CardEffect/P/Red/P_002.cs",CardEffect,71
"CardEffect/P/Red/P_009.cs",CardEffect,37
"CardEffect/P/Red/P_010.cs",CardEffect,38
"CardEffect/P/Red/P_024.cs",CardEffect,148
"CardEffect/P/Red/P_029.cs",CardEffect,143
"CardEffect/P/Red/P_035.cs",CardEffect,102
"CardEffect/P/Red/P_041.cs",CardEffect,52
"CardEffect/P/Red/P_049.cs",CardEffect,103
"CardEffect/P/Red/P_050.cs",CardEffect,158
"CardEffect/P/Red/P_058.cs",CardEffect,80
"CardEffect/P/Red/P_059.cs",CardEffect,42
"CardEffect/P/Red/P_062.cs",CardEffect,91
"CardEffect/P/Red/P_065.cs",CardEffect,156
"CardEffect/P/Red/P_066.cs",CardEffect,149
"CardEffect/P/Red/P_072.cs",CardEffect,326
"CardEffect/P/Red/P_079.cs",CardEffect,89
"CardEffect/P/Red/P_088.cs",CardEffect,203
"CardEffect/P/Red/P_091.cs",CardEffect,112
"CardEffect/P/Red/P_097.cs",CardEffect,146
"CardEffect/P/Red/P_103.cs",CardEffect,160
"CardEffect/P/Red/P_110.cs",CardEffect,216
"CardEffect/P/Red/P_119.cs",CardEffect,187
"CardEffect/P/Red/P_126.cs",CardEffect,244
"CardEffect/P/Red/P_137.cs",CardEffect,103
"CardEffect/P/Red/P_152.cs",CardEffect,323
"CardEffect/P/Red/P_155.cs",CardEffect,200
"CardEffect/P/Red/P_160.cs",CardEffect,111
"CardEffect/P/Red/P_170.cs",CardEffect,472
"CardEffect/P/Red/P_178.cs",CardEffect,138
"CardEffect/P/Red/P_180.cs",CardEffect,202
"CardEffect/P/Red/P_182.cs",CardEffect,188
"CardEffect/P/Red/P_186.cs",CardEffect,230
"CardEffect/P/Red/P_189.cs",CardEffect,216
"CardEffect/P/Red/P_199.cs",CardEffect,359
"CardEffect/P/Red/P_210.cs",CardEffect,97
"CardEffect/P/Red/P_213.cs",CardEffect,129
"CardEffect/P/Red/P_217.cs",CardEffect,140
"CardEffect/P/Red/P_220.cs",CardEffect,450
"CardEffect/P/Red/P_227.cs",CardEffect,203
"CardEffect/P/White/P_116.cs",CardEffect,132
"CardEffect/P/White/P_123.cs",CardEffect,89
"CardEffect/P/White/P_130.cs",CardEffect,115
"CardEffect/P/White/P_151.cs",CardEffect,150
"CardEffect/P/White/P_156.cs",CardEffect,301
"CardEffect/P/White/P_158.cs",CardEffect,179
"CardEffect/P/White/P_175.cs",CardEffect,140
"CardEffect/P/White/P_206.cs",CardEffect,390
"CardEffect/P/White/P_225.cs",CardEffect,193
"CardEffect/P/Yellow/P_005.cs",CardEffect,61
"CardEffect/P/Yellow/P_006.cs",CardEffect,38
"CardEffect/P/Yellow/P_023.cs",CardEffect,133
"CardEffect/P/Yellow/P_028.cs",CardEffect,72
"CardEffect/P/Yellow/P_031.cs",CardEffect,80
"CardEffect/P/Yellow/P_037.cs",CardEffect,101
"CardEffect/P/Yellow/P_043.cs",CardEffect,172
"CardEffect/P/Yellow/P_053.cs",CardEffect,163
"CardEffect/P/Yellow/P_054.cs",CardEffect,100
"CardEffect/P/Yellow/P_068.cs",CardEffect,129
"CardEffect/P/Yellow/P_074.cs",CardEffect,342
"CardEffect/P/Yellow/P_081.cs",CardEffect,93
"CardEffect/P/Yellow/P_084.cs",CardEffect,96
"CardEffect/P/Yellow/P_087.cs",CardEffect,92
"CardEffect/P/Yellow/P_095.cs",CardEffect,203
"CardEffect/P/Yellow/P_099.cs",CardEffect,249
"CardEffect/P/Yellow/P_105.cs",CardEffect,163
"CardEffect/P/Yellow/P_111.cs",CardEffect,320
"CardEffect/P/Yellow/P_120.cs",CardEffect,50
"CardEffect/P/Yellow/P_122.cs",CardEffect,139
"CardEffect/P/Yellow/P_127.cs",CardEffect,244
"CardEffect/P/Yellow/P_129.cs",CardEffect,243
"CardEffect/P/Yellow/P_134.cs",CardEffect,140
"CardEffect/P/Yellow/P_135.cs",CardEffect,177
"CardEffect/P/Yellow/P_136.cs",CardEffect,164
"CardEffect/P/Yellow/P_139.cs",CardEffect,243
"CardEffect/P/Yellow/P_146.cs",CardEffect,278
"CardEffect/P/Yellow/P_147.cs",CardEffect,260
"CardEffect/P/Yellow/P_153.cs",CardEffect,229
"CardEffect/P/Yellow/P_165.cs",CardEffect,101
"CardEffect/P/Yellow/P_165_token.cs",CardEffect,122
"CardEffect/P/Yellow/P_172.cs",CardEffect,564
"CardEffect/P/Yellow/P_191.cs",CardEffect,522
"CardEffect/P/Yellow/P_194.cs",CardEffect,52
"CardEffect/P/Yellow/P_195.cs",CardEffect,250
"CardEffect/P/Yellow/P_197.cs",CardEffect,157
"CardEffect/P/Yellow/P_207.cs",CardEffect,227
"CardEffect/P/Yellow/P_218.cs",CardEffect,139
"CardEffect/P/Yellow/P_221.cs",CardEffect,234
"CardEffect/P/Yellow/P_229.cs",CardEffect,201
"CardEffect/P/Yellow/P_235.cs",CardEffect,96
"CardEffect/RB1/Black/RB1_026.cs",CardEffect,35
"CardEffect/RB1/Black/RB1_027.cs",CardEffect,230
"CardEffect/RB1/Blue/RB1_002.cs",CardEffect,139
"CardEffect/RB1/Blue/RB1_011.cs",CardEffect,145
"CardEffect/RB1/Blue/RB1_012.cs",CardEffect,32
"CardEffect/RB1/Blue/RB1_013.cs",CardEffect,162
"CardEffect/RB1/Blue/RB1_014.cs",CardEffect,295
"CardEffect/RB1/Blue/RB1_015.cs",CardEffect,268
"CardEffect/RB1/Blue/RB1_016.cs",CardEffect,486
"CardEffect/RB1/Blue/RB1_033.cs",CardEffect,190
"CardEffect/RB1/Green/RB1_003.cs",CardEffect,104
"CardEffect/RB1/Green/RB1_020.cs",CardEffect,101
"CardEffect/RB1/Green/RB1_021.cs",CardEffect,28
"CardEffect/RB1/Green/RB1_022.cs",CardEffect,118
"CardEffect/RB1/Green/RB1_023.cs",CardEffect,238
"CardEffect/RB1/Green/RB1_024.cs",CardEffect,136
"CardEffect/RB1/Green/RB1_025.cs",CardEffect,276
"CardEffect/RB1/Green/RB1_034.cs",CardEffect,247
"CardEffect/RB1/Purple/RB1_028.cs",CardEffect,104
"CardEffect/RB1/Purple/RB1_029.cs",CardEffect,199
"CardEffect/RB1/Purple/RB1_030.cs",CardEffect,344
"CardEffect/RB1/Purple/RB1_031.cs",CardEffect,373
"CardEffect/RB1/Red/RB1_005.cs",CardEffect,101
"CardEffect/RB1/Red/RB1_008.cs",CardEffect,114
"CardEffect/RB1/Red/RB1_009.cs",CardEffect,159
"CardEffect/RB1/Red/RB1_010.cs",CardEffect,207
"CardEffect/RB1/Red/RB1_032.cs",CardEffect,252
"CardEffect/RB1/Red/RB1_036.cs",CardEffect,360
"CardEffect/RB1/White/RB1_035.cs",CardEffect,135
"CardEffect/RB1/Yellow/RB1_017.cs",CardEffect,105
"CardEffect/RB1/Yellow/RB1_018.cs",CardEffect,308
"CardEffect/RB1/Yellow/RB1_019.cs",CardEffect,345
"CardEffect/ST1/Red/ST1_01.cs",CardEffect,35
"CardEffect/ST1/Red/ST1_03.cs",CardEffect,36
"CardEffect/ST1/Red/ST1_06.cs",CardEffect,54
"CardEffect/ST1/Red/ST1_07.cs",CardEffect,22
"CardEffect/ST1/Red/ST1_08.cs",CardEffect,91
"CardEffect/ST1/Red/ST1_09.cs",CardEffect,67
"CardEffect/ST1/Red/ST1_11.cs",CardEffect,46
"CardEffect/ST1/Red/ST1_12.cs",CardEffect,57
"CardEffect/ST1/Red/ST1_13.cs",CardEffect,107
"CardEffect/ST1/Red/ST1_14.cs",CardEffect,71
"CardEffect/ST1/Red/ST1_15.cs",CardEffect,89
"CardEffect/ST1/Red/ST1_16.cs",CardEffect,70
"CardEffect/ST10/Purple/ST10_01.cs",CardEffect,86
"CardEffect/ST10/Purple/ST10_07.cs",CardEffect,38
"CardEffect/ST10/Purple/ST10_08.cs",CardEffect,92
"CardEffect/ST10/Purple/ST10_09.cs",CardEffect,114
"CardEffect/ST10/Purple/ST10_11.cs",CardEffect,89
"CardEffect/ST10/Purple/ST10_12.cs",CardEffect,236
"CardEffect/ST10/Purple/ST10_13.cs",CardEffect,103
"CardEffect/ST10/Purple/ST10_15.cs",CardEffect,99
"CardEffect/ST10/Yellow/ST10_04.cs",CardEffect,230
"CardEffect/ST10/Yellow/ST10_05.cs",CardEffect,112
"CardEffect/ST10/Yellow/ST10_06.cs",CardEffect,404
"CardEffect/ST10/Yellow/ST10_14.cs",CardEffect,235
"CardEffect/ST12/Black/ST12_11.cs",CardEffect,217
"CardEffect/ST12/Black/ST12_16.cs",CardEffect,111
"CardEffect/ST12/Red/ST12_01.cs",CardEffect,35
"CardEffect/ST12/Red/ST12_04.cs",CardEffect,83
"CardEffect/ST12/Red/ST12_06.cs",CardEffect,39
"CardEffect/ST12/Red/ST12_08.cs",CardEffect,251
"CardEffect/ST12/Red/ST12_09.cs",CardEffect,26
"CardEffect/ST12/Red/ST12_10.cs",CardEffect,163
"CardEffect/ST12/Red/ST12_14.cs",CardEffect,131
"CardEffect/ST12/Red/ST12_15.cs",CardEffect,262
"CardEffect/ST12/White/ST12_12.cs",CardEffect,138
"CardEffect/ST12/White/ST12_13.cs",CardEffect,116
"CardEffect/ST13/Black/ST13_01.cs",CardEffect,81
"CardEffect/ST13/Black/ST13_09.cs",CardEffect,200
"CardEffect/ST13/Black/ST13_11.cs",CardEffect,172
"CardEffect/ST13/Black/ST13_13.cs",CardEffect,138
"CardEffect/ST13/Black/ST13_14.cs",CardEffect,224
"CardEffect/ST13/Black/ST13_16.cs",CardEffect,209
"CardEffect/ST13/Red/ST13_02.cs",CardEffect,252
"CardEffect/ST13/Red/ST13_03.cs",CardEffect,224
"CardEffect/ST13/Red/ST13_04.cs",CardEffect,146
"CardEffect/ST13/Red/ST13_05.cs",CardEffect,193
"CardEffect/ST13/Red/ST13_06.cs",CardEffect,325
"CardEffect/ST13/Red/ST13_15.cs",CardEffect,108
"CardEffect/ST14/Purple/ST14_01.cs",CardEffect,56
"CardEffect/ST14/Purple/ST14_02.cs",CardEffect,152
"CardEffect/ST14/Purple/ST14_03.cs",CardEffect,88
"CardEffect/ST14/Purple/ST14_05.cs",CardEffect,54
"CardEffect/ST14/Purple/ST14_06.cs",CardEffect,77
"CardEffect/ST14/Purple/ST14_07.cs",CardEffect,213
"CardEffect/ST14/Purple/ST14_08.cs",CardEffect,136
"CardEffect/ST14/Purple/ST14_09.cs",CardEffect,256
"CardEffect/ST14/Purple/ST14_10.cs",CardEffect,150
"CardEffect/ST14/Purple/ST14_11.cs",CardEffect,184
"CardEffect/ST14/Purple/ST14_12.cs",CardEffect,237
"CardEffect/ST15/Black/ST15_01.cs",CardEffect,59
"CardEffect/ST15/Black/ST15_02.cs",CardEffect,117
"CardEffect/ST15/Black/ST15_04.cs",CardEffect,65
"CardEffect/ST15/Black/ST15_05.cs",CardEffect,62
"CardEffect/ST15/Black/ST15_08.cs",CardEffect,265
"CardEffect/ST15/Black/ST15_09.cs",CardEffect,89
"CardEffect/ST15/Black/ST15_10.cs",CardEffect,88
"CardEffect/ST15/Black/ST15_11.cs",CardEffect,37
"CardEffect/ST15/Black/ST15_12.cs",CardEffect,83
"CardEffect/ST15/Black/ST15_13.cs",CardEffect,93
"CardEffect/ST15/Black/ST15_14.cs",CardEffect,104
"CardEffect/ST15/Black/ST15_15.cs",CardEffect,190
"CardEffect/ST15/Black/ST15_16.cs",CardEffect,245
"CardEffect/ST16/Purple/ST16_01.cs",CardEffect,57
"CardEffect/ST16/Purple/ST16_02.cs",CardEffect,82
"CardEffect/ST16/Purple/ST16_03.cs",CardEffect,128
"CardEffect/ST16/Purple/ST16_05.cs",CardEffect,65
"CardEffect/ST16/Purple/ST16_07.cs",CardEffect,49
"CardEffect/ST16/Purple/ST16_08.cs",CardEffect,334
"CardEffect/ST16/Purple/ST16_09.cs",CardEffect,118
"CardEffect/ST16/Purple/ST16_10.cs",CardEffect,25
"CardEffect/ST16/Purple/ST16_11.cs",CardEffect,228
"CardEffect/ST16/Purple/ST16_12.cs",CardEffect,225
"CardEffect/ST16/Purple/ST16_13.cs",CardEffect,202
"CardEffect/ST16/Purple/ST16_14.cs",CardEffect,88
"CardEffect/ST16/Purple/ST16_15.cs",CardEffect,217
"CardEffect/ST16/Purple/ST16_16.cs",CardEffect,83
"CardEffect/ST17/Blue/ST17_13.cs",CardEffect,320
"CardEffect/ST17/Green/ST17_01.cs",CardEffect,59
"CardEffect/ST17/Green/ST17_02.cs",CardEffect,221
"CardEffect/ST17/Green/ST17_03.cs",CardEffect,134
"CardEffect/ST17/Green/ST17_04.cs",CardEffect,360
"CardEffect/ST17/Green/ST17_05.cs",CardEffect,130
"CardEffect/ST17/Green/ST17_06.cs",CardEffect,144
"CardEffect/ST17/Green/ST17_07.cs",CardEffect,317
"CardEffect/ST17/Green/ST17_08.cs",CardEffect,359
"CardEffect/ST17/Green/ST17_09.cs",CardEffect,265
"CardEffect/ST17/Green/ST17_10.cs",CardEffect,328
"CardEffect/ST17/Green/ST17_11.cs",CardEffect,268
"CardEffect/ST17/Green/ST17_12.cs",CardEffect,154
"CardEffect/ST18/Green/ST18_01.cs",CardEffect,73
"CardEffect/ST18/Green/ST18_02.cs",CardEffect,22
"CardEffect/ST18/Green/ST18_03.cs",CardEffect,69
"CardEffect/ST18/Green/ST18_04.cs",CardEffect,100
"CardEffect/ST18/Green/ST18_05.cs",CardEffect,104
"CardEffect/ST18/Green/ST18_06.cs",CardEffect,122
"CardEffect/ST18/Green/ST18_07.cs",CardEffect,37
"CardEffect/ST18/Green/ST18_08.cs",CardEffect,185
"CardEffect/ST18/Green/ST18_09.cs",CardEffect,103
"CardEffect/ST18/Green/ST18_10.cs",CardEffect,298
"CardEffect/ST18/Green/ST18_11.cs",CardEffect,107
"CardEffect/ST18/Green/ST18_12.cs",CardEffect,164
"CardEffect/ST18/Green/ST18_13.cs",CardEffect,139
"CardEffect/ST18/Green/ST18_14.cs",CardEffect,143
"CardEffect/ST18/Green/ST18_15.cs",CardEffect,189
"CardEffect/ST19/Black/ST19_05.cs",CardEffect,90
"CardEffect/ST19/Yellow/ST19_01.cs",CardEffect,50
"CardEffect/ST19/Yellow/ST19_02.cs",CardEffect,48
"CardEffect/ST19/Yellow/ST19_03.cs",CardEffect,106
"CardEffect/ST19/Yellow/ST19_04.cs",CardEffect,87
"CardEffect/ST19/Yellow/ST19_06.cs",CardEffect,147
"CardEffect/ST19/Yellow/ST19_07.cs",CardEffect,31
"CardEffect/ST19/Yellow/ST19_08.cs",CardEffect,192
"CardEffect/ST19/Yellow/ST19_09.cs",CardEffect,102
"CardEffect/ST19/Yellow/ST19_10.cs",CardEffect,111
"CardEffect/ST19/Yellow/ST19_11.cs",CardEffect,235
"CardEffect/ST19/Yellow/ST19_12.cs",CardEffect,71
"CardEffect/ST19/Yellow/ST19_13.cs",CardEffect,215
"CardEffect/ST19/Yellow/ST19_14.cs",CardEffect,123
"CardEffect/ST19/Yellow/ST19_15.cs",CardEffect,95
"CardEffect/ST2/Blue/ST2_01.cs",CardEffect,52
"CardEffect/ST2/Blue/ST2_03.cs",CardEffect,99
"CardEffect/ST2/Blue/ST2_06.cs",CardEffect,93
"CardEffect/ST2/Blue/ST2_08.cs",CardEffect,38
"CardEffect/ST2/Blue/ST2_09.cs",CardEffect,96
"CardEffect/ST2/Blue/ST2_11.cs",CardEffect,56
"CardEffect/ST2/Blue/ST2_12.cs",CardEffect,75
"CardEffect/ST2/Blue/ST2_13.cs",CardEffect,62
"CardEffect/ST2/Blue/ST2_14.cs",CardEffect,170
"CardEffect/ST2/Blue/ST2_15.cs",CardEffect,152
"CardEffect/ST2/Blue/ST2_16.cs",CardEffect,71
"CardEffect/ST20/Black/ST20_01.cs",CardEffect,31
"CardEffect/ST20/Black/ST20_10.cs",CardEffect,87
"CardEffect/ST20/Black/ST20_11.cs",CardEffect,398
"CardEffect/ST20/Black/ST20_13.cs",CardEffect,162
"CardEffect/ST20/Black/ST20_14.cs",CardEffect,184
"CardEffect/ST20/Green/ST20_07.cs",CardEffect,84
"CardEffect/ST20/Green/ST20_08.cs",CardEffect,107
"CardEffect/ST20/Green/ST20_09.cs",CardEffect,398
"CardEffect/ST20/Red/ST20_02.cs",CardEffect,108
"CardEffect/ST20/Red/ST20_03.cs",CardEffect,152
"CardEffect/ST20/Red/ST20_04.cs",CardEffect,393
"CardEffect/ST20/Red/ST20_12.cs",CardEffect,185
"CardEffect/ST20/White/ST20_15.cs",CardEffect,145
"CardEffect/ST20/Yellow/ST20_05.cs",CardEffect,232
"CardEffect/ST20/Yellow/ST20_06.cs",CardEffect,454
"CardEffect/ST21/Blue/ST21_02.cs",CardEffect,71
"CardEffect/ST21/Blue/ST21_03.cs",CardEffect,201
"CardEffect/ST21/Blue/ST21_04.cs",CardEffect,392
"CardEffect/ST21/Blue/ST21_12.cs",CardEffect,183
"CardEffect/ST21/Green/ST21_07.cs",CardEffect,96
"CardEffect/ST21/Green/ST21_08.cs",CardEffect,140
"CardEffect/ST21/Green/ST21_09.cs",CardEffect,373
"CardEffect/ST21/Purple/ST21_01.cs",CardEffect,89
"CardEffect/ST21/Purple/ST21_10.cs",CardEffect,140
"CardEffect/ST21/Purple/ST21_11.cs",CardEffect,218
"CardEffect/ST21/Purple/ST21_13.cs",CardEffect,161
"CardEffect/ST21/Purple/ST21_14.cs",CardEffect,139
"CardEffect/ST21/White/ST21_15.cs",CardEffect,149
"CardEffect/ST21/Yellow/ST21_05.cs",CardEffect,177
"CardEffect/ST21/Yellow/ST21_06.cs",CardEffect,376
"CardEffect/ST22/Black/ST22_11.cs",CardEffect,264
"CardEffect/ST22/Blue/ST22_09.cs",CardEffect,259
"CardEffect/ST22/Green/ST22_13.cs",CardEffect,193
"CardEffect/ST22/Purple/ST22_14.cs",CardEffect,407
"CardEffect/ST22/Red/ST22_08.cs",CardEffect,300
"CardEffect/ST22/Red/ST22_12.cs",CardEffect,292
"CardEffect/ST22/Yellow/ST22_01.cs",CardEffect,70
"CardEffect/ST22/Yellow/ST22_02.cs",CardEffect,140
"CardEffect/ST22/Yellow/ST22_03.cs",CardEffect,106
"CardEffect/ST22/Yellow/ST22_04.cs",CardEffect,396
"CardEffect/ST22/Yellow/ST22_05.cs",CardEffect,309
"CardEffect/ST22/Yellow/ST22_06.cs",CardEffect,356
"CardEffect/ST22/Yellow/ST22_07.cs",CardEffect,256
"CardEffect/ST22/Yellow/ST22_10.cs",CardEffect,246
"CardEffect/ST23/Black/ST23_10.cs",CardEffect,147
"CardEffect/ST23/Black/ST23_11.cs",CardEffect,187
"CardEffect/ST23/Black/ST23_14.cs",CardEffect,141
"CardEffect/ST23/Green/ST23_01.cs",CardEffect,120
"CardEffect/ST23/Green/ST23_06.cs",CardEffect,193
"CardEffect/ST23/Green/ST23_07.cs",CardEffect,96
"CardEffect/ST23/Green/ST23_08.cs",CardEffect,315
"CardEffect/ST23/Green/ST23_09.cs",CardEffect,215
"CardEffect/ST23/Green/ST23_13.cs",CardEffect,144
"CardEffect/ST23/Purple/ST23_12.cs",CardEffect,145
"CardEffect/ST23/White/ST23_15.cs",CardEffect,234
"CardEffect/ST23/Yellow/ST23_02.cs",CardEffect,71
"CardEffect/ST23/Yellow/ST23_03.cs",CardEffect,201
"CardEffect/ST23/Yellow/ST23_04.cs",CardEffect,321
"CardEffect/ST23/Yellow/ST23_05.cs",CardEffect,193
"CardEffect/ST24/Blue/ST24_02.cs",CardEffect,174
"CardEffect/ST24/Blue/ST24_03.cs",CardEffect,141
"CardEffect/ST24/Green/ST24_08.cs",CardEffect,76
"CardEffect/ST24/Green/ST24_09.cs",CardEffect,123
"CardEffect/ST24/Green/ST24_10.cs",CardEffect,267
"CardEffect/ST24/Green/ST24_11.cs",CardEffect,216
"CardEffect/ST24/Green/ST24_14.cs",CardEffect,151
"CardEffect/ST24/Purple/ST24_12.cs",CardEffect,194
"CardEffect/ST24/White/ST24_15.cs",CardEffect,233
"CardEffect/ST24/Yellow/ST24_01.cs",CardEffect,121
"CardEffect/ST24/Yellow/ST24_04.cs",CardEffect,212
"CardEffect/ST24/Yellow/ST24_05.cs",CardEffect,106
"CardEffect/ST24/Yellow/ST24_06.cs",CardEffect,296
"CardEffect/ST24/Yellow/ST24_07.cs",CardEffect,367
"CardEffect/ST24/Yellow/ST24_13.cs",CardEffect,162
"CardEffect/ST3/Yellow/ST3_01.cs",CardEffect,76
"CardEffect/ST3/Yellow/ST3_04.cs",CardEffect,70
"CardEffect/ST3/Yellow/ST3_05.cs",CardEffect,57
"CardEffect/ST3/Yellow/ST3_08.cs",CardEffect,92
"CardEffect/ST3/Yellow/ST3_09.cs",CardEffect,62
"CardEffect/ST3/Yellow/ST3_11.cs",CardEffect,86
"CardEffect/ST3/Yellow/ST3_12.cs",CardEffect,50
"CardEffect/ST3/Yellow/ST3_13.cs",CardEffect,113
"CardEffect/ST3/Yellow/ST3_14.cs",CardEffect,94
"CardEffect/ST3/Yellow/ST3_15.cs",CardEffect,111
"CardEffect/ST3/Yellow/ST3_16.cs",CardEffect,76
"CardEffect/ST4/Green/ST4_01.cs",CardEffect,41
"CardEffect/ST4/Green/ST4_03.cs",CardEffect,76
"CardEffect/ST4/Green/ST4_04.cs",CardEffect,63
"CardEffect/ST4/Green/ST4_10.cs",CardEffect,83
"CardEffect/ST4/Green/ST4_11.cs",CardEffect,70
"CardEffect/ST4/Green/ST4_12.cs",CardEffect,102
"CardEffect/ST4/Green/ST4_13.cs",CardEffect,80
"CardEffect/ST4/Green/ST4_14.cs",CardEffect,77
"CardEffect/ST4/Green/ST4_15.cs",CardEffect,80
"CardEffect/ST4/Green/ST4_16.cs",CardEffect,79
"CardEffect/ST5/Black/ST5_01.cs",CardEffect,39
"CardEffect/ST5/Black/ST5_04.cs",CardEffect,63
"CardEffect/ST5/Black/ST5_09.cs",CardEffect,82
"CardEffect/ST5/Black/ST5_11.cs",CardEffect,22
"CardEffect/ST5/Black/ST5_12.cs",CardEffect,100
"CardEffect/ST5/Black/ST5_13.cs",CardEffect,96
"CardEffect/ST5/Black/ST5_14.cs",CardEffect,101
"CardEffect/ST5/Black/ST5_15.cs",CardEffect,86
"CardEffect/ST5/Black/ST5_16.cs",CardEffect,81
"CardEffect/ST6/Purple/ST6_01.cs",CardEffect,53
"CardEffect/ST6/Purple/ST6_03.cs",CardEffect,82
"CardEffect/ST6/Purple/ST6_04.cs",CardEffect,112
"CardEffect/ST6/Purple/ST6_10.cs",CardEffect,102
"CardEffect/ST6/Purple/ST6_11.cs",CardEffect,38
"CardEffect/ST6/Purple/ST6_12.cs",CardEffect,95
"CardEffect/ST6/Purple/ST6_13.cs",CardEffect,134
"CardEffect/ST6/Purple/ST6_14.cs",CardEffect,78
"CardEffect/ST6/Purple/ST6_15.cs",CardEffect,183
"CardEffect/ST6/Purple/ST6_16.cs",CardEffect,277
"CardEffect/ST7/Red/ST7_01.cs",CardEffect,63
"CardEffect/ST7/Red/ST7_02.cs",CardEffect,63
"CardEffect/ST7/Red/ST7_03.cs",CardEffect,109
"CardEffect/ST7/Red/ST7_04.cs",CardEffect,41
"CardEffect/ST7/Red/ST7_05.cs",CardEffect,68
"CardEffect/ST7/Red/ST7_06.cs",CardEffect,91
"CardEffect/ST7/Red/ST7_07.cs",CardEffect,87
"CardEffect/ST7/Red/ST7_08.cs",CardEffect,134
"CardEffect/ST7/Red/ST7_09.cs",CardEffect,114
"CardEffect/ST7/Red/ST7_10.cs",CardEffect,26
"CardEffect/ST7/Red/ST7_11.cs",CardEffect,126
"CardEffect/ST7/Red/ST7_12.cs",CardEffect,213
"CardEffect/ST8/Blue/ST8_01.cs",CardEffect,37
"CardEffect/ST8/Blue/ST8_02.cs",CardEffect,35
"CardEffect/ST8/Blue/ST8_03.cs",CardEffect,81
"CardEffect/ST8/Blue/ST8_04.cs",CardEffect,102
"CardEffect/ST8/Blue/ST8_05.cs",CardEffect,92
"CardEffect/ST8/Blue/ST8_06.cs",CardEffect,57
"CardEffect/ST8/Blue/ST8_08.cs",CardEffect,43
"CardEffect/ST8/Blue/ST8_09.cs",CardEffect,68
"CardEffect/ST8/Blue/ST8_10.cs",CardEffect,126
"CardEffect/ST8/Blue/ST8_11.cs",CardEffect,96
"CardEffect/ST8/Blue/ST8_12.cs",CardEffect,77
"CardEffect/ST9/Blue/ST9_02.cs",CardEffect,72
"CardEffect/ST9/Blue/ST9_04.cs",CardEffect,134
"CardEffect/ST9/Blue/ST9_05.cs",CardEffect,220
"CardEffect/ST9/Blue/ST9_06.cs",CardEffect,191
"CardEffect/ST9/Blue/ST9_14.cs",CardEffect,104
"CardEffect/ST9/Green/ST9_01.cs",CardEffect,38
"CardEffect/ST9/Green/ST9_07.cs",CardEffect,38
"CardEffect/ST9/Green/ST9_09.cs",CardEffect,135
"CardEffect/ST9/Green/ST9_10.cs",CardEffect,79
"CardEffect/ST9/Green/ST9_11.cs",CardEffect,207
"CardEffect/ST9/Green/ST9_13.cs",CardEffect,58
"CardEffect/ST9/Green/ST9_15.cs",CardEffect,128
"Script/AttackProcess.cs",Script,628
"Script/AutoProcessing.cs",Script,1106
"Script/AutomaticOrder/StartTurnTamerMemory.cs",Script,39
"Script/BGMObject.cs",Script,78
"Script/BattleMode.cs",Script,46
"Script/BendText.cs",Script,179
"Script/BrainStormObject.cs",Script,130
"Script/BreakGlass.cs",Script,63
"Script/BurstEffectObject.cs",Script,66
"Script/CEntity_Base.cs",Script,402
"Script/CEntity_Effect.cs",Script,29
"Script/CEntity_EffectController.cs",Script,286
"Script/CPlayerElement.cs",Script,44
"Script/CRoomElement.cs",Script,38
"Script/CardController.cs",Script,5988
"Script/CardDetail.cs",Script,55
"Script/CardDistribution.cs",Script,63
"Script/CardDistributionTab.cs",Script,36
"Script/CardEffectCommons.cs",Script,1448
"Script/CardEffectCommons/CanUseEffects/CanSuspend.cs",Script,40
"Script/CardEffectCommons/CanUseEffects/CanUnsuspend.cs",Script,14
"Script/CardEffectCommons/CanUseEffects/IgnoreBattle.cs",Script,14
"Script/CardEffectCommons/CanUseEffects/OnAddDigivolutionCards.cs",Script,46
"Script/CardEffectCommons/CanUseEffects/OnAttack.cs",Script,46
"Script/CardEffectCommons/CanUseEffects/OnAttackTargetSwitch.cs",Script,21
"Script/CardEffectCommons/CanUseEffects/OnCardsAddedToHand.cs",Script,32
"Script/CardEffectCommons/CanUseEffects/OnCardsReturnToHandFromTrash.cs",Script,37
"Script/CardEffectCommons/CanUseEffects/OnCardsReturnToLibraryFromTrash.cs",Script,37
"Script/CardEffectCommons/CanUseEffects/OnDeletion.cs",Script,404
"Script/CardEffectCommons/CanUseEffects/OnEndAttack.cs",Script,14
"Script/CardEffectCommons/CanUseEffects/OnFaceUpSecurityIncrease.cs",Script,30
"Script/CardEffectCommons/CanUseEffects/OnMove.cs",Script,34
"Script/CardEffectCommons/CanUseEffects/OnReturnLibraryBottomDigivolutionCards.cs",Script,38
"Script/CardEffectCommons/CanUseEffects/OnSuspend.cs",Script,40
"Script/CardEffectCommons/CanUseEffects/OnTrashBySelfDigiBurst.cs",Script,40
"Script/CardEffectCommons/CanUseEffects/OnTrashDigivolutionCard.cs",Script,68
"Script/CardEffectCommons/CanUseEffects/OnTrashHand.cs",Script,39
"Script/CardEffectCommons/CanUseEffects/OnTrashLinkCard.cs",Script,68
"Script/CardEffectCommons/CanUseEffects/OnTrashLinkedCard.cs",Script,68
"Script/CardEffectCommons/CanUseEffects/OnUnsuspend.cs",Script,21
"Script/CardEffectCommons/CanUseEffects/OptionEffect.cs",Script,39
"Script/CardEffectCommons/CanUseEffects/PermanentEnterField/OnPlay.cs",Script,25
"Script/CardEffectCommons/CanUseEffects/PermanentEnterField/PermanentEnterField.cs",Script,57
"Script/CardEffectCommons/CanUseEffects/PermanentEnterField/WhenDigivolving.cs",Script,26
"Script/CardEffectCommons/CanUseEffects/SecurityEffect.cs",Script,14
"Script/CardEffectCommons/CanUseEffects/WhenAddHand.cs",Script,29
"Script/CardEffectCommons/CanUseEffects/WhenDeleteOpponentDigimon.cs",Script,127
"Script/CardEffectCommons/CanUseEffects/WhenDeleteOpponentDigimonByBattle.cs",Script,106
"Script/CardEffectCommons/CanUseEffects/WhenDiscardLibrary.cs",Script,34
"Script/CardEffectCommons/CanUseEffects/WhenDiscardSecurity.cs",Script,21
"Script/CardEffectCommons/CanUseEffects/WhenLinked.cs",Script,78
"Script/CardEffectCommons/CanUseEffects/WhenLoseSecurity.cs",Script,24
"Script/CardEffectCommons/CanUseEffects/WhenPermanentWouldDigivolve.cs",Script,53
"Script/CardEffectCommons/CanUseEffects/WhenPermanentWouldPlay.cs",Script,30
"Script/CardEffectCommons/CanUseEffects/WhenRemoveField.cs",Script,51
"Script/CardEffectCommons/CanUseEffects/WhenUseDigiBurst.cs",Script,36
"Script/CardEffectCommons/CanUseEffects/WhenUseOption.cs",Script,46
"Script/CardEffectCommons/CanUseEffects/WhenWinBattle.cs",Script,94
"Script/CardEffectCommons/CanUseEffects/WhenWouldLink.cs",Script,40
"Script/CardEffectCommons/CanUseEffects/WhendAddSecurity.cs",Script,14
"Script/CardEffectCommons/CustomMessage.cs",Script,91
"Script/CardEffectCommons/DNADigivolveEffects.cs",Script,673
"Script/CardEffectCommons/DigiXrosEffects.cs",Script,31
"Script/CardEffectCommons/GameContextDeterminarion.cs",Script,881
"Script/CardEffectCommons/GetFromHashtable.cs",Script,859
"Script/CardEffectCommons/GiveEffect/GiveEffectToPermanent/CanNoReturnToDeck.cs",Script,54
"Script/CardEffectCommons/GiveEffect/GiveEffectToPermanent/CanNotAttack.cs",Script,69
"Script/CardEffectCommons/GiveEffect/GiveEffectToPermanent/CanNotBeAttacked.cs",Script,69
"Script/CardEffectCommons/GiveEffect/GiveEffectToPermanent/CanNotBeBlocked.cs",Script,69
"Script/CardEffectCommons/GiveEffect/GiveEffectToPermanent/CanNotBeDeletedByBattle.cs",Script,55
"Script/CardEffectCommons/GiveEffect/GiveEffectToPermanent/CanNotBeDeletedByEffect.cs",Script,54
"Script/CardEffectCommons/GiveEffect/GiveEffectToPermanent/CanNotBlock.cs",Script,53
"Script/CardEffectCommons/GiveEffect/GiveEffectToPermanent/CanNotReturnToHand.cs",Script,54
"Script/CardEffectCommons/GiveEffect/GiveEffectToPermanent/CanNotSuspend.cs",Script,71
"Script/CardEffectCommons/GiveEffect/GiveEffectToPermanent/CanNotUnsuspend.cs",Script,106
"Script/CardEffectCommons/GiveEffect/GiveEffectToPermanent/ChangeDP.cs",Script,56
"Script/CardEffectCommons/GiveEffect/GiveEffectToPermanent/ChangeLinkMax.cs",Script,120
"Script/CardEffectCommons/GiveEffect/GiveEffectToPermanent/ChangeOriginDP.cs",Script,55
"Script/CardEffectCommons/GiveEffect/GiveEffectToPermanent/ChangeSAttack.cs",Script,230
"Script/CardEffectCommons/GiveEffect/GiveEffectToPermanent/DeleteSelf.cs",Script,45
"Script/CardEffectCommons/GiveEffect/GiveEffectToPermanent/ImmuneFromDPMinus.cs",Script,54
"Script/CardEffectCommons/GiveEffect/GiveEffectToPermanent/StartOfMainAttack.cs",Script,78
"Script/CardEffectCommons/GiveEffect/GiveEffectToPermanent/TamerBecomesDigimonThatCanNotDigivolve.cs",Script,75
"Script/CardEffectCommons/GiveEffect/GiveEffectToPermanentOrPlayer.cs",Script,91
"Script/CardEffectCommons/GiveEffect/GiveEffectToPlayer/CanNoReturnToDeck.cs",Script,61
"Script/CardEffectCommons/GiveEffect/GiveEffectToPlayer/CanNotAttack.cs",Script,71
"Script/CardEffectCommons/GiveEffect/GiveEffectToPlayer/CanNotBeDeletedByBattle.cs",Script,56
"Script/CardEffectCommons/GiveEffect/GiveEffectToPlayer/CanNotBlock.cs",Script,71
"Script/CardEffectCommons/GiveEffect/GiveEffectToPlayer/CanNotReturnToHand.cs",Script,56
"Script/CardEffectCommons/GiveEffect/GiveEffectToPlayer/CanNotSuspend.cs",Script,68
"Script/CardEffectCommons/GiveEffect/GiveEffectToPlayer/CanNotUnsuspend.cs",Script,68
"Script/CardEffectCommons/GiveEffect/GiveEffectToPlayer/ChangeCardDP.cs",Script,41
"Script/CardEffectCommons/GiveEffect/GiveEffectToPlayer/ChangeDP.cs",Script,70
"Script/CardEffectCommons/GiveEffect/GiveEffectToPlayer/ChangeDigivolutionCost.cs",Script,53
"Script/CardEffectCommons/GiveEffect/GiveEffectToPlayer/ChangePlayCost.cs",Script,61
"Script/CardEffectCommons/GiveEffect/GiveEffectToPlayer/ChangeSAttack.cs",Script,132
"Script/CardEffectCommons/GiveEffect/GiveEffectToPlayer/IgnoreDigivolutionRequirement.cs",Script,39
"Script/CardEffectCommons/GiveEffect/GiveEffectToPlayer/ImmuneFromDPMinus.cs",Script,56
"Script/CardEffectCommons/HashtableSetting.cs",Script,333
"Script/CardEffectCommons/IsDigivolvedByTheEffect.cs",Script,23
"Script/CardEffectCommons/KeyWordEffects/Alliance.cs",Script,220
"Script/CardEffectCommons/KeyWordEffects/ArmorPurge.cs",Script,100
"Script/CardEffectCommons/KeyWordEffects/Ascension.cs",Script,52
"Script/CardEffectCommons/KeyWordEffects/Barrier.cs",Script,106
"Script/CardEffectCommons/KeyWordEffects/Blitz.cs",Script,93
"Script/CardEffectCommons/KeyWordEffects/Blocker.cs",Script,86
"Script/CardEffectCommons/KeyWordEffects/Collision.cs",Script,31
"Script/CardEffectCommons/KeyWordEffects/Decode.cs",Script,113
"Script/CardEffectCommons/KeyWordEffects/Decoy.cs",Script,70
"Script/CardEffectCommons/KeyWordEffects/Evade.cs",Script,84
"Script/CardEffectCommons/KeyWordEffects/Execute.cs",Script,139
"Script/CardEffectCommons/KeyWordEffects/Fortitude.cs",Script,98
"Script/CardEffectCommons/KeyWordEffects/Fragment.cs",Script,82
"Script/CardEffectCommons/KeyWordEffects/Iceclad.cs",Script,86
"Script/CardEffectCommons/KeyWordEffects/Jamming.cs",Script,43
"Script/CardEffectCommons/KeyWordEffects/MaterialSave.cs",Script,121
"Script/CardEffectCommons/KeyWordEffects/MindLink.cs",Script,82
"Script/CardEffectCommons/KeyWordEffects/Overclock.cs",Script,144
"Script/CardEffectCommons/KeyWordEffects/Partition.cs",Script,178
"Script/CardEffectCommons/KeyWordEffects/Pierce.cs",Script,85
"Script/CardEffectCommons/KeyWordEffects/Progress.cs",Script,110
"Script/CardEffectCommons/KeyWordEffects/Raid.cs",Script,122
"Script/CardEffectCommons/KeyWordEffects/Reboot.cs",Script,43
"Script/CardEffectCommons/KeyWordEffects/Retaliation.cs",Script,167
"Script/CardEffectCommons/KeyWordEffects/Rush.cs",Script,86
"Script/CardEffectCommons/KeyWordEffects/Save.cs",Script,66
"Script/CardEffectCommons/KeyWordEffects/Scapegoat.cs",Script,71
"Script/CardEffectCommons/KeyWordEffects/Training.cs",Script,31
"Script/CardEffectCommons/KeyWordEffects/Vortex.cs",Script,117
"Script/CardEffectCommons/MinMax_DP_Cost_Level/Cost/IsMaxCost.cs",Script,53
"Script/CardEffectCommons/MinMax_DP_Cost_Level/Cost/IsMinCost.cs",Script,33
"Script/CardEffectCommons/MinMax_DP_Cost_Level/DP/IsMaxDP.cs",Script,24
"Script/CardEffectCommons/MinMax_DP_Cost_Level/DP/IsMinDP.cs",Script,25
"Script/CardEffectCommons/MinMax_DP_Cost_Level/DigivolutionCards/IsMinDigivolutionCards.cs",Script,23
"Script/CardEffectCommons/MinMax_DP_Cost_Level/Level/IsMaxLevel.cs",Script,23
"Script/CardEffectCommons/MinMax_DP_Cost_Level/Level/IsMinLevel.cs",Script,39
"Script/CardEffectCommons/RevealLibrary.cs",Script,791
"Script/CardEffectCommons/ShowReducedCost.cs",Script,31
"Script/CardEffectCommons/TrashDigivolutionCards.cs",Script,194
"Script/CardEffectCommons/TrashLinkedCards.cs",Script,183
"Script/CardEffectFactory.cs",Script,1530
"Script/CardEffectFactory/AddAppfusionMethod.cs",Script,94
"Script/CardEffectFactory/AddDigivolutionRequirement.cs",Script,115
"Script/CardEffectFactory/AddLinkRequirement.cs",Script,95
"Script/CardEffectFactory/CanNoReturnToDeck.cs",Script,60
"Script/CardEffectFactory/CanNotAttack.cs",Script,99
"Script/CardEffectFactory/CanNotBeAttacked.cs",Script,51
"Script/CardEffectFactory/CanNotBeBlocked.cs",Script,51
"Script/CardEffectFactory/CanNotBeDeleted.cs",Script,44
"Script/CardEffectFactory/CanNotBeDeletedByBattle.cs",Script,49
"Script/CardEffectFactory/CanNotBeDeletedByEffect.cs",Script,67
"Script/CardEffectFactory/CanNotBeRemoved.cs",Script,44
"Script/CardEffectFactory/CanNotBeTrashedByEffect.cs",Script,54
"Script/CardEffectFactory/CanNotBlock.cs",Script,112
"Script/CardEffectFactory/CanNotDigivolve.cs",Script,107
"Script/CardEffectFactory/CanNotReturnToHand.cs",Script,54
"Script/CardEffectFactory/CanNotSuspend.cs",Script,45
"Script/CardEffectFactory/CanNotUnsuspend.cs",Script,45
"Script/CardEffectFactory/ChangeCardDP.cs",Script,76
"Script/CardEffectFactory/ChangeDP.cs",Script,146
"Script/CardEffectFactory/ChangeDigivolutionCost.cs",Script,137
"Script/CardEffectFactory/ChangeLinkMax.cs",Script,142
"Script/CardEffectFactory/ChangeOriginDP.cs",Script,90
"Script/CardEffectFactory/ChangePlayCost.cs",Script,178
"Script/CardEffectFactory/ChangeSAttack.cs",Script,271
"Script/CardEffectFactory/ImmuneFromDPMinus.cs",Script,54
"Script/CardEffectFactory/KeyWordEffects/Alliance.cs",Script,127
"Script/CardEffectFactory/KeyWordEffects/ArmorPurge.cs",Script,42
"Script/CardEffectFactory/KeyWordEffects/ArtsDigivolve.cs",Script,61
"Script/CardEffectFactory/KeyWordEffects/Ascension.cs",Script,37
"Script/CardEffectFactory/KeyWordEffects/Barrier.cs",Script,87
"Script/CardEffectFactory/KeyWordEffects/BlastDNADigivolution.cs",Script,259
"Script/CardEffectFactory/KeyWordEffects/BlastDigivolution.cs",Script,122
"Script/CardEffectFactory/KeyWordEffects/Blitz.cs",Script,117
"Script/CardEffectFactory/KeyWordEffects/Blocker.cs",Script,74
"Script/CardEffectFactory/KeyWordEffects/Collision.cs",Script,63
"Script/CardEffectFactory/KeyWordEffects/Decode.cs",Script,72
"Script/CardEffectFactory/KeyWordEffects/Decoy.cs",Script,95
"Script/CardEffectFactory/KeyWordEffects/Evade.cs",Script,84
"Script/CardEffectFactory/KeyWordEffects/Execute.cs",Script,66
"Script/CardEffectFactory/KeyWordEffects/Fortitude.cs",Script,77
"Script/CardEffectFactory/KeyWordEffects/Fragment.cs",Script,85
"Script/CardEffectFactory/KeyWordEffects/Iceclad.cs",Script,65
"Script/CardEffectFactory/KeyWordEffects/Jamming.cs",Script,80
"Script/CardEffectFactory/KeyWordEffects/Link.cs",Script,154
"Script/CardEffectFactory/KeyWordEffects/MaterialSave.cs",Script,68
"Script/CardEffectFactory/KeyWordEffects/Overclock.cs",Script,67
"Script/CardEffectFactory/KeyWordEffects/Partition.cs",Script,175
"Script/CardEffectFactory/KeyWordEffects/Pierce.cs",Script,85
"Script/CardEffectFactory/KeyWordEffects/Progress.cs",Script,81
"Script/CardEffectFactory/KeyWordEffects/Raid.cs",Script,82
"Script/CardEffectFactory/KeyWordEffects/Reboot.cs",Script,67
"Script/CardEffectFactory/KeyWordEffects/Retaliation.cs",Script,74
"Script/CardEffectFactory/KeyWordEffects/Rush.cs",Script,65
"Script/CardEffectFactory/KeyWordEffects/Save.cs",Script,49
"Script/CardEffectFactory/KeyWordEffects/Scapegoat.cs",Script,141
"Script/CardEffectFactory/KeyWordEffects/Training.cs",Script,41
"Script/CardEffectFactory/KeyWordEffects/Vortex.cs",Script,66
"Script/CardEffectFactory/TreatAsDigimon.cs",Script,43
"Script/CardEffectFactory/VortexCanAttackPlayers.cs",Script,91
"Script/CardEffectInterfaces.cs",Script,547
"Script/CardEffects/ActivateClass.cs",Script,29
"Script/CardEffects/AddAppFusionConditionClass.cs",Script,26
"Script/CardEffects/AddAssemblyConditionClass.cs",Script,27
"Script/CardEffects/AddBurstDigivolutionConditionClass.cs",Script,26
"Script/CardEffects/AddDetailClass.cs",Script,33
"Script/CardEffects/AddDigiXrosConditionClass.cs",Script,27
"Script/CardEffects/AddEvolutionConditionClass.cs",Script,27
"Script/CardEffects/AddJogressConditionClass.cs",Script,43
"Script/CardEffects/AddJogressLevelsClass.cs",Script,31
"Script/CardEffects/AddLinkConditionClass.cs",Script,26
"Script/CardEffects/AddMaxTrashCountDigiXrosClass.cs",Script,24
"Script/CardEffects/AddMaxUnderTamerCountDigiXrosClass.cs",Script,24
"Script/CardEffects/AddSkillClass.cs",Script,36
"Script/CardEffects/BlockerClass.cs",Script,34
"Script/CardEffects/CanAttackTargetDefendingPermanentClass.cs",Script,35
"Script/CardEffects/CanNotAffectedClass.cs",Script,30
"Script/CardEffects/CanNotAttackTargetDefendingPermanentClass.cs",Script,30
"Script/CardEffects/CanNotBeDestroyedByBattleClass.cs",Script,50
"Script/CardEffects/CanNotBeDestroyedBySkillClass.cs",Script,35
"Script/CardEffects/CanNotBeDestroyedClass.cs",Script,31
"Script/CardEffects/CanNotBeRemovedClass.cs",Script,31
"Script/CardEffects/CanNotEvolveClass.cs",Script,33
"Script/CardEffects/CanNotMoveClass.cs",Script,30
"Script/CardEffects/CanNotPlayClass.cs",Script,28
"Script/CardEffects/CanNotPutFieldClass.cs",Script,30
"Script/CardEffects/CanNotSelectBySkillClass.cs",Script,30
"Script/CardEffects/CanNotSuspendClass.cs",Script,32
"Script/CardEffects/CanNotSwitchAttackTargetClass.cs",Script,30
"Script/CardEffects/CanNotTrashFromDigivolutionCardsClass.cs",Script,34
"Script/CardEffects/CanNotUnsuspendClass.cs",Script,31
"Script/CardEffects/CanSelectAssemblyClass.cs",Script,37
"Script/CardEffects/CanSelectDigiXrosClass.cs",Script,37
"Script/CardEffects/CanSuspendByDigisorptionClass.cs",Script,55
"Script/CardEffects/CannotAddMemoryClass.cs",Script,37
"Script/CardEffects/CannotAddSecurityClass.cs",Script,38
"Script/CardEffects/CannotBlockClass.cs",Script,31
"Script/CardEffects/CannotIgnoreDigivolutionConditionClass.cs",Script,31
"Script/CardEffects/CannotReduceCostClass.cs",Script,49
"Script/CardEffects/CannotReturnToHandClass.cs",Script,39
"Script/CardEffects/CannotReturnToLibraryClass.cs",Script,40
"Script/CardEffects/ChangeBaseCardColorClass.cs",Script,26
"Script/CardEffects/ChangeBaseCardNameClass.cs",Script,23
"Script/CardEffects/ChangeBaseDPClass.cs",Script,66
"Script/CardEffects/ChangeCardColorClass.cs",Script,25
"Script/CardEffects/ChangeCardDPClass.cs",Script,62
"Script/CardEffects/ChangeCardLevelClass .cs",Script,27
"Script/CardEffects/ChangeCardLevelForAssemblyClass.cs",Script,23
"Script/CardEffects/ChangeCardNamesClass.cs",Script,23
"Script/CardEffects/ChangeCardNamesForDigiXrosClass.cs",Script,23
"Script/CardEffects/ChangeCostClass.cs",Script,96
"Script/CardEffects/ChangeDPClass.cs",Script,65
"Script/CardEffects/ChangeDPDeleteEffectMaxDPClass.cs",Script,25
"Script/CardEffects/ChangeEndTurnMinMemoryClass.cs",Script,22
"Script/CardEffects/ChangeLinkCostClass.cs",Script,51
"Script/CardEffects/ChangeLinkMaxClass.cs",Script,71
"Script/CardEffects/ChangePermanentLevelClass.cs",Script,30
"Script/CardEffects/ChangeSAttackClass.cs",Script,71
"Script/CardEffects/ChangeTraitsClass.cs",Script,24
"Script/CardEffects/CollisionClass.cs",Script,29
"Script/CardEffects/DisableEffectClass.cs",Script,24
"Script/CardEffects/DontBattleSecurityDigimonClass.cs",Script,29
"Script/CardEffects/DontHaveDPClass.cs",Script,31
"Script/CardEffects/IcecladClass.cs",Script,34
"Script/CardEffects/IgnoreColorConditionClass.cs",Script,28
"Script/CardEffects/ImmuneFromDPMinusClass.cs",Script,41
"Script/CardEffects/ImmuneFromDeDigivolveClass.cs",Script,33
"Script/CardEffects/ImmuneFromStackTrashingClass.cs",Script,45
"Script/CardEffects/InvertSAttackClass.cs",Script,45
"Script/CardEffects/RebootClass.cs",Script,34
"Script/CardEffects/RushClass.cs",Script,34
"Script/CardEffects/ScapegoatClass.cs",Script,34
"Script/CardEffects/TreatAsDigimonClass.cs",Script,28
"Script/CardEffects/VortexCanAttackPlayersClass.cs",Script,18
"Script/CardImagePanel.cs",Script,136
"Script/CardInfo.cs",Script,162
"Script/CardObjectController.cs",Script,1133
"Script/CardPrefab_CreateDeck.cs",Script,636
"Script/CardSource.cs",Script,4357
"Script/CheckCardPanel.cs",Script,428
"Script/CheckEffectDisabledClass.cs",Script,205
"Script/CheckUpdate.cs",Script,76
"Script/CircleFill.cs",Script,25
"Script/ColorDropdownController.cs",Script,62
"Script/Combinations.cs",Script,183
"Script/CommandButton.cs",Script,25
"Script/CommandPanel.cs",Script,181
"Script/CommandText.cs",Script,63
"Script/ContinuousController.cs",Script,1843
"Script/ConvertBinaryNumber.cs",Script,144
"Script/CreateNewDeckButton.cs",Script,167
"Script/CreateRoom.cs",Script,41
"Script/CutInGif.cs",Script,39
"Script/CutInProcess.cs",Script,110
"Script/DataBase.cs",Script,1018
"Script/DeckBuildingRule.cs",Script,291
"Script/DeckCodeUtility.cs",Script,167
"Script/DeckData.cs",Script,868
"Script/DeckInfoPanel.cs",Script,343
"Script/DeckInfoPrefab.cs",Script,127
"Script/DeckListPanel.cs",Script,175
"Script/DeckMode.cs",Script,55
"Script/DetailCard_DeckEditor.cs",Script,528
"Script/DigiXrosEffectObject.cs",Script,54
"Script/Draggable.cs",Script,150
"Script/Draggable_Card.cs",Script,88
"Script/Draggable_HandCard.cs",Script,218
"Script/Draggable_Window.cs",Script,70
"Script/DropArea.cs",Script,111
"Script/EditDeck.cs",Script,1355
"Script/Effect Examples/Link_Examples.cs",Script,292
"Script/Effects.cs",Script,2306
"Script/EnterRoom.cs",Script,155
"Script/EvolutionEffectObject.cs",Script,69
"Script/FieldPermanentCard.cs",Script,894
"Script/FilterCardList.cs",Script,807
"Script/FirstPlayerIndexIdToggle.cs",Script,19
"Script/GManager.cs",Script,672
"Script/GSSReader.cs",Script,52
"Script/GameContext.cs",Script,186
"Script/GameRandom.cs",Script,124
"Script/GameplayOption.cs",Script,386
"Script/GifImage.cs",Script,58
"Script/GlowAnimation.cs",Script,18
"Script/GraphicsOptionPanel.cs",Script,78
"Script/HandCard.cs",Script,1024
"Script/HandContoller.cs",Script,8
"Script/Helper Scripts/AdjustUIColor.cs",Script,22
"Script/Helper Scripts/DisableForBanlist.cs",Script,24
"Script/HideCannotSelectObject.cs",Script,139
"Script/HomeMode.cs",Script,95
"Script/Hypertext/ObjectPool.cs",Script,58
"Script/Hypertext/TextLink.cs",Script,25
"Script/ICardEffect.cs",Script,1291
"Script/IEnumerableExtension.cs",Script,99
"Script/JogressEffectObject.cs",Script,30
"Script/JsonSerializedClass.cs",Script,90
"Script/LanguagePanel.cs",Script,63
"Script/LanguageToggle.cs",Script,20
"Script/LoadCSV_CardEntity.cs",Script,8
"Script/LoadJSON_CardEntity.cs",Script,14
"Script/LoadingObject.cs",Script,130
"Script/LobbyManager_FriendMatch.cs",Script,399
"Script/LobbyManager_RandomMatch.cs",Script,618
"Script/LocalizeTMPro.cs",Script,142
"Script/LocalizeUtility.cs",Script,22
"Script/MainPhaseAction/ActivateCardAction.cs",Script,45
"Script/MainPhaseAction/ActivatePermanentAction.cs",Script,44
"Script/MainPhaseAction/AttackPermanentAction.cs",Script,45
"Script/MainPhaseAction/CheatAction.cs",Script,96
"Script/MainPhaseAction/MainPhaseAction.cs",Script,6
"Script/MainPhaseAction/PassAction.cs",Script,28
"Script/MainPhaseAction/PlayCardAction.cs",Script,101
"Script/MemoryObject.cs",Script,213
"Script/MemoryPredictionLine.cs",Script,110
"Script/MultipleSkills.cs",Script,437
"Script/Networking/GamePacketFactory.cs",Script,44
"Script/Networking/GamePacketRegistration.cs",Script,15
"Script/Networking/IGamePacket.cs",Script,5
"Script/Networking/PhotonTester.cs",Script,50
"Script/NextPhaseButton.cs",Script,202
"Script/OffAnimation.cs",Script,16
"Script/OfficialCardListUtility.cs",Script,1328
"Script/OpenURL.cs",Script,36
"Script/Opening.cs",Script,516
"Script/OpeningButton.cs",Script,30
"Script/OptionPanel.cs",Script,237
"Script/OptionResolutionClass.cs",Script,33
"Script/OptionUtility.cs",Script,38
"Script/OptionalSkill.cs",Script,146
"Script/PatchBackground.cs",Script,21
"Script/PatchNotes.cs",Script,91
"Script/Permanent.cs",Script,4187
"Script/PermanentDetail.cs",Script,444
"Script/PermanentEffectFactory.cs",Script,163
"Script/PlayLog.cs",Script,189
"Script/Player.cs",Script,1675
"Script/PlayerInfo.cs",Script,47
"Script/PlayerPrefsUtil.cs",Script,92
"Script/PlayerSelection/CardSelection.cs",Script,9
"Script/PlayerSelection/IPlayerSelection.cs",Script,6
"Script/PlayerSelection/PermanentSelection.cs",Script,11
"Script/PlayerSelection/ValueSelection.cs",Script,24
"Script/PointerShine.cs",Script,34
"Script/ProfanityFilter/AllowList.cs",Script,116
"Script/ProfanityFilter/Interfaces/IAllowList.cs",Script,34
"Script/ProfanityFilter/Interfaces/IProfanityFilter.cs",Script,49
"Script/ProfanityFilter/ProfanityBase.cs",Script,192
"Script/ProfanityFilter/ProfanityFilter.cs",Script,445
"Script/ProfanityFilter/ProfanityList.cs",Script,1665
"Script/RectTransformExtension.cs",Script,91
"Script/ResizeWindow.cs",Script,122
"Script/ResultObject.cs",Script,114
"Script/RoomManager.cs",Script,892
"Script/SecurityBreakGlass.cs",Script,127
"Script/SecurityObject.cs",Script,181
"Script/SelectAppFusionEffect.cs",Script,241
"Script/SelectAssemblyClass.cs",Script,358
"Script/SelectAttackEffect.cs",Script,569
"Script/SelectBattleDeck.cs",Script,311
"Script/SelectBattleMode.cs",Script,291
"Script/SelectBurstDigivolutionEffect.cs",Script,345
"Script/SelectCardEffect.cs",Script,1025
"Script/SelectCardPanel.cs",Script,688
"Script/SelectCommand.cs",Script,47
"Script/SelectCommandPanel.cs",Script,127
"Script/SelectCountEffect.cs",Script,200
"Script/SelectDNACondition.cs",Script,90
"Script/SelectDeck.cs",Script,324
"Script/SelectDigiXrosClass.cs",Script,1048
"Script/SelectHandEffect.cs",Script,942
"Script/SelectJogressEffect.cs",Script,428
"Script/SelectPermanentEffect.cs",Script,1055
"Script/ServerRegionPanel.cs",Script,63
"Script/ServerRegionToggle.cs",Script,20
"Script/ShowEffectDiscriptionObject.cs",Script,75
"Script/ShowPhaseNotificationObject.cs",Script,55
"Script/ShowPhaseObject.cs",Script,101
"Script/ShowTurnPlayerObject.cs",Script,54
"Script/ShuffleDeckCode.cs",Script,168
"Script/SideBar.cs",Script,93
"Script/SimpleCircleLayoutGroup.cs",Script,41
"Script/SkillInfo.cs",Script,15
"Script/SoundObject.cs",Script,38
"Script/SpellRestoration.cs",Script,97
"Script/StarterDeck.cs",Script,56
"Script/StreamingAssetsUtility.cs",Script,246
"Script/TargetArrow.cs",Script,262
"Script/TestWWW.cs",Script,342
"Script/Title.cs",Script,80
"Script/TrialDraw.cs",Script,209
"Script/TurnStateMachine.cs",Script,3373
"Script/UserSelectionManager.cs",Script,221
"Script/Utils.cs",Script,9
"Script/VolumePanel.cs",Script,138
"Script/YesNoObject.cs",Script,95
