relpath,layer,lines,card_state
CardEffect/AD1/Black/AD1_023.cs,CardEffect,7,SHELL
CardEffect/AD1/Blue/AD1_010.cs,CardEffect,7,SHELL
CardEffect/AD1/Blue/AD1_011.cs,CardEffect,215,IMPL
CardEffect/AD1/Blue/AD1_012.cs,CardEffect,378,IMPL
CardEffect/AD1/Blue/AD1_013.cs,CardEffect,249,IMPL
CardEffect/AD1/Blue/AD1_014.cs,CardEffect,7,SHELL
CardEffect/AD1/Blue/AD1_019.cs,CardEffect,7,SHELL
CardEffect/AD1/Blue/AD1_020.cs,CardEffect,7,SHELL
CardEffect/AD1/Blue/AD1_024.cs,CardEffect,7,SHELL
CardEffect/AD1/Green/AD1_022.cs,CardEffect,7,SHELL
CardEffect/AD1/Purple/AD1_018.cs,CardEffect,7,SHELL
CardEffect/AD1/Red/AD1_001.cs,CardEffect,7,SHELL
CardEffect/AD1/Red/AD1_002.cs,CardEffect,7,SHELL
CardEffect/AD1/Red/AD1_003.cs,CardEffect,7,SHELL
CardEffect/AD1/Red/AD1_004.cs,CardEffect,7,SHELL
CardEffect/AD1/Red/AD1_005.cs,CardEffect,7,SHELL
CardEffect/AD1/Red/AD1_006.cs,CardEffect,408,IMPL
CardEffect/AD1/Red/AD1_007.cs,CardEffect,7,SHELL
CardEffect/AD1/Red/AD1_008.cs,CardEffect,7,SHELL
CardEffect/AD1/Red/AD1_009.cs,CardEffect,7,SHELL
CardEffect/AD1/Red/AD1_025.cs,CardEffect,317,IMPL
CardEffect/AD1/Yellow/AD1_015.cs,CardEffect,7,SHELL
CardEffect/AD1/Yellow/AD1_016.cs,CardEffect,7,SHELL
CardEffect/AD1/Yellow/AD1_017.cs,CardEffect,7,SHELL
CardEffect/AD1/Yellow/AD1_021.cs,CardEffect,7,SHELL
CardEffect/BT1/Blue/BT1_003.cs,CardEffect,68,IMPL
CardEffect/BT1/Blue/BT1_004.cs,CardEffect,41,IMPL
CardEffect/BT1/Blue/BT1_029.cs,CardEffect,62,IMPL
CardEffect/BT1/Blue/BT1_030.cs,CardEffect,62,IMPL
CardEffect/BT1/Blue/BT1_031.cs,CardEffect,25,IMPL
CardEffect/BT1/Blue/BT1_033.cs,CardEffect,38,IMPL
CardEffect/BT1/Blue/BT1_034.cs,CardEffect,40,IMPL
CardEffect/BT1/Blue/BT1_035.cs,CardEffect,57,IMPL
CardEffect/BT1/Blue/BT1_036.cs,CardEffect,86,IMPL
CardEffect/BT1/Blue/BT1_039.cs,CardEffect,90,IMPL
CardEffect/BT1/Blue/BT1_040.cs,CardEffect,69,IMPL
CardEffect/BT1/Blue/BT1_041.cs,CardEffect,108,IMPL
CardEffect/BT1/Blue/BT1_043.cs,CardEffect,101,IMPL
CardEffect/BT1/Blue/BT1_044.cs,CardEffect,132,IMPL
CardEffect/BT1/Blue/BT1_086.cs,CardEffect,163,IMPL
CardEffect/BT1/Blue/BT1_096.cs,CardEffect,112,IMPL
CardEffect/BT1/Blue/BT1_097.cs,CardEffect,68,IMPL
CardEffect/BT1/Blue/BT1_098.cs,CardEffect,113,IMPL
CardEffect/BT1/Blue/BT1_099.cs,CardEffect,89,IMPL
CardEffect/BT1/Blue/BT1_100.cs,CardEffect,123,IMPL
CardEffect/BT1/Blue/BT1_101.cs,CardEffect,65,IMPL
CardEffect/BT1/Blue/BT1_115.cs,CardEffect,89,IMPL
CardEffect/BT1/Green/BT1_007.cs,CardEffect,61,IMPL
CardEffect/BT1/Green/BT1_008.cs,CardEffect,47,IMPL
CardEffect/BT1/Green/BT1_066.cs,CardEffect,95,IMPL
CardEffect/BT1/Green/BT1_067.cs,CardEffect,91,IMPL
CardEffect/BT1/Green/BT1_068.cs,CardEffect,53,IMPL
CardEffect/BT1/Green/BT1_070.cs,CardEffect,82,IMPL
CardEffect/BT1/Green/BT1_073.cs,CardEffect,35,IMPL
CardEffect/BT1/Green/BT1_074.cs,CardEffect,91,IMPL
CardEffect/BT1/Green/BT1_076.cs,CardEffect,64,IMPL
CardEffect/BT1/Green/BT1_077.cs,CardEffect,86,IMPL
CardEffect/BT1/Green/BT1_078.cs,CardEffect,150,IMPL
CardEffect/BT1/Green/BT1_079.cs,CardEffect,96,IMPL
CardEffect/BT1/Green/BT1_081.cs,CardEffect,79,IMPL
CardEffect/BT1/Green/BT1_082.cs,CardEffect,122,IMPL
CardEffect/BT1/Green/BT1_083.cs,CardEffect,51,IMPL
CardEffect/BT1/Green/BT1_088.cs,CardEffect,94,IMPL
CardEffect/BT1/Green/BT1_089.cs,CardEffect,128,IMPL
CardEffect/BT1/Green/BT1_108.cs,CardEffect,133,IMPL
CardEffect/BT1/Green/BT1_109.cs,CardEffect,85,IMPL
CardEffect/BT1/Green/BT1_110.cs,CardEffect,127,IMPL
CardEffect/BT1/Green/BT1_111.cs,CardEffect,125,IMPL
CardEffect/BT1/Green/BT1_112.cs,CardEffect,157,IMPL
CardEffect/BT1/Green/BT1_113.cs,CardEffect,130,IMPL
CardEffect/BT1/Red/BT1_001.cs,CardEffect,71,IMPL
CardEffect/BT1/Red/BT1_002.cs,CardEffect,30,IMPL
CardEffect/BT1/Red/BT1_010.cs,CardEffect,87,IMPL
CardEffect/BT1/Red/BT1_011.cs,CardEffect,123,IMPL
CardEffect/BT1/Red/BT1_012.cs,CardEffect,58,IMPL
CardEffect/BT1/Red/BT1_015.cs,CardEffect,32,IMPL
CardEffect/BT1/Red/BT1_016.cs,CardEffect,25,IMPL
CardEffect/BT1/Red/BT1_017.cs,CardEffect,116,IMPL
CardEffect/BT1/Red/BT1_018.cs,CardEffect,25,IMPL
CardEffect/BT1/Red/BT1_021.cs,CardEffect,75,IMPL
CardEffect/BT1/Red/BT1_022.cs,CardEffect,80,IMPL
CardEffect/BT1/Red/BT1_023.cs,CardEffect,103,IMPL
CardEffect/BT1/Red/BT1_025.cs,CardEffect,110,IMPL
CardEffect/BT1/Red/BT1_026.cs,CardEffect,25,IMPL
CardEffect/BT1/Red/BT1_085.cs,CardEffect,74,IMPL
CardEffect/BT1/Red/BT1_090.cs,CardEffect,78,IMPL
CardEffect/BT1/Red/BT1_091.cs,CardEffect,91,IMPL
CardEffect/BT1/Red/BT1_092.cs,CardEffect,100,IMPL
CardEffect/BT1/Red/BT1_093.cs,CardEffect,119,IMPL
CardEffect/BT1/Red/BT1_094.cs,CardEffect,113,IMPL
CardEffect/BT1/Red/BT1_095.cs,CardEffect,150,IMPL
CardEffect/BT1/Red/BT1_114.cs,CardEffect,104,IMPL
CardEffect/BT1/White/BT1_084.cs,CardEffect,191,IMPL
CardEffect/BT1/Yellow/BT1_005.cs,CardEffect,41,IMPL
CardEffect/BT1/Yellow/BT1_006.cs,CardEffect,67,IMPL
CardEffect/BT1/Yellow/BT1_046.cs,CardEffect,66,IMPL
CardEffect/BT1/Yellow/BT1_048.cs,CardEffect,86,IMPL
CardEffect/BT1/Yellow/BT1_049.cs,CardEffect,85,IMPL
CardEffect/BT1/Yellow/BT1_053.cs,CardEffect,100,IMPL
CardEffect/BT1/Yellow/BT1_054.cs,CardEffect,101,IMPL
CardEffect/BT1/Yellow/BT1_055.cs,CardEffect,99,IMPL
CardEffect/BT1/Yellow/BT1_056.cs,CardEffect,192,IMPL
CardEffect/BT1/Yellow/BT1_060.cs,CardEffect,7,SHELL
CardEffect/BT1/Yellow/BT1_061.cs,CardEffect,98,IMPL
CardEffect/BT1/Yellow/BT1_062.cs,CardEffect,90,IMPL
CardEffect/BT1/Yellow/BT1_063.cs,CardEffect,7,SHELL
CardEffect/BT1/Yellow/BT1_087.cs,CardEffect,143,IMPL
CardEffect/BT1/Yellow/BT1_102.cs,CardEffect,57,IMPL
CardEffect/BT1/Yellow/BT1_103.cs,CardEffect,118,IMPL
CardEffect/BT1/Yellow/BT1_104.cs,CardEffect,201,IMPL
CardEffect/BT1/Yellow/BT1_105.cs,CardEffect,92,IMPL
CardEffect/BT1/Yellow/BT1_106.cs,CardEffect,80,IMPL
CardEffect/BT1/Yellow/BT1_107.cs,CardEffect,56,IMPL
CardEffect/BT10/Black/BT10_005.cs,CardEffect,7,SHELL
CardEffect/BT10/Black/BT10_058.cs,CardEffect,7,SHELL
CardEffect/BT10/Black/BT10_059.cs,CardEffect,7,SHELL
CardEffect/BT10/Black/BT10_060.cs,CardEffect,7,SHELL
CardEffect/BT10/Black/BT10_061.cs,CardEffect,7,SHELL
CardEffect/BT10/Black/BT10_063.cs,CardEffect,7,SHELL
CardEffect/BT10/Black/BT10_066.cs,CardEffect,7,SHELL
CardEffect/BT10/Black/BT10_067.cs,CardEffect,7,SHELL
CardEffect/BT10/Black/BT10_068.cs,CardEffect,7,SHELL
CardEffect/BT10/Black/BT10_069.cs,CardEffect,7,SHELL
CardEffect/BT10/Black/BT10_070.cs,CardEffect,7,SHELL
CardEffect/BT10/Black/BT10_092.cs,CardEffect,7,SHELL
CardEffect/BT10/Black/BT10_104.cs,CardEffect,7,SHELL
CardEffect/BT10/Black/BT10_105.cs,CardEffect,7,SHELL
CardEffect/BT10/Black/BT10_106.cs,CardEffect,7,SHELL
CardEffect/BT10/Blue/BT10_002.cs,CardEffect,7,SHELL
CardEffect/BT10/Blue/BT10_018.cs,CardEffect,7,SHELL
CardEffect/BT10/Blue/BT10_019.cs,CardEffect,7,SHELL
CardEffect/BT10/Blue/BT10_020.cs,CardEffect,7,SHELL
CardEffect/BT10/Blue/BT10_021.cs,CardEffect,7,SHELL
CardEffect/BT10/Blue/BT10_023.cs,CardEffect,7,SHELL
CardEffect/BT10/Blue/BT10_024.cs,CardEffect,7,SHELL
CardEffect/BT10/Blue/BT10_025.cs,CardEffect,7,SHELL
CardEffect/BT10/Blue/BT10_026.cs,CardEffect,7,SHELL
CardEffect/BT10/Blue/BT10_027.cs,CardEffect,7,SHELL
CardEffect/BT10/Blue/BT10_028.cs,CardEffect,7,SHELL
CardEffect/BT10/Blue/BT10_088.cs,CardEffect,7,SHELL
CardEffect/BT10/Blue/BT10_097.cs,CardEffect,7,SHELL
CardEffect/BT10/Blue/BT10_098.cs,CardEffect,7,SHELL
CardEffect/BT10/Green/BT10_004.cs,CardEffect,7,SHELL
CardEffect/BT10/Green/BT10_044.cs,CardEffect,7,SHELL
CardEffect/BT10/Green/BT10_045.cs,CardEffect,7,SHELL
CardEffect/BT10/Green/BT10_046.cs,CardEffect,7,SHELL
CardEffect/BT10/Green/BT10_048.cs,CardEffect,7,SHELL
CardEffect/BT10/Green/BT10_049.cs,CardEffect,7,SHELL
CardEffect/BT10/Green/BT10_050.cs,CardEffect,7,SHELL
CardEffect/BT10/Green/BT10_051.cs,CardEffect,7,SHELL
CardEffect/BT10/Green/BT10_052.cs,CardEffect,7,SHELL
CardEffect/BT10/Green/BT10_053.cs,CardEffect,7,SHELL
CardEffect/BT10/Green/BT10_054.cs,CardEffect,7,SHELL
CardEffect/BT10/Green/BT10_056.cs,CardEffect,7,SHELL
CardEffect/BT10/Green/BT10_057.cs,CardEffect,7,SHELL
CardEffect/BT10/Green/BT10_090.cs,CardEffect,7,SHELL
CardEffect/BT10/Green/BT10_091.cs,CardEffect,7,SHELL
CardEffect/BT10/Green/BT10_102.cs,CardEffect,7,SHELL
CardEffect/BT10/Green/BT10_103.cs,CardEffect,7,SHELL
CardEffect/BT10/Purple/BT10_006.cs,CardEffect,7,SHELL
CardEffect/BT10/Purple/BT10_071.cs,CardEffect,7,SHELL
CardEffect/BT10/Purple/BT10_072.cs,CardEffect,7,SHELL
CardEffect/BT10/Purple/BT10_073.cs,CardEffect,7,SHELL
CardEffect/BT10/Purple/BT10_074.cs,CardEffect,7,SHELL
CardEffect/BT10/Purple/BT10_075.cs,CardEffect,7,SHELL
CardEffect/BT10/Purple/BT10_076.cs,CardEffect,7,SHELL
CardEffect/BT10/Purple/BT10_077.cs,CardEffect,7,SHELL
CardEffect/BT10/Purple/BT10_078.cs,CardEffect,7,SHELL
CardEffect/BT10/Purple/BT10_080.cs,CardEffect,7,SHELL
CardEffect/BT10/Purple/BT10_081.cs,CardEffect,7,SHELL
CardEffect/BT10/Purple/BT10_082.cs,CardEffect,7,SHELL
CardEffect/BT10/Purple/BT10_083.cs,CardEffect,7,SHELL
CardEffect/BT10/Purple/BT10_084.cs,CardEffect,258,IMPL
CardEffect/BT10/Purple/BT10_093.cs,CardEffect,7,SHELL
CardEffect/BT10/Purple/BT10_107.cs,CardEffect,7,SHELL
CardEffect/BT10/Purple/BT10_108.cs,CardEffect,7,SHELL
CardEffect/BT10/Red/BT10_001.cs,CardEffect,7,SHELL
CardEffect/BT10/Red/BT10_007.cs,CardEffect,7,SHELL
CardEffect/BT10/Red/BT10_008.cs,CardEffect,7,SHELL
CardEffect/BT10/Red/BT10_009.cs,CardEffect,7,SHELL
CardEffect/BT10/Red/BT10_011.cs,CardEffect,7,SHELL
CardEffect/BT10/Red/BT10_012.cs,CardEffect,7,SHELL
CardEffect/BT10/Red/BT10_013.cs,CardEffect,7,SHELL
CardEffect/BT10/Red/BT10_014.cs,CardEffect,7,SHELL
CardEffect/BT10/Red/BT10_015.cs,CardEffect,7,SHELL
CardEffect/BT10/Red/BT10_016.cs,CardEffect,7,SHELL
CardEffect/BT10/Red/BT10_087.cs,CardEffect,7,SHELL
CardEffect/BT10/Red/BT10_094.cs,CardEffect,7,SHELL
CardEffect/BT10/Red/BT10_095.cs,CardEffect,7,SHELL
CardEffect/BT10/Red/BT10_096.cs,CardEffect,7,SHELL
CardEffect/BT10/Red/BT10_111.cs,CardEffect,301,IMPL
CardEffect/BT10/Red/BT10_112.cs,CardEffect,7,SHELL
CardEffect/BT10/White/BT10_085.cs,CardEffect,7,SHELL
CardEffect/BT10/White/BT10_086.cs,CardEffect,581,IMPL
CardEffect/BT10/White/BT10_109.cs,CardEffect,7,SHELL
CardEffect/BT10/White/BT10_110.cs,CardEffect,7,SHELL
CardEffect/BT10/Yellow/BT10_003.cs,CardEffect,7,SHELL
CardEffect/BT10/Yellow/BT10_029.cs,CardEffect,7,SHELL
CardEffect/BT10/Yellow/BT10_030.cs,CardEffect,7,SHELL
CardEffect/BT10/Yellow/BT10_031.cs,CardEffect,7,SHELL
CardEffect/BT10/Yellow/BT10_032.cs,CardEffect,7,SHELL
CardEffect/BT10/Yellow/BT10_034.cs,CardEffect,7,SHELL
CardEffect/BT10/Yellow/BT10_035.cs,CardEffect,7,SHELL
CardEffect/BT10/Yellow/BT10_036.cs,CardEffect,7,SHELL
CardEffect/BT10/Yellow/BT10_038.cs,CardEffect,7,SHELL
CardEffect/BT10/Yellow/BT10_039.cs,CardEffect,7,SHELL
CardEffect/BT10/Yellow/BT10_040.cs,CardEffect,7,SHELL
CardEffect/BT10/Yellow/BT10_041.cs,CardEffect,7,SHELL
CardEffect/BT10/Yellow/BT10_042.cs,CardEffect,7,SHELL
CardEffect/BT10/Yellow/BT10_089.cs,CardEffect,7,SHELL
CardEffect/BT10/Yellow/BT10_099.cs,CardEffect,7,SHELL
CardEffect/BT10/Yellow/BT10_100.cs,CardEffect,7,SHELL
CardEffect/BT10/Yellow/BT10_101.cs,CardEffect,7,SHELL
CardEffect/BT11/Black/BT11_005.cs,CardEffect,7,SHELL
CardEffect/BT11/Black/BT11_060.cs,CardEffect,7,SHELL
CardEffect/BT11/Black/BT11_061.cs,CardEffect,7,SHELL
CardEffect/BT11/Black/BT11_062.cs,CardEffect,7,SHELL
CardEffect/BT11/Black/BT11_063.cs,CardEffect,7,SHELL
CardEffect/BT11/Black/BT11_064.cs,CardEffect,7,SHELL
CardEffect/BT11/Black/BT11_065.cs,CardEffect,7,SHELL
CardEffect/BT11/Black/BT11_067.cs,CardEffect,7,SHELL
CardEffect/BT11/Black/BT11_068.cs,CardEffect,7,SHELL
CardEffect/BT11/Black/BT11_069.cs,CardEffect,7,SHELL
CardEffect/BT11/Black/BT11_070.cs,CardEffect,7,SHELL
CardEffect/BT11/Black/BT11_071.cs,CardEffect,7,SHELL
CardEffect/BT11/Black/BT11_072.cs,CardEffect,7,SHELL
CardEffect/BT11/Black/BT11_073.cs,CardEffect,7,SHELL
CardEffect/BT11/Black/BT11_074.cs,CardEffect,7,SHELL
CardEffect/BT11/Black/BT11_092.cs,CardEffect,7,SHELL
CardEffect/BT11/Black/BT11_093.cs,CardEffect,7,SHELL
CardEffect/BT11/Black/BT11_105.cs,CardEffect,7,SHELL
CardEffect/BT11/Black/BT11_106.cs,CardEffect,7,SHELL
CardEffect/BT11/Black/BT11_107.cs,CardEffect,7,SHELL
CardEffect/BT11/Black/BT11_108.cs,CardEffect,7,SHELL
CardEffect/BT11/Black/BT11_111.cs,CardEffect,7,SHELL
CardEffect/BT11/Blue/BT11_002.cs,CardEffect,7,SHELL
CardEffect/BT11/Blue/BT11_020.cs,CardEffect,7,SHELL
CardEffect/BT11/Blue/BT11_022.cs,CardEffect,7,SHELL
CardEffect/BT11/Blue/BT11_023.cs,CardEffect,7,SHELL
CardEffect/BT11/Blue/BT11_024.cs,CardEffect,7,SHELL
CardEffect/BT11/Blue/BT11_025.cs,CardEffect,7,SHELL
CardEffect/BT11/Blue/BT11_027.cs,CardEffect,7,SHELL
CardEffect/BT11/Blue/BT11_028.cs,CardEffect,7,SHELL
CardEffect/BT11/Blue/BT11_029.cs,CardEffect,7,SHELL
CardEffect/BT11/Blue/BT11_030.cs,CardEffect,7,SHELL
CardEffect/BT11/Blue/BT11_031.cs,CardEffect,7,SHELL
CardEffect/BT11/Blue/BT11_032.cs,CardEffect,7,SHELL
CardEffect/BT11/Blue/BT11_033.cs,CardEffect,7,SHELL
CardEffect/BT11/Blue/BT11_090.cs,CardEffect,7,SHELL
CardEffect/BT11/Blue/BT11_098.cs,CardEffect,7,SHELL
CardEffect/BT11/Blue/BT11_099.cs,CardEffect,7,SHELL
CardEffect/BT11/Blue/BT11_112.cs,CardEffect,7,SHELL
CardEffect/BT11/Green/BT11_004.cs,CardEffect,7,SHELL
CardEffect/BT11/Green/BT11_046.cs,CardEffect,7,SHELL
CardEffect/BT11/Green/BT11_047.cs,CardEffect,7,SHELL
CardEffect/BT11/Green/BT11_049.cs,CardEffect,7,SHELL
CardEffect/BT11/Green/BT11_050.cs,CardEffect,7,SHELL
CardEffect/BT11/Green/BT11_052.cs,CardEffect,7,SHELL
CardEffect/BT11/Green/BT11_054.cs,CardEffect,7,SHELL
CardEffect/BT11/Green/BT11_055.cs,CardEffect,7,SHELL
CardEffect/BT11/Green/BT11_056.cs,CardEffect,7,SHELL
CardEffect/BT11/Green/BT11_057.cs,CardEffect,7,SHELL
CardEffect/BT11/Green/BT11_058.cs,CardEffect,7,SHELL
CardEffect/BT11/Green/BT11_059.cs,CardEffect,7,SHELL
CardEffect/BT11/Green/BT11_091.cs,CardEffect,7,SHELL
CardEffect/BT11/Green/BT11_102.cs,CardEffect,7,SHELL
CardEffect/BT11/Green/BT11_103.cs,CardEffect,7,SHELL
CardEffect/BT11/Green/BT11_104.cs,CardEffect,7,SHELL
CardEffect/BT11/Purple/BT11_006.cs,CardEffect,7,SHELL
CardEffect/BT11/Purple/BT11_076.cs,CardEffect,7,SHELL
CardEffect/BT11/Purple/BT11_077.cs,CardEffect,7,SHELL
CardEffect/BT11/Purple/BT11_078.cs,CardEffect,7,SHELL
CardEffect/BT11/Purple/BT11_079.cs,CardEffect,7,SHELL
CardEffect/BT11/Purple/BT11_080.cs,CardEffect,7,SHELL
CardEffect/BT11/Purple/BT11_081.cs,CardEffect,7,SHELL
CardEffect/BT11/Purple/BT11_082.cs,CardEffect,7,SHELL
CardEffect/BT11/Purple/BT11_083.cs,CardEffect,7,SHELL
CardEffect/BT11/Purple/BT11_084.cs,CardEffect,7,SHELL
CardEffect/BT11/Purple/BT11_085.cs,CardEffect,7,SHELL
CardEffect/BT11/Purple/BT11_086.cs,CardEffect,7,SHELL
CardEffect/BT11/Purple/BT11_087.cs,CardEffect,7,SHELL
CardEffect/BT11/Purple/BT11_088.cs,CardEffect,7,SHELL
CardEffect/BT11/Purple/BT11_094.cs,CardEffect,7,SHELL
CardEffect/BT11/Purple/BT11_109.cs,CardEffect,7,SHELL
CardEffect/BT11/Purple/BT11_110.cs,CardEffect,7,SHELL
CardEffect/BT11/Red/BT11_001.cs,CardEffect,7,SHELL
CardEffect/BT11/Red/BT11_007.cs,CardEffect,7,SHELL
CardEffect/BT11/Red/BT11_008.cs,CardEffect,7,SHELL
CardEffect/BT11/Red/BT11_009.cs,CardEffect,7,SHELL
CardEffect/BT11/Red/BT11_010.cs,CardEffect,7,SHELL
CardEffect/BT11/Red/BT11_011.cs,CardEffect,7,SHELL
CardEffect/BT11/Red/BT11_012.cs,CardEffect,7,SHELL
CardEffect/BT11/Red/BT11_014.cs,CardEffect,7,SHELL
CardEffect/BT11/Red/BT11_015.cs,CardEffect,7,SHELL
CardEffect/BT11/Red/BT11_016.cs,CardEffect,7,SHELL
CardEffect/BT11/Red/BT11_017.cs,CardEffect,7,SHELL
CardEffect/BT11/Red/BT11_018.cs,CardEffect,7,SHELL
CardEffect/BT11/Red/BT11_019.cs,CardEffect,7,SHELL
CardEffect/BT11/Red/BT11_089.cs,CardEffect,7,SHELL
CardEffect/BT11/Red/BT11_096.cs,CardEffect,7,SHELL
CardEffect/BT11/Red/BT11_097.cs,CardEffect,7,SHELL
CardEffect/BT11/White/BT11_095.cs,CardEffect,7,SHELL
CardEffect/BT11/Yellow/BT11_003.cs,CardEffect,7,SHELL
CardEffect/BT11/Yellow/BT11_034.cs,CardEffect,7,SHELL
CardEffect/BT11/Yellow/BT11_036.cs,CardEffect,7,SHELL
CardEffect/BT11/Yellow/BT11_038.cs,CardEffect,7,SHELL
CardEffect/BT11/Yellow/BT11_039.cs,CardEffect,7,SHELL
CardEffect/BT11/Yellow/BT11_040.cs,CardEffect,7,SHELL
CardEffect/BT11/Yellow/BT11_041.cs,CardEffect,7,SHELL
CardEffect/BT11/Yellow/BT11_042.cs,CardEffect,7,SHELL
CardEffect/BT11/Yellow/BT11_043.cs,CardEffect,7,SHELL
CardEffect/BT11/Yellow/BT11_044.cs,CardEffect,7,SHELL
CardEffect/BT11/Yellow/BT11_045.cs,CardEffect,7,SHELL
CardEffect/BT11/Yellow/BT11_100.cs,CardEffect,7,SHELL
CardEffect/BT11/Yellow/BT11_101.cs,CardEffect,7,SHELL
CardEffect/BT12/Black/BT12_005.cs,CardEffect,7,SHELL
CardEffect/BT12/Black/BT12_058.cs,CardEffect,7,SHELL
CardEffect/BT12/Black/BT12_059.cs,CardEffect,7,SHELL
CardEffect/BT12/Black/BT12_060.cs,CardEffect,7,SHELL
CardEffect/BT12/Black/BT12_061.cs,CardEffect,7,SHELL
CardEffect/BT12/Black/BT12_062.cs,CardEffect,7,SHELL
CardEffect/BT12/Black/BT12_063.cs,CardEffect,7,SHELL
CardEffect/BT12/Black/BT12_064.cs,CardEffect,7,SHELL
CardEffect/BT12/Black/BT12_065.cs,CardEffect,7,SHELL
CardEffect/BT12/Black/BT12_066.cs,CardEffect,7,SHELL
CardEffect/BT12/Black/BT12_067.cs,CardEffect,7,SHELL
CardEffect/BT12/Black/BT12_068.cs,CardEffect,7,SHELL
CardEffect/BT12/Black/BT12_070.cs,CardEffect,7,SHELL
CardEffect/BT12/Black/BT12_071.cs,CardEffect,7,SHELL
CardEffect/BT12/Black/BT12_072.cs,CardEffect,7,SHELL
CardEffect/BT12/Black/BT12_094.cs,CardEffect,7,SHELL
CardEffect/BT12/Black/BT12_095.cs,CardEffect,7,SHELL
CardEffect/BT12/Black/BT12_107.cs,CardEffect,7,SHELL
CardEffect/BT12/Blue/BT12_002.cs,CardEffect,7,SHELL
CardEffect/BT12/Blue/BT12_019.cs,CardEffect,7,SHELL
CardEffect/BT12/Blue/BT12_021.cs,CardEffect,7,SHELL
CardEffect/BT12/Blue/BT12_022.cs,CardEffect,7,SHELL
CardEffect/BT12/Blue/BT12_024.cs,CardEffect,7,SHELL
CardEffect/BT12/Blue/BT12_025.cs,CardEffect,7,SHELL
CardEffect/BT12/Blue/BT12_026.cs,CardEffect,7,SHELL
CardEffect/BT12/Blue/BT12_027.cs,CardEffect,7,SHELL
CardEffect/BT12/Blue/BT12_028.cs,CardEffect,7,SHELL
CardEffect/BT12/Blue/BT12_029.cs,CardEffect,7,SHELL
CardEffect/BT12/Blue/BT12_030.cs,CardEffect,7,SHELL
CardEffect/BT12/Blue/BT12_031.cs,CardEffect,7,SHELL
CardEffect/BT12/Blue/BT12_032.cs,CardEffect,7,SHELL
CardEffect/BT12/Blue/BT12_090.cs,CardEffect,7,SHELL
CardEffect/BT12/Blue/BT12_101.cs,CardEffect,7,SHELL
CardEffect/BT12/Blue/BT12_102.cs,CardEffect,7,SHELL
CardEffect/BT12/Green/BT12_004.cs,CardEffect,7,SHELL
CardEffect/BT12/Green/BT12_045.cs,CardEffect,7,SHELL
CardEffect/BT12/Green/BT12_047.cs,CardEffect,7,SHELL
CardEffect/BT12/Green/BT12_048.cs,CardEffect,7,SHELL
CardEffect/BT12/Green/BT12_050.cs,CardEffect,7,SHELL
CardEffect/BT12/Green/BT12_051.cs,CardEffect,7,SHELL
CardEffect/BT12/Green/BT12_053.cs,CardEffect,7,SHELL
CardEffect/BT12/Green/BT12_054.cs,CardEffect,7,SHELL
CardEffect/BT12/Green/BT12_055.cs,CardEffect,7,SHELL
CardEffect/BT12/Green/BT12_056.cs,CardEffect,7,SHELL
CardEffect/BT12/Green/BT12_057.cs,CardEffect,7,SHELL
CardEffect/BT12/Green/BT12_093.cs,CardEffect,7,SHELL
CardEffect/BT12/Green/BT12_105.cs,CardEffect,7,SHELL
CardEffect/BT12/Green/BT12_106.cs,CardEffect,7,SHELL
CardEffect/BT12/Purple/BT12_006.cs,CardEffect,7,SHELL
CardEffect/BT12/Purple/BT12_073.cs,CardEffect,7,SHELL
CardEffect/BT12/Purple/BT12_074.cs,CardEffect,7,SHELL
CardEffect/BT12/Purple/BT12_075.cs,CardEffect,7,SHELL
CardEffect/BT12/Purple/BT12_076.cs,CardEffect,7,SHELL
CardEffect/BT12/Purple/BT12_077.cs,CardEffect,7,SHELL
CardEffect/BT12/Purple/BT12_078.cs,CardEffect,7,SHELL
CardEffect/BT12/Purple/BT12_080.cs,CardEffect,7,SHELL
CardEffect/BT12/Purple/BT12_081.cs,CardEffect,7,SHELL
CardEffect/BT12/Purple/BT12_082.cs,CardEffect,7,SHELL
CardEffect/BT12/Purple/BT12_083.cs,CardEffect,7,SHELL
CardEffect/BT12/Purple/BT12_084.cs,CardEffect,7,SHELL
CardEffect/BT12/Purple/BT12_085.cs,CardEffect,7,SHELL
CardEffect/BT12/Purple/BT12_096.cs,CardEffect,7,SHELL
CardEffect/BT12/Purple/BT12_097.cs,CardEffect,7,SHELL
CardEffect/BT12/Purple/BT12_109.cs,CardEffect,7,SHELL
CardEffect/BT12/Purple/BT12_110.cs,CardEffect,7,SHELL
CardEffect/BT12/Purple/BT12_111.cs,CardEffect,7,SHELL
CardEffect/BT12/Red/BT12_001.cs,CardEffect,7,SHELL
CardEffect/BT12/Red/BT12_007.cs,CardEffect,7,SHELL
CardEffect/BT12/Red/BT12_008.cs,CardEffect,7,SHELL
CardEffect/BT12/Red/BT12_009.cs,CardEffect,7,SHELL
CardEffect/BT12/Red/BT12_010.cs,CardEffect,7,SHELL
CardEffect/BT12/Red/BT12_011.cs,CardEffect,7,SHELL
CardEffect/BT12/Red/BT12_012.cs,CardEffect,7,SHELL
CardEffect/BT12/Red/BT12_013.cs,CardEffect,7,SHELL
CardEffect/BT12/Red/BT12_014.cs,CardEffect,7,SHELL
CardEffect/BT12/Red/BT12_015.cs,CardEffect,7,SHELL
CardEffect/BT12/Red/BT12_016.cs,CardEffect,7,SHELL
CardEffect/BT12/Red/BT12_017.cs,CardEffect,7,SHELL
CardEffect/BT12/Red/BT12_018.cs,CardEffect,7,SHELL
CardEffect/BT12/Red/BT12_087.cs,CardEffect,7,SHELL
CardEffect/BT12/Red/BT12_088.cs,CardEffect,7,SHELL
CardEffect/BT12/Red/BT12_089.cs,CardEffect,7,SHELL
CardEffect/BT12/Red/BT12_099.cs,CardEffect,7,SHELL
CardEffect/BT12/Red/BT12_100.cs,CardEffect,7,SHELL
CardEffect/BT12/Red/BT12_108.cs,CardEffect,7,SHELL
CardEffect/BT12/White/BT12_086.cs,CardEffect,7,SHELL
CardEffect/BT12/White/BT12_098.cs,CardEffect,7,SHELL
CardEffect/BT12/White/BT12_112.cs,CardEffect,7,SHELL
CardEffect/BT12/Yellow/BT12_003.cs,CardEffect,7,SHELL
CardEffect/BT12/Yellow/BT12_034.cs,CardEffect,7,SHELL
CardEffect/BT12/Yellow/BT12_035.cs,CardEffect,7,SHELL
CardEffect/BT12/Yellow/BT12_037.cs,CardEffect,7,SHELL
CardEffect/BT12/Yellow/BT12_038.cs,CardEffect,7,SHELL
CardEffect/BT12/Yellow/BT12_039.cs,CardEffect,7,SHELL
CardEffect/BT12/Yellow/BT12_041.cs,CardEffect,7,SHELL
CardEffect/BT12/Yellow/BT12_042.cs,CardEffect,7,SHELL
CardEffect/BT12/Yellow/BT12_043.cs,CardEffect,7,SHELL
CardEffect/BT12/Yellow/BT12_044.cs,CardEffect,244,IMPL
CardEffect/BT12/Yellow/BT12_091.cs,CardEffect,7,SHELL
CardEffect/BT12/Yellow/BT12_092.cs,CardEffect,7,SHELL
CardEffect/BT12/Yellow/BT12_103.cs,CardEffect,7,SHELL
CardEffect/BT12/Yellow/BT12_104.cs,CardEffect,7,SHELL
CardEffect/BT13/Black/BT13_005.cs,CardEffect,7,SHELL
CardEffect/BT13/Black/BT13_061.cs,CardEffect,7,SHELL
CardEffect/BT13/Black/BT13_062.cs,CardEffect,7,SHELL
CardEffect/BT13/Black/BT13_063.cs,CardEffect,7,SHELL
CardEffect/BT13/Black/BT13_064.cs,CardEffect,7,SHELL
CardEffect/BT13/Black/BT13_065.cs,CardEffect,7,SHELL
CardEffect/BT13/Black/BT13_067.cs,CardEffect,7,SHELL
CardEffect/BT13/Black/BT13_068.cs,CardEffect,7,SHELL
CardEffect/BT13/Black/BT13_069.cs,CardEffect,7,SHELL
CardEffect/BT13/Black/BT13_070.cs,CardEffect,7,SHELL
CardEffect/BT13/Black/BT13_071.cs,CardEffect,7,SHELL
CardEffect/BT13/Black/BT13_072.cs,CardEffect,7,SHELL
CardEffect/BT13/Black/BT13_073.cs,CardEffect,7,SHELL
CardEffect/BT13/Black/BT13_074.cs,CardEffect,7,SHELL
CardEffect/BT13/Black/BT13_075.cs,CardEffect,7,SHELL
CardEffect/BT13/Black/BT13_076.cs,CardEffect,7,SHELL
CardEffect/BT13/Black/BT13_077.cs,CardEffect,7,SHELL
CardEffect/BT13/Black/BT13_108.cs,CardEffect,7,SHELL
CardEffect/BT13/Blue/BT13_002.cs,CardEffect,7,SHELL
CardEffect/BT13/Blue/BT13_021.cs,CardEffect,7,SHELL
CardEffect/BT13/Blue/BT13_023.cs,CardEffect,109,IMPL
CardEffect/BT13/Blue/BT13_025.cs,CardEffect,7,SHELL
CardEffect/BT13/Blue/BT13_026.cs,CardEffect,7,SHELL
CardEffect/BT13/Blue/BT13_027.cs,CardEffect,7,SHELL
CardEffect/BT13/Blue/BT13_028.cs,CardEffect,374,IMPL
CardEffect/BT13/Blue/BT13_029.cs,CardEffect,7,SHELL
CardEffect/BT13/Blue/BT13_030.cs,CardEffect,7,SHELL
CardEffect/BT13/Blue/BT13_031.cs,CardEffect,7,SHELL
CardEffect/BT13/Blue/BT13_032.cs,CardEffect,7,SHELL
CardEffect/BT13/Blue/BT13_033.cs,CardEffect,304,IMPL
CardEffect/BT13/Blue/BT13_096.cs,CardEffect,7,SHELL
CardEffect/BT13/Blue/BT13_097.cs,CardEffect,7,SHELL
CardEffect/BT13/Blue/BT13_105.cs,CardEffect,7,SHELL
CardEffect/BT13/Green/BT13_004.cs,CardEffect,7,SHELL
CardEffect/BT13/Green/BT13_047.cs,CardEffect,7,SHELL
CardEffect/BT13/Green/BT13_048.cs,CardEffect,7,SHELL
CardEffect/BT13/Green/BT13_049.cs,CardEffect,7,SHELL
CardEffect/BT13/Green/BT13_050.cs,CardEffect,7,SHELL
CardEffect/BT13/Green/BT13_051.cs,CardEffect,7,SHELL
CardEffect/BT13/Green/BT13_052.cs,CardEffect,7,SHELL
CardEffect/BT13/Green/BT13_053.cs,CardEffect,7,SHELL
CardEffect/BT13/Green/BT13_054.cs,CardEffect,7,SHELL
CardEffect/BT13/Green/BT13_055.cs,CardEffect,7,SHELL
CardEffect/BT13/Green/BT13_056.cs,CardEffect,7,SHELL
CardEffect/BT13/Green/BT13_057.cs,CardEffect,7,SHELL
CardEffect/BT13/Green/BT13_058.cs,CardEffect,7,SHELL
CardEffect/BT13/Green/BT13_059.cs,CardEffect,7,SHELL
CardEffect/BT13/Green/BT13_060.cs,CardEffect,7,SHELL
CardEffect/BT13/Green/BT13_100.cs,CardEffect,7,SHELL
CardEffect/BT13/Green/BT13_107.cs,CardEffect,7,SHELL
CardEffect/BT13/Purple/BT13_006.cs,CardEffect,7,SHELL
CardEffect/BT13/Purple/BT13_078.cs,CardEffect,7,SHELL
CardEffect/BT13/Purple/BT13_079.cs,CardEffect,7,SHELL
CardEffect/BT13/Purple/BT13_080.cs,CardEffect,7,SHELL
CardEffect/BT13/Purple/BT13_081.cs,CardEffect,7,SHELL
CardEffect/BT13/Purple/BT13_082.cs,CardEffect,7,SHELL
CardEffect/BT13/Purple/BT13_083.cs,CardEffect,7,SHELL
CardEffect/BT13/Purple/BT13_084.cs,CardEffect,7,SHELL
CardEffect/BT13/Purple/BT13_085.cs,CardEffect,7,SHELL
CardEffect/BT13/Purple/BT13_086.cs,CardEffect,7,SHELL
CardEffect/BT13/Purple/BT13_087.cs,CardEffect,7,SHELL
CardEffect/BT13/Purple/BT13_088.cs,CardEffect,7,SHELL
CardEffect/BT13/Purple/BT13_089.cs,CardEffect,7,SHELL
CardEffect/BT13/Purple/BT13_090.cs,CardEffect,7,SHELL
CardEffect/BT13/Purple/BT13_091.cs,CardEffect,7,SHELL
CardEffect/BT13/Purple/BT13_092.cs,CardEffect,7,SHELL
CardEffect/BT13/Purple/BT13_102.cs,CardEffect,7,SHELL
CardEffect/BT13/Purple/BT13_103.cs,CardEffect,7,SHELL
CardEffect/BT13/Purple/BT13_109.cs,CardEffect,7,SHELL
CardEffect/BT13/Red/BT13_001.cs,CardEffect,7,SHELL
CardEffect/BT13/Red/BT13_008.cs,CardEffect,7,SHELL
CardEffect/BT13/Red/BT13_009.cs,CardEffect,7,SHELL
CardEffect/BT13/Red/BT13_010.cs,CardEffect,7,SHELL
CardEffect/BT13/Red/BT13_011.cs,CardEffect,7,SHELL
CardEffect/BT13/Red/BT13_012.cs,CardEffect,7,SHELL
CardEffect/BT13/Red/BT13_013.cs,CardEffect,7,SHELL
CardEffect/BT13/Red/BT13_014.cs,CardEffect,7,SHELL
CardEffect/BT13/Red/BT13_015.cs,CardEffect,7,SHELL
CardEffect/BT13/Red/BT13_016.cs,CardEffect,7,SHELL
CardEffect/BT13/Red/BT13_017.cs,CardEffect,7,SHELL
CardEffect/BT13/Red/BT13_018.cs,CardEffect,7,SHELL
CardEffect/BT13/Red/BT13_019.cs,CardEffect,7,SHELL
CardEffect/BT13/Red/BT13_020.cs,CardEffect,7,SHELL
CardEffect/BT13/Red/BT13_094.cs,CardEffect,7,SHELL
CardEffect/BT13/Red/BT13_095.cs,CardEffect,7,SHELL
CardEffect/BT13/Red/BT13_104.cs,CardEffect,7,SHELL
CardEffect/BT13/Red/BT13_111.cs,CardEffect,7,SHELL
CardEffect/BT13/White/BT13_007.cs,CardEffect,7,SHELL
CardEffect/BT13/White/BT13_093.cs,CardEffect,7,SHELL
CardEffect/BT13/White/BT13_110.cs,CardEffect,7,SHELL
CardEffect/BT13/White/BT13_112.cs,CardEffect,7,SHELL
CardEffect/BT13/Yellow/BT13_003.cs,CardEffect,7,SHELL
CardEffect/BT13/Yellow/BT13_034.cs,CardEffect,7,SHELL
CardEffect/BT13/Yellow/BT13_035.cs,CardEffect,7,SHELL
CardEffect/BT13/Yellow/BT13_036.cs,CardEffect,7,SHELL
CardEffect/BT13/Yellow/BT13_037.cs,CardEffect,7,SHELL
CardEffect/BT13/Yellow/BT13_038.cs,CardEffect,7,SHELL
CardEffect/BT13/Yellow/BT13_039.cs,CardEffect,7,SHELL
CardEffect/BT13/Yellow/BT13_040.cs,CardEffect,7,SHELL
CardEffect/BT13/Yellow/BT13_041.cs,CardEffect,7,SHELL
CardEffect/BT13/Yellow/BT13_042.cs,CardEffect,7,SHELL
CardEffect/BT13/Yellow/BT13_043.cs,CardEffect,7,SHELL
CardEffect/BT13/Yellow/BT13_044.cs,CardEffect,7,SHELL
CardEffect/BT13/Yellow/BT13_045.cs,CardEffect,7,SHELL
CardEffect/BT13/Yellow/BT13_046.cs,CardEffect,7,SHELL
CardEffect/BT13/Yellow/BT13_098.cs,CardEffect,7,SHELL
CardEffect/BT13/Yellow/BT13_099.cs,CardEffect,7,SHELL
CardEffect/BT13/Yellow/BT13_101.cs,CardEffect,7,SHELL
CardEffect/BT13/Yellow/BT13_106.cs,CardEffect,7,SHELL
CardEffect/BT14/Black/BT14_005.cs,CardEffect,7,SHELL
CardEffect/BT14/Black/BT14_056.cs,CardEffect,7,SHELL
CardEffect/BT14/Black/BT14_057.cs,CardEffect,7,SHELL
CardEffect/BT14/Black/BT14_058.cs,CardEffect,7,SHELL
CardEffect/BT14/Black/BT14_059.cs,CardEffect,7,SHELL
CardEffect/BT14/Black/BT14_060.cs,CardEffect,7,SHELL
CardEffect/BT14/Black/BT14_061.cs,CardEffect,7,SHELL
CardEffect/BT14/Black/BT14_062.cs,CardEffect,7,SHELL
CardEffect/BT14/Black/BT14_063.cs,CardEffect,7,SHELL
CardEffect/BT14/Black/BT14_064.cs,CardEffect,7,SHELL
CardEffect/BT14/Black/BT14_065.cs,CardEffect,7,SHELL
CardEffect/BT14/Black/BT14_066.cs,CardEffect,7,SHELL
CardEffect/BT14/Black/BT14_067.cs,CardEffect,7,SHELL
CardEffect/BT14/Black/BT14_068.cs,CardEffect,7,SHELL
CardEffect/BT14/Black/BT14_086.cs,CardEffect,7,SHELL
CardEffect/BT14/Black/BT14_097.cs,CardEffect,314,IMPL
CardEffect/BT14/Black/BT14_098.cs,CardEffect,7,SHELL
CardEffect/BT14/Blue/BT14_002.cs,CardEffect,7,SHELL
CardEffect/BT14/Blue/BT14_019.cs,CardEffect,7,SHELL
CardEffect/BT14/Blue/BT14_020.cs,CardEffect,7,SHELL
CardEffect/BT14/Blue/BT14_021.cs,CardEffect,7,SHELL
CardEffect/BT14/Blue/BT14_022.cs,CardEffect,7,SHELL
CardEffect/BT14/Blue/BT14_023.cs,CardEffect,7,SHELL
CardEffect/BT14/Blue/BT14_026.cs,CardEffect,7,SHELL
CardEffect/BT14/Blue/BT14_027.cs,CardEffect,7,SHELL
CardEffect/BT14/Blue/BT14_028.cs,CardEffect,7,SHELL
CardEffect/BT14/Blue/BT14_029.cs,CardEffect,7,SHELL
CardEffect/BT14/Blue/BT14_030.cs,CardEffect,421,IMPL
CardEffect/BT14/Blue/BT14_083.cs,CardEffect,7,SHELL
CardEffect/BT14/Blue/BT14_091.cs,CardEffect,7,SHELL
CardEffect/BT14/Blue/BT14_092.cs,CardEffect,7,SHELL
CardEffect/BT14/Green/BT14_004.cs,CardEffect,7,SHELL
CardEffect/BT14/Green/BT14_042.cs,CardEffect,7,SHELL
CardEffect/BT14/Green/BT14_043.cs,CardEffect,7,SHELL
CardEffect/BT14/Green/BT14_044.cs,CardEffect,7,SHELL
CardEffect/BT14/Green/BT14_046.cs,CardEffect,7,SHELL
CardEffect/BT14/Green/BT14_047.cs,CardEffect,7,SHELL
CardEffect/BT14/Green/BT14_048.cs,CardEffect,7,SHELL
CardEffect/BT14/Green/BT14_049.cs,CardEffect,7,SHELL
CardEffect/BT14/Green/BT14_050.cs,CardEffect,7,SHELL
CardEffect/BT14/Green/BT14_051.cs,CardEffect,7,SHELL
CardEffect/BT14/Green/BT14_052.cs,CardEffect,7,SHELL
CardEffect/BT14/Green/BT14_053.cs,CardEffect,7,SHELL
CardEffect/BT14/Green/BT14_054.cs,CardEffect,7,SHELL
CardEffect/BT14/Green/BT14_085.cs,CardEffect,7,SHELL
CardEffect/BT14/Green/BT14_095.cs,CardEffect,7,SHELL
CardEffect/BT14/Green/BT14_096.cs,CardEffect,7,SHELL
CardEffect/BT14/Purple/BT14_006.cs,CardEffect,7,SHELL
CardEffect/BT14/Purple/BT14_070.cs,CardEffect,7,SHELL
CardEffect/BT14/Purple/BT14_071.cs,CardEffect,7,SHELL
CardEffect/BT14/Purple/BT14_072.cs,CardEffect,7,SHELL
CardEffect/BT14/Purple/BT14_073.cs,CardEffect,7,SHELL
CardEffect/BT14/Purple/BT14_074.cs,CardEffect,7,SHELL
CardEffect/BT14/Purple/BT14_075.cs,CardEffect,7,SHELL
CardEffect/BT14/Purple/BT14_076.cs,CardEffect,7,SHELL
CardEffect/BT14/Purple/BT14_077.cs,CardEffect,7,SHELL
CardEffect/BT14/Purple/BT14_078.cs,CardEffect,7,SHELL
CardEffect/BT14/Purple/BT14_079.cs,CardEffect,7,SHELL
CardEffect/BT14/Purple/BT14_080.cs,CardEffect,7,SHELL
CardEffect/BT14/Purple/BT14_081.cs,CardEffect,282,IMPL
CardEffect/BT14/Purple/BT14_087.cs,CardEffect,7,SHELL
CardEffect/BT14/Purple/BT14_099.cs,CardEffect,7,SHELL
CardEffect/BT14/Purple/BT14_100.cs,CardEffect,7,SHELL
CardEffect/BT14/Red/BT14_001.cs,CardEffect,7,SHELL
CardEffect/BT14/Red/BT14_007.cs,CardEffect,7,SHELL
CardEffect/BT14/Red/BT14_008.cs,CardEffect,7,SHELL
CardEffect/BT14/Red/BT14_012.cs,CardEffect,7,SHELL
CardEffect/BT14/Red/BT14_013.cs,CardEffect,7,SHELL
CardEffect/BT14/Red/BT14_014.cs,CardEffect,7,SHELL
CardEffect/BT14/Red/BT14_015.cs,CardEffect,7,SHELL
CardEffect/BT14/Red/BT14_016.cs,CardEffect,7,SHELL
CardEffect/BT14/Red/BT14_017.cs,CardEffect,7,SHELL
CardEffect/BT14/Red/BT14_018.cs,CardEffect,322,IMPL
CardEffect/BT14/Red/BT14_082.cs,CardEffect,7,SHELL
CardEffect/BT14/Red/BT14_089.cs,CardEffect,7,SHELL
CardEffect/BT14/Red/BT14_090.cs,CardEffect,7,SHELL
CardEffect/BT14/Red/BT14_101.cs,CardEffect,7,SHELL
CardEffect/BT14/White/BT14_088.cs,CardEffect,7,SHELL
CardEffect/BT14/Yellow/BT14_003.cs,CardEffect,7,SHELL
CardEffect/BT14/Yellow/BT14_031.cs,CardEffect,7,SHELL
CardEffect/BT14/Yellow/BT14_032.cs,CardEffect,7,SHELL
CardEffect/BT14/Yellow/BT14_033.cs,CardEffect,7,SHELL
CardEffect/BT14/Yellow/BT14_034.cs,CardEffect,7,SHELL
CardEffect/BT14/Yellow/BT14_035.cs,CardEffect,27,IMPL
CardEffect/BT14/Yellow/BT14_036.cs,CardEffect,7,SHELL
CardEffect/BT14/Yellow/BT14_037.cs,CardEffect,7,SHELL
CardEffect/BT14/Yellow/BT14_038.cs,CardEffect,7,SHELL
CardEffect/BT14/Yellow/BT14_039.cs,CardEffect,7,SHELL
CardEffect/BT14/Yellow/BT14_040.cs,CardEffect,7,SHELL
CardEffect/BT14/Yellow/BT14_041.cs,CardEffect,7,SHELL
CardEffect/BT14/Yellow/BT14_084.cs,CardEffect,7,SHELL
CardEffect/BT14/Yellow/BT14_093.cs,CardEffect,7,SHELL
CardEffect/BT14/Yellow/BT14_094.cs,CardEffect,7,SHELL
CardEffect/BT14/Yellow/BT14_102.cs,CardEffect,7,SHELL
CardEffect/BT15/Black/BT15_005.cs,CardEffect,7,SHELL
CardEffect/BT15/Black/BT15_055.cs,CardEffect,7,SHELL
CardEffect/BT15/Black/BT15_056.cs,CardEffect,7,SHELL
CardEffect/BT15/Black/BT15_057.cs,CardEffect,7,SHELL
CardEffect/BT15/Black/BT15_058.cs,CardEffect,7,SHELL
CardEffect/BT15/Black/BT15_059.cs,CardEffect,7,SHELL
CardEffect/BT15/Black/BT15_060.cs,CardEffect,7,SHELL
CardEffect/BT15/Black/BT15_061.cs,CardEffect,7,SHELL
CardEffect/BT15/Black/BT15_062.cs,CardEffect,7,SHELL
CardEffect/BT15/Black/BT15_063.cs,CardEffect,7,SHELL
CardEffect/BT15/Black/BT15_064.cs,CardEffect,7,SHELL
CardEffect/BT15/Black/BT15_065.cs,CardEffect,7,SHELL
CardEffect/BT15/Black/BT15_066.cs,CardEffect,7,SHELL
CardEffect/BT15/Black/BT15_067.cs,CardEffect,7,SHELL
CardEffect/BT15/Black/BT15_086.cs,CardEffect,7,SHELL
CardEffect/BT15/Black/BT15_087.cs,CardEffect,7,SHELL
CardEffect/BT15/Black/BT15_096.cs,CardEffect,7,SHELL
CardEffect/BT15/Black/BT15_097.cs,CardEffect,7,SHELL
CardEffect/BT15/Blue/BT15_002.cs,CardEffect,7,SHELL
CardEffect/BT15/Blue/BT15_019.cs,CardEffect,7,SHELL
CardEffect/BT15/Blue/BT15_020.cs,CardEffect,7,SHELL
CardEffect/BT15/Blue/BT15_021.cs,CardEffect,7,SHELL
CardEffect/BT15/Blue/BT15_022.cs,CardEffect,7,SHELL
CardEffect/BT15/Blue/BT15_023.cs,CardEffect,7,SHELL
CardEffect/BT15/Blue/BT15_024.cs,CardEffect,7,SHELL
CardEffect/BT15/Blue/BT15_025.cs,CardEffect,7,SHELL
CardEffect/BT15/Blue/BT15_026.cs,CardEffect,7,SHELL
CardEffect/BT15/Blue/BT15_027.cs,CardEffect,7,SHELL
CardEffect/BT15/Blue/BT15_028.cs,CardEffect,7,SHELL
CardEffect/BT15/Blue/BT15_029.cs,CardEffect,7,SHELL
CardEffect/BT15/Blue/BT15_030.cs,CardEffect,7,SHELL
CardEffect/BT15/Blue/BT15_031.cs,CardEffect,7,SHELL
CardEffect/BT15/Blue/BT15_032.cs,CardEffect,7,SHELL
CardEffect/BT15/Blue/BT15_083.cs,CardEffect,111,IMPL
CardEffect/BT15/Blue/BT15_090.cs,CardEffect,7,SHELL
CardEffect/BT15/Blue/BT15_091.cs,CardEffect,7,SHELL
CardEffect/BT15/Blue/BT15_101.cs,CardEffect,7,SHELL
CardEffect/BT15/Green/BT15_004.cs,CardEffect,7,SHELL
CardEffect/BT15/Green/BT15_043.cs,CardEffect,7,SHELL
CardEffect/BT15/Green/BT15_044.cs,CardEffect,7,SHELL
CardEffect/BT15/Green/BT15_045.cs,CardEffect,7,SHELL
CardEffect/BT15/Green/BT15_046.cs,CardEffect,7,SHELL
CardEffect/BT15/Green/BT15_047.cs,CardEffect,7,SHELL
CardEffect/BT15/Green/BT15_048.cs,CardEffect,7,SHELL
CardEffect/BT15/Green/BT15_049.cs,CardEffect,7,SHELL
CardEffect/BT15/Green/BT15_050.cs,CardEffect,7,SHELL
CardEffect/BT15/Green/BT15_051.cs,CardEffect,7,SHELL
CardEffect/BT15/Green/BT15_052.cs,CardEffect,7,SHELL
CardEffect/BT15/Green/BT15_053.cs,CardEffect,7,SHELL
CardEffect/BT15/Green/BT15_054.cs,CardEffect,7,SHELL
CardEffect/BT15/Green/BT15_085.cs,CardEffect,7,SHELL
CardEffect/BT15/Green/BT15_094.cs,CardEffect,7,SHELL
CardEffect/BT15/Green/BT15_095.cs,CardEffect,7,SHELL
CardEffect/BT15/Purple/BT15_006.cs,CardEffect,7,SHELL
CardEffect/BT15/Purple/BT15_068.cs,CardEffect,7,SHELL
CardEffect/BT15/Purple/BT15_069.cs,CardEffect,7,SHELL
CardEffect/BT15/Purple/BT15_070.cs,CardEffect,7,SHELL
CardEffect/BT15/Purple/BT15_071.cs,CardEffect,7,SHELL
CardEffect/BT15/Purple/BT15_072.cs,CardEffect,7,SHELL
CardEffect/BT15/Purple/BT15_073.cs,CardEffect,7,SHELL
CardEffect/BT15/Purple/BT15_074.cs,CardEffect,7,SHELL
CardEffect/BT15/Purple/BT15_075.cs,CardEffect,7,SHELL
CardEffect/BT15/Purple/BT15_076.cs,CardEffect,7,SHELL
CardEffect/BT15/Purple/BT15_077.cs,CardEffect,7,SHELL
CardEffect/BT15/Purple/BT15_078.cs,CardEffect,330,IMPL
CardEffect/BT15/Purple/BT15_079.cs,CardEffect,7,SHELL
CardEffect/BT15/Purple/BT15_080.cs,CardEffect,7,SHELL
CardEffect/BT15/Purple/BT15_081.cs,CardEffect,7,SHELL
CardEffect/BT15/Purple/BT15_098.cs,CardEffect,7,SHELL
CardEffect/BT15/Purple/BT15_099.cs,CardEffect,7,SHELL
CardEffect/BT15/Purple/BT15_100.cs,CardEffect,7,SHELL
CardEffect/BT15/Red/BT15_001.cs,CardEffect,7,SHELL
CardEffect/BT15/Red/BT15_007.cs,CardEffect,7,SHELL
CardEffect/BT15/Red/BT15_008.cs,CardEffect,7,SHELL
CardEffect/BT15/Red/BT15_009.cs,CardEffect,7,SHELL
CardEffect/BT15/Red/BT15_010.cs,CardEffect,7,SHELL
CardEffect/BT15/Red/BT15_011.cs,CardEffect,7,SHELL
CardEffect/BT15/Red/BT15_012.cs,CardEffect,7,SHELL
CardEffect/BT15/Red/BT15_013.cs,CardEffect,7,SHELL
CardEffect/BT15/Red/BT15_014.cs,CardEffect,7,SHELL
CardEffect/BT15/Red/BT15_015.cs,CardEffect,7,SHELL
CardEffect/BT15/Red/BT15_016.cs,CardEffect,7,SHELL
CardEffect/BT15/Red/BT15_017.cs,CardEffect,7,SHELL
CardEffect/BT15/Red/BT15_018.cs,CardEffect,7,SHELL
CardEffect/BT15/Red/BT15_082.cs,CardEffect,183,IMPL
CardEffect/BT15/Red/BT15_088.cs,CardEffect,7,SHELL
CardEffect/BT15/Red/BT15_089.cs,CardEffect,7,SHELL
CardEffect/BT15/White/BT15_102.cs,CardEffect,624,IMPL
CardEffect/BT15/Yellow/BT15_003.cs,CardEffect,7,SHELL
CardEffect/BT15/Yellow/BT15_033.cs,CardEffect,7,SHELL
CardEffect/BT15/Yellow/BT15_034.cs,CardEffect,7,SHELL
CardEffect/BT15/Yellow/BT15_035.cs,CardEffect,7,SHELL
CardEffect/BT15/Yellow/BT15_036.cs,CardEffect,7,SHELL
CardEffect/BT15/Yellow/BT15_037.cs,CardEffect,115,IMPL
CardEffect/BT15/Yellow/BT15_038.cs,CardEffect,7,SHELL
CardEffect/BT15/Yellow/BT15_039.cs,CardEffect,7,SHELL
CardEffect/BT15/Yellow/BT15_040.cs,CardEffect,7,SHELL
CardEffect/BT15/Yellow/BT15_041.cs,CardEffect,7,SHELL
CardEffect/BT15/Yellow/BT15_042.cs,CardEffect,7,SHELL
CardEffect/BT15/Yellow/BT15_084.cs,CardEffect,7,SHELL
CardEffect/BT15/Yellow/BT15_092.cs,CardEffect,7,SHELL
CardEffect/BT15/Yellow/BT15_093.cs,CardEffect,7,SHELL
CardEffect/BT16/Black/BT16_005.cs,CardEffect,7,SHELL
CardEffect/BT16/Black/BT16_049.cs,CardEffect,7,SHELL
CardEffect/BT16/Black/BT16_050.cs,CardEffect,7,SHELL
CardEffect/BT16/Black/BT16_051.cs,CardEffect,7,SHELL
CardEffect/BT16/Black/BT16_052.cs,CardEffect,101,IMPL
CardEffect/BT16/Black/BT16_052_token.cs,CardEffect,7,SHELL
CardEffect/BT16/Black/BT16_053.cs,CardEffect,7,SHELL
CardEffect/BT16/Black/BT16_054.cs,CardEffect,7,SHELL
CardEffect/BT16/Black/BT16_055.cs,CardEffect,7,SHELL
CardEffect/BT16/Black/BT16_056.cs,CardEffect,7,SHELL
CardEffect/BT16/Black/BT16_057.cs,CardEffect,7,SHELL
CardEffect/BT16/Black/BT16_058.cs,CardEffect,7,SHELL
CardEffect/BT16/Black/BT16_059.cs,CardEffect,7,SHELL
CardEffect/BT16/Black/BT16_060.cs,CardEffect,7,SHELL
CardEffect/BT16/Black/BT16_061.cs,CardEffect,7,SHELL
CardEffect/BT16/Black/BT16_062.cs,CardEffect,7,SHELL
CardEffect/BT16/Black/BT16_063.cs,CardEffect,7,SHELL
CardEffect/BT16/Black/BT16_064.cs,CardEffect,7,SHELL
CardEffect/BT16/Black/BT16_065.cs,CardEffect,7,SHELL
CardEffect/BT16/Black/BT16_087.cs,CardEffect,7,SHELL
CardEffect/BT16/Black/BT16_088.cs,CardEffect,7,SHELL
CardEffect/BT16/Black/BT16_096.cs,CardEffect,7,SHELL
CardEffect/BT16/Black/BT16_097.cs,CardEffect,7,SHELL
CardEffect/BT16/Black/BT16_098.cs,CardEffect,7,SHELL
CardEffect/BT16/Blue/BT16_002.cs,CardEffect,7,SHELL
CardEffect/BT16/Blue/BT16_016.cs,CardEffect,7,SHELL
CardEffect/BT16/Blue/BT16_017.cs,CardEffect,7,SHELL
CardEffect/BT16/Blue/BT16_018.cs,CardEffect,7,SHELL
CardEffect/BT16/Blue/BT16_019.cs,CardEffect,7,SHELL
CardEffect/BT16/Blue/BT16_020.cs,CardEffect,7,SHELL
CardEffect/BT16/Blue/BT16_021.cs,CardEffect,7,SHELL
CardEffect/BT16/Blue/BT16_022.cs,CardEffect,7,SHELL
CardEffect/BT16/Blue/BT16_023.cs,CardEffect,7,SHELL
CardEffect/BT16/Blue/BT16_024.cs,CardEffect,7,SHELL
CardEffect/BT16/Blue/BT16_025.cs,CardEffect,84,IMPL
CardEffect/BT16/Blue/BT16_026.cs,CardEffect,7,SHELL
CardEffect/BT16/Blue/BT16_027.cs,CardEffect,7,SHELL
CardEffect/BT16/Blue/BT16_028.cs,CardEffect,7,SHELL
CardEffect/BT16/Blue/BT16_085.cs,CardEffect,7,SHELL
CardEffect/BT16/Blue/BT16_092.cs,CardEffect,7,SHELL
CardEffect/BT16/Green/BT16_004.cs,CardEffect,7,SHELL
CardEffect/BT16/Green/BT16_037.cs,CardEffect,7,SHELL
CardEffect/BT16/Green/BT16_038.cs,CardEffect,7,SHELL
CardEffect/BT16/Green/BT16_039.cs,CardEffect,7,SHELL
CardEffect/BT16/Green/BT16_040.cs,CardEffect,7,SHELL
CardEffect/BT16/Green/BT16_041.cs,CardEffect,7,SHELL
CardEffect/BT16/Green/BT16_042.cs,CardEffect,7,SHELL
CardEffect/BT16/Green/BT16_043.cs,CardEffect,7,SHELL
CardEffect/BT16/Green/BT16_044.cs,CardEffect,7,SHELL
CardEffect/BT16/Green/BT16_045.cs,CardEffect,7,SHELL
CardEffect/BT16/Green/BT16_046.cs,CardEffect,7,SHELL
CardEffect/BT16/Green/BT16_047.cs,CardEffect,7,SHELL
CardEffect/BT16/Green/BT16_048.cs,CardEffect,7,SHELL
CardEffect/BT16/Green/BT16_095.cs,CardEffect,7,SHELL
CardEffect/BT16/Purple/BT16_006.cs,CardEffect,7,SHELL
CardEffect/BT16/Purple/BT16_066.cs,CardEffect,7,SHELL
CardEffect/BT16/Purple/BT16_067.cs,CardEffect,7,SHELL
CardEffect/BT16/Purple/BT16_068.cs,CardEffect,7,SHELL
CardEffect/BT16/Purple/BT16_069.cs,CardEffect,7,SHELL
CardEffect/BT16/Purple/BT16_070.cs,CardEffect,7,SHELL
CardEffect/BT16/Purple/BT16_071.cs,CardEffect,7,SHELL
CardEffect/BT16/Purple/BT16_072.cs,CardEffect,7,SHELL
CardEffect/BT16/Purple/BT16_073.cs,CardEffect,7,SHELL
CardEffect/BT16/Purple/BT16_074.cs,CardEffect,7,SHELL
CardEffect/BT16/Purple/BT16_075.cs,CardEffect,7,SHELL
CardEffect/BT16/Purple/BT16_076.cs,CardEffect,7,SHELL
CardEffect/BT16/Purple/BT16_077.cs,CardEffect,7,SHELL
CardEffect/BT16/Purple/BT16_078.cs,CardEffect,7,SHELL
CardEffect/BT16/Purple/BT16_079.cs,CardEffect,7,SHELL
CardEffect/BT16/Purple/BT16_080.cs,CardEffect,7,SHELL
CardEffect/BT16/Purple/BT16_081.cs,CardEffect,7,SHELL
CardEffect/BT16/Purple/BT16_089.cs,CardEffect,7,SHELL
CardEffect/BT16/Purple/BT16_099.cs,CardEffect,7,SHELL
CardEffect/BT16/Purple/BT16_100.cs,CardEffect,7,SHELL
CardEffect/BT16/Red/BT16_001.cs,CardEffect,7,SHELL
CardEffect/BT16/Red/BT16_007.cs,CardEffect,7,SHELL
CardEffect/BT16/Red/BT16_008.cs,CardEffect,7,SHELL
CardEffect/BT16/Red/BT16_009.cs,CardEffect,7,SHELL
CardEffect/BT16/Red/BT16_010.cs,CardEffect,7,SHELL
CardEffect/BT16/Red/BT16_011.cs,CardEffect,7,SHELL
CardEffect/BT16/Red/BT16_012.cs,CardEffect,7,SHELL
CardEffect/BT16/Red/BT16_013.cs,CardEffect,7,SHELL
CardEffect/BT16/Red/BT16_014.cs,CardEffect,7,SHELL
CardEffect/BT16/Red/BT16_015.cs,CardEffect,7,SHELL
CardEffect/BT16/Red/BT16_084.cs,CardEffect,7,SHELL
CardEffect/BT16/Red/BT16_091.cs,CardEffect,7,SHELL
CardEffect/BT16/White/BT16_082.cs,CardEffect,7,SHELL
CardEffect/BT16/White/BT16_083.cs,CardEffect,7,SHELL
CardEffect/BT16/White/BT16_090.cs,CardEffect,7,SHELL
CardEffect/BT16/Yellow/BT16_003.cs,CardEffect,7,SHELL
CardEffect/BT16/Yellow/BT16_029.cs,CardEffect,7,SHELL
CardEffect/BT16/Yellow/BT16_030.cs,CardEffect,7,SHELL
CardEffect/BT16/Yellow/BT16_031.cs,CardEffect,7,SHELL
CardEffect/BT16/Yellow/BT16_032.cs,CardEffect,7,SHELL
CardEffect/BT16/Yellow/BT16_033.cs,CardEffect,135,IMPL
CardEffect/BT16/Yellow/BT16_034.cs,CardEffect,7,SHELL
CardEffect/BT16/Yellow/BT16_035.cs,CardEffect,7,SHELL
CardEffect/BT16/Yellow/BT16_036.cs,CardEffect,7,SHELL
CardEffect/BT16/Yellow/BT16_086.cs,CardEffect,7,SHELL
CardEffect/BT16/Yellow/BT16_093.cs,CardEffect,7,SHELL
CardEffect/BT16/Yellow/BT16_094.cs,CardEffect,7,SHELL
CardEffect/BT16/Yellow/BT16_101.cs,CardEffect,7,SHELL
CardEffect/BT16/Yellow/BT16_102.cs,CardEffect,7,SHELL
CardEffect/BT17/Black/BT17_005.cs,CardEffect,7,SHELL
CardEffect/BT17/Black/BT17_052.cs,CardEffect,7,SHELL
CardEffect/BT17/Black/BT17_053.cs,CardEffect,7,SHELL
CardEffect/BT17/Black/BT17_054.cs,CardEffect,7,SHELL
CardEffect/BT17/Black/BT17_055.cs,CardEffect,7,SHELL
CardEffect/BT17/Black/BT17_056.cs,CardEffect,7,SHELL
CardEffect/BT17/Black/BT17_057.cs,CardEffect,7,SHELL
CardEffect/BT17/Black/BT17_058.cs,CardEffect,7,SHELL
CardEffect/BT17/Black/BT17_059.cs,CardEffect,7,SHELL
CardEffect/BT17/Black/BT17_060.cs,CardEffect,7,SHELL
CardEffect/BT17/Black/BT17_100.cs,CardEffect,7,SHELL
CardEffect/BT17/Blue/BT17_002.cs,CardEffect,7,SHELL
CardEffect/BT17/Blue/BT17_019.cs,CardEffect,7,SHELL
CardEffect/BT17/Blue/BT17_020.cs,CardEffect,7,SHELL
CardEffect/BT17/Blue/BT17_021.cs,CardEffect,7,SHELL
CardEffect/BT17/Blue/BT17_022.cs,CardEffect,7,SHELL
CardEffect/BT17/Blue/BT17_023.cs,CardEffect,7,SHELL
CardEffect/BT17/Blue/BT17_024.cs,CardEffect,7,SHELL
CardEffect/BT17/Blue/BT17_025.cs,CardEffect,7,SHELL
CardEffect/BT17/Blue/BT17_026.cs,CardEffect,699,IMPL
CardEffect/BT17/Blue/BT17_027.cs,CardEffect,7,SHELL
CardEffect/BT17/Blue/BT17_028.cs,CardEffect,7,SHELL
CardEffect/BT17/Blue/BT17_082.cs,CardEffect,7,SHELL
CardEffect/BT17/Blue/BT17_083.cs,CardEffect,7,SHELL
CardEffect/BT17/Blue/BT17_084.cs,CardEffect,7,SHELL
CardEffect/BT17/Blue/BT17_097.cs,CardEffect,7,SHELL
CardEffect/BT17/Green/BT17_004.cs,CardEffect,7,SHELL
CardEffect/BT17/Green/BT17_042.cs,CardEffect,7,SHELL
CardEffect/BT17/Green/BT17_043.cs,CardEffect,7,SHELL
CardEffect/BT17/Green/BT17_044.cs,CardEffect,7,SHELL
CardEffect/BT17/Green/BT17_045.cs,CardEffect,7,SHELL
CardEffect/BT17/Green/BT17_046.cs,CardEffect,7,SHELL
CardEffect/BT17/Green/BT17_047.cs,CardEffect,7,SHELL
CardEffect/BT17/Green/BT17_048.cs,CardEffect,7,SHELL
CardEffect/BT17/Green/BT17_049.cs,CardEffect,7,SHELL
CardEffect/BT17/Green/BT17_050.cs,CardEffect,7,SHELL
CardEffect/BT17/Green/BT17_051.cs,CardEffect,7,SHELL
CardEffect/BT17/Green/BT17_088.cs,CardEffect,7,SHELL
CardEffect/BT17/Green/BT17_089.cs,CardEffect,7,SHELL
CardEffect/BT17/Purple/BT17_006.cs,CardEffect,7,SHELL
CardEffect/BT17/Purple/BT17_061.cs,CardEffect,7,SHELL
CardEffect/BT17/Purple/BT17_062.cs,CardEffect,7,SHELL
CardEffect/BT17/Purple/BT17_063.cs,CardEffect,7,SHELL
CardEffect/BT17/Purple/BT17_064.cs,CardEffect,7,SHELL
CardEffect/BT17/Purple/BT17_065.cs,CardEffect,7,SHELL
CardEffect/BT17/Purple/BT17_066.cs,CardEffect,7,SHELL
CardEffect/BT17/Purple/BT17_067.cs,CardEffect,7,SHELL
CardEffect/BT17/Purple/BT17_068.cs,CardEffect,454,IMPL
CardEffect/BT17/Purple/BT17_069.cs,CardEffect,7,SHELL
CardEffect/BT17/Purple/BT17_070.cs,CardEffect,7,SHELL
CardEffect/BT17/Purple/BT17_071.cs,CardEffect,7,SHELL
CardEffect/BT17/Purple/BT17_072.cs,CardEffect,7,SHELL
CardEffect/BT17/Purple/BT17_073.cs,CardEffect,7,SHELL
CardEffect/BT17/Purple/BT17_090.cs,CardEffect,7,SHELL
CardEffect/BT17/Purple/BT17_091.cs,CardEffect,7,SHELL
CardEffect/BT17/Purple/BT17_101.cs,CardEffect,7,SHELL
CardEffect/BT17/Red/BT17_001.cs,CardEffect,7,SHELL
CardEffect/BT17/Red/BT17_007.cs,CardEffect,7,SHELL
CardEffect/BT17/Red/BT17_008.cs,CardEffect,7,SHELL
CardEffect/BT17/Red/BT17_009.cs,CardEffect,7,SHELL
CardEffect/BT17/Red/BT17_010.cs,CardEffect,7,SHELL
CardEffect/BT17/Red/BT17_011.cs,CardEffect,7,SHELL
CardEffect/BT17/Red/BT17_012.cs,CardEffect,7,SHELL
CardEffect/BT17/Red/BT17_013.cs,CardEffect,7,SHELL
CardEffect/BT17/Red/BT17_014.cs,CardEffect,7,SHELL
CardEffect/BT17/Red/BT17_015.cs,CardEffect,7,SHELL
CardEffect/BT17/Red/BT17_016.cs,CardEffect,7,SHELL
CardEffect/BT17/Red/BT17_017.cs,CardEffect,7,SHELL
CardEffect/BT17/Red/BT17_018.cs,CardEffect,7,SHELL
CardEffect/BT17/Red/BT17_079.cs,CardEffect,7,SHELL
CardEffect/BT17/Red/BT17_080.cs,CardEffect,7,SHELL
CardEffect/BT17/Red/BT17_081.cs,CardEffect,7,SHELL
CardEffect/BT17/Red/BT17_094.cs,CardEffect,7,SHELL
CardEffect/BT17/Red/BT17_095.cs,CardEffect,684,IMPL
CardEffect/BT17/Red/BT17_096.cs,CardEffect,7,SHELL
CardEffect/BT17/White/BT17_074.cs,CardEffect,7,SHELL
CardEffect/BT17/White/BT17_075.cs,CardEffect,7,SHELL
CardEffect/BT17/White/BT17_076.cs,CardEffect,7,SHELL
CardEffect/BT17/White/BT17_077.cs,CardEffect,7,SHELL
CardEffect/BT17/White/BT17_078.cs,CardEffect,7,SHELL
CardEffect/BT17/White/BT17_092.cs,CardEffect,7,SHELL
CardEffect/BT17/White/BT17_093.cs,CardEffect,7,SHELL
CardEffect/BT17/White/BT17_102.cs,CardEffect,7,SHELL
CardEffect/BT17/Yellow/BT17_003.cs,CardEffect,7,SHELL
CardEffect/BT17/Yellow/BT17_029.cs,CardEffect,7,SHELL
CardEffect/BT17/Yellow/BT17_030.cs,CardEffect,7,SHELL
CardEffect/BT17/Yellow/BT17_031.cs,CardEffect,7,SHELL
CardEffect/BT17/Yellow/BT17_032.cs,CardEffect,7,SHELL
CardEffect/BT17/Yellow/BT17_033.cs,CardEffect,7,SHELL
CardEffect/BT17/Yellow/BT17_034.cs,CardEffect,7,SHELL
CardEffect/BT17/Yellow/BT17_035.cs,CardEffect,7,SHELL
CardEffect/BT17/Yellow/BT17_036.cs,CardEffect,7,SHELL
CardEffect/BT17/Yellow/BT17_037.cs,CardEffect,7,SHELL
CardEffect/BT17/Yellow/BT17_038.cs,CardEffect,7,SHELL
CardEffect/BT17/Yellow/BT17_039.cs,CardEffect,7,SHELL
CardEffect/BT17/Yellow/BT17_040.cs,CardEffect,7,SHELL
CardEffect/BT17/Yellow/BT17_041.cs,CardEffect,7,SHELL
CardEffect/BT17/Yellow/BT17_085.cs,CardEffect,7,SHELL
CardEffect/BT17/Yellow/BT17_086.cs,CardEffect,7,SHELL
CardEffect/BT17/Yellow/BT17_087.cs,CardEffect,7,SHELL
CardEffect/BT17/Yellow/BT17_098.cs,CardEffect,7,SHELL
CardEffect/BT17/Yellow/BT17_099.cs,CardEffect,7,SHELL
CardEffect/BT18/Black/BT18_005.cs,CardEffect,7,SHELL
CardEffect/BT18/Black/BT18_057.cs,CardEffect,7,SHELL
CardEffect/BT18/Black/BT18_058.cs,CardEffect,7,SHELL
CardEffect/BT18/Black/BT18_059.cs,CardEffect,7,SHELL
CardEffect/BT18/Black/BT18_060.cs,CardEffect,7,SHELL
CardEffect/BT18/Black/BT18_061.cs,CardEffect,7,SHELL
CardEffect/BT18/Black/BT18_062.cs,CardEffect,7,SHELL
CardEffect/BT18/Black/BT18_063.cs,CardEffect,7,SHELL
CardEffect/BT18/Black/BT18_064.cs,CardEffect,7,SHELL
CardEffect/BT18/Black/BT18_065.cs,CardEffect,347,IMPL
CardEffect/BT18/Black/BT18_066.cs,CardEffect,7,SHELL
CardEffect/BT18/Black/BT18_067.cs,CardEffect,7,SHELL
CardEffect/BT18/Black/BT18_068.cs,CardEffect,7,SHELL
CardEffect/BT18/Black/BT18_069.cs,CardEffect,7,SHELL
CardEffect/BT18/Black/BT18_070.cs,CardEffect,7,SHELL
CardEffect/BT18/Black/BT18_071.cs,CardEffect,7,SHELL
CardEffect/BT18/Black/BT18_072.cs,CardEffect,7,SHELL
CardEffect/BT18/Black/BT18_073.cs,CardEffect,7,SHELL
CardEffect/BT18/Black/BT18_074.cs,CardEffect,7,SHELL
CardEffect/BT18/Black/BT18_091.cs,CardEffect,7,SHELL
CardEffect/BT18/Black/BT18_092.cs,CardEffect,7,SHELL
CardEffect/BT18/Blue/BT18_002.cs,CardEffect,7,SHELL
CardEffect/BT18/Blue/BT18_021.cs,CardEffect,7,SHELL
CardEffect/BT18/Blue/BT18_022.cs,CardEffect,7,SHELL
CardEffect/BT18/Blue/BT18_023.cs,CardEffect,7,SHELL
CardEffect/BT18/Blue/BT18_024.cs,CardEffect,7,SHELL
CardEffect/BT18/Blue/BT18_025.cs,CardEffect,7,SHELL
CardEffect/BT18/Blue/BT18_026.cs,CardEffect,7,SHELL
CardEffect/BT18/Blue/BT18_027.cs,CardEffect,7,SHELL
CardEffect/BT18/Blue/BT18_028.cs,CardEffect,7,SHELL
CardEffect/BT18/Blue/BT18_029.cs,CardEffect,7,SHELL
CardEffect/BT18/Blue/BT18_089.cs,CardEffect,7,SHELL
CardEffect/BT18/Green/BT18_004.cs,CardEffect,7,SHELL
CardEffect/BT18/Green/BT18_043.cs,CardEffect,7,SHELL
CardEffect/BT18/Green/BT18_044.cs,CardEffect,7,SHELL
CardEffect/BT18/Green/BT18_045.cs,CardEffect,7,SHELL
CardEffect/BT18/Green/BT18_046.cs,CardEffect,7,SHELL
CardEffect/BT18/Green/BT18_047.cs,CardEffect,7,SHELL
CardEffect/BT18/Green/BT18_048.cs,CardEffect,7,SHELL
CardEffect/BT18/Green/BT18_049.cs,CardEffect,7,SHELL
CardEffect/BT18/Green/BT18_050.cs,CardEffect,7,SHELL
CardEffect/BT18/Green/BT18_051.cs,CardEffect,7,SHELL
CardEffect/BT18/Green/BT18_052.cs,CardEffect,7,SHELL
CardEffect/BT18/Green/BT18_053.cs,CardEffect,7,SHELL
CardEffect/BT18/Green/BT18_054.cs,CardEffect,7,SHELL
CardEffect/BT18/Green/BT18_055.cs,CardEffect,7,SHELL
CardEffect/BT18/Green/BT18_056.cs,CardEffect,7,SHELL
CardEffect/BT18/Green/BT18_090.cs,CardEffect,7,SHELL
CardEffect/BT18/Purple/BT18_006.cs,CardEffect,7,SHELL
CardEffect/BT18/Purple/BT18_075.cs,CardEffect,7,SHELL
CardEffect/BT18/Purple/BT18_076.cs,CardEffect,7,SHELL
CardEffect/BT18/Purple/BT18_077.cs,CardEffect,7,SHELL
CardEffect/BT18/Purple/BT18_078.cs,CardEffect,7,SHELL
CardEffect/BT18/Purple/BT18_079.cs,CardEffect,7,SHELL
CardEffect/BT18/Purple/BT18_080.cs,CardEffect,7,SHELL
CardEffect/BT18/Purple/BT18_081.cs,CardEffect,7,SHELL
CardEffect/BT18/Purple/BT18_082.cs,CardEffect,7,SHELL
CardEffect/BT18/Purple/BT18_083.cs,CardEffect,7,SHELL
CardEffect/BT18/Purple/BT18_084.cs,CardEffect,7,SHELL
CardEffect/BT18/Purple/BT18_085.cs,CardEffect,7,SHELL
CardEffect/BT18/Purple/BT18_093.cs,CardEffect,7,SHELL
CardEffect/BT18/Purple/BT18_094.cs,CardEffect,7,SHELL
CardEffect/BT18/Purple/BT18_099.cs,CardEffect,7,SHELL
CardEffect/BT18/Purple/BT18_100.cs,CardEffect,7,SHELL
CardEffect/BT18/Purple/BT18_101.cs,CardEffect,7,SHELL
CardEffect/BT18/Red/BT18_001.cs,CardEffect,7,SHELL
CardEffect/BT18/Red/BT18_007.cs,CardEffect,7,SHELL
CardEffect/BT18/Red/BT18_008.cs,CardEffect,7,SHELL
CardEffect/BT18/Red/BT18_009.cs,CardEffect,7,SHELL
CardEffect/BT18/Red/BT18_010.cs,CardEffect,7,SHELL
CardEffect/BT18/Red/BT18_011.cs,CardEffect,7,SHELL
CardEffect/BT18/Red/BT18_012.cs,CardEffect,7,SHELL
CardEffect/BT18/Red/BT18_013.cs,CardEffect,7,SHELL
CardEffect/BT18/Red/BT18_014.cs,CardEffect,7,SHELL
CardEffect/BT18/Red/BT18_015.cs,CardEffect,7,SHELL
CardEffect/BT18/Red/BT18_016.cs,CardEffect,7,SHELL
CardEffect/BT18/Red/BT18_017.cs,CardEffect,7,SHELL
CardEffect/BT18/Red/BT18_018.cs,CardEffect,7,SHELL
CardEffect/BT18/Red/BT18_019.cs,CardEffect,7,SHELL
CardEffect/BT18/Red/BT18_087.cs,CardEffect,7,SHELL
CardEffect/BT18/Red/BT18_088.cs,CardEffect,7,SHELL
CardEffect/BT18/Red/BT18_095.cs,CardEffect,7,SHELL
CardEffect/BT18/Red/BT18_096.cs,CardEffect,7,SHELL
CardEffect/BT18/White/BT18_086.cs,CardEffect,7,SHELL
CardEffect/BT18/White/BT18_102.cs,CardEffect,7,SHELL
CardEffect/BT18/Yellow/BT18_003.cs,CardEffect,7,SHELL
CardEffect/BT18/Yellow/BT18_030.cs,CardEffect,7,SHELL
CardEffect/BT18/Yellow/BT18_031.cs,CardEffect,7,SHELL
CardEffect/BT18/Yellow/BT18_032.cs,CardEffect,7,SHELL
CardEffect/BT18/Yellow/BT18_033.cs,CardEffect,7,SHELL
CardEffect/BT18/Yellow/BT18_034.cs,CardEffect,454,IMPL
CardEffect/BT18/Yellow/BT18_035.cs,CardEffect,7,SHELL
CardEffect/BT18/Yellow/BT18_036.cs,CardEffect,7,SHELL
CardEffect/BT18/Yellow/BT18_037.cs,CardEffect,7,SHELL
CardEffect/BT18/Yellow/BT18_038.cs,CardEffect,7,SHELL
CardEffect/BT18/Yellow/BT18_039.cs,CardEffect,7,SHELL
CardEffect/BT18/Yellow/BT18_040.cs,CardEffect,7,SHELL
CardEffect/BT18/Yellow/BT18_041.cs,CardEffect,7,SHELL
CardEffect/BT18/Yellow/BT18_042.cs,CardEffect,310,IMPL
CardEffect/BT18/Yellow/BT18_097.cs,CardEffect,7,SHELL
CardEffect/BT18/Yellow/BT18_098.cs,CardEffect,283,IMPL
CardEffect/BT19/Black/BT19_005.cs,CardEffect,7,SHELL
CardEffect/BT19/Black/BT19_055.cs,CardEffect,7,SHELL
CardEffect/BT19/Black/BT19_056.cs,CardEffect,7,SHELL
CardEffect/BT19/Black/BT19_057.cs,CardEffect,7,SHELL
CardEffect/BT19/Black/BT19_058.cs,CardEffect,7,SHELL
CardEffect/BT19/Black/BT19_059.cs,CardEffect,7,SHELL
CardEffect/BT19/Black/BT19_060.cs,CardEffect,7,SHELL
CardEffect/BT19/Black/BT19_061.cs,CardEffect,370,IMPL
CardEffect/BT19/Black/BT19_062.cs,CardEffect,7,SHELL
CardEffect/BT19/Black/BT19_063.cs,CardEffect,7,SHELL
CardEffect/BT19/Black/BT19_064.cs,CardEffect,7,SHELL
CardEffect/BT19/Black/BT19_065.cs,CardEffect,7,SHELL
CardEffect/BT19/Black/BT19_086.cs,CardEffect,7,SHELL
CardEffect/BT19/Black/BT19_087.cs,CardEffect,7,SHELL
CardEffect/BT19/Blue/BT19_002.cs,CardEffect,7,SHELL
CardEffect/BT19/Blue/BT19_016.cs,CardEffect,7,SHELL
CardEffect/BT19/Blue/BT19_017.cs,CardEffect,7,SHELL
CardEffect/BT19/Blue/BT19_018.cs,CardEffect,7,SHELL
CardEffect/BT19/Blue/BT19_019.cs,CardEffect,7,SHELL
CardEffect/BT19/Blue/BT19_020.cs,CardEffect,7,SHELL
CardEffect/BT19/Blue/BT19_021.cs,CardEffect,7,SHELL
CardEffect/BT19/Blue/BT19_022.cs,CardEffect,7,SHELL
CardEffect/BT19/Blue/BT19_023.cs,CardEffect,7,SHELL
CardEffect/BT19/Blue/BT19_024.cs,CardEffect,54,IMPL
CardEffect/BT19/Blue/BT19_025.cs,CardEffect,7,SHELL
CardEffect/BT19/Blue/BT19_026.cs,CardEffect,7,SHELL
CardEffect/BT19/Blue/BT19_027.cs,CardEffect,7,SHELL
CardEffect/BT19/Blue/BT19_028.cs,CardEffect,7,SHELL
CardEffect/BT19/Blue/BT19_081.cs,CardEffect,252,IMPL
CardEffect/BT19/Blue/BT19_082.cs,CardEffect,7,SHELL
CardEffect/BT19/Blue/BT19_092.cs,CardEffect,7,SHELL
CardEffect/BT19/Green/BT19_004.cs,CardEffect,7,SHELL
CardEffect/BT19/Green/BT19_044.cs,CardEffect,7,SHELL
CardEffect/BT19/Green/BT19_045.cs,CardEffect,7,SHELL
CardEffect/BT19/Green/BT19_046.cs,CardEffect,7,SHELL
CardEffect/BT19/Green/BT19_047.cs,CardEffect,7,SHELL
CardEffect/BT19/Green/BT19_048.cs,CardEffect,7,SHELL
CardEffect/BT19/Green/BT19_049.cs,CardEffect,7,SHELL
CardEffect/BT19/Green/BT19_050.cs,CardEffect,7,SHELL
CardEffect/BT19/Green/BT19_051.cs,CardEffect,7,SHELL
CardEffect/BT19/Green/BT19_052.cs,CardEffect,7,SHELL
CardEffect/BT19/Green/BT19_053.cs,CardEffect,7,SHELL
CardEffect/BT19/Green/BT19_054.cs,CardEffect,7,SHELL
CardEffect/BT19/Green/BT19_084.cs,CardEffect,7,SHELL
CardEffect/BT19/Green/BT19_085.cs,CardEffect,7,SHELL
CardEffect/BT19/Green/BT19_095.cs,CardEffect,7,SHELL
CardEffect/BT19/Green/BT19_096.cs,CardEffect,7,SHELL
CardEffect/BT19/Purple/BT19_006.cs,CardEffect,7,SHELL
CardEffect/BT19/Purple/BT19_066.cs,CardEffect,7,SHELL
CardEffect/BT19/Purple/BT19_067.cs,CardEffect,7,SHELL
CardEffect/BT19/Purple/BT19_068.cs,CardEffect,7,SHELL
CardEffect/BT19/Purple/BT19_069.cs,CardEffect,7,SHELL
CardEffect/BT19/Purple/BT19_070.cs,CardEffect,7,SHELL
CardEffect/BT19/Purple/BT19_071.cs,CardEffect,101,IMPL
CardEffect/BT19/Purple/BT19_072.cs,CardEffect,7,SHELL
CardEffect/BT19/Purple/BT19_073.cs,CardEffect,7,SHELL
CardEffect/BT19/Purple/BT19_074.cs,CardEffect,7,SHELL
CardEffect/BT19/Purple/BT19_075.cs,CardEffect,7,SHELL
CardEffect/BT19/Purple/BT19_088.cs,CardEffect,7,SHELL
CardEffect/BT19/Purple/BT19_097.cs,CardEffect,7,SHELL
CardEffect/BT19/Purple/BT19_098.cs,CardEffect,7,SHELL
CardEffect/BT19/Purple/BT19_099.cs,CardEffect,7,SHELL
CardEffect/BT19/Red/BT19_001.cs,CardEffect,7,SHELL
CardEffect/BT19/Red/BT19_007.cs,CardEffect,7,SHELL
CardEffect/BT19/Red/BT19_008.cs,CardEffect,7,SHELL
CardEffect/BT19/Red/BT19_009.cs,CardEffect,7,SHELL
CardEffect/BT19/Red/BT19_010.cs,CardEffect,7,SHELL
CardEffect/BT19/Red/BT19_011.cs,CardEffect,7,SHELL
CardEffect/BT19/Red/BT19_012.cs,CardEffect,7,SHELL
CardEffect/BT19/Red/BT19_013.cs,CardEffect,7,SHELL
CardEffect/BT19/Red/BT19_014.cs,CardEffect,7,SHELL
CardEffect/BT19/Red/BT19_015.cs,CardEffect,7,SHELL
CardEffect/BT19/Red/BT19_079.cs,CardEffect,7,SHELL
CardEffect/BT19/Red/BT19_080.cs,CardEffect,7,SHELL
CardEffect/BT19/Red/BT19_089.cs,CardEffect,232,IMPL
CardEffect/BT19/Red/BT19_090.cs,CardEffect,7,SHELL
CardEffect/BT19/Red/BT19_091.cs,CardEffect,272,IMPL
CardEffect/BT19/Red/BT19_101.cs,CardEffect,7,SHELL
CardEffect/BT19/White/BT19_076.cs,CardEffect,7,SHELL
CardEffect/BT19/White/BT19_077.cs,CardEffect,7,SHELL
CardEffect/BT19/White/BT19_078.cs,CardEffect,7,SHELL
CardEffect/BT19/White/BT19_100.cs,CardEffect,7,SHELL
CardEffect/BT19/White/BT19_102.cs,CardEffect,7,SHELL
CardEffect/BT19/Yellow/BT19_003.cs,CardEffect,7,SHELL
CardEffect/BT19/Yellow/BT19_029.cs,CardEffect,7,SHELL
CardEffect/BT19/Yellow/BT19_030.cs,CardEffect,7,SHELL
CardEffect/BT19/Yellow/BT19_031.cs,CardEffect,7,SHELL
CardEffect/BT19/Yellow/BT19_032.cs,CardEffect,7,SHELL
CardEffect/BT19/Yellow/BT19_033.cs,CardEffect,7,SHELL
CardEffect/BT19/Yellow/BT19_034.cs,CardEffect,7,SHELL
CardEffect/BT19/Yellow/BT19_035.cs,CardEffect,366,IMPL
CardEffect/BT19/Yellow/BT19_036.cs,CardEffect,7,SHELL
CardEffect/BT19/Yellow/BT19_037.cs,CardEffect,7,SHELL
CardEffect/BT19/Yellow/BT19_038.cs,CardEffect,7,SHELL
CardEffect/BT19/Yellow/BT19_039.cs,CardEffect,7,SHELL
CardEffect/BT19/Yellow/BT19_040.cs,CardEffect,7,SHELL
CardEffect/BT19/Yellow/BT19_040_token.cs,CardEffect,7,SHELL
CardEffect/BT19/Yellow/BT19_041.cs,CardEffect,7,SHELL
CardEffect/BT19/Yellow/BT19_042.cs,CardEffect,7,SHELL
CardEffect/BT19/Yellow/BT19_043.cs,CardEffect,7,SHELL
CardEffect/BT19/Yellow/BT19_083.cs,CardEffect,7,SHELL
CardEffect/BT19/Yellow/BT19_093.cs,CardEffect,7,SHELL
CardEffect/BT19/Yellow/BT19_094.cs,CardEffect,7,SHELL
CardEffect/BT2/Black/BT2_005.cs,CardEffect,41,IMPL
CardEffect/BT2/Black/BT2_006.cs,CardEffect,22,IMPL
CardEffect/BT2/Black/BT2_053.cs,CardEffect,22,IMPL
CardEffect/BT2/Black/BT2_055.cs,CardEffect,24,IMPL
CardEffect/BT2/Black/BT2_057.cs,CardEffect,42,IMPL
CardEffect/BT2/Black/BT2_058.cs,CardEffect,40,IMPL
CardEffect/BT2/Black/BT2_059.cs,CardEffect,7,SHELL
CardEffect/BT2/Black/BT2_062.cs,CardEffect,61,IMPL
CardEffect/BT2/Black/BT2_063.cs,CardEffect,50,IMPL
CardEffect/BT2/Black/BT2_065.cs,CardEffect,29,IMPL
CardEffect/BT2/Black/BT2_066.cs,CardEffect,174,IMPL
CardEffect/BT2/Black/BT2_089.cs,CardEffect,7,SHELL
CardEffect/BT2/Black/BT2_103.cs,CardEffect,7,SHELL
CardEffect/BT2/Black/BT2_104.cs,CardEffect,7,SHELL
CardEffect/BT2/Black/BT2_105.cs,CardEffect,7,SHELL
CardEffect/BT2/Black/BT2_106.cs,CardEffect,7,SHELL
CardEffect/BT2/Black/BT2_112.cs,CardEffect,165,IMPL
CardEffect/BT2/Blue/BT2_002.cs,CardEffect,79,IMPL
CardEffect/BT2/Blue/BT2_021.cs,CardEffect,7,SHELL
CardEffect/BT2/Blue/BT2_023.cs,CardEffect,114,IMPL
CardEffect/BT2/Blue/BT2_025.cs,CardEffect,111,IMPL
CardEffect/BT2/Blue/BT2_026.cs,CardEffect,25,IMPL
CardEffect/BT2/Blue/BT2_028.cs,CardEffect,7,SHELL
CardEffect/BT2/Blue/BT2_029.cs,CardEffect,40,IMPL
CardEffect/BT2/Blue/BT2_030.cs,CardEffect,7,SHELL
CardEffect/BT2/Blue/BT2_031.cs,CardEffect,64,IMPL
CardEffect/BT2/Blue/BT2_032.cs,CardEffect,7,SHELL
CardEffect/BT2/Blue/BT2_085.cs,CardEffect,90,IMPL
CardEffect/BT2/Blue/BT2_086.cs,CardEffect,7,SHELL
CardEffect/BT2/Blue/BT2_094.cs,CardEffect,7,SHELL
CardEffect/BT2/Blue/BT2_095.cs,CardEffect,100,IMPL
CardEffect/BT2/Blue/BT2_096.cs,CardEffect,7,SHELL
CardEffect/BT2/Green/BT2_004.cs,CardEffect,7,SHELL
CardEffect/BT2/Green/BT2_044.cs,CardEffect,121,IMPL
CardEffect/BT2/Green/BT2_045.cs,CardEffect,25,IMPL
CardEffect/BT2/Green/BT2_046.cs,CardEffect,7,SHELL
CardEffect/BT2/Green/BT2_047.cs,CardEffect,417,IMPL
CardEffect/BT2/Green/BT2_049.cs,CardEffect,7,SHELL
CardEffect/BT2/Green/BT2_050.cs,CardEffect,28,IMPL
CardEffect/BT2/Green/BT2_051.cs,CardEffect,163,IMPL
CardEffect/BT2/Green/BT2_088.cs,CardEffect,7,SHELL
CardEffect/BT2/Green/BT2_100.cs,CardEffect,7,SHELL
CardEffect/BT2/Green/BT2_101.cs,CardEffect,7,SHELL
CardEffect/BT2/Green/BT2_102.cs,CardEffect,86,IMPL
CardEffect/BT2/Purple/BT2_007.cs,CardEffect,7,SHELL
CardEffect/BT2/Purple/BT2_008.cs,CardEffect,20,IMPL
CardEffect/BT2/Purple/BT2_068.cs,CardEffect,7,SHELL
CardEffect/BT2/Purple/BT2_069.cs,CardEffect,7,SHELL
CardEffect/BT2/Purple/BT2_070.cs,CardEffect,65,IMPL
CardEffect/BT2/Purple/BT2_071.cs,CardEffect,7,SHELL
CardEffect/BT2/Purple/BT2_073.cs,CardEffect,90,IMPL
CardEffect/BT2/Purple/BT2_074.cs,CardEffect,27,IMPL
CardEffect/BT2/Purple/BT2_077.cs,CardEffect,7,SHELL
CardEffect/BT2/Purple/BT2_078.cs,CardEffect,7,SHELL
CardEffect/BT2/Purple/BT2_079.cs,CardEffect,7,SHELL
CardEffect/BT2/Purple/BT2_080.cs,CardEffect,161,IMPL
CardEffect/BT2/Purple/BT2_081.cs,CardEffect,153,IMPL
CardEffect/BT2/Purple/BT2_090.cs,CardEffect,133,IMPL
CardEffect/BT2/Purple/BT2_107.cs,CardEffect,7,SHELL
CardEffect/BT2/Purple/BT2_108.cs,CardEffect,7,SHELL
CardEffect/BT2/Purple/BT2_109.cs,CardEffect,7,SHELL
CardEffect/BT2/Purple/BT2_110.cs,CardEffect,91,IMPL
CardEffect/BT2/Purple/BT2_111.cs,CardEffect,7,SHELL
CardEffect/BT2/Red/BT2_001.cs,CardEffect,23,IMPL
CardEffect/BT2/Red/BT2_010.cs,CardEffect,68,IMPL
CardEffect/BT2/Red/BT2_012.cs,CardEffect,74,IMPL
CardEffect/BT2/Red/BT2_013.cs,CardEffect,101,IMPL
CardEffect/BT2/Red/BT2_015.cs,CardEffect,25,IMPL
CardEffect/BT2/Red/BT2_017.cs,CardEffect,7,SHELL
CardEffect/BT2/Red/BT2_018.cs,CardEffect,7,SHELL
CardEffect/BT2/Red/BT2_019.cs,CardEffect,16,IMPL
CardEffect/BT2/Red/BT2_020.cs,CardEffect,7,SHELL
CardEffect/BT2/Red/BT2_084.cs,CardEffect,29,IMPL
CardEffect/BT2/Red/BT2_091.cs,CardEffect,92,IMPL
CardEffect/BT2/Red/BT2_092.cs,CardEffect,95,IMPL
CardEffect/BT2/Red/BT2_093.cs,CardEffect,7,SHELL
CardEffect/BT2/White/BT2_082.cs,CardEffect,191,IMPL
CardEffect/BT2/White/BT2_083.cs,CardEffect,7,SHELL
CardEffect/BT2/Yellow/BT2_003.cs,CardEffect,51,IMPL
CardEffect/BT2/Yellow/BT2_033.cs,CardEffect,22,IMPL
CardEffect/BT2/Yellow/BT2_034.cs,CardEffect,75,IMPL
CardEffect/BT2/Yellow/BT2_035.cs,CardEffect,26,IMPL
CardEffect/BT2/Yellow/BT2_036.cs,CardEffect,7,SHELL
CardEffect/BT2/Yellow/BT2_038.cs,CardEffect,7,SHELL
CardEffect/BT2/Yellow/BT2_039.cs,CardEffect,7,SHELL
CardEffect/BT2/Yellow/BT2_040.cs,CardEffect,24,IMPL
CardEffect/BT2/Yellow/BT2_041.cs,CardEffect,7,SHELL
CardEffect/BT2/Yellow/BT2_087.cs,CardEffect,97,IMPL
CardEffect/BT2/Yellow/BT2_097.cs,CardEffect,107,IMPL
CardEffect/BT2/Yellow/BT2_098.cs,CardEffect,7,SHELL
CardEffect/BT2/Yellow/BT2_099.cs,CardEffect,161,IMPL
CardEffect/BT20/Black/BT20_005.cs,CardEffect,7,SHELL
CardEffect/BT20/Black/BT20_046.cs,CardEffect,7,SHELL
CardEffect/BT20/Black/BT20_047.cs,CardEffect,7,SHELL
CardEffect/BT20/Black/BT20_048.cs,CardEffect,7,SHELL
CardEffect/BT20/Black/BT20_049.cs,CardEffect,7,SHELL
CardEffect/BT20/Black/BT20_050.cs,CardEffect,7,SHELL
CardEffect/BT20/Black/BT20_051.cs,CardEffect,7,SHELL
CardEffect/BT20/Black/BT20_052.cs,CardEffect,7,SHELL
CardEffect/BT20/Black/BT20_053.cs,CardEffect,7,SHELL
CardEffect/BT20/Black/BT20_054.cs,CardEffect,7,SHELL
CardEffect/BT20/Black/BT20_055.cs,CardEffect,7,SHELL
CardEffect/BT20/Black/BT20_056.cs,CardEffect,7,SHELL
CardEffect/BT20/Black/BT20_057.cs,CardEffect,7,SHELL
CardEffect/BT20/Black/BT20_058.cs,CardEffect,7,SHELL
CardEffect/BT20/Black/BT20_059.cs,CardEffect,7,SHELL
CardEffect/BT20/Black/BT20_060.cs,CardEffect,7,SHELL
CardEffect/BT20/Black/BT20_086.cs,CardEffect,7,SHELL
CardEffect/BT20/Black/BT20_087.cs,CardEffect,7,SHELL
CardEffect/BT20/Black/BT20_095.cs,CardEffect,7,SHELL
CardEffect/BT20/Blue/BT20_002.cs,CardEffect,7,SHELL
CardEffect/BT20/Blue/BT20_022.cs,CardEffect,7,SHELL
CardEffect/BT20/Blue/BT20_023.cs,CardEffect,7,SHELL
CardEffect/BT20/Blue/BT20_024.cs,CardEffect,7,SHELL
CardEffect/BT20/Blue/BT20_025.cs,CardEffect,255,IMPL
CardEffect/BT20/Blue/BT20_026.cs,CardEffect,7,SHELL
CardEffect/BT20/Blue/BT20_027.cs,CardEffect,7,SHELL
CardEffect/BT20/Blue/BT20_028.cs,CardEffect,7,SHELL
CardEffect/BT20/Blue/BT20_102.cs,CardEffect,7,SHELL
CardEffect/BT20/Green/BT20_004.cs,CardEffect,7,SHELL
CardEffect/BT20/Green/BT20_038.cs,CardEffect,7,SHELL
CardEffect/BT20/Green/BT20_039.cs,CardEffect,7,SHELL
CardEffect/BT20/Green/BT20_040.cs,CardEffect,7,SHELL
CardEffect/BT20/Green/BT20_041.cs,CardEffect,7,SHELL
CardEffect/BT20/Green/BT20_042.cs,CardEffect,7,SHELL
CardEffect/BT20/Green/BT20_043.cs,CardEffect,7,SHELL
CardEffect/BT20/Green/BT20_044.cs,CardEffect,7,SHELL
CardEffect/BT20/Green/BT20_045.cs,CardEffect,7,SHELL
CardEffect/BT20/Green/BT20_085.cs,CardEffect,7,SHELL
CardEffect/BT20/Green/BT20_101.cs,CardEffect,7,SHELL
CardEffect/BT20/Purple/BT20_006.cs,CardEffect,7,SHELL
CardEffect/BT20/Purple/BT20_061.cs,CardEffect,7,SHELL
CardEffect/BT20/Purple/BT20_062.cs,CardEffect,7,SHELL
CardEffect/BT20/Purple/BT20_063.cs,CardEffect,7,SHELL
CardEffect/BT20/Purple/BT20_064.cs,CardEffect,7,SHELL
CardEffect/BT20/Purple/BT20_065.cs,CardEffect,7,SHELL
CardEffect/BT20/Purple/BT20_066.cs,CardEffect,7,SHELL
CardEffect/BT20/Purple/BT20_067.cs,CardEffect,7,SHELL
CardEffect/BT20/Purple/BT20_068.cs,CardEffect,7,SHELL
CardEffect/BT20/Purple/BT20_069.cs,CardEffect,7,SHELL
CardEffect/BT20/Purple/BT20_070.cs,CardEffect,7,SHELL
CardEffect/BT20/Purple/BT20_071.cs,CardEffect,7,SHELL
CardEffect/BT20/Purple/BT20_072.cs,CardEffect,212,IMPL
CardEffect/BT20/Purple/BT20_073.cs,CardEffect,7,SHELL
CardEffect/BT20/Purple/BT20_074.cs,CardEffect,7,SHELL
CardEffect/BT20/Purple/BT20_075.cs,CardEffect,7,SHELL
CardEffect/BT20/Purple/BT20_076.cs,CardEffect,7,SHELL
CardEffect/BT20/Purple/BT20_077.cs,CardEffect,7,SHELL
CardEffect/BT20/Purple/BT20_078.cs,CardEffect,7,SHELL
CardEffect/BT20/Purple/BT20_079.cs,CardEffect,343,IMPL
CardEffect/BT20/Purple/BT20_080.cs,CardEffect,7,SHELL
CardEffect/BT20/Purple/BT20_081.cs,CardEffect,7,SHELL
CardEffect/BT20/Purple/BT20_082.cs,CardEffect,7,SHELL
CardEffect/BT20/Purple/BT20_088.cs,CardEffect,7,SHELL
CardEffect/BT20/Purple/BT20_089.cs,CardEffect,7,SHELL
CardEffect/BT20/Purple/BT20_090.cs,CardEffect,7,SHELL
CardEffect/BT20/Purple/BT20_096.cs,CardEffect,7,SHELL
CardEffect/BT20/Purple/BT20_097.cs,CardEffect,7,SHELL
CardEffect/BT20/Purple/BT20_098.cs,CardEffect,7,SHELL
CardEffect/BT20/Red/BT20_001.cs,CardEffect,7,SHELL
CardEffect/BT20/Red/BT20_007.cs,CardEffect,7,SHELL
CardEffect/BT20/Red/BT20_008.cs,CardEffect,7,SHELL
CardEffect/BT20/Red/BT20_009.cs,CardEffect,7,SHELL
CardEffect/BT20/Red/BT20_010.cs,CardEffect,7,SHELL
CardEffect/BT20/Red/BT20_011.cs,CardEffect,7,SHELL
CardEffect/BT20/Red/BT20_012.cs,CardEffect,7,SHELL
CardEffect/BT20/Red/BT20_013.cs,CardEffect,7,SHELL
CardEffect/BT20/Red/BT20_014.cs,CardEffect,7,SHELL
CardEffect/BT20/Red/BT20_015.cs,CardEffect,7,SHELL
CardEffect/BT20/Red/BT20_016.cs,CardEffect,7,SHELL
CardEffect/BT20/Red/BT20_017.cs,CardEffect,297,IMPL
CardEffect/BT20/Red/BT20_017_token.cs,CardEffect,7,SHELL
CardEffect/BT20/Red/BT20_018.cs,CardEffect,7,SHELL
CardEffect/BT20/Red/BT20_019.cs,CardEffect,7,SHELL
CardEffect/BT20/Red/BT20_020.cs,CardEffect,7,SHELL
CardEffect/BT20/Red/BT20_021.cs,CardEffect,7,SHELL
CardEffect/BT20/Red/BT20_093.cs,CardEffect,7,SHELL
CardEffect/BT20/Red/BT20_094.cs,CardEffect,7,SHELL
CardEffect/BT20/White/BT20_083.cs,CardEffect,7,SHELL
CardEffect/BT20/White/BT20_084.cs,CardEffect,7,SHELL
CardEffect/BT20/White/BT20_091.cs,CardEffect,7,SHELL
CardEffect/BT20/White/BT20_092.cs,CardEffect,7,SHELL
CardEffect/BT20/White/BT20_099.cs,CardEffect,7,SHELL
CardEffect/BT20/White/BT20_100.cs,CardEffect,7,SHELL
CardEffect/BT20/Yellow/BT20_003.cs,CardEffect,7,SHELL
CardEffect/BT20/Yellow/BT20_029.cs,CardEffect,7,SHELL
CardEffect/BT20/Yellow/BT20_030.cs,CardEffect,7,SHELL
CardEffect/BT20/Yellow/BT20_031.cs,CardEffect,7,SHELL
CardEffect/BT20/Yellow/BT20_032.cs,CardEffect,7,SHELL
CardEffect/BT20/Yellow/BT20_033.cs,CardEffect,7,SHELL
CardEffect/BT20/Yellow/BT20_034.cs,CardEffect,7,SHELL
CardEffect/BT20/Yellow/BT20_035.cs,CardEffect,7,SHELL
CardEffect/BT20/Yellow/BT20_036.cs,CardEffect,7,SHELL
CardEffect/BT20/Yellow/BT20_037.cs,CardEffect,7,SHELL
CardEffect/BT21/Black/BT21_006.cs,CardEffect,7,SHELL
CardEffect/BT21/Black/BT21_053.cs,CardEffect,7,SHELL
CardEffect/BT21/Black/BT21_054.cs,CardEffect,7,SHELL
CardEffect/BT21/Black/BT21_055.cs,CardEffect,7,SHELL
CardEffect/BT21/Black/BT21_056.cs,CardEffect,7,SHELL
CardEffect/BT21/Black/BT21_057.cs,CardEffect,7,SHELL
CardEffect/BT21/Black/BT21_058.cs,CardEffect,257,IMPL
CardEffect/BT21/Black/BT21_059.cs,CardEffect,196,IMPL
CardEffect/BT21/Black/BT21_060.cs,CardEffect,7,SHELL
CardEffect/BT21/Black/BT21_061.cs,CardEffect,7,SHELL
CardEffect/BT21/Black/BT21_062.cs,CardEffect,7,SHELL
CardEffect/BT21/Black/BT21_087.cs,CardEffect,7,SHELL
CardEffect/BT21/Black/BT21_098.cs,CardEffect,7,SHELL
CardEffect/BT21/Blue/BT21_003.cs,CardEffect,7,SHELL
CardEffect/BT21/Blue/BT21_031.cs,CardEffect,7,SHELL
CardEffect/BT21/Blue/BT21_032.cs,CardEffect,7,SHELL
CardEffect/BT21/Blue/BT21_033.cs,CardEffect,7,SHELL
CardEffect/BT21/Blue/BT21_034.cs,CardEffect,7,SHELL
CardEffect/BT21/Blue/BT21_035.cs,CardEffect,7,SHELL
CardEffect/BT21/Blue/BT21_036.cs,CardEffect,7,SHELL
CardEffect/BT21/Blue/BT21_037.cs,CardEffect,7,SHELL
CardEffect/BT21/Blue/BT21_038.cs,CardEffect,7,SHELL
CardEffect/BT21/Blue/BT21_039.cs,CardEffect,7,SHELL
CardEffect/BT21/Blue/BT21_085.cs,CardEffect,7,SHELL
CardEffect/BT21/Blue/BT21_094.cs,CardEffect,7,SHELL
CardEffect/BT21/Blue/BT21_095.cs,CardEffect,7,SHELL
CardEffect/BT21/Green/BT21_005.cs,CardEffect,7,SHELL
CardEffect/BT21/Green/BT21_046.cs,CardEffect,7,SHELL
CardEffect/BT21/Green/BT21_047.cs,CardEffect,7,SHELL
CardEffect/BT21/Green/BT21_048.cs,CardEffect,7,SHELL
CardEffect/BT21/Green/BT21_049.cs,CardEffect,7,SHELL
CardEffect/BT21/Green/BT21_050.cs,CardEffect,7,SHELL
CardEffect/BT21/Green/BT21_051.cs,CardEffect,7,SHELL
CardEffect/BT21/Green/BT21_052.cs,CardEffect,7,SHELL
CardEffect/BT21/Green/BT21_097.cs,CardEffect,7,SHELL
CardEffect/BT21/Purple/BT21_063.cs,CardEffect,7,SHELL
CardEffect/BT21/Purple/BT21_064.cs,CardEffect,7,SHELL
CardEffect/BT21/Purple/BT21_065.cs,CardEffect,7,SHELL
CardEffect/BT21/Purple/BT21_066.cs,CardEffect,7,SHELL
CardEffect/BT21/Purple/BT21_067.cs,CardEffect,7,SHELL
CardEffect/BT21/Purple/BT21_068.cs,CardEffect,7,SHELL
CardEffect/BT21/Purple/BT21_069.cs,CardEffect,7,SHELL
CardEffect/BT21/Purple/BT21_070.cs,CardEffect,7,SHELL
CardEffect/BT21/Purple/BT21_071.cs,CardEffect,7,SHELL
CardEffect/BT21/Purple/BT21_072.cs,CardEffect,7,SHELL
CardEffect/BT21/Purple/BT21_073.cs,CardEffect,7,SHELL
CardEffect/BT21/Purple/BT21_074.cs,CardEffect,7,SHELL
CardEffect/BT21/Purple/BT21_075.cs,CardEffect,7,SHELL
CardEffect/BT21/Purple/BT21_076.cs,CardEffect,7,SHELL
CardEffect/BT21/Purple/BT21_077.cs,CardEffect,448,IMPL
CardEffect/BT21/Purple/BT21_078.cs,CardEffect,7,SHELL
CardEffect/BT21/Purple/BT21_079.cs,CardEffect,7,SHELL
CardEffect/BT21/Purple/BT21_088.cs,CardEffect,7,SHELL
CardEffect/BT21/Purple/BT21_089.cs,CardEffect,7,SHELL
CardEffect/BT21/Purple/BT21_099.cs,CardEffect,7,SHELL
CardEffect/BT21/Purple/BT21_100.cs,CardEffect,7,SHELL
CardEffect/BT21/Red/BT21_001.cs,CardEffect,7,SHELL
CardEffect/BT21/Red/BT21_002.cs,CardEffect,7,SHELL
CardEffect/BT21/Red/BT21_007.cs,CardEffect,7,SHELL
CardEffect/BT21/Red/BT21_008.cs,CardEffect,7,SHELL
CardEffect/BT21/Red/BT21_009.cs,CardEffect,7,SHELL
CardEffect/BT21/Red/BT21_010.cs,CardEffect,7,SHELL
CardEffect/BT21/Red/BT21_011.cs,CardEffect,7,SHELL
CardEffect/BT21/Red/BT21_012.cs,CardEffect,7,SHELL
CardEffect/BT21/Red/BT21_013.cs,CardEffect,7,SHELL
CardEffect/BT21/Red/BT21_014.cs,CardEffect,7,SHELL
CardEffect/BT21/Red/BT21_015.cs,CardEffect,7,SHELL
CardEffect/BT21/Red/BT21_016.cs,CardEffect,7,SHELL
CardEffect/BT21/Red/BT21_017.cs,CardEffect,7,SHELL
CardEffect/BT21/Red/BT21_018.cs,CardEffect,7,SHELL
CardEffect/BT21/Red/BT21_019.cs,CardEffect,7,SHELL
CardEffect/BT21/Red/BT21_020.cs,CardEffect,7,SHELL
CardEffect/BT21/Red/BT21_021.cs,CardEffect,7,SHELL
CardEffect/BT21/Red/BT21_022.cs,CardEffect,7,SHELL
CardEffect/BT21/Red/BT21_023.cs,CardEffect,7,SHELL
CardEffect/BT21/Red/BT21_024.cs,CardEffect,7,SHELL
CardEffect/BT21/Red/BT21_025.cs,CardEffect,7,SHELL
CardEffect/BT21/Red/BT21_026.cs,CardEffect,7,SHELL
CardEffect/BT21/Red/BT21_027.cs,CardEffect,7,SHELL
CardEffect/BT21/Red/BT21_028.cs,CardEffect,7,SHELL
CardEffect/BT21/Red/BT21_029.cs,CardEffect,281,IMPL
CardEffect/BT21/Red/BT21_029_token.cs,CardEffect,7,SHELL
CardEffect/BT21/Red/BT21_030.cs,CardEffect,594,IMPL
CardEffect/BT21/Red/BT21_080.cs,CardEffect,7,SHELL
CardEffect/BT21/Red/BT21_081.cs,CardEffect,7,SHELL
CardEffect/BT21/Red/BT21_082.cs,CardEffect,7,SHELL
CardEffect/BT21/Red/BT21_083.cs,CardEffect,7,SHELL
CardEffect/BT21/Red/BT21_084.cs,CardEffect,7,SHELL
CardEffect/BT21/Red/BT21_090.cs,CardEffect,7,SHELL
CardEffect/BT21/Red/BT21_091.cs,CardEffect,7,SHELL
CardEffect/BT21/Red/BT21_092.cs,CardEffect,7,SHELL
CardEffect/BT21/Red/BT21_093.cs,CardEffect,7,SHELL
CardEffect/BT21/White/BT21_101.cs,CardEffect,7,SHELL
CardEffect/BT21/White/BT21_102.cs,CardEffect,7,SHELL
CardEffect/BT21/Yellow/BT21_004.cs,CardEffect,7,SHELL
CardEffect/BT21/Yellow/BT21_040.cs,CardEffect,7,SHELL
CardEffect/BT21/Yellow/BT21_041.cs,CardEffect,7,SHELL
CardEffect/BT21/Yellow/BT21_042.cs,CardEffect,7,SHELL
CardEffect/BT21/Yellow/BT21_043.cs,CardEffect,7,SHELL
CardEffect/BT21/Yellow/BT21_044.cs,CardEffect,7,SHELL
CardEffect/BT21/Yellow/BT21_045.cs,CardEffect,7,SHELL
CardEffect/BT21/Yellow/BT21_086.cs,CardEffect,7,SHELL
CardEffect/BT21/Yellow/BT21_096.cs,CardEffect,7,SHELL
CardEffect/BT22/Black/BT22_005.cs,CardEffect,7,SHELL
CardEffect/BT22/Black/BT22_053.cs,CardEffect,7,SHELL
CardEffect/BT22/Black/BT22_054.cs,CardEffect,7,SHELL
CardEffect/BT22/Black/BT22_055.cs,CardEffect,7,SHELL
CardEffect/BT22/Black/BT22_056.cs,CardEffect,7,SHELL
CardEffect/BT22/Black/BT22_057.cs,CardEffect,7,SHELL
CardEffect/BT22/Black/BT22_058.cs,CardEffect,7,SHELL
CardEffect/BT22/Black/BT22_059.cs,CardEffect,7,SHELL
CardEffect/BT22/Black/BT22_060.cs,CardEffect,7,SHELL
CardEffect/BT22/Black/BT22_061.cs,CardEffect,7,SHELL
CardEffect/BT22/Black/BT22_062.cs,CardEffect,7,SHELL
CardEffect/BT22/Black/BT22_063.cs,CardEffect,7,SHELL
CardEffect/BT22/Black/BT22_064.cs,CardEffect,7,SHELL
CardEffect/BT22/Black/BT22_065.cs,CardEffect,7,SHELL
CardEffect/BT22/Black/BT22_066.cs,CardEffect,7,SHELL
CardEffect/BT22/Black/BT22_067.cs,CardEffect,7,SHELL
CardEffect/BT22/Black/BT22_090.cs,CardEffect,7,SHELL
CardEffect/BT22/Black/BT22_091.cs,CardEffect,7,SHELL
CardEffect/BT22/Black/BT22_099.cs,CardEffect,7,SHELL
CardEffect/BT22/Black/BT22_100.cs,CardEffect,7,SHELL
CardEffect/BT22/Black/BT22_101.cs,CardEffect,7,SHELL
CardEffect/BT22/Blue/BT22_001.cs,CardEffect,7,SHELL
CardEffect/BT22/Blue/BT22_016.cs,CardEffect,7,SHELL
CardEffect/BT22/Blue/BT22_017.cs,CardEffect,7,SHELL
CardEffect/BT22/Blue/BT22_018.cs,CardEffect,7,SHELL
CardEffect/BT22/Blue/BT22_019.cs,CardEffect,7,SHELL
CardEffect/BT22/Blue/BT22_020.cs,CardEffect,7,SHELL
CardEffect/BT22/Blue/BT22_021.cs,CardEffect,7,SHELL
CardEffect/BT22/Blue/BT22_022.cs,CardEffect,7,SHELL
CardEffect/BT22/Blue/BT22_023.cs,CardEffect,7,SHELL
CardEffect/BT22/Blue/BT22_024.cs,CardEffect,7,SHELL
CardEffect/BT22/Blue/BT22_025.cs,CardEffect,7,SHELL
CardEffect/BT22/Blue/BT22_026.cs,CardEffect,7,SHELL
CardEffect/BT22/Blue/BT22_027.cs,CardEffect,7,SHELL
CardEffect/BT22/Blue/BT22_028.cs,CardEffect,7,SHELL
CardEffect/BT22/Blue/BT22_085.cs,CardEffect,7,SHELL
CardEffect/BT22/Blue/BT22_086.cs,CardEffect,7,SHELL
CardEffect/BT22/Blue/BT22_096.cs,CardEffect,7,SHELL
CardEffect/BT22/Green/BT22_004.cs,CardEffect,7,SHELL
CardEffect/BT22/Green/BT22_043.cs,CardEffect,7,SHELL
CardEffect/BT22/Green/BT22_044.cs,CardEffect,76,IMPL
CardEffect/BT22/Green/BT22_045.cs,CardEffect,7,SHELL
CardEffect/BT22/Green/BT22_046.cs,CardEffect,7,SHELL
CardEffect/BT22/Green/BT22_047.cs,CardEffect,7,SHELL
CardEffect/BT22/Green/BT22_048.cs,CardEffect,7,SHELL
CardEffect/BT22/Green/BT22_049.cs,CardEffect,7,SHELL
CardEffect/BT22/Green/BT22_050.cs,CardEffect,7,SHELL
CardEffect/BT22/Green/BT22_051.cs,CardEffect,7,SHELL
CardEffect/BT22/Green/BT22_052.cs,CardEffect,7,SHELL
CardEffect/BT22/Purple/BT22_006.cs,CardEffect,7,SHELL
CardEffect/BT22/Purple/BT22_068.cs,CardEffect,7,SHELL
CardEffect/BT22/Purple/BT22_069.cs,CardEffect,7,SHELL
CardEffect/BT22/Purple/BT22_070.cs,CardEffect,7,SHELL
CardEffect/BT22/Purple/BT22_071.cs,CardEffect,7,SHELL
CardEffect/BT22/Purple/BT22_072.cs,CardEffect,7,SHELL
CardEffect/BT22/Purple/BT22_073.cs,CardEffect,7,SHELL
CardEffect/BT22/Purple/BT22_074.cs,CardEffect,7,SHELL
CardEffect/BT22/Purple/BT22_075.cs,CardEffect,7,SHELL
CardEffect/BT22/Purple/BT22_076.cs,CardEffect,7,SHELL
CardEffect/BT22/Purple/BT22_077.cs,CardEffect,7,SHELL
CardEffect/BT22/Purple/BT22_078.cs,CardEffect,7,SHELL
CardEffect/BT22/Purple/BT22_092.cs,CardEffect,7,SHELL
CardEffect/BT22/Purple/BT22_102.cs,CardEffect,7,SHELL
CardEffect/BT22/Red/BT22_008.cs,CardEffect,7,SHELL
CardEffect/BT22/Red/BT22_009.cs,CardEffect,7,SHELL
CardEffect/BT22/Red/BT22_010.cs,CardEffect,7,SHELL
CardEffect/BT22/Red/BT22_011.cs,CardEffect,7,SHELL
CardEffect/BT22/Red/BT22_012.cs,CardEffect,7,SHELL
CardEffect/BT22/Red/BT22_013.cs,CardEffect,7,SHELL
CardEffect/BT22/Red/BT22_014.cs,CardEffect,7,SHELL
CardEffect/BT22/Red/BT22_015.cs,CardEffect,7,SHELL
CardEffect/BT22/Red/BT22_083.cs,CardEffect,7,SHELL
CardEffect/BT22/Red/BT22_084.cs,CardEffect,7,SHELL
CardEffect/BT22/White/BT22_007.cs,CardEffect,7,SHELL
CardEffect/BT22/White/BT22_079.cs,CardEffect,7,SHELL
CardEffect/BT22/White/BT22_080.cs,CardEffect,7,SHELL
CardEffect/BT22/White/BT22_081.cs,CardEffect,7,SHELL
CardEffect/BT22/White/BT22_082.cs,CardEffect,7,SHELL
CardEffect/BT22/White/BT22_093.cs,CardEffect,7,SHELL
CardEffect/BT22/White/BT22_094.cs,CardEffect,7,SHELL
CardEffect/BT22/White/BT22_095.cs,CardEffect,7,SHELL
CardEffect/BT22/Yellow/BT22_002.cs,CardEffect,7,SHELL
CardEffect/BT22/Yellow/BT22_003.cs,CardEffect,101,IMPL
CardEffect/BT22/Yellow/BT22_029.cs,CardEffect,7,SHELL
CardEffect/BT22/Yellow/BT22_030.cs,CardEffect,7,SHELL
CardEffect/BT22/Yellow/BT22_031.cs,CardEffect,7,SHELL
CardEffect/BT22/Yellow/BT22_032.cs,CardEffect,7,SHELL
CardEffect/BT22/Yellow/BT22_033.cs,CardEffect,7,SHELL
CardEffect/BT22/Yellow/BT22_034.cs,CardEffect,7,SHELL
CardEffect/BT22/Yellow/BT22_035.cs,CardEffect,341,IMPL
CardEffect/BT22/Yellow/BT22_036.cs,CardEffect,7,SHELL
CardEffect/BT22/Yellow/BT22_037.cs,CardEffect,7,SHELL
CardEffect/BT22/Yellow/BT22_038.cs,CardEffect,7,SHELL
CardEffect/BT22/Yellow/BT22_039.cs,CardEffect,7,SHELL
CardEffect/BT22/Yellow/BT22_040.cs,CardEffect,227,IMPL
CardEffect/BT22/Yellow/BT22_041.cs,CardEffect,7,SHELL
CardEffect/BT22/Yellow/BT22_042.cs,CardEffect,7,SHELL
CardEffect/BT22/Yellow/BT22_087.cs,CardEffect,258,IMPL
CardEffect/BT22/Yellow/BT22_088.cs,CardEffect,7,SHELL
CardEffect/BT22/Yellow/BT22_089.cs,CardEffect,7,SHELL
CardEffect/BT22/Yellow/BT22_097.cs,CardEffect,7,SHELL
CardEffect/BT22/Yellow/BT22_098.cs,CardEffect,7,SHELL
CardEffect/BT23/Black/BT23_003.cs,CardEffect,7,SHELL
CardEffect/BT23/Black/BT23_049.cs,CardEffect,7,SHELL
CardEffect/BT23/Black/BT23_050.cs,CardEffect,7,SHELL
CardEffect/BT23/Black/BT23_051.cs,CardEffect,7,SHELL
CardEffect/BT23/Black/BT23_052.cs,CardEffect,7,SHELL
CardEffect/BT23/Black/BT23_053.cs,CardEffect,7,SHELL
CardEffect/BT23/Black/BT23_054.cs,CardEffect,7,SHELL
CardEffect/BT23/Black/BT23_055.cs,CardEffect,7,SHELL
CardEffect/BT23/Black/BT23_056.cs,CardEffect,7,SHELL
CardEffect/BT23/Black/BT23_057.cs,CardEffect,489,IMPL
CardEffect/BT23/Black/BT23_057_token.cs,CardEffect,7,SHELL
CardEffect/BT23/Black/BT23_058.cs,CardEffect,7,SHELL
CardEffect/BT23/Black/BT23_059.cs,CardEffect,7,SHELL
CardEffect/BT23/Black/BT23_060.cs,CardEffect,7,SHELL
CardEffect/BT23/Black/BT23_085.cs,CardEffect,7,SHELL
CardEffect/BT23/Black/BT23_086.cs,CardEffect,7,SHELL
CardEffect/BT23/Black/BT23_096.cs,CardEffect,7,SHELL
CardEffect/BT23/Blue/BT23_001.cs,CardEffect,7,SHELL
CardEffect/BT23/Blue/BT23_016.cs,CardEffect,7,SHELL
CardEffect/BT23/Blue/BT23_017.cs,CardEffect,7,SHELL
CardEffect/BT23/Blue/BT23_018.cs,CardEffect,7,SHELL
CardEffect/BT23/Blue/BT23_019.cs,CardEffect,7,SHELL
CardEffect/BT23/Blue/BT23_020.cs,CardEffect,7,SHELL
CardEffect/BT23/Blue/BT23_021.cs,CardEffect,477,IMPL
CardEffect/BT23/Blue/BT23_022.cs,CardEffect,7,SHELL
CardEffect/BT23/Blue/BT23_023.cs,CardEffect,7,SHELL
CardEffect/BT23/Blue/BT23_024.cs,CardEffect,7,SHELL
CardEffect/BT23/Blue/BT23_025.cs,CardEffect,7,SHELL
CardEffect/BT23/Blue/BT23_079.cs,CardEffect,7,SHELL
CardEffect/BT23/Blue/BT23_080.cs,CardEffect,7,SHELL
CardEffect/BT23/Blue/BT23_092.cs,CardEffect,7,SHELL
CardEffect/BT23/Blue/BT23_093.cs,CardEffect,7,SHELL
CardEffect/BT23/Green/BT23_002.cs,CardEffect,7,SHELL
CardEffect/BT23/Green/BT23_037.cs,CardEffect,7,SHELL
CardEffect/BT23/Green/BT23_038.cs,CardEffect,7,SHELL
CardEffect/BT23/Green/BT23_039.cs,CardEffect,7,SHELL
CardEffect/BT23/Green/BT23_040.cs,CardEffect,7,SHELL
CardEffect/BT23/Green/BT23_041.cs,CardEffect,7,SHELL
CardEffect/BT23/Green/BT23_042.cs,CardEffect,7,SHELL
CardEffect/BT23/Green/BT23_043.cs,CardEffect,7,SHELL
CardEffect/BT23/Green/BT23_044.cs,CardEffect,7,SHELL
CardEffect/BT23/Green/BT23_045.cs,CardEffect,7,SHELL
CardEffect/BT23/Green/BT23_046.cs,CardEffect,7,SHELL
CardEffect/BT23/Green/BT23_047.cs,CardEffect,7,SHELL
CardEffect/BT23/Green/BT23_083.cs,CardEffect,7,SHELL
CardEffect/BT23/Green/BT23_084.cs,CardEffect,7,SHELL
CardEffect/BT23/Green/BT23_095.cs,CardEffect,7,SHELL
CardEffect/BT23/Green/BT23_101.cs,CardEffect,7,SHELL
CardEffect/BT23/Purple/BT23_004.cs,CardEffect,7,SHELL
CardEffect/BT23/Purple/BT23_061.cs,CardEffect,7,SHELL
CardEffect/BT23/Purple/BT23_062.cs,CardEffect,7,SHELL
CardEffect/BT23/Purple/BT23_063.cs,CardEffect,7,SHELL
CardEffect/BT23/Purple/BT23_064.cs,CardEffect,7,SHELL
CardEffect/BT23/Purple/BT23_065.cs,CardEffect,7,SHELL
CardEffect/BT23/Purple/BT23_066.cs,CardEffect,7,SHELL
CardEffect/BT23/Purple/BT23_067.cs,CardEffect,7,SHELL
CardEffect/BT23/Purple/BT23_068.cs,CardEffect,7,SHELL
CardEffect/BT23/Purple/BT23_069.cs,CardEffect,7,SHELL
CardEffect/BT23/Purple/BT23_070.cs,CardEffect,7,SHELL
CardEffect/BT23/Purple/BT23_071.cs,CardEffect,7,SHELL
CardEffect/BT23/Purple/BT23_087.cs,CardEffect,7,SHELL
CardEffect/BT23/Purple/BT23_088.cs,CardEffect,7,SHELL
CardEffect/BT23/Purple/BT23_097.cs,CardEffect,7,SHELL
CardEffect/BT23/Purple/BT23_098.cs,CardEffect,7,SHELL
CardEffect/BT23/Red/BT23_005.cs,CardEffect,7,SHELL
CardEffect/BT23/Red/BT23_006.cs,CardEffect,7,SHELL
CardEffect/BT23/Red/BT23_007.cs,CardEffect,7,SHELL
CardEffect/BT23/Red/BT23_008.cs,CardEffect,7,SHELL
CardEffect/BT23/Red/BT23_009.cs,CardEffect,7,SHELL
CardEffect/BT23/Red/BT23_010.cs,CardEffect,7,SHELL
CardEffect/BT23/Red/BT23_011.cs,CardEffect,7,SHELL
CardEffect/BT23/Red/BT23_012.cs,CardEffect,7,SHELL
CardEffect/BT23/Red/BT23_013.cs,CardEffect,7,SHELL
CardEffect/BT23/Red/BT23_014.cs,CardEffect,7,SHELL
CardEffect/BT23/Red/BT23_015.cs,CardEffect,7,SHELL
CardEffect/BT23/Red/BT23_048.cs,CardEffect,7,SHELL
CardEffect/BT23/Red/BT23_078.cs,CardEffect,7,SHELL
CardEffect/BT23/Red/BT23_091.cs,CardEffect,7,SHELL
CardEffect/BT23/White/BT23_072.cs,CardEffect,7,SHELL
CardEffect/BT23/White/BT23_073.cs,CardEffect,7,SHELL
CardEffect/BT23/White/BT23_074.cs,CardEffect,7,SHELL
CardEffect/BT23/White/BT23_075.cs,CardEffect,7,SHELL
CardEffect/BT23/White/BT23_076.cs,CardEffect,7,SHELL
CardEffect/BT23/White/BT23_077.cs,CardEffect,7,SHELL
CardEffect/BT23/White/BT23_089.cs,CardEffect,7,SHELL
CardEffect/BT23/White/BT23_090.cs,CardEffect,7,SHELL
CardEffect/BT23/White/BT23_099.cs,CardEffect,7,SHELL
CardEffect/BT23/White/BT23_100.cs,CardEffect,7,SHELL
CardEffect/BT23/Yellow/BT23_026.cs,CardEffect,7,SHELL
CardEffect/BT23/Yellow/BT23_027.cs,CardEffect,7,SHELL
CardEffect/BT23/Yellow/BT23_028.cs,CardEffect,7,SHELL
CardEffect/BT23/Yellow/BT23_029.cs,CardEffect,7,SHELL
CardEffect/BT23/Yellow/BT23_030.cs,CardEffect,7,SHELL
CardEffect/BT23/Yellow/BT23_031.cs,CardEffect,7,SHELL
CardEffect/BT23/Yellow/BT23_032.cs,CardEffect,7,SHELL
CardEffect/BT23/Yellow/BT23_033.cs,CardEffect,7,SHELL
CardEffect/BT23/Yellow/BT23_034.cs,CardEffect,7,SHELL
CardEffect/BT23/Yellow/BT23_035.cs,CardEffect,7,SHELL
CardEffect/BT23/Yellow/BT23_036.cs,CardEffect,7,SHELL
CardEffect/BT23/Yellow/BT23_081.cs,CardEffect,264,IMPL
CardEffect/BT23/Yellow/BT23_082.cs,CardEffect,7,SHELL
CardEffect/BT23/Yellow/BT23_094.cs,CardEffect,7,SHELL
CardEffect/BT23/Yellow/BT23_102.cs,CardEffect,7,SHELL
CardEffect/BT24/Black/BT24_005.cs,CardEffect,7,SHELL
CardEffect/BT24/Black/BT24_052.cs,CardEffect,7,SHELL
CardEffect/BT24/Black/BT24_053.cs,CardEffect,7,SHELL
CardEffect/BT24/Black/BT24_054.cs,CardEffect,7,SHELL
CardEffect/BT24/Black/BT24_055.cs,CardEffect,7,SHELL
CardEffect/BT24/Black/BT24_056.cs,CardEffect,7,SHELL
CardEffect/BT24/Black/BT24_057.cs,CardEffect,7,SHELL
CardEffect/BT24/Black/BT24_058.cs,CardEffect,7,SHELL
CardEffect/BT24/Black/BT24_059.cs,CardEffect,7,SHELL
CardEffect/BT24/Black/BT24_060.cs,CardEffect,7,SHELL
CardEffect/BT24/Black/BT24_061.cs,CardEffect,7,SHELL
CardEffect/BT24/Black/BT24_062.cs,CardEffect,276,IMPL
CardEffect/BT24/Black/BT24_063.cs,CardEffect,7,SHELL
CardEffect/BT24/Black/BT24_064.cs,CardEffect,7,SHELL
CardEffect/BT24/Black/BT24_065.cs,CardEffect,7,SHELL
CardEffect/BT24/Black/BT24_086.cs,CardEffect,7,SHELL
CardEffect/BT24/Blue/BT24_002.cs,CardEffect,7,SHELL
CardEffect/BT24/Blue/BT24_019.cs,CardEffect,7,SHELL
CardEffect/BT24/Blue/BT24_020.cs,CardEffect,7,SHELL
CardEffect/BT24/Blue/BT24_021.cs,CardEffect,7,SHELL
CardEffect/BT24/Blue/BT24_022.cs,CardEffect,7,SHELL
CardEffect/BT24/Blue/BT24_023.cs,CardEffect,7,SHELL
CardEffect/BT24/Blue/BT24_024.cs,CardEffect,7,SHELL
CardEffect/BT24/Blue/BT24_025.cs,CardEffect,7,SHELL
CardEffect/BT24/Blue/BT24_026.cs,CardEffect,7,SHELL
CardEffect/BT24/Blue/BT24_027.cs,CardEffect,7,SHELL
CardEffect/BT24/Blue/BT24_028.cs,CardEffect,7,SHELL
CardEffect/BT24/Blue/BT24_029.cs,CardEffect,7,SHELL
CardEffect/BT24/Blue/BT24_030.cs,CardEffect,7,SHELL
CardEffect/BT24/Blue/BT24_090.cs,CardEffect,7,SHELL
CardEffect/BT24/Blue/BT24_091.cs,CardEffect,7,SHELL
CardEffect/BT24/Green/BT24_004.cs,CardEffect,7,SHELL
CardEffect/BT24/Green/BT24_042.cs,CardEffect,7,SHELL
CardEffect/BT24/Green/BT24_043.cs,CardEffect,7,SHELL
CardEffect/BT24/Green/BT24_044.cs,CardEffect,7,SHELL
CardEffect/BT24/Green/BT24_045.cs,CardEffect,7,SHELL
CardEffect/BT24/Green/BT24_046.cs,CardEffect,7,SHELL
CardEffect/BT24/Green/BT24_047.cs,CardEffect,7,SHELL
CardEffect/BT24/Green/BT24_048.cs,CardEffect,7,SHELL
CardEffect/BT24/Green/BT24_049.cs,CardEffect,7,SHELL
CardEffect/BT24/Green/BT24_050.cs,CardEffect,7,SHELL
CardEffect/BT24/Green/BT24_051.cs,CardEffect,7,SHELL
CardEffect/BT24/Green/BT24_085.cs,CardEffect,7,SHELL
CardEffect/BT24/Green/BT24_094.cs,CardEffect,7,SHELL
CardEffect/BT24/Green/BT24_095.cs,CardEffect,7,SHELL
CardEffect/BT24/Purple/BT24_006.cs,CardEffect,7,SHELL
CardEffect/BT24/Purple/BT24_007.cs,CardEffect,7,SHELL
CardEffect/BT24/Purple/BT24_066.cs,CardEffect,7,SHELL
CardEffect/BT24/Purple/BT24_067.cs,CardEffect,7,SHELL
CardEffect/BT24/Purple/BT24_068.cs,CardEffect,7,SHELL
CardEffect/BT24/Purple/BT24_069.cs,CardEffect,7,SHELL
CardEffect/BT24/Purple/BT24_070.cs,CardEffect,7,SHELL
CardEffect/BT24/Purple/BT24_071.cs,CardEffect,7,SHELL
CardEffect/BT24/Purple/BT24_072.cs,CardEffect,7,SHELL
CardEffect/BT24/Purple/BT24_073.cs,CardEffect,7,SHELL
CardEffect/BT24/Purple/BT24_074.cs,CardEffect,7,SHELL
CardEffect/BT24/Purple/BT24_075.cs,CardEffect,7,SHELL
CardEffect/BT24/Purple/BT24_076.cs,CardEffect,7,SHELL
CardEffect/BT24/Purple/BT24_077.cs,CardEffect,7,SHELL
CardEffect/BT24/Purple/BT24_078.cs,CardEffect,7,SHELL
CardEffect/BT24/Purple/BT24_079.cs,CardEffect,7,SHELL
CardEffect/BT24/Purple/BT24_080.cs,CardEffect,7,SHELL
CardEffect/BT24/Purple/BT24_081.cs,CardEffect,7,SHELL
CardEffect/BT24/Purple/BT24_087.cs,CardEffect,7,SHELL
CardEffect/BT24/Purple/BT24_088.cs,CardEffect,7,SHELL
CardEffect/BT24/Purple/BT24_096.cs,CardEffect,7,SHELL
CardEffect/BT24/Purple/BT24_097.cs,CardEffect,7,SHELL
CardEffect/BT24/Purple/BT24_098.cs,CardEffect,7,SHELL
CardEffect/BT24/Purple/BT24_099.cs,CardEffect,7,SHELL
CardEffect/BT24/Red/BT24_001.cs,CardEffect,7,SHELL
CardEffect/BT24/Red/BT24_008.cs,CardEffect,7,SHELL
CardEffect/BT24/Red/BT24_009.cs,CardEffect,7,SHELL
CardEffect/BT24/Red/BT24_010.cs,CardEffect,7,SHELL
CardEffect/BT24/Red/BT24_011.cs,CardEffect,7,SHELL
CardEffect/BT24/Red/BT24_012.cs,CardEffect,7,SHELL
CardEffect/BT24/Red/BT24_013.cs,CardEffect,7,SHELL
CardEffect/BT24/Red/BT24_014.cs,CardEffect,7,SHELL
CardEffect/BT24/Red/BT24_015.cs,CardEffect,7,SHELL
CardEffect/BT24/Red/BT24_016.cs,CardEffect,7,SHELL
CardEffect/BT24/Red/BT24_017.cs,CardEffect,7,SHELL
CardEffect/BT24/Red/BT24_018.cs,CardEffect,93,IMPL
CardEffect/BT24/Red/BT24_082.cs,CardEffect,7,SHELL
CardEffect/BT24/Red/BT24_083.cs,CardEffect,7,SHELL
CardEffect/BT24/Red/BT24_089.cs,CardEffect,7,SHELL
CardEffect/BT24/White/BT24_100.cs,CardEffect,7,SHELL
CardEffect/BT24/White/BT24_102.cs,CardEffect,7,SHELL
CardEffect/BT24/Yellow/BT24_003.cs,CardEffect,7,SHELL
CardEffect/BT24/Yellow/BT24_031.cs,CardEffect,7,SHELL
CardEffect/BT24/Yellow/BT24_032.cs,CardEffect,7,SHELL
CardEffect/BT24/Yellow/BT24_033.cs,CardEffect,7,SHELL
CardEffect/BT24/Yellow/BT24_034.cs,CardEffect,7,SHELL
CardEffect/BT24/Yellow/BT24_035.cs,CardEffect,7,SHELL
CardEffect/BT24/Yellow/BT24_036.cs,CardEffect,7,SHELL
CardEffect/BT24/Yellow/BT24_037.cs,CardEffect,7,SHELL
CardEffect/BT24/Yellow/BT24_038.cs,CardEffect,7,SHELL
CardEffect/BT24/Yellow/BT24_039.cs,CardEffect,7,SHELL
CardEffect/BT24/Yellow/BT24_040.cs,CardEffect,7,SHELL
CardEffect/BT24/Yellow/BT24_041.cs,CardEffect,7,SHELL
CardEffect/BT24/Yellow/BT24_084.cs,CardEffect,7,SHELL
CardEffect/BT24/Yellow/BT24_092.cs,CardEffect,7,SHELL
CardEffect/BT24/Yellow/BT24_093.cs,CardEffect,7,SHELL
CardEffect/BT24/Yellow/BT24_101.cs,CardEffect,7,SHELL
CardEffect/BT25/Black/BT25_005.cs,CardEffect,7,SHELL
CardEffect/BT25/Black/BT25_061.cs,CardEffect,223,IMPL
CardEffect/BT25/Black/BT25_062.cs,CardEffect,7,SHELL
CardEffect/BT25/Black/BT25_063.cs,CardEffect,7,SHELL
CardEffect/BT25/Black/BT25_064.cs,CardEffect,7,SHELL
CardEffect/BT25/Black/BT25_065.cs,CardEffect,7,SHELL
CardEffect/BT25/Black/BT25_066.cs,CardEffect,7,SHELL
CardEffect/BT25/Black/BT25_067.cs,CardEffect,7,SHELL
CardEffect/BT25/Black/BT25_068.cs,CardEffect,7,SHELL
CardEffect/BT25/Black/BT25_069.cs,CardEffect,7,SHELL
CardEffect/BT25/Black/BT25_070.cs,CardEffect,353,IMPL
CardEffect/BT25/Black/BT25_071.cs,CardEffect,7,SHELL
CardEffect/BT25/Black/BT25_072.cs,CardEffect,400,IMPL
CardEffect/BT25/Black/BT25_073.cs,CardEffect,7,SHELL
CardEffect/BT25/Black/BT25_074.cs,CardEffect,7,SHELL
CardEffect/BT25/Black/BT25_075.cs,CardEffect,329,IMPL
CardEffect/BT25/Black/BT25_076.cs,CardEffect,7,SHELL
CardEffect/BT25/Black/BT25_077.cs,CardEffect,7,SHELL
CardEffect/BT25/Black/BT25_091.cs,CardEffect,7,SHELL
CardEffect/BT25/Black/BT25_100.cs,CardEffect,7,SHELL
CardEffect/BT25/Black/BT25_101.cs,CardEffect,407,IMPL
CardEffect/BT25/Black/BT25_102.cs,CardEffect,290,IMPL
CardEffect/BT25/Blue/BT25_002.cs,CardEffect,7,SHELL
CardEffect/BT25/Blue/BT25_021.cs,CardEffect,7,SHELL
CardEffect/BT25/Blue/BT25_022.cs,CardEffect,7,SHELL
CardEffect/BT25/Blue/BT25_023.cs,CardEffect,7,SHELL
CardEffect/BT25/Blue/BT25_024.cs,CardEffect,7,SHELL
CardEffect/BT25/Blue/BT25_025.cs,CardEffect,7,SHELL
CardEffect/BT25/Blue/BT25_026.cs,CardEffect,7,SHELL
CardEffect/BT25/Blue/BT25_027.cs,CardEffect,7,SHELL
CardEffect/BT25/Blue/BT25_028.cs,CardEffect,7,SHELL
CardEffect/BT25/Blue/BT25_029.cs,CardEffect,7,SHELL
CardEffect/BT25/Blue/BT25_087.cs,CardEffect,7,SHELL
CardEffect/BT25/Blue/BT25_096.cs,CardEffect,492,IMPL
CardEffect/BT25/Green/BT25_004.cs,CardEffect,100,IMPL
CardEffect/BT25/Green/BT25_045.cs,CardEffect,7,SHELL
CardEffect/BT25/Green/BT25_046.cs,CardEffect,7,SHELL
CardEffect/BT25/Green/BT25_047.cs,CardEffect,7,SHELL
CardEffect/BT25/Green/BT25_048.cs,CardEffect,7,SHELL
CardEffect/BT25/Green/BT25_049.cs,CardEffect,7,SHELL
CardEffect/BT25/Green/BT25_050.cs,CardEffect,7,SHELL
CardEffect/BT25/Green/BT25_051.cs,CardEffect,7,SHELL
CardEffect/BT25/Green/BT25_052.cs,CardEffect,354,IMPL
CardEffect/BT25/Green/BT25_053.cs,CardEffect,7,SHELL
CardEffect/BT25/Green/BT25_054.cs,CardEffect,7,SHELL
CardEffect/BT25/Green/BT25_055.cs,CardEffect,7,SHELL
CardEffect/BT25/Green/BT25_056.cs,CardEffect,359,IMPL
CardEffect/BT25/Green/BT25_057.cs,CardEffect,7,SHELL
CardEffect/BT25/Green/BT25_058.cs,CardEffect,7,SHELL
CardEffect/BT25/Green/BT25_059.cs,CardEffect,7,SHELL
CardEffect/BT25/Green/BT25_060.cs,CardEffect,7,SHELL
CardEffect/BT25/Green/BT25_089.cs,CardEffect,429,IMPL
CardEffect/BT25/Green/BT25_090.cs,CardEffect,7,SHELL
CardEffect/BT25/Green/BT25_099.cs,CardEffect,7,SHELL
CardEffect/BT25/Purple/BT25_006.cs,CardEffect,7,SHELL
CardEffect/BT25/Purple/BT25_078.cs,CardEffect,7,SHELL
CardEffect/BT25/Purple/BT25_079.cs,CardEffect,7,SHELL
CardEffect/BT25/Purple/BT25_080.cs,CardEffect,7,SHELL
CardEffect/BT25/Purple/BT25_081.cs,CardEffect,7,SHELL
CardEffect/BT25/Purple/BT25_082.cs,CardEffect,7,SHELL
CardEffect/BT25/Purple/BT25_083.cs,CardEffect,7,SHELL
CardEffect/BT25/Purple/BT25_084.cs,CardEffect,7,SHELL
CardEffect/BT25/Purple/BT25_085.cs,CardEffect,7,SHELL
CardEffect/BT25/Purple/BT25_092.cs,CardEffect,311,IMPL
CardEffect/BT25/Red/BT25_001.cs,CardEffect,7,SHELL
CardEffect/BT25/Red/BT25_007.cs,CardEffect,7,SHELL
CardEffect/BT25/Red/BT25_008.cs,CardEffect,7,SHELL
CardEffect/BT25/Red/BT25_009.cs,CardEffect,7,SHELL
CardEffect/BT25/Red/BT25_010.cs,CardEffect,7,SHELL
CardEffect/BT25/Red/BT25_011.cs,CardEffect,7,SHELL
CardEffect/BT25/Red/BT25_012.cs,CardEffect,7,SHELL
CardEffect/BT25/Red/BT25_013.cs,CardEffect,7,SHELL
CardEffect/BT25/Red/BT25_014.cs,CardEffect,7,SHELL
CardEffect/BT25/Red/BT25_015.cs,CardEffect,7,SHELL
CardEffect/BT25/Red/BT25_016.cs,CardEffect,7,SHELL
CardEffect/BT25/Red/BT25_017.cs,CardEffect,7,SHELL
CardEffect/BT25/Red/BT25_018.cs,CardEffect,7,SHELL
CardEffect/BT25/Red/BT25_019.cs,CardEffect,150,IMPL
CardEffect/BT25/Red/BT25_020.cs,CardEffect,7,SHELL
CardEffect/BT25/Red/BT25_086.cs,CardEffect,7,SHELL
CardEffect/BT25/Red/BT25_093.cs,CardEffect,7,SHELL
CardEffect/BT25/Red/BT25_094.cs,CardEffect,296,IMPL
CardEffect/BT25/Red/BT25_095.cs,CardEffect,7,SHELL
CardEffect/BT25/Red/BT25_103.cs,CardEffect,7,SHELL
CardEffect/BT25/Red/BT25_104.cs,CardEffect,415,IMPL
CardEffect/BT25/Yellow/BT25_002.cs,CardEffect,7,SHELL
CardEffect/BT25/Yellow/BT25_030.cs,CardEffect,7,SHELL
CardEffect/BT25/Yellow/BT25_031.cs,CardEffect,7,SHELL
CardEffect/BT25/Yellow/BT25_032.cs,CardEffect,7,SHELL
CardEffect/BT25/Yellow/BT25_033.cs,CardEffect,7,SHELL
CardEffect/BT25/Yellow/BT25_034.cs,CardEffect,111,IMPL
CardEffect/BT25/Yellow/BT25_035.cs,CardEffect,7,SHELL
CardEffect/BT25/Yellow/BT25_036.cs,CardEffect,7,SHELL
CardEffect/BT25/Yellow/BT25_037.cs,CardEffect,7,SHELL
CardEffect/BT25/Yellow/BT25_038.cs,CardEffect,7,SHELL
CardEffect/BT25/Yellow/BT25_039.cs,CardEffect,351,IMPL
CardEffect/BT25/Yellow/BT25_040.cs,CardEffect,309,IMPL
CardEffect/BT25/Yellow/BT25_041.cs,CardEffect,7,SHELL
CardEffect/BT25/Yellow/BT25_042.cs,CardEffect,7,SHELL
CardEffect/BT25/Yellow/BT25_043.cs,CardEffect,294,IMPL
CardEffect/BT25/Yellow/BT25_044.cs,CardEffect,7,SHELL
CardEffect/BT25/Yellow/BT25_088.cs,CardEffect,7,SHELL
CardEffect/BT25/Yellow/BT25_097.cs,CardEffect,7,SHELL
CardEffect/BT25/Yellow/BT25_098.cs,CardEffect,7,SHELL
CardEffect/BT3/Black/BT3_005.cs,CardEffect,7,SHELL
CardEffect/BT3/Black/BT3_063.cs,CardEffect,7,SHELL
CardEffect/BT3/Black/BT3_064.cs,CardEffect,7,SHELL
CardEffect/BT3/Black/BT3_066.cs,CardEffect,7,SHELL
CardEffect/BT3/Black/BT3_070.cs,CardEffect,7,SHELL
CardEffect/BT3/Black/BT3_071.cs,CardEffect,7,SHELL
CardEffect/BT3/Black/BT3_073.cs,CardEffect,7,SHELL
CardEffect/BT3/Black/BT3_074.cs,CardEffect,7,SHELL
CardEffect/BT3/Black/BT3_075.cs,CardEffect,7,SHELL
CardEffect/BT3/Black/BT3_095.cs,CardEffect,7,SHELL
CardEffect/BT3/Black/BT3_105.cs,CardEffect,7,SHELL
CardEffect/BT3/Black/BT3_106.cs,CardEffect,7,SHELL
CardEffect/BT3/Black/BT3_107.cs,CardEffect,7,SHELL
CardEffect/BT3/Blue/BT3_002.cs,CardEffect,7,SHELL
CardEffect/BT3/Blue/BT3_025.cs,CardEffect,7,SHELL
CardEffect/BT3/Blue/BT3_027.cs,CardEffect,7,SHELL
CardEffect/BT3/Blue/BT3_029.cs,CardEffect,7,SHELL
CardEffect/BT3/Blue/BT3_030.cs,CardEffect,7,SHELL
CardEffect/BT3/Blue/BT3_031.cs,CardEffect,7,SHELL
CardEffect/BT3/Blue/BT3_093.cs,CardEffect,7,SHELL
CardEffect/BT3/Blue/BT3_099.cs,CardEffect,7,SHELL
CardEffect/BT3/Blue/BT3_100.cs,CardEffect,7,SHELL
CardEffect/BT3/Green/BT3_004.cs,CardEffect,7,SHELL
CardEffect/BT3/Green/BT3_046.cs,CardEffect,7,SHELL
CardEffect/BT3/Green/BT3_047.cs,CardEffect,7,SHELL
CardEffect/BT3/Green/BT3_050.cs,CardEffect,7,SHELL
CardEffect/BT3/Green/BT3_051.cs,CardEffect,7,SHELL
CardEffect/BT3/Green/BT3_054.cs,CardEffect,7,SHELL
CardEffect/BT3/Green/BT3_055.cs,CardEffect,7,SHELL
CardEffect/BT3/Green/BT3_056.cs,CardEffect,524,IMPL
CardEffect/BT3/Green/BT3_057.cs,CardEffect,7,SHELL
CardEffect/BT3/Green/BT3_058.cs,CardEffect,7,SHELL
CardEffect/BT3/Green/BT3_094.cs,CardEffect,7,SHELL
CardEffect/BT3/Green/BT3_103.cs,CardEffect,300,IMPL
CardEffect/BT3/Green/BT3_104.cs,CardEffect,7,SHELL
CardEffect/BT3/Green/BT3_111.cs,CardEffect,7,SHELL
CardEffect/BT3/Purple/BT3_006.cs,CardEffect,7,SHELL
CardEffect/BT3/Purple/BT3_080.cs,CardEffect,7,SHELL
CardEffect/BT3/Purple/BT3_084.cs,CardEffect,7,SHELL
CardEffect/BT3/Purple/BT3_086.cs,CardEffect,7,SHELL
CardEffect/BT3/Purple/BT3_087.cs,CardEffect,7,SHELL
CardEffect/BT3/Purple/BT3_088.cs,CardEffect,7,SHELL
CardEffect/BT3/Purple/BT3_090.cs,CardEffect,7,SHELL
CardEffect/BT3/Purple/BT3_091.cs,CardEffect,7,SHELL
CardEffect/BT3/Purple/BT3_092.cs,CardEffect,7,SHELL
CardEffect/BT3/Purple/BT3_096.cs,CardEffect,7,SHELL
CardEffect/BT3/Purple/BT3_108.cs,CardEffect,7,SHELL
CardEffect/BT3/Purple/BT3_109.cs,CardEffect,7,SHELL
CardEffect/BT3/Purple/BT3_110.cs,CardEffect,7,SHELL
CardEffect/BT3/Red/BT3_001.cs,CardEffect,7,SHELL
CardEffect/BT3/Red/BT3_008.cs,CardEffect,7,SHELL
CardEffect/BT3/Red/BT3_010.cs,CardEffect,7,SHELL
CardEffect/BT3/Red/BT3_011.cs,CardEffect,7,SHELL
CardEffect/BT3/Red/BT3_014.cs,CardEffect,7,SHELL
CardEffect/BT3/Red/BT3_015.cs,CardEffect,7,SHELL
CardEffect/BT3/Red/BT3_016.cs,CardEffect,7,SHELL
CardEffect/BT3/Red/BT3_017.cs,CardEffect,7,SHELL
CardEffect/BT3/Red/BT3_018.cs,CardEffect,7,SHELL
CardEffect/BT3/Red/BT3_019.cs,CardEffect,7,SHELL
CardEffect/BT3/Red/BT3_097.cs,CardEffect,7,SHELL
CardEffect/BT3/Red/BT3_098.cs,CardEffect,7,SHELL
CardEffect/BT3/White/BT3_112.cs,CardEffect,7,SHELL
CardEffect/BT3/Yellow/BT3_003.cs,CardEffect,7,SHELL
CardEffect/BT3/Yellow/BT3_034.cs,CardEffect,7,SHELL
CardEffect/BT3/Yellow/BT3_039.cs,CardEffect,7,SHELL
CardEffect/BT3/Yellow/BT3_040.cs,CardEffect,7,SHELL
CardEffect/BT3/Yellow/BT3_041.cs,CardEffect,7,SHELL
CardEffect/BT3/Yellow/BT3_042.cs,CardEffect,7,SHELL
CardEffect/BT3/Yellow/BT3_043.cs,CardEffect,7,SHELL
CardEffect/BT3/Yellow/BT3_101.cs,CardEffect,7,SHELL
CardEffect/BT3/Yellow/BT3_102.cs,CardEffect,7,SHELL
CardEffect/BT4/Black/BT4_005.cs,CardEffect,7,SHELL
CardEffect/BT4/Black/BT4_063.cs,CardEffect,7,SHELL
CardEffect/BT4/Black/BT4_066.cs,CardEffect,7,SHELL
CardEffect/BT4/Black/BT4_068.cs,CardEffect,7,SHELL
CardEffect/BT4/Black/BT4_070.cs,CardEffect,7,SHELL
CardEffect/BT4/Black/BT4_071.cs,CardEffect,7,SHELL
CardEffect/BT4/Black/BT4_072.cs,CardEffect,7,SHELL
CardEffect/BT4/Black/BT4_073.cs,CardEffect,7,SHELL
CardEffect/BT4/Black/BT4_074.cs,CardEffect,7,SHELL
CardEffect/BT4/Black/BT4_075.cs,CardEffect,7,SHELL
CardEffect/BT4/Black/BT4_096.cs,CardEffect,7,SHELL
CardEffect/BT4/Black/BT4_109.cs,CardEffect,7,SHELL
CardEffect/BT4/Black/BT4_110.cs,CardEffect,7,SHELL
CardEffect/BT4/Blue/BT4_002.cs,CardEffect,7,SHELL
CardEffect/BT4/Blue/BT4_023.cs,CardEffect,7,SHELL
CardEffect/BT4/Blue/BT4_025.cs,CardEffect,7,SHELL
CardEffect/BT4/Blue/BT4_026.cs,CardEffect,7,SHELL
CardEffect/BT4/Blue/BT4_027.cs,CardEffect,7,SHELL
CardEffect/BT4/Blue/BT4_030.cs,CardEffect,7,SHELL
CardEffect/BT4/Blue/BT4_031.cs,CardEffect,7,SHELL
CardEffect/BT4/Blue/BT4_032.cs,CardEffect,7,SHELL
CardEffect/BT4/Blue/BT4_033.cs,CardEffect,7,SHELL
CardEffect/BT4/Blue/BT4_034.cs,CardEffect,7,SHELL
CardEffect/BT4/Blue/BT4_035.cs,CardEffect,7,SHELL
CardEffect/BT4/Blue/BT4_093.cs,CardEffect,7,SHELL
CardEffect/BT4/Blue/BT4_101.cs,CardEffect,7,SHELL
CardEffect/BT4/Blue/BT4_102.cs,CardEffect,7,SHELL
CardEffect/BT4/Blue/BT4_103.cs,CardEffect,7,SHELL
CardEffect/BT4/Blue/BT4_114.cs,CardEffect,7,SHELL
CardEffect/BT4/Green/BT4_004.cs,CardEffect,7,SHELL
CardEffect/BT4/Green/BT4_051.cs,CardEffect,7,SHELL
CardEffect/BT4/Green/BT4_054.cs,CardEffect,7,SHELL
CardEffect/BT4/Green/BT4_055.cs,CardEffect,7,SHELL
CardEffect/BT4/Green/BT4_057.cs,CardEffect,7,SHELL
CardEffect/BT4/Green/BT4_058.cs,CardEffect,7,SHELL
CardEffect/BT4/Green/BT4_059.cs,CardEffect,7,SHELL
CardEffect/BT4/Green/BT4_060.cs,CardEffect,7,SHELL
CardEffect/BT4/Green/BT4_061.cs,CardEffect,7,SHELL
CardEffect/BT4/Green/BT4_062.cs,CardEffect,7,SHELL
CardEffect/BT4/Green/BT4_095.cs,CardEffect,7,SHELL
CardEffect/BT4/Green/BT4_107.cs,CardEffect,7,SHELL
CardEffect/BT4/Green/BT4_108.cs,CardEffect,7,SHELL
CardEffect/BT4/Purple/BT4_006.cs,CardEffect,7,SHELL
CardEffect/BT4/Purple/BT4_078.cs,CardEffect,7,SHELL
CardEffect/BT4/Purple/BT4_079.cs,CardEffect,7,SHELL
CardEffect/BT4/Purple/BT4_081.cs,CardEffect,7,SHELL
CardEffect/BT4/Purple/BT4_083.cs,CardEffect,7,SHELL
CardEffect/BT4/Purple/BT4_084.cs,CardEffect,7,SHELL
CardEffect/BT4/Purple/BT4_086.cs,CardEffect,7,SHELL
CardEffect/BT4/Purple/BT4_087.cs,CardEffect,7,SHELL
CardEffect/BT4/Purple/BT4_088.cs,CardEffect,7,SHELL
CardEffect/BT4/Purple/BT4_089.cs,CardEffect,7,SHELL
CardEffect/BT4/Purple/BT4_097.cs,CardEffect,7,SHELL
CardEffect/BT4/Purple/BT4_111.cs,CardEffect,7,SHELL
CardEffect/BT4/Purple/BT4_112.cs,CardEffect,7,SHELL
CardEffect/BT4/Red/BT4_008.cs,CardEffect,7,SHELL
CardEffect/BT4/Red/BT4_009.cs,CardEffect,7,SHELL
CardEffect/BT4/Red/BT4_011.cs,CardEffect,7,SHELL
CardEffect/BT4/Red/BT4_012.cs,CardEffect,7,SHELL
CardEffect/BT4/Red/BT4_013.cs,CardEffect,7,SHELL
CardEffect/BT4/Red/BT4_016.cs,CardEffect,7,SHELL
CardEffect/BT4/Red/BT4_017.cs,CardEffect,7,SHELL
CardEffect/BT4/Red/BT4_018.cs,CardEffect,7,SHELL
CardEffect/BT4/Red/BT4_019.cs,CardEffect,7,SHELL
CardEffect/BT4/Red/BT4_020.cs,CardEffect,7,SHELL
CardEffect/BT4/Red/BT4_092.cs,CardEffect,7,SHELL
CardEffect/BT4/Red/BT4_098.cs,CardEffect,7,SHELL
CardEffect/BT4/Red/BT4_099.cs,CardEffect,7,SHELL
CardEffect/BT4/Red/BT4_100.cs,CardEffect,7,SHELL
CardEffect/BT4/Red/BT4_113.cs,CardEffect,7,SHELL
CardEffect/BT4/White/BT4_090.cs,CardEffect,7,SHELL
CardEffect/BT4/White/BT4_091.cs,CardEffect,7,SHELL
CardEffect/BT4/Yellow/BT4_003.cs,CardEffect,7,SHELL
CardEffect/BT4/Yellow/BT4_037.cs,CardEffect,7,SHELL
CardEffect/BT4/Yellow/BT4_038.cs,CardEffect,7,SHELL
CardEffect/BT4/Yellow/BT4_039.cs,CardEffect,7,SHELL
CardEffect/BT4/Yellow/BT4_041.cs,CardEffect,7,SHELL
CardEffect/BT4/Yellow/BT4_044.cs,CardEffect,7,SHELL
CardEffect/BT4/Yellow/BT4_045.cs,CardEffect,7,SHELL
CardEffect/BT4/Yellow/BT4_046.cs,CardEffect,7,SHELL
CardEffect/BT4/Yellow/BT4_047.cs,CardEffect,7,SHELL
CardEffect/BT4/Yellow/BT4_048.cs,CardEffect,7,SHELL
CardEffect/BT4/Yellow/BT4_049.cs,CardEffect,7,SHELL
CardEffect/BT4/Yellow/BT4_094.cs,CardEffect,7,SHELL
CardEffect/BT4/Yellow/BT4_104.cs,CardEffect,7,SHELL
CardEffect/BT4/Yellow/BT4_105.cs,CardEffect,7,SHELL
CardEffect/BT4/Yellow/BT4_106.cs,CardEffect,7,SHELL
CardEffect/BT4/Yellow/BT4_115.cs,CardEffect,7,SHELL
CardEffect/BT5/Black/BT5_005.cs,CardEffect,7,SHELL
CardEffect/BT5/Black/BT5_059.cs,CardEffect,7,SHELL
CardEffect/BT5/Black/BT5_060.cs,CardEffect,7,SHELL
CardEffect/BT5/Black/BT5_062.cs,CardEffect,7,SHELL
CardEffect/BT5/Black/BT5_063.cs,CardEffect,7,SHELL
CardEffect/BT5/Black/BT5_065.cs,CardEffect,7,SHELL
CardEffect/BT5/Black/BT5_067.cs,CardEffect,7,SHELL
CardEffect/BT5/Black/BT5_068.cs,CardEffect,7,SHELL
CardEffect/BT5/Black/BT5_069.cs,CardEffect,7,SHELL
CardEffect/BT5/Black/BT5_070.cs,CardEffect,7,SHELL
CardEffect/BT5/Black/BT5_090.cs,CardEffect,7,SHELL
CardEffect/BT5/Black/BT5_103.cs,CardEffect,7,SHELL
CardEffect/BT5/Black/BT5_104.cs,CardEffect,7,SHELL
CardEffect/BT5/Black/BT5_105.cs,CardEffect,7,SHELL
CardEffect/BT5/Blue/BT5_002.cs,CardEffect,7,SHELL
CardEffect/BT5/Blue/BT5_020.cs,CardEffect,7,SHELL
CardEffect/BT5/Blue/BT5_021.cs,CardEffect,7,SHELL
CardEffect/BT5/Blue/BT5_022.cs,CardEffect,7,SHELL
CardEffect/BT5/Blue/BT5_024.cs,CardEffect,7,SHELL
CardEffect/BT5/Blue/BT5_025.cs,CardEffect,7,SHELL
CardEffect/BT5/Blue/BT5_028.cs,CardEffect,7,SHELL
CardEffect/BT5/Blue/BT5_029.cs,CardEffect,7,SHELL
CardEffect/BT5/Blue/BT5_030.cs,CardEffect,7,SHELL
CardEffect/BT5/Blue/BT5_031.cs,CardEffect,7,SHELL
CardEffect/BT5/Blue/BT5_032.cs,CardEffect,7,SHELL
CardEffect/BT5/Blue/BT5_088.cs,CardEffect,7,SHELL
CardEffect/BT5/Blue/BT5_096.cs,CardEffect,7,SHELL
CardEffect/BT5/Blue/BT5_097.cs,CardEffect,7,SHELL
CardEffect/BT5/Green/BT5_004.cs,CardEffect,7,SHELL
CardEffect/BT5/Green/BT5_046.cs,CardEffect,7,SHELL
CardEffect/BT5/Green/BT5_047.cs,CardEffect,7,SHELL
CardEffect/BT5/Green/BT5_049.cs,CardEffect,7,SHELL
CardEffect/BT5/Green/BT5_050.cs,CardEffect,7,SHELL
CardEffect/BT5/Green/BT5_053.cs,CardEffect,7,SHELL
CardEffect/BT5/Green/BT5_055.cs,CardEffect,7,SHELL
CardEffect/BT5/Green/BT5_056.cs,CardEffect,196,IMPL
CardEffect/BT5/Green/BT5_057.cs,CardEffect,7,SHELL
CardEffect/BT5/Green/BT5_058.cs,CardEffect,7,SHELL
CardEffect/BT5/Green/BT5_089.cs,CardEffect,7,SHELL
CardEffect/BT5/Green/BT5_100.cs,CardEffect,7,SHELL
CardEffect/BT5/Green/BT5_101.cs,CardEffect,7,SHELL
CardEffect/BT5/Green/BT5_102.cs,CardEffect,7,SHELL
CardEffect/BT5/Purple/BT5_006.cs,CardEffect,7,SHELL
CardEffect/BT5/Purple/BT5_071.cs,CardEffect,7,SHELL
CardEffect/BT5/Purple/BT5_072.cs,CardEffect,7,SHELL
CardEffect/BT5/Purple/BT5_074.cs,CardEffect,7,SHELL
CardEffect/BT5/Purple/BT5_076.cs,CardEffect,7,SHELL
CardEffect/BT5/Purple/BT5_078.cs,CardEffect,7,SHELL
CardEffect/BT5/Purple/BT5_079.cs,CardEffect,7,SHELL
CardEffect/BT5/Purple/BT5_080.cs,CardEffect,7,SHELL
CardEffect/BT5/Purple/BT5_081.cs,CardEffect,7,SHELL
CardEffect/BT5/Purple/BT5_082.cs,CardEffect,7,SHELL
CardEffect/BT5/Purple/BT5_083.cs,CardEffect,7,SHELL
CardEffect/BT5/Purple/BT5_106.cs,CardEffect,7,SHELL
CardEffect/BT5/Purple/BT5_107.cs,CardEffect,7,SHELL
CardEffect/BT5/Purple/BT5_108.cs,CardEffect,7,SHELL
CardEffect/BT5/Red/BT5_001.cs,CardEffect,7,SHELL
CardEffect/BT5/Red/BT5_007.cs,CardEffect,7,SHELL
CardEffect/BT5/Red/BT5_008.cs,CardEffect,7,SHELL
CardEffect/BT5/Red/BT5_009.cs,CardEffect,7,SHELL
CardEffect/BT5/Red/BT5_010.cs,CardEffect,7,SHELL
CardEffect/BT5/Red/BT5_011.cs,CardEffect,7,SHELL
CardEffect/BT5/Red/BT5_014.cs,CardEffect,7,SHELL
CardEffect/BT5/Red/BT5_015.cs,CardEffect,7,SHELL
CardEffect/BT5/Red/BT5_016.cs,CardEffect,7,SHELL
CardEffect/BT5/Red/BT5_017.cs,CardEffect,7,SHELL
CardEffect/BT5/Red/BT5_018.cs,CardEffect,7,SHELL
CardEffect/BT5/Red/BT5_019.cs,CardEffect,7,SHELL
CardEffect/BT5/Red/BT5_094.cs,CardEffect,7,SHELL
CardEffect/BT5/Red/BT5_095.cs,CardEffect,7,SHELL
CardEffect/BT5/White/BT5_084.cs,CardEffect,7,SHELL
CardEffect/BT5/White/BT5_085.cs,CardEffect,7,SHELL
CardEffect/BT5/White/BT5_086.cs,CardEffect,243,IMPL
CardEffect/BT5/White/BT5_087.cs,CardEffect,7,SHELL
CardEffect/BT5/White/BT5_091.cs,CardEffect,7,SHELL
CardEffect/BT5/White/BT5_092.cs,CardEffect,7,SHELL
CardEffect/BT5/White/BT5_093.cs,CardEffect,7,SHELL
CardEffect/BT5/White/BT5_109.cs,CardEffect,7,SHELL
CardEffect/BT5/White/BT5_110.cs,CardEffect,7,SHELL
CardEffect/BT5/White/BT5_111.cs,CardEffect,7,SHELL
CardEffect/BT5/White/BT5_112.cs,CardEffect,7,SHELL
CardEffect/BT5/Yellow/BT5_003.cs,CardEffect,7,SHELL
CardEffect/BT5/Yellow/BT5_034.cs,CardEffect,7,SHELL
CardEffect/BT5/Yellow/BT5_035.cs,CardEffect,7,SHELL
CardEffect/BT5/Yellow/BT5_036.cs,CardEffect,7,SHELL
CardEffect/BT5/Yellow/BT5_037.cs,CardEffect,7,SHELL
CardEffect/BT5/Yellow/BT5_038.cs,CardEffect,7,SHELL
CardEffect/BT5/Yellow/BT5_039.cs,CardEffect,7,SHELL
CardEffect/BT5/Yellow/BT5_042.cs,CardEffect,7,SHELL
CardEffect/BT5/Yellow/BT5_043.cs,CardEffect,7,SHELL
CardEffect/BT5/Yellow/BT5_044.cs,CardEffect,7,SHELL
CardEffect/BT5/Yellow/BT5_045.cs,CardEffect,7,SHELL
CardEffect/BT5/Yellow/BT5_098.cs,CardEffect,7,SHELL
CardEffect/BT5/Yellow/BT5_099.cs,CardEffect,7,SHELL
CardEffect/BT6/Black/BT6_005.cs,CardEffect,7,SHELL
CardEffect/BT6/Black/BT6_056.cs,CardEffect,7,SHELL
CardEffect/BT6/Black/BT6_057.cs,CardEffect,7,SHELL
CardEffect/BT6/Black/BT6_059.cs,CardEffect,7,SHELL
CardEffect/BT6/Black/BT6_060.cs,CardEffect,7,SHELL
CardEffect/BT6/Black/BT6_061.cs,CardEffect,7,SHELL
CardEffect/BT6/Black/BT6_062.cs,CardEffect,7,SHELL
CardEffect/BT6/Black/BT6_064.cs,CardEffect,7,SHELL
CardEffect/BT6/Black/BT6_065.cs,CardEffect,7,SHELL
CardEffect/BT6/Black/BT6_066.cs,CardEffect,7,SHELL
CardEffect/BT6/Black/BT6_067.cs,CardEffect,115,IMPL
CardEffect/BT6/Black/BT6_090.cs,CardEffect,7,SHELL
CardEffect/BT6/Black/BT6_104.cs,CardEffect,7,SHELL
CardEffect/BT6/Black/BT6_105.cs,CardEffect,7,SHELL
CardEffect/BT6/Black/BT6_106.cs,CardEffect,76,IMPL
CardEffect/BT6/Black/BT6_111.cs,CardEffect,7,SHELL
CardEffect/BT6/Blue/BT6_002.cs,CardEffect,7,SHELL
CardEffect/BT6/Blue/BT6_019.cs,CardEffect,7,SHELL
CardEffect/BT6/Blue/BT6_020.cs,CardEffect,7,SHELL
CardEffect/BT6/Blue/BT6_022.cs,CardEffect,7,SHELL
CardEffect/BT6/Blue/BT6_024.cs,CardEffect,7,SHELL
CardEffect/BT6/Blue/BT6_025.cs,CardEffect,7,SHELL
CardEffect/BT6/Blue/BT6_026.cs,CardEffect,7,SHELL
CardEffect/BT6/Blue/BT6_027.cs,CardEffect,7,SHELL
CardEffect/BT6/Blue/BT6_028.cs,CardEffect,7,SHELL
CardEffect/BT6/Blue/BT6_029.cs,CardEffect,7,SHELL
CardEffect/BT6/Blue/BT6_030.cs,CardEffect,7,SHELL
CardEffect/BT6/Blue/BT6_088.cs,CardEffect,7,SHELL
CardEffect/BT6/Blue/BT6_096.cs,CardEffect,7,SHELL
CardEffect/BT6/Blue/BT6_097.cs,CardEffect,7,SHELL
CardEffect/BT6/Blue/BT6_098.cs,CardEffect,7,SHELL
CardEffect/BT6/Green/BT6_004.cs,CardEffect,7,SHELL
CardEffect/BT6/Green/BT6_045.cs,CardEffect,7,SHELL
CardEffect/BT6/Green/BT6_047.cs,CardEffect,7,SHELL
CardEffect/BT6/Green/BT6_049.cs,CardEffect,7,SHELL
CardEffect/BT6/Green/BT6_050.cs,CardEffect,7,SHELL
CardEffect/BT6/Green/BT6_051.cs,CardEffect,7,SHELL
CardEffect/BT6/Green/BT6_052.cs,CardEffect,7,SHELL
CardEffect/BT6/Green/BT6_053.cs,CardEffect,7,SHELL
CardEffect/BT6/Green/BT6_054.cs,CardEffect,7,SHELL
CardEffect/BT6/Green/BT6_102.cs,CardEffect,7,SHELL
CardEffect/BT6/Green/BT6_103.cs,CardEffect,7,SHELL
CardEffect/BT6/Purple/BT6_006.cs,CardEffect,7,SHELL
CardEffect/BT6/Purple/BT6_068.cs,CardEffect,7,SHELL
CardEffect/BT6/Purple/BT6_069.cs,CardEffect,7,SHELL
CardEffect/BT6/Purple/BT6_070.cs,CardEffect,7,SHELL
CardEffect/BT6/Purple/BT6_071.cs,CardEffect,7,SHELL
CardEffect/BT6/Purple/BT6_072.cs,CardEffect,7,SHELL
CardEffect/BT6/Purple/BT6_073.cs,CardEffect,7,SHELL
CardEffect/BT6/Purple/BT6_075.cs,CardEffect,7,SHELL
CardEffect/BT6/Purple/BT6_077.cs,CardEffect,7,SHELL
CardEffect/BT6/Purple/BT6_078.cs,CardEffect,7,SHELL
CardEffect/BT6/Purple/BT6_079.cs,CardEffect,7,SHELL
CardEffect/BT6/Purple/BT6_080.cs,CardEffect,7,SHELL
CardEffect/BT6/Purple/BT6_081.cs,CardEffect,7,SHELL
CardEffect/BT6/Purple/BT6_091.cs,CardEffect,7,SHELL
CardEffect/BT6/Purple/BT6_107.cs,CardEffect,7,SHELL
CardEffect/BT6/Purple/BT6_108.cs,CardEffect,7,SHELL
CardEffect/BT6/Purple/BT6_109.cs,CardEffect,7,SHELL
CardEffect/BT6/Purple/BT6_112.cs,CardEffect,7,SHELL
CardEffect/BT6/Red/BT6_001.cs,CardEffect,7,SHELL
CardEffect/BT6/Red/BT6_007.cs,CardEffect,7,SHELL
CardEffect/BT6/Red/BT6_008.cs,CardEffect,7,SHELL
CardEffect/BT6/Red/BT6_009.cs,CardEffect,7,SHELL
CardEffect/BT6/Red/BT6_010.cs,CardEffect,7,SHELL
CardEffect/BT6/Red/BT6_011.cs,CardEffect,7,SHELL
CardEffect/BT6/Red/BT6_013.cs,CardEffect,7,SHELL
CardEffect/BT6/Red/BT6_014.cs,CardEffect,7,SHELL
CardEffect/BT6/Red/BT6_015.cs,CardEffect,7,SHELL
CardEffect/BT6/Red/BT6_016.cs,CardEffect,7,SHELL
CardEffect/BT6/Red/BT6_017.cs,CardEffect,7,SHELL
CardEffect/BT6/Red/BT6_018.cs,CardEffect,7,SHELL
CardEffect/BT6/Red/BT6_087.cs,CardEffect,7,SHELL
CardEffect/BT6/Red/BT6_093.cs,CardEffect,7,SHELL
CardEffect/BT6/Red/BT6_094.cs,CardEffect,7,SHELL
CardEffect/BT6/Red/BT6_095.cs,CardEffect,89,IMPL
CardEffect/BT6/White/BT6_082.cs,CardEffect,7,SHELL
CardEffect/BT6/White/BT6_083.cs,CardEffect,7,SHELL
CardEffect/BT6/White/BT6_084.cs,CardEffect,7,SHELL
CardEffect/BT6/White/BT6_085.cs,CardEffect,7,SHELL
CardEffect/BT6/White/BT6_086.cs,CardEffect,7,SHELL
CardEffect/BT6/White/BT6_092.cs,CardEffect,7,SHELL
CardEffect/BT6/White/BT6_110.cs,CardEffect,7,SHELL
CardEffect/BT6/Yellow/BT6_003.cs,CardEffect,7,SHELL
CardEffect/BT6/Yellow/BT6_031.cs,CardEffect,7,SHELL
CardEffect/BT6/Yellow/BT6_032.cs,CardEffect,7,SHELL
CardEffect/BT6/Yellow/BT6_033.cs,CardEffect,7,SHELL
CardEffect/BT6/Yellow/BT6_034.cs,CardEffect,7,SHELL
CardEffect/BT6/Yellow/BT6_035.cs,CardEffect,7,SHELL
CardEffect/BT6/Yellow/BT6_036.cs,CardEffect,7,SHELL
CardEffect/BT6/Yellow/BT6_037.cs,CardEffect,7,SHELL
CardEffect/BT6/Yellow/BT6_039.cs,CardEffect,7,SHELL
CardEffect/BT6/Yellow/BT6_040.cs,CardEffect,7,SHELL
CardEffect/BT6/Yellow/BT6_041.cs,CardEffect,7,SHELL
CardEffect/BT6/Yellow/BT6_042.cs,CardEffect,7,SHELL
CardEffect/BT6/Yellow/BT6_043.cs,CardEffect,7,SHELL
CardEffect/BT6/Yellow/BT6_044.cs,CardEffect,7,SHELL
CardEffect/BT6/Yellow/BT6_089.cs,CardEffect,7,SHELL
CardEffect/BT6/Yellow/BT6_099.cs,CardEffect,7,SHELL
CardEffect/BT6/Yellow/BT6_100.cs,CardEffect,7,SHELL
CardEffect/BT6/Yellow/BT6_101.cs,CardEffect,7,SHELL
CardEffect/BT7/Black/BT7_005.cs,CardEffect,7,SHELL
CardEffect/BT7/Black/BT7_056.cs,CardEffect,7,SHELL
CardEffect/BT7/Black/BT7_057.cs,CardEffect,7,SHELL
CardEffect/BT7/Black/BT7_058.cs,CardEffect,205,IMPL
CardEffect/BT7/Black/BT7_059.cs,CardEffect,7,SHELL
CardEffect/BT7/Black/BT7_060.cs,CardEffect,7,SHELL
CardEffect/BT7/Black/BT7_061.cs,CardEffect,7,SHELL
CardEffect/BT7/Black/BT7_062.cs,CardEffect,7,SHELL
CardEffect/BT7/Black/BT7_063.cs,CardEffect,7,SHELL
CardEffect/BT7/Black/BT7_064.cs,CardEffect,7,SHELL
CardEffect/BT7/Black/BT7_065.cs,CardEffect,7,SHELL
CardEffect/BT7/Black/BT7_066.cs,CardEffect,7,SHELL
CardEffect/BT7/Black/BT7_090.cs,CardEffect,7,SHELL
CardEffect/BT7/Black/BT7_104.cs,CardEffect,7,SHELL
CardEffect/BT7/Black/BT7_105.cs,CardEffect,7,SHELL
CardEffect/BT7/Black/BT7_106.cs,CardEffect,7,SHELL
CardEffect/BT7/Blue/BT7_002.cs,CardEffect,7,SHELL
CardEffect/BT7/Blue/BT7_018.cs,CardEffect,7,SHELL
CardEffect/BT7/Blue/BT7_019.cs,CardEffect,7,SHELL
CardEffect/BT7/Blue/BT7_021.cs,CardEffect,7,SHELL
CardEffect/BT7/Blue/BT7_022.cs,CardEffect,7,SHELL
CardEffect/BT7/Blue/BT7_023.cs,CardEffect,7,SHELL
CardEffect/BT7/Blue/BT7_024.cs,CardEffect,7,SHELL
CardEffect/BT7/Blue/BT7_025.cs,CardEffect,7,SHELL
CardEffect/BT7/Blue/BT7_026.cs,CardEffect,7,SHELL
CardEffect/BT7/Blue/BT7_027.cs,CardEffect,7,SHELL
CardEffect/BT7/Blue/BT7_028.cs,CardEffect,7,SHELL
CardEffect/BT7/Blue/BT7_029.cs,CardEffect,7,SHELL
CardEffect/BT7/Blue/BT7_030.cs,CardEffect,7,SHELL
CardEffect/BT7/Blue/BT7_086.cs,CardEffect,7,SHELL
CardEffect/BT7/Blue/BT7_087.cs,CardEffect,373,IMPL
CardEffect/BT7/Blue/BT7_095.cs,CardEffect,7,SHELL
CardEffect/BT7/Blue/BT7_096.cs,CardEffect,7,SHELL
CardEffect/BT7/Blue/BT7_097.cs,CardEffect,7,SHELL
CardEffect/BT7/Green/BT7_004.cs,CardEffect,7,SHELL
CardEffect/BT7/Green/BT7_043.cs,CardEffect,7,SHELL
CardEffect/BT7/Green/BT7_044.cs,CardEffect,7,SHELL
CardEffect/BT7/Green/BT7_046.cs,CardEffect,7,SHELL
CardEffect/BT7/Green/BT7_047.cs,CardEffect,7,SHELL
CardEffect/BT7/Green/BT7_051.cs,CardEffect,7,SHELL
CardEffect/BT7/Green/BT7_052.cs,CardEffect,7,SHELL
CardEffect/BT7/Green/BT7_053.cs,CardEffect,7,SHELL
CardEffect/BT7/Green/BT7_054.cs,CardEffect,7,SHELL
CardEffect/BT7/Green/BT7_055.cs,CardEffect,221,IMPL
CardEffect/BT7/Green/BT7_089.cs,CardEffect,7,SHELL
CardEffect/BT7/Green/BT7_101.cs,CardEffect,7,SHELL
CardEffect/BT7/Green/BT7_102.cs,CardEffect,7,SHELL
CardEffect/BT7/Green/BT7_103.cs,CardEffect,7,SHELL
CardEffect/BT7/Purple/BT7_006.cs,CardEffect,7,SHELL
CardEffect/BT7/Purple/BT7_045.cs,CardEffect,7,SHELL
CardEffect/BT7/Purple/BT7_068.cs,CardEffect,7,SHELL
CardEffect/BT7/Purple/BT7_069.cs,CardEffect,7,SHELL
CardEffect/BT7/Purple/BT7_070.cs,CardEffect,7,SHELL
CardEffect/BT7/Purple/BT7_071.cs,CardEffect,7,SHELL
CardEffect/BT7/Purple/BT7_072.cs,CardEffect,7,SHELL
CardEffect/BT7/Purple/BT7_073.cs,CardEffect,7,SHELL
CardEffect/BT7/Purple/BT7_074.cs,CardEffect,7,SHELL
CardEffect/BT7/Purple/BT7_075.cs,CardEffect,7,SHELL
CardEffect/BT7/Purple/BT7_076.cs,CardEffect,7,SHELL
CardEffect/BT7/Purple/BT7_077.cs,CardEffect,7,SHELL
CardEffect/BT7/Purple/BT7_078.cs,CardEffect,7,SHELL
CardEffect/BT7/Purple/BT7_079.cs,CardEffect,7,SHELL
CardEffect/BT7/Purple/BT7_091.cs,CardEffect,7,SHELL
CardEffect/BT7/Purple/BT7_107.cs,CardEffect,7,SHELL
CardEffect/BT7/Purple/BT7_108.cs,CardEffect,7,SHELL
CardEffect/BT7/Purple/BT7_109.cs,CardEffect,7,SHELL
CardEffect/BT7/Purple/BT7_111.cs,CardEffect,7,SHELL
CardEffect/BT7/Red/BT7_001.cs,CardEffect,7,SHELL
CardEffect/BT7/Red/BT7_008.cs,CardEffect,7,SHELL
CardEffect/BT7/Red/BT7_009.cs,CardEffect,7,SHELL
CardEffect/BT7/Red/BT7_010.cs,CardEffect,7,SHELL
CardEffect/BT7/Red/BT7_011.cs,CardEffect,7,SHELL
CardEffect/BT7/Red/BT7_013.cs,CardEffect,7,SHELL
CardEffect/BT7/Red/BT7_014.cs,CardEffect,7,SHELL
CardEffect/BT7/Red/BT7_015.cs,CardEffect,7,SHELL
CardEffect/BT7/Red/BT7_016.cs,CardEffect,7,SHELL
CardEffect/BT7/Red/BT7_017.cs,CardEffect,7,SHELL
CardEffect/BT7/Red/BT7_085.cs,CardEffect,7,SHELL
CardEffect/BT7/Red/BT7_092.cs,CardEffect,7,SHELL
CardEffect/BT7/Red/BT7_093.cs,CardEffect,7,SHELL
CardEffect/BT7/Red/BT7_094.cs,CardEffect,7,SHELL
CardEffect/BT7/White/BT7_080.cs,CardEffect,7,SHELL
CardEffect/BT7/White/BT7_081.cs,CardEffect,7,SHELL
CardEffect/BT7/White/BT7_082.cs,CardEffect,7,SHELL
CardEffect/BT7/White/BT7_083.cs,CardEffect,7,SHELL
CardEffect/BT7/White/BT7_084.cs,CardEffect,7,SHELL
CardEffect/BT7/White/BT7_110.cs,CardEffect,7,SHELL
CardEffect/BT7/White/BT7_112.cs,CardEffect,292,IMPL
CardEffect/BT7/Yellow/BT7_003.cs,CardEffect,7,SHELL
CardEffect/BT7/Yellow/BT7_032.cs,CardEffect,7,SHELL
CardEffect/BT7/Yellow/BT7_033.cs,CardEffect,7,SHELL
CardEffect/BT7/Yellow/BT7_034.cs,CardEffect,7,SHELL
CardEffect/BT7/Yellow/BT7_035.cs,CardEffect,7,SHELL
CardEffect/BT7/Yellow/BT7_036.cs,CardEffect,7,SHELL
CardEffect/BT7/Yellow/BT7_037.cs,CardEffect,7,SHELL
CardEffect/BT7/Yellow/BT7_038.cs,CardEffect,7,SHELL
CardEffect/BT7/Yellow/BT7_039.cs,CardEffect,7,SHELL
CardEffect/BT7/Yellow/BT7_040.cs,CardEffect,7,SHELL
CardEffect/BT7/Yellow/BT7_041.cs,CardEffect,7,SHELL
CardEffect/BT7/Yellow/BT7_042.cs,CardEffect,7,SHELL
CardEffect/BT7/Yellow/BT7_088.cs,CardEffect,7,SHELL
CardEffect/BT7/Yellow/BT7_098.cs,CardEffect,7,SHELL
CardEffect/BT7/Yellow/BT7_099.cs,CardEffect,7,SHELL
CardEffect/BT7/Yellow/BT7_100.cs,CardEffect,7,SHELL
CardEffect/BT8/Black/BT8_005.cs,CardEffect,7,SHELL
CardEffect/BT8/Black/BT8_058.cs,CardEffect,7,SHELL
CardEffect/BT8/Black/BT8_059.cs,CardEffect,54,IMPL
CardEffect/BT8/Black/BT8_060.cs,CardEffect,7,SHELL
CardEffect/BT8/Black/BT8_061.cs,CardEffect,7,SHELL
CardEffect/BT8/Black/BT8_062.cs,CardEffect,7,SHELL
CardEffect/BT8/Black/BT8_063.cs,CardEffect,7,SHELL
CardEffect/BT8/Black/BT8_064.cs,CardEffect,7,SHELL
CardEffect/BT8/Black/BT8_065.cs,CardEffect,7,SHELL
CardEffect/BT8/Black/BT8_066.cs,CardEffect,7,SHELL
CardEffect/BT8/Black/BT8_067.cs,CardEffect,7,SHELL
CardEffect/BT8/Black/BT8_068.cs,CardEffect,7,SHELL
CardEffect/BT8/Black/BT8_069.cs,CardEffect,7,SHELL
CardEffect/BT8/Black/BT8_070.cs,CardEffect,7,SHELL
CardEffect/BT8/Black/BT8_092.cs,CardEffect,227,IMPL
CardEffect/BT8/Black/BT8_104.cs,CardEffect,7,SHELL
CardEffect/BT8/Black/BT8_105.cs,CardEffect,7,SHELL
CardEffect/BT8/Black/BT8_106.cs,CardEffect,7,SHELL
CardEffect/BT8/Blue/BT8_002.cs,CardEffect,7,SHELL
CardEffect/BT8/Blue/BT8_020.cs,CardEffect,7,SHELL
CardEffect/BT8/Blue/BT8_021.cs,CardEffect,7,SHELL
CardEffect/BT8/Blue/BT8_022.cs,CardEffect,7,SHELL
CardEffect/BT8/Blue/BT8_023.cs,CardEffect,7,SHELL
CardEffect/BT8/Blue/BT8_024.cs,CardEffect,7,SHELL
CardEffect/BT8/Blue/BT8_026.cs,CardEffect,7,SHELL
CardEffect/BT8/Blue/BT8_028.cs,CardEffect,7,SHELL
CardEffect/BT8/Blue/BT8_029.cs,CardEffect,7,SHELL
CardEffect/BT8/Blue/BT8_031.cs,CardEffect,7,SHELL
CardEffect/BT8/Blue/BT8_032.cs,CardEffect,7,SHELL
CardEffect/BT8/Blue/BT8_087.cs,CardEffect,7,SHELL
CardEffect/BT8/Blue/BT8_088.cs,CardEffect,7,SHELL
CardEffect/BT8/Blue/BT8_098.cs,CardEffect,7,SHELL
CardEffect/BT8/Blue/BT8_099.cs,CardEffect,7,SHELL
CardEffect/BT8/Green/BT8_004.cs,CardEffect,7,SHELL
CardEffect/BT8/Green/BT8_046.cs,CardEffect,7,SHELL
CardEffect/BT8/Green/BT8_047.cs,CardEffect,7,SHELL
CardEffect/BT8/Green/BT8_048.cs,CardEffect,7,SHELL
CardEffect/BT8/Green/BT8_049.cs,CardEffect,7,SHELL
CardEffect/BT8/Green/BT8_050.cs,CardEffect,7,SHELL
CardEffect/BT8/Green/BT8_051.cs,CardEffect,7,SHELL
CardEffect/BT8/Green/BT8_053.cs,CardEffect,7,SHELL
CardEffect/BT8/Green/BT8_054.cs,CardEffect,7,SHELL
CardEffect/BT8/Green/BT8_055.cs,CardEffect,7,SHELL
CardEffect/BT8/Green/BT8_057.cs,CardEffect,134,IMPL
CardEffect/BT8/Green/BT8_091.cs,CardEffect,7,SHELL
CardEffect/BT8/Green/BT8_102.cs,CardEffect,7,SHELL
CardEffect/BT8/Green/BT8_103.cs,CardEffect,7,SHELL
CardEffect/BT8/Purple/BT8_006.cs,CardEffect,7,SHELL
CardEffect/BT8/Purple/BT8_071.cs,CardEffect,74,IMPL
CardEffect/BT8/Purple/BT8_072.cs,CardEffect,7,SHELL
CardEffect/BT8/Purple/BT8_074.cs,CardEffect,7,SHELL
CardEffect/BT8/Purple/BT8_077.cs,CardEffect,7,SHELL
CardEffect/BT8/Purple/BT8_079.cs,CardEffect,7,SHELL
CardEffect/BT8/Purple/BT8_080.cs,CardEffect,7,SHELL
CardEffect/BT8/Purple/BT8_081.cs,CardEffect,7,SHELL
CardEffect/BT8/Purple/BT8_082.cs,CardEffect,7,SHELL
CardEffect/BT8/Purple/BT8_083.cs,CardEffect,7,SHELL
CardEffect/BT8/Purple/BT8_093.cs,CardEffect,7,SHELL
CardEffect/BT8/Purple/BT8_107.cs,CardEffect,7,SHELL
CardEffect/BT8/Purple/BT8_108.cs,CardEffect,7,SHELL
CardEffect/BT8/Purple/BT8_109.cs,CardEffect,7,SHELL
CardEffect/BT8/Purple/BT8_111.cs,CardEffect,7,SHELL
CardEffect/BT8/Red/BT8_001.cs,CardEffect,7,SHELL
CardEffect/BT8/Red/BT8_008.cs,CardEffect,7,SHELL
CardEffect/BT8/Red/BT8_009.cs,CardEffect,7,SHELL
CardEffect/BT8/Red/BT8_010.cs,CardEffect,7,SHELL
CardEffect/BT8/Red/BT8_012.cs,CardEffect,7,SHELL
CardEffect/BT8/Red/BT8_015.cs,CardEffect,7,SHELL
CardEffect/BT8/Red/BT8_016.cs,CardEffect,7,SHELL
CardEffect/BT8/Red/BT8_018.cs,CardEffect,7,SHELL
CardEffect/BT8/Red/BT8_019.cs,CardEffect,7,SHELL
CardEffect/BT8/Red/BT8_085.cs,CardEffect,7,SHELL
CardEffect/BT8/Red/BT8_086.cs,CardEffect,7,SHELL
CardEffect/BT8/Red/BT8_095.cs,CardEffect,7,SHELL
CardEffect/BT8/Red/BT8_096.cs,CardEffect,7,SHELL
CardEffect/BT8/Red/BT8_097.cs,CardEffect,7,SHELL
CardEffect/BT8/White/BT8_084.cs,CardEffect,7,SHELL
CardEffect/BT8/White/BT8_094.cs,CardEffect,7,SHELL
CardEffect/BT8/White/BT8_110.cs,CardEffect,7,SHELL
CardEffect/BT8/White/BT8_112.cs,CardEffect,7,SHELL
CardEffect/BT8/Yellow/BT8_003.cs,CardEffect,7,SHELL
CardEffect/BT8/Yellow/BT8_033.cs,CardEffect,7,SHELL
CardEffect/BT8/Yellow/BT8_035.cs,CardEffect,7,SHELL
CardEffect/BT8/Yellow/BT8_036.cs,CardEffect,7,SHELL
CardEffect/BT8/Yellow/BT8_038.cs,CardEffect,7,SHELL
CardEffect/BT8/Yellow/BT8_039.cs,CardEffect,7,SHELL
CardEffect/BT8/Yellow/BT8_040.cs,CardEffect,7,SHELL
CardEffect/BT8/Yellow/BT8_042.cs,CardEffect,7,SHELL
CardEffect/BT8/Yellow/BT8_043.cs,CardEffect,7,SHELL
CardEffect/BT8/Yellow/BT8_044.cs,CardEffect,7,SHELL
CardEffect/BT8/Yellow/BT8_089.cs,CardEffect,7,SHELL
CardEffect/BT8/Yellow/BT8_090.cs,CardEffect,92,IMPL
CardEffect/BT8/Yellow/BT8_100.cs,CardEffect,7,SHELL
CardEffect/BT8/Yellow/BT8_101.cs,CardEffect,7,SHELL
CardEffect/BT9/Black/BT9_005.cs,CardEffect,7,SHELL
CardEffect/BT9/Black/BT9_058.cs,CardEffect,7,SHELL
CardEffect/BT9/Black/BT9_059.cs,CardEffect,7,SHELL
CardEffect/BT9/Black/BT9_061.cs,CardEffect,7,SHELL
CardEffect/BT9/Black/BT9_062.cs,CardEffect,107,IMPL
CardEffect/BT9/Black/BT9_064.cs,CardEffect,7,SHELL
CardEffect/BT9/Black/BT9_065.cs,CardEffect,7,SHELL
CardEffect/BT9/Black/BT9_066.cs,CardEffect,7,SHELL
CardEffect/BT9/Black/BT9_067.cs,CardEffect,7,SHELL
CardEffect/BT9/Black/BT9_068.cs,CardEffect,7,SHELL
CardEffect/BT9/Black/BT9_069.cs,CardEffect,7,SHELL
CardEffect/BT9/Black/BT9_089.cs,CardEffect,7,SHELL
CardEffect/BT9/Black/BT9_090.cs,CardEffect,7,SHELL
CardEffect/BT9/Black/BT9_102.cs,CardEffect,7,SHELL
CardEffect/BT9/Black/BT9_103.cs,CardEffect,120,IMPL
CardEffect/BT9/Black/BT9_104.cs,CardEffect,7,SHELL
CardEffect/BT9/Black/BT9_105.cs,CardEffect,7,SHELL
CardEffect/BT9/Black/BT9_111.cs,CardEffect,226,IMPL
CardEffect/BT9/Blue/BT9_002.cs,CardEffect,7,SHELL
CardEffect/BT9/Blue/BT9_020.cs,CardEffect,7,SHELL
CardEffect/BT9/Blue/BT9_021.cs,CardEffect,117,IMPL
CardEffect/BT9/Blue/BT9_023.cs,CardEffect,7,SHELL
CardEffect/BT9/Blue/BT9_024.cs,CardEffect,7,SHELL
CardEffect/BT9/Blue/BT9_025.cs,CardEffect,7,SHELL
CardEffect/BT9/Blue/BT9_028.cs,CardEffect,7,SHELL
CardEffect/BT9/Blue/BT9_029.cs,CardEffect,7,SHELL
CardEffect/BT9/Blue/BT9_030.cs,CardEffect,7,SHELL
CardEffect/BT9/Blue/BT9_031.cs,CardEffect,137,IMPL
CardEffect/BT9/Blue/BT9_085.cs,CardEffect,7,SHELL
CardEffect/BT9/Blue/BT9_086.cs,CardEffect,7,SHELL
CardEffect/BT9/Blue/BT9_096.cs,CardEffect,7,SHELL
CardEffect/BT9/Blue/BT9_097.cs,CardEffect,7,SHELL
CardEffect/BT9/Green/BT9_004.cs,CardEffect,7,SHELL
CardEffect/BT9/Green/BT9_046.cs,CardEffect,7,SHELL
CardEffect/BT9/Green/BT9_049.cs,CardEffect,7,SHELL
CardEffect/BT9/Green/BT9_050.cs,CardEffect,7,SHELL
CardEffect/BT9/Green/BT9_051.cs,CardEffect,7,SHELL
CardEffect/BT9/Green/BT9_052.cs,CardEffect,7,SHELL
CardEffect/BT9/Green/BT9_054.cs,CardEffect,7,SHELL
CardEffect/BT9/Green/BT9_055.cs,CardEffect,7,SHELL
CardEffect/BT9/Green/BT9_056.cs,CardEffect,7,SHELL
CardEffect/BT9/Green/BT9_088.cs,CardEffect,7,SHELL
CardEffect/BT9/Green/BT9_100.cs,CardEffect,7,SHELL
CardEffect/BT9/Green/BT9_101.cs,CardEffect,7,SHELL
CardEffect/BT9/Purple/BT9_006.cs,CardEffect,7,SHELL
CardEffect/BT9/Purple/BT9_070.cs,CardEffect,7,SHELL
CardEffect/BT9/Purple/BT9_071.cs,CardEffect,7,SHELL
CardEffect/BT9/Purple/BT9_072.cs,CardEffect,7,SHELL
CardEffect/BT9/Purple/BT9_073.cs,CardEffect,7,SHELL
CardEffect/BT9/Purple/BT9_074.cs,CardEffect,7,SHELL
CardEffect/BT9/Purple/BT9_075.cs,CardEffect,7,SHELL
CardEffect/BT9/Purple/BT9_076.cs,CardEffect,7,SHELL
CardEffect/BT9/Purple/BT9_077.cs,CardEffect,7,SHELL
CardEffect/BT9/Purple/BT9_078.cs,CardEffect,7,SHELL
CardEffect/BT9/Purple/BT9_079.cs,CardEffect,7,SHELL
CardEffect/BT9/Purple/BT9_080.cs,CardEffect,7,SHELL
CardEffect/BT9/Purple/BT9_081.cs,CardEffect,212,IMPL
CardEffect/BT9/Purple/BT9_082.cs,CardEffect,7,SHELL
CardEffect/BT9/Purple/BT9_091.cs,CardEffect,7,SHELL
CardEffect/BT9/Purple/BT9_106.cs,CardEffect,7,SHELL
CardEffect/BT9/Purple/BT9_107.cs,CardEffect,7,SHELL
CardEffect/BT9/Purple/BT9_108.cs,CardEffect,7,SHELL
CardEffect/BT9/Purple/BT9_112.cs,CardEffect,7,SHELL
CardEffect/BT9/Red/BT9_001.cs,CardEffect,7,SHELL
CardEffect/BT9/Red/BT9_008.cs,CardEffect,7,SHELL
CardEffect/BT9/Red/BT9_009.cs,CardEffect,171,IMPL
CardEffect/BT9/Red/BT9_011.cs,CardEffect,7,SHELL
CardEffect/BT9/Red/BT9_012.cs,CardEffect,7,SHELL
CardEffect/BT9/Red/BT9_013.cs,CardEffect,111,IMPL
CardEffect/BT9/Red/BT9_014.cs,CardEffect,7,SHELL
CardEffect/BT9/Red/BT9_015.cs,CardEffect,7,SHELL
CardEffect/BT9/Red/BT9_016.cs,CardEffect,7,SHELL
CardEffect/BT9/Red/BT9_017.cs,CardEffect,7,SHELL
CardEffect/BT9/Red/BT9_018.cs,CardEffect,7,SHELL
CardEffect/BT9/Red/BT9_084.cs,CardEffect,7,SHELL
CardEffect/BT9/Red/BT9_093.cs,CardEffect,7,SHELL
CardEffect/BT9/Red/BT9_094.cs,CardEffect,7,SHELL
CardEffect/BT9/Red/BT9_095.cs,CardEffect,7,SHELL
CardEffect/BT9/White/BT9_083.cs,CardEffect,7,SHELL
CardEffect/BT9/White/BT9_092.cs,CardEffect,7,SHELL
CardEffect/BT9/White/BT9_109.cs,CardEffect,338,IMPL
CardEffect/BT9/White/BT9_110.cs,CardEffect,7,SHELL
CardEffect/BT9/Yellow/BT9_003.cs,CardEffect,7,SHELL
CardEffect/BT9/Yellow/BT9_033.cs,CardEffect,7,SHELL
CardEffect/BT9/Yellow/BT9_034.cs,CardEffect,7,SHELL
CardEffect/BT9/Yellow/BT9_036.cs,CardEffect,7,SHELL
CardEffect/BT9/Yellow/BT9_037.cs,CardEffect,7,SHELL
CardEffect/BT9/Yellow/BT9_038.cs,CardEffect,7,SHELL
CardEffect/BT9/Yellow/BT9_040.cs,CardEffect,7,SHELL
CardEffect/BT9/Yellow/BT9_041.cs,CardEffect,7,SHELL
CardEffect/BT9/Yellow/BT9_042.cs,CardEffect,7,SHELL
CardEffect/BT9/Yellow/BT9_043.cs,CardEffect,107,IMPL
CardEffect/BT9/Yellow/BT9_044.cs,CardEffect,7,SHELL
CardEffect/BT9/Yellow/BT9_087.cs,CardEffect,7,SHELL
CardEffect/BT9/Yellow/BT9_098.cs,CardEffect,7,SHELL
CardEffect/BT9/Yellow/BT9_099.cs,CardEffect,7,SHELL
CardEffect/EX1/Black/EX1_044.cs,CardEffect,7,SHELL
CardEffect/EX1/Black/EX1_045.cs,CardEffect,7,SHELL
CardEffect/EX1/Black/EX1_046.cs,CardEffect,7,SHELL
CardEffect/EX1/Black/EX1_047.cs,CardEffect,7,SHELL
CardEffect/EX1/Black/EX1_048.cs,CardEffect,7,SHELL
CardEffect/EX1/Black/EX1_049.cs,CardEffect,7,SHELL
CardEffect/EX1/Black/EX1_050.cs,CardEffect,7,SHELL
CardEffect/EX1/Black/EX1_051.cs,CardEffect,7,SHELL
CardEffect/EX1/Black/EX1_052.cs,CardEffect,7,SHELL
CardEffect/EX1/Black/EX1_053.cs,CardEffect,7,SHELL
CardEffect/EX1/Black/EX1_054.cs,CardEffect,7,SHELL
CardEffect/EX1/Black/EX1_069.cs,CardEffect,7,SHELL
CardEffect/EX1/Black/EX1_073.cs,CardEffect,7,SHELL
CardEffect/EX1/Blue/EX1_011.cs,CardEffect,7,SHELL
CardEffect/EX1/Blue/EX1_012.cs,CardEffect,7,SHELL
CardEffect/EX1/Blue/EX1_013.cs,CardEffect,7,SHELL
CardEffect/EX1/Blue/EX1_014.cs,CardEffect,7,SHELL
CardEffect/EX1/Blue/EX1_015.cs,CardEffect,7,SHELL
CardEffect/EX1/Blue/EX1_016.cs,CardEffect,7,SHELL
CardEffect/EX1/Blue/EX1_017.cs,CardEffect,7,SHELL
CardEffect/EX1/Blue/EX1_018.cs,CardEffect,7,SHELL
CardEffect/EX1/Blue/EX1_019.cs,CardEffect,7,SHELL
CardEffect/EX1/Blue/EX1_020.cs,CardEffect,7,SHELL
CardEffect/EX1/Blue/EX1_021.cs,CardEffect,7,SHELL
CardEffect/EX1/Blue/EX1_022.cs,CardEffect,7,SHELL
CardEffect/EX1/Blue/EX1_068.cs,CardEffect,7,SHELL
CardEffect/EX1/Green/EX1_033.cs,CardEffect,7,SHELL
CardEffect/EX1/Green/EX1_034.cs,CardEffect,7,SHELL
CardEffect/EX1/Green/EX1_035.cs,CardEffect,7,SHELL
CardEffect/EX1/Green/EX1_036.cs,CardEffect,7,SHELL
CardEffect/EX1/Green/EX1_037.cs,CardEffect,7,SHELL
CardEffect/EX1/Green/EX1_038.cs,CardEffect,7,SHELL
CardEffect/EX1/Green/EX1_039.cs,CardEffect,7,SHELL
CardEffect/EX1/Green/EX1_040.cs,CardEffect,7,SHELL
CardEffect/EX1/Green/EX1_041.cs,CardEffect,7,SHELL
CardEffect/EX1/Green/EX1_042.cs,CardEffect,7,SHELL
CardEffect/EX1/Green/EX1_043.cs,CardEffect,7,SHELL
CardEffect/EX1/Purple/EX1_055.cs,CardEffect,7,SHELL
CardEffect/EX1/Purple/EX1_056.cs,CardEffect,7,SHELL
CardEffect/EX1/Purple/EX1_057.cs,CardEffect,7,SHELL
CardEffect/EX1/Purple/EX1_058.cs,CardEffect,7,SHELL
CardEffect/EX1/Purple/EX1_059.cs,CardEffect,7,SHELL
CardEffect/EX1/Purple/EX1_060.cs,CardEffect,7,SHELL
CardEffect/EX1/Purple/EX1_061.cs,CardEffect,7,SHELL
CardEffect/EX1/Purple/EX1_062.cs,CardEffect,7,SHELL
CardEffect/EX1/Purple/EX1_063.cs,CardEffect,7,SHELL
CardEffect/EX1/Purple/EX1_064.cs,CardEffect,7,SHELL
CardEffect/EX1/Purple/EX1_070.cs,CardEffect,7,SHELL
CardEffect/EX1/Red/EX1_001.cs,CardEffect,7,SHELL
CardEffect/EX1/Red/EX1_002.cs,CardEffect,7,SHELL
CardEffect/EX1/Red/EX1_003.cs,CardEffect,7,SHELL
CardEffect/EX1/Red/EX1_004.cs,CardEffect,7,SHELL
CardEffect/EX1/Red/EX1_005.cs,CardEffect,7,SHELL
CardEffect/EX1/Red/EX1_006.cs,CardEffect,7,SHELL
CardEffect/EX1/Red/EX1_007.cs,CardEffect,7,SHELL
CardEffect/EX1/Red/EX1_008.cs,CardEffect,7,SHELL
CardEffect/EX1/Red/EX1_009.cs,CardEffect,7,SHELL
CardEffect/EX1/Red/EX1_010.cs,CardEffect,7,SHELL
CardEffect/EX1/Red/EX1_067.cs,CardEffect,7,SHELL
CardEffect/EX1/White/EX1_065.cs,CardEffect,7,SHELL
CardEffect/EX1/White/EX1_066.cs,CardEffect,7,SHELL
CardEffect/EX1/White/EX1_071.cs,CardEffect,7,SHELL
CardEffect/EX1/White/EX1_072.cs,CardEffect,129,IMPL
CardEffect/EX1/Yellow/EX1_023.cs,CardEffect,7,SHELL
CardEffect/EX1/Yellow/EX1_024.cs,CardEffect,7,SHELL
CardEffect/EX1/Yellow/EX1_025.cs,CardEffect,7,SHELL
CardEffect/EX1/Yellow/EX1_026.cs,CardEffect,7,SHELL
CardEffect/EX1/Yellow/EX1_027.cs,CardEffect,7,SHELL
CardEffect/EX1/Yellow/EX1_028.cs,CardEffect,7,SHELL
CardEffect/EX1/Yellow/EX1_029.cs,CardEffect,7,SHELL
CardEffect/EX1/Yellow/EX1_030.cs,CardEffect,7,SHELL
CardEffect/EX1/Yellow/EX1_031.cs,CardEffect,7,SHELL
CardEffect/EX1/Yellow/EX1_032.cs,CardEffect,7,SHELL
CardEffect/EX10/Black/EX10_002.cs,CardEffect,59,IMPL
CardEffect/EX10/Black/EX10_003.cs,CardEffect,7,SHELL
CardEffect/EX10/Black/EX10_024.cs,CardEffect,7,SHELL
CardEffect/EX10/Black/EX10_025.cs,CardEffect,7,SHELL
CardEffect/EX10/Black/EX10_026.cs,CardEffect,7,SHELL
CardEffect/EX10/Black/EX10_027.cs,CardEffect,7,SHELL
CardEffect/EX10/Black/EX10_028.cs,CardEffect,7,SHELL
CardEffect/EX10/Black/EX10_029.cs,CardEffect,253,IMPL
CardEffect/EX10/Black/EX10_030.cs,CardEffect,7,SHELL
CardEffect/EX10/Black/EX10_031.cs,CardEffect,7,SHELL
CardEffect/EX10/Black/EX10_032.cs,CardEffect,7,SHELL
CardEffect/EX10/Black/EX10_033.cs,CardEffect,7,SHELL
CardEffect/EX10/Black/EX10_034.cs,CardEffect,7,SHELL
CardEffect/EX10/Black/EX10_035.cs,CardEffect,7,SHELL
CardEffect/EX10/Black/EX10_036.cs,CardEffect,7,SHELL
CardEffect/EX10/Black/EX10_062.cs,CardEffect,7,SHELL
CardEffect/EX10/Black/EX10_063.cs,CardEffect,7,SHELL
CardEffect/EX10/Black/EX10_069.cs,CardEffect,7,SHELL
CardEffect/EX10/Black/EX10_070.cs,CardEffect,7,SHELL
CardEffect/EX10/Black/EX10_073.cs,CardEffect,7,SHELL
CardEffect/EX10/Blue/EX10_012.cs,CardEffect,7,SHELL
CardEffect/EX10/Green/EX10_001.cs,CardEffect,7,SHELL
CardEffect/EX10/Green/EX10_015.cs,CardEffect,7,SHELL
CardEffect/EX10/Green/EX10_016.cs,CardEffect,7,SHELL
CardEffect/EX10/Green/EX10_017.cs,CardEffect,7,SHELL
CardEffect/EX10/Green/EX10_018.cs,CardEffect,7,SHELL
CardEffect/EX10/Green/EX10_019.cs,CardEffect,7,SHELL
CardEffect/EX10/Green/EX10_020.cs,CardEffect,7,SHELL
CardEffect/EX10/Green/EX10_021.cs,CardEffect,7,SHELL
CardEffect/EX10/Green/EX10_022.cs,CardEffect,7,SHELL
CardEffect/EX10/Green/EX10_023.cs,CardEffect,7,SHELL
CardEffect/EX10/Purple/EX10_004.cs,CardEffect,7,SHELL
CardEffect/EX10/Purple/EX10_005.cs,CardEffect,7,SHELL
CardEffect/EX10/Purple/EX10_037.cs,CardEffect,7,SHELL
CardEffect/EX10/Purple/EX10_038.cs,CardEffect,7,SHELL
CardEffect/EX10/Purple/EX10_039.cs,CardEffect,7,SHELL
CardEffect/EX10/Purple/EX10_040.cs,CardEffect,7,SHELL
CardEffect/EX10/Purple/EX10_041.cs,CardEffect,7,SHELL
CardEffect/EX10/Purple/EX10_042.cs,CardEffect,7,SHELL
CardEffect/EX10/Purple/EX10_043.cs,CardEffect,378,IMPL
CardEffect/EX10/Purple/EX10_044.cs,CardEffect,7,SHELL
CardEffect/EX10/Purple/EX10_045.cs,CardEffect,436,IMPL
CardEffect/EX10/Purple/EX10_046.cs,CardEffect,7,SHELL
CardEffect/EX10/Purple/EX10_047.cs,CardEffect,7,SHELL
CardEffect/EX10/Purple/EX10_048.cs,CardEffect,7,SHELL
CardEffect/EX10/Purple/EX10_049.cs,CardEffect,7,SHELL
CardEffect/EX10/Purple/EX10_050.cs,CardEffect,7,SHELL
CardEffect/EX10/Purple/EX10_051.cs,CardEffect,7,SHELL
CardEffect/EX10/Purple/EX10_052.cs,CardEffect,7,SHELL
CardEffect/EX10/Purple/EX10_053.cs,CardEffect,7,SHELL
CardEffect/EX10/Purple/EX10_054.cs,CardEffect,7,SHELL
CardEffect/EX10/Purple/EX10_055.cs,CardEffect,7,SHELL
CardEffect/EX10/Purple/EX10_056.cs,CardEffect,7,SHELL
CardEffect/EX10/Purple/EX10_057.cs,CardEffect,7,SHELL
CardEffect/EX10/Purple/EX10_058.cs,CardEffect,7,SHELL
CardEffect/EX10/Purple/EX10_059.cs,CardEffect,7,SHELL
CardEffect/EX10/Purple/EX10_060.cs,CardEffect,7,SHELL
CardEffect/EX10/Purple/EX10_064.cs,CardEffect,7,SHELL
CardEffect/EX10/Purple/EX10_065.cs,CardEffect,7,SHELL
CardEffect/EX10/Purple/EX10_066.cs,CardEffect,7,SHELL
CardEffect/EX10/Purple/EX10_067.cs,CardEffect,7,SHELL
CardEffect/EX10/Purple/EX10_071.cs,CardEffect,7,SHELL
CardEffect/EX10/Purple/EX10_074.cs,CardEffect,7,SHELL
CardEffect/EX10/Red/EX10_006.cs,CardEffect,7,SHELL
CardEffect/EX10/Red/EX10_007.cs,CardEffect,7,SHELL
CardEffect/EX10/Red/EX10_008.cs,CardEffect,7,SHELL
CardEffect/EX10/Red/EX10_009.cs,CardEffect,7,SHELL
CardEffect/EX10/Red/EX10_010.cs,CardEffect,264,IMPL
CardEffect/EX10/Red/EX10_011.cs,CardEffect,7,SHELL
CardEffect/EX10/White/EX10_061.cs,CardEffect,7,SHELL
CardEffect/EX10/White/EX10_068.cs,CardEffect,7,SHELL
CardEffect/EX10/White/EX10_072.cs,CardEffect,7,SHELL
CardEffect/EX10/Yellow/EX10_013.cs,CardEffect,7,SHELL
CardEffect/EX10/Yellow/EX10_014.cs,CardEffect,7,SHELL
CardEffect/EX11/Black/EX11_004.cs,CardEffect,72,IMPL
CardEffect/EX11/Black/EX11_037.cs,CardEffect,7,SHELL
CardEffect/EX11/Black/EX11_038.cs,CardEffect,7,SHELL
CardEffect/EX11/Black/EX11_039.cs,CardEffect,7,SHELL
CardEffect/EX11/Black/EX11_040.cs,CardEffect,7,SHELL
CardEffect/EX11/Black/EX11_041.cs,CardEffect,7,SHELL
CardEffect/EX11/Black/EX11_042.cs,CardEffect,7,SHELL
CardEffect/EX11/Black/EX11_043.cs,CardEffect,7,SHELL
CardEffect/EX11/Black/EX11_044.cs,CardEffect,7,SHELL
CardEffect/EX11/Black/EX11_045.cs,CardEffect,7,SHELL
CardEffect/EX11/Black/EX11_046.cs,CardEffect,7,SHELL
CardEffect/EX11/Black/EX11_064.cs,CardEffect,7,SHELL
CardEffect/EX11/Black/EX11_065.cs,CardEffect,7,SHELL
CardEffect/EX11/Black/EX11_066.cs,CardEffect,7,SHELL
CardEffect/EX11/Blue/EX11_002.cs,CardEffect,7,SHELL
CardEffect/EX11/Blue/EX11_013.cs,CardEffect,7,SHELL
CardEffect/EX11/Blue/EX11_014.cs,CardEffect,7,SHELL
CardEffect/EX11/Blue/EX11_015.cs,CardEffect,7,SHELL
CardEffect/EX11/Blue/EX11_016.cs,CardEffect,7,SHELL
CardEffect/EX11/Blue/EX11_017.cs,CardEffect,7,SHELL
CardEffect/EX11/Blue/EX11_018.cs,CardEffect,7,SHELL
CardEffect/EX11/Blue/EX11_057.cs,CardEffect,7,SHELL
CardEffect/EX11/Blue/EX11_058.cs,CardEffect,7,SHELL
CardEffect/EX11/Green/EX11_003.cs,CardEffect,7,SHELL
CardEffect/EX11/Green/EX11_025.cs,CardEffect,7,SHELL
CardEffect/EX11/Green/EX11_026.cs,CardEffect,7,SHELL
CardEffect/EX11/Green/EX11_027.cs,CardEffect,7,SHELL
CardEffect/EX11/Green/EX11_028.cs,CardEffect,7,SHELL
CardEffect/EX11/Green/EX11_029.cs,CardEffect,7,SHELL
CardEffect/EX11/Green/EX11_030.cs,CardEffect,7,SHELL
CardEffect/EX11/Green/EX11_031.cs,CardEffect,7,SHELL
CardEffect/EX11/Green/EX11_032.cs,CardEffect,7,SHELL
CardEffect/EX11/Green/EX11_033.cs,CardEffect,7,SHELL
CardEffect/EX11/Green/EX11_034.cs,CardEffect,7,SHELL
CardEffect/EX11/Green/EX11_035.cs,CardEffect,7,SHELL
CardEffect/EX11/Green/EX11_036.cs,CardEffect,7,SHELL
CardEffect/EX11/Green/EX11_062.cs,CardEffect,7,SHELL
CardEffect/EX11/Green/EX11_063.cs,CardEffect,7,SHELL
CardEffect/EX11/Green/EX11_072.cs,CardEffect,7,SHELL
CardEffect/EX11/Green/EX11_073.cs,CardEffect,7,SHELL
CardEffect/EX11/Green/EX11_074.cs,CardEffect,311,IMPL
CardEffect/EX11/Purple/EX11_005.cs,CardEffect,7,SHELL
CardEffect/EX11/Purple/EX11_047.cs,CardEffect,7,SHELL
CardEffect/EX11/Purple/EX11_048.cs,CardEffect,7,SHELL
CardEffect/EX11/Purple/EX11_049.cs,CardEffect,7,SHELL
CardEffect/EX11/Purple/EX11_050.cs,CardEffect,7,SHELL
CardEffect/EX11/Purple/EX11_051.cs,CardEffect,7,SHELL
CardEffect/EX11/Purple/EX11_052.cs,CardEffect,7,SHELL
CardEffect/EX11/Purple/EX11_067.cs,CardEffect,7,SHELL
CardEffect/EX11/Purple/EX11_068.cs,CardEffect,7,SHELL
CardEffect/EX11/Purple/EX11_069.cs,CardEffect,7,SHELL
CardEffect/EX11/Red/EX11_001.cs,CardEffect,7,SHELL
CardEffect/EX11/Red/EX11_007.cs,CardEffect,7,SHELL
CardEffect/EX11/Red/EX11_008.cs,CardEffect,7,SHELL
CardEffect/EX11/Red/EX11_009.cs,CardEffect,7,SHELL
CardEffect/EX11/Red/EX11_010.cs,CardEffect,7,SHELL
CardEffect/EX11/Red/EX11_011.cs,CardEffect,7,SHELL
CardEffect/EX11/Red/EX11_012.cs,CardEffect,7,SHELL
CardEffect/EX11/Red/EX11_054.cs,CardEffect,7,SHELL
CardEffect/EX11/Red/EX11_055.cs,CardEffect,7,SHELL
CardEffect/EX11/Red/EX11_056.cs,CardEffect,7,SHELL
CardEffect/EX11/White/EX11_006.cs,CardEffect,7,SHELL
CardEffect/EX11/White/EX11_053.cs,CardEffect,7,SHELL
CardEffect/EX11/White/EX11_070.cs,CardEffect,224,IMPL
CardEffect/EX11/White/EX11_071.cs,CardEffect,7,SHELL
CardEffect/EX11/Yellow/EX11_019.cs,CardEffect,7,SHELL
CardEffect/EX11/Yellow/EX11_020.cs,CardEffect,7,SHELL
CardEffect/EX11/Yellow/EX11_021.cs,CardEffect,7,SHELL
CardEffect/EX11/Yellow/EX11_022.cs,CardEffect,7,SHELL
CardEffect/EX11/Yellow/EX11_023.cs,CardEffect,7,SHELL
CardEffect/EX11/Yellow/EX11_024.cs,CardEffect,7,SHELL
CardEffect/EX11/Yellow/EX11_059.cs,CardEffect,7,SHELL
CardEffect/EX11/Yellow/EX11_060.cs,CardEffect,7,SHELL
CardEffect/EX11/Yellow/EX11_061.cs,CardEffect,7,SHELL
CardEffect/EX2/Black/EX2_005.cs,CardEffect,7,SHELL
CardEffect/EX2/Black/EX2_030.cs,CardEffect,7,SHELL
CardEffect/EX2/Black/EX2_031.cs,CardEffect,7,SHELL
CardEffect/EX2/Black/EX2_032.cs,CardEffect,7,SHELL
CardEffect/EX2/Black/EX2_033.cs,CardEffect,7,SHELL
CardEffect/EX2/Black/EX2_034.cs,CardEffect,7,SHELL
CardEffect/EX2/Black/EX2_035.cs,CardEffect,7,SHELL
CardEffect/EX2/Black/EX2_036.cs,CardEffect,7,SHELL
CardEffect/EX2/Black/EX2_037.cs,CardEffect,7,SHELL
CardEffect/EX2/Black/EX2_038.cs,CardEffect,7,SHELL
CardEffect/EX2/Black/EX2_062.cs,CardEffect,7,SHELL
CardEffect/EX2/Black/EX2_063.cs,CardEffect,7,SHELL
CardEffect/EX2/Blue/EX2_002.cs,CardEffect,7,SHELL
CardEffect/EX2/Blue/EX2_013.cs,CardEffect,7,SHELL
CardEffect/EX2/Blue/EX2_014.cs,CardEffect,7,SHELL
CardEffect/EX2/Blue/EX2_016.cs,CardEffect,7,SHELL
CardEffect/EX2/Blue/EX2_017.cs,CardEffect,7,SHELL
CardEffect/EX2/Blue/EX2_018.cs,CardEffect,7,SHELL
CardEffect/EX2/Blue/EX2_057.cs,CardEffect,7,SHELL
CardEffect/EX2/Blue/EX2_058.cs,CardEffect,7,SHELL
CardEffect/EX2/Blue/EX2_068.cs,CardEffect,7,SHELL
CardEffect/EX2/Blue/EX2_069.cs,CardEffect,7,SHELL
CardEffect/EX2/Green/EX2_004.cs,CardEffect,7,SHELL
CardEffect/EX2/Green/EX2_025.cs,CardEffect,7,SHELL
CardEffect/EX2/Green/EX2_026.cs,CardEffect,7,SHELL
CardEffect/EX2/Green/EX2_027.cs,CardEffect,7,SHELL
CardEffect/EX2/Green/EX2_028.cs,CardEffect,7,SHELL
CardEffect/EX2/Green/EX2_029.cs,CardEffect,7,SHELL
CardEffect/EX2/Green/EX2_061.cs,CardEffect,7,SHELL
CardEffect/EX2/Green/EX2_070.cs,CardEffect,7,SHELL
CardEffect/EX2/Purple/EX2_006.cs,CardEffect,7,SHELL
CardEffect/EX2/Purple/EX2_039.cs,CardEffect,7,SHELL
CardEffect/EX2/Purple/EX2_040.cs,CardEffect,7,SHELL
CardEffect/EX2/Purple/EX2_041.cs,CardEffect,7,SHELL
CardEffect/EX2/Purple/EX2_042.cs,CardEffect,7,SHELL
CardEffect/EX2/Purple/EX2_043.cs,CardEffect,7,SHELL
CardEffect/EX2/Purple/EX2_044.cs,CardEffect,7,SHELL
CardEffect/EX2/Purple/EX2_064.cs,CardEffect,7,SHELL
CardEffect/EX2/Purple/EX2_065.cs,CardEffect,7,SHELL
CardEffect/EX2/Purple/EX2_071.cs,CardEffect,7,SHELL
CardEffect/EX2/Purple/EX2_074.cs,CardEffect,7,SHELL
CardEffect/EX2/Red/EX2_001.cs,CardEffect,7,SHELL
CardEffect/EX2/Red/EX2_008.cs,CardEffect,7,SHELL
CardEffect/EX2/Red/EX2_009.cs,CardEffect,7,SHELL
CardEffect/EX2/Red/EX2_010.cs,CardEffect,7,SHELL
CardEffect/EX2/Red/EX2_011.cs,CardEffect,7,SHELL
CardEffect/EX2/Red/EX2_012.cs,CardEffect,7,SHELL
CardEffect/EX2/Red/EX2_056.cs,CardEffect,7,SHELL
CardEffect/EX2/Red/EX2_066.cs,CardEffect,7,SHELL
CardEffect/EX2/Red/EX2_067.cs,CardEffect,7,SHELL
CardEffect/EX2/Red/EX2_073.cs,CardEffect,7,SHELL
CardEffect/EX2/White/EX2_007.cs,CardEffect,7,SHELL
CardEffect/EX2/White/EX2_045.cs,CardEffect,7,SHELL
CardEffect/EX2/White/EX2_046.cs,CardEffect,7,SHELL
CardEffect/EX2/White/EX2_047.cs,CardEffect,7,SHELL
CardEffect/EX2/White/EX2_048.cs,CardEffect,7,SHELL
CardEffect/EX2/White/EX2_049.cs,CardEffect,7,SHELL
CardEffect/EX2/White/EX2_050.cs,CardEffect,7,SHELL
CardEffect/EX2/White/EX2_051.cs,CardEffect,7,SHELL
CardEffect/EX2/White/EX2_052.cs,CardEffect,7,SHELL
CardEffect/EX2/White/EX2_053.cs,CardEffect,7,SHELL
CardEffect/EX2/White/EX2_054.cs,CardEffect,7,SHELL
CardEffect/EX2/White/EX2_055.cs,CardEffect,7,SHELL
CardEffect/EX2/White/EX2_072.cs,CardEffect,391,IMPL
CardEffect/EX2/Yellow/EX2_003.cs,CardEffect,7,SHELL
CardEffect/EX2/Yellow/EX2_019.cs,CardEffect,7,SHELL
CardEffect/EX2/Yellow/EX2_020.cs,CardEffect,7,SHELL
CardEffect/EX2/Yellow/EX2_021.cs,CardEffect,7,SHELL
CardEffect/EX2/Yellow/EX2_022.cs,CardEffect,7,SHELL
CardEffect/EX2/Yellow/EX2_023.cs,CardEffect,7,SHELL
CardEffect/EX2/Yellow/EX2_024.cs,CardEffect,7,SHELL
CardEffect/EX2/Yellow/EX2_059.cs,CardEffect,7,SHELL
CardEffect/EX2/Yellow/EX2_060.cs,CardEffect,7,SHELL
CardEffect/EX3/Black/EX3_002.cs,CardEffect,7,SHELL
CardEffect/EX3/Black/EX3_046.cs,CardEffect,7,SHELL
CardEffect/EX3/Black/EX3_047.cs,CardEffect,7,SHELL
CardEffect/EX3/Black/EX3_048.cs,CardEffect,7,SHELL
CardEffect/EX3/Black/EX3_049.cs,CardEffect,7,SHELL
CardEffect/EX3/Black/EX3_050.cs,CardEffect,7,SHELL
CardEffect/EX3/Black/EX3_051.cs,CardEffect,7,SHELL
CardEffect/EX3/Black/EX3_052.cs,CardEffect,7,SHELL
CardEffect/EX3/Black/EX3_053.cs,CardEffect,7,SHELL
CardEffect/EX3/Black/EX3_054.cs,CardEffect,7,SHELL
CardEffect/EX3/Black/EX3_071.cs,CardEffect,7,SHELL
CardEffect/EX3/Blue/EX3_001.cs,CardEffect,7,SHELL
CardEffect/EX3/Blue/EX3_015.cs,CardEffect,7,SHELL
CardEffect/EX3/Blue/EX3_016.cs,CardEffect,7,SHELL
CardEffect/EX3/Blue/EX3_017.cs,CardEffect,7,SHELL
CardEffect/EX3/Blue/EX3_018.cs,CardEffect,7,SHELL
CardEffect/EX3/Blue/EX3_019.cs,CardEffect,7,SHELL
CardEffect/EX3/Blue/EX3_020.cs,CardEffect,7,SHELL
CardEffect/EX3/Blue/EX3_021.cs,CardEffect,7,SHELL
CardEffect/EX3/Blue/EX3_022.cs,CardEffect,7,SHELL
CardEffect/EX3/Blue/EX3_023.cs,CardEffect,7,SHELL
CardEffect/EX3/Blue/EX3_024.cs,CardEffect,7,SHELL
CardEffect/EX3/Blue/EX3_025.cs,CardEffect,7,SHELL
CardEffect/EX3/Blue/EX3_026.cs,CardEffect,7,SHELL
CardEffect/EX3/Blue/EX3_067.cs,CardEffect,7,SHELL
CardEffect/EX3/Green/EX3_037.cs,CardEffect,7,SHELL
CardEffect/EX3/Green/EX3_038.cs,CardEffect,7,SHELL
CardEffect/EX3/Green/EX3_039.cs,CardEffect,7,SHELL
CardEffect/EX3/Green/EX3_040.cs,CardEffect,7,SHELL
CardEffect/EX3/Green/EX3_041.cs,CardEffect,7,SHELL
CardEffect/EX3/Green/EX3_042.cs,CardEffect,7,SHELL
CardEffect/EX3/Green/EX3_043.cs,CardEffect,7,SHELL
CardEffect/EX3/Green/EX3_044.cs,CardEffect,7,SHELL
CardEffect/EX3/Green/EX3_045.cs,CardEffect,7,SHELL
CardEffect/EX3/Green/EX3_070.cs,CardEffect,7,SHELL
CardEffect/EX3/Green/EX3_074.cs,CardEffect,7,SHELL
CardEffect/EX3/Purple/EX3_055.cs,CardEffect,7,SHELL
CardEffect/EX3/Purple/EX3_056.cs,CardEffect,7,SHELL
CardEffect/EX3/Purple/EX3_057.cs,CardEffect,7,SHELL
CardEffect/EX3/Purple/EX3_058.cs,CardEffect,7,SHELL
CardEffect/EX3/Purple/EX3_059.cs,CardEffect,7,SHELL
CardEffect/EX3/Purple/EX3_060.cs,CardEffect,7,SHELL
CardEffect/EX3/Purple/EX3_061.cs,CardEffect,7,SHELL
CardEffect/EX3/Purple/EX3_062.cs,CardEffect,7,SHELL
CardEffect/EX3/Purple/EX3_063.cs,CardEffect,7,SHELL
CardEffect/EX3/Purple/EX3_064.cs,CardEffect,7,SHELL
CardEffect/EX3/Purple/EX3_072.cs,CardEffect,7,SHELL
CardEffect/EX3/Purple/EX3_073.cs,CardEffect,7,SHELL
CardEffect/EX3/Red/EX3_003.cs,CardEffect,7,SHELL
CardEffect/EX3/Red/EX3_004.cs,CardEffect,7,SHELL
CardEffect/EX3/Red/EX3_005.cs,CardEffect,7,SHELL
CardEffect/EX3/Red/EX3_006.cs,CardEffect,7,SHELL
CardEffect/EX3/Red/EX3_007.cs,CardEffect,7,SHELL
CardEffect/EX3/Red/EX3_008.cs,CardEffect,7,SHELL
CardEffect/EX3/Red/EX3_010.cs,CardEffect,7,SHELL
CardEffect/EX3/Red/EX3_011.cs,CardEffect,7,SHELL
CardEffect/EX3/Red/EX3_012.cs,CardEffect,7,SHELL
CardEffect/EX3/Red/EX3_013.cs,CardEffect,7,SHELL
CardEffect/EX3/Red/EX3_014.cs,CardEffect,7,SHELL
CardEffect/EX3/Red/EX3_066.cs,CardEffect,7,SHELL
CardEffect/EX3/White/EX3_065.cs,CardEffect,7,SHELL
CardEffect/EX3/Yellow/EX3_027.cs,CardEffect,7,SHELL
CardEffect/EX3/Yellow/EX3_028.cs,CardEffect,7,SHELL
CardEffect/EX3/Yellow/EX3_029.cs,CardEffect,7,SHELL
CardEffect/EX3/Yellow/EX3_030.cs,CardEffect,7,SHELL
CardEffect/EX3/Yellow/EX3_031.cs,CardEffect,7,SHELL
CardEffect/EX3/Yellow/EX3_032.cs,CardEffect,7,SHELL
CardEffect/EX3/Yellow/EX3_033.cs,CardEffect,7,SHELL
CardEffect/EX3/Yellow/EX3_034.cs,CardEffect,7,SHELL
CardEffect/EX3/Yellow/EX3_035.cs,CardEffect,7,SHELL
CardEffect/EX3/Yellow/EX3_036.cs,CardEffect,7,SHELL
CardEffect/EX3/Yellow/EX3_068.cs,CardEffect,7,SHELL
CardEffect/EX3/Yellow/EX3_069.cs,CardEffect,7,SHELL
CardEffect/EX4/Black/EX4_003.cs,CardEffect,7,SHELL
CardEffect/EX4/Black/EX4_038.cs,CardEffect,7,SHELL
CardEffect/EX4/Black/EX4_039.cs,CardEffect,7,SHELL
CardEffect/EX4/Black/EX4_040.cs,CardEffect,7,SHELL
CardEffect/EX4/Black/EX4_041.cs,CardEffect,7,SHELL
CardEffect/EX4/Black/EX4_042.cs,CardEffect,7,SHELL
CardEffect/EX4/Black/EX4_043.cs,CardEffect,7,SHELL
CardEffect/EX4/Black/EX4_044.cs,CardEffect,7,SHELL
CardEffect/EX4/Black/EX4_045.cs,CardEffect,7,SHELL
CardEffect/EX4/Black/EX4_046.cs,CardEffect,7,SHELL
CardEffect/EX4/Black/EX4_047.cs,CardEffect,7,SHELL
CardEffect/EX4/Black/EX4_048.cs,CardEffect,7,SHELL
CardEffect/EX4/Black/EX4_049.cs,CardEffect,7,SHELL
CardEffect/EX4/Black/EX4_050.cs,CardEffect,7,SHELL
CardEffect/EX4/Black/EX4_051.cs,CardEffect,7,SHELL
CardEffect/EX4/Black/EX4_069.cs,CardEffect,7,SHELL
CardEffect/EX4/Black/EX4_073.cs,CardEffect,7,SHELL
CardEffect/EX4/Blue/EX4_001.cs,CardEffect,7,SHELL
CardEffect/EX4/Blue/EX4_014.cs,CardEffect,7,SHELL
CardEffect/EX4/Blue/EX4_015.cs,CardEffect,7,SHELL
CardEffect/EX4/Blue/EX4_016.cs,CardEffect,7,SHELL
CardEffect/EX4/Blue/EX4_017.cs,CardEffect,7,SHELL
CardEffect/EX4/Blue/EX4_018.cs,CardEffect,7,SHELL
CardEffect/EX4/Blue/EX4_019.cs,CardEffect,7,SHELL
CardEffect/EX4/Blue/EX4_020.cs,CardEffect,359,IMPL
CardEffect/EX4/Blue/EX4_021.cs,CardEffect,7,SHELL
CardEffect/EX4/Blue/EX4_022.cs,CardEffect,7,SHELL
CardEffect/EX4/Blue/EX4_061.cs,CardEffect,7,SHELL
CardEffect/EX4/Blue/EX4_062.cs,CardEffect,173,IMPL
CardEffect/EX4/Blue/EX4_066.cs,CardEffect,7,SHELL
CardEffect/EX4/Blue/EX4_067.cs,CardEffect,7,SHELL
CardEffect/EX4/Green/EX4_002.cs,CardEffect,7,SHELL
CardEffect/EX4/Green/EX4_032.cs,CardEffect,7,SHELL
CardEffect/EX4/Green/EX4_033.cs,CardEffect,7,SHELL
CardEffect/EX4/Green/EX4_034.cs,CardEffect,7,SHELL
CardEffect/EX4/Green/EX4_035.cs,CardEffect,7,SHELL
CardEffect/EX4/Green/EX4_036.cs,CardEffect,7,SHELL
CardEffect/EX4/Green/EX4_037.cs,CardEffect,7,SHELL
CardEffect/EX4/Green/EX4_063.cs,CardEffect,7,SHELL
CardEffect/EX4/Purple/EX4_004.cs,CardEffect,7,SHELL
CardEffect/EX4/Purple/EX4_052.cs,CardEffect,7,SHELL
CardEffect/EX4/Purple/EX4_053.cs,CardEffect,7,SHELL
CardEffect/EX4/Purple/EX4_054.cs,CardEffect,7,SHELL
CardEffect/EX4/Purple/EX4_055.cs,CardEffect,7,SHELL
CardEffect/EX4/Purple/EX4_056.cs,CardEffect,7,SHELL
CardEffect/EX4/Purple/EX4_057.cs,CardEffect,7,SHELL
CardEffect/EX4/Purple/EX4_058.cs,CardEffect,7,SHELL
CardEffect/EX4/Purple/EX4_059.cs,CardEffect,7,SHELL
CardEffect/EX4/Purple/EX4_064.cs,CardEffect,7,SHELL
CardEffect/EX4/Purple/EX4_070.cs,CardEffect,7,SHELL
CardEffect/EX4/Purple/EX4_071.cs,CardEffect,7,SHELL
CardEffect/EX4/Purple/EX4_074.cs,CardEffect,7,SHELL
CardEffect/EX4/Red/EX4_005.cs,CardEffect,7,SHELL
CardEffect/EX4/Red/EX4_006.cs,CardEffect,7,SHELL
CardEffect/EX4/Red/EX4_007.cs,CardEffect,7,SHELL
CardEffect/EX4/Red/EX4_008.cs,CardEffect,7,SHELL
CardEffect/EX4/Red/EX4_009.cs,CardEffect,7,SHELL
CardEffect/EX4/Red/EX4_010.cs,CardEffect,7,SHELL
CardEffect/EX4/Red/EX4_011.cs,CardEffect,7,SHELL
CardEffect/EX4/Red/EX4_012.cs,CardEffect,7,SHELL
CardEffect/EX4/Red/EX4_013.cs,CardEffect,424,IMPL
CardEffect/EX4/Red/EX4_065.cs,CardEffect,7,SHELL
CardEffect/EX4/White/EX4_060.cs,CardEffect,7,SHELL
CardEffect/EX4/White/EX4_072.cs,CardEffect,7,SHELL
CardEffect/EX4/Yellow/EX4_023.cs,CardEffect,7,SHELL
CardEffect/EX4/Yellow/EX4_024.cs,CardEffect,7,SHELL
CardEffect/EX4/Yellow/EX4_025.cs,CardEffect,7,SHELL
CardEffect/EX4/Yellow/EX4_026.cs,CardEffect,7,SHELL
CardEffect/EX4/Yellow/EX4_027.cs,CardEffect,7,SHELL
CardEffect/EX4/Yellow/EX4_028.cs,CardEffect,7,SHELL
CardEffect/EX4/Yellow/EX4_029.cs,CardEffect,7,SHELL
CardEffect/EX4/Yellow/EX4_030.cs,CardEffect,7,SHELL
CardEffect/EX4/Yellow/EX4_031.cs,CardEffect,7,SHELL
CardEffect/EX4/Yellow/EX4_068.cs,CardEffect,7,SHELL
CardEffect/EX5/Black/EX5_005.cs,CardEffect,7,SHELL
CardEffect/EX5/Black/EX5_044.cs,CardEffect,7,SHELL
CardEffect/EX5/Black/EX5_045.cs,CardEffect,7,SHELL
CardEffect/EX5/Black/EX5_046.cs,CardEffect,7,SHELL
CardEffect/EX5/Black/EX5_047.cs,CardEffect,7,SHELL
CardEffect/EX5/Black/EX5_048.cs,CardEffect,7,SHELL
CardEffect/EX5/Black/EX5_049.cs,CardEffect,7,SHELL
CardEffect/EX5/Black/EX5_050.cs,CardEffect,7,SHELL
CardEffect/EX5/Black/EX5_051.cs,CardEffect,7,SHELL
CardEffect/EX5/Black/EX5_052.cs,CardEffect,7,SHELL
CardEffect/EX5/Black/EX5_053.cs,CardEffect,246,IMPL
CardEffect/EX5/Black/EX5_054.cs,CardEffect,7,SHELL
CardEffect/EX5/Black/EX5_055.cs,CardEffect,394,IMPL
CardEffect/EX5/Blue/EX5_002.cs,CardEffect,7,SHELL
CardEffect/EX5/Blue/EX5_015.cs,CardEffect,7,SHELL
CardEffect/EX5/Blue/EX5_016.cs,CardEffect,7,SHELL
CardEffect/EX5/Blue/EX5_017.cs,CardEffect,7,SHELL
CardEffect/EX5/Blue/EX5_018.cs,CardEffect,7,SHELL
CardEffect/EX5/Blue/EX5_019.cs,CardEffect,7,SHELL
CardEffect/EX5/Blue/EX5_020.cs,CardEffect,7,SHELL
CardEffect/EX5/Blue/EX5_021.cs,CardEffect,7,SHELL
CardEffect/EX5/Blue/EX5_022.cs,CardEffect,7,SHELL
CardEffect/EX5/Blue/EX5_023.cs,CardEffect,7,SHELL
CardEffect/EX5/Blue/EX5_024.cs,CardEffect,7,SHELL
CardEffect/EX5/Blue/EX5_025.cs,CardEffect,7,SHELL
CardEffect/EX5/Blue/EX5_026.cs,CardEffect,7,SHELL
CardEffect/EX5/Blue/EX5_065.cs,CardEffect,7,SHELL
CardEffect/EX5/Blue/EX5_067.cs,CardEffect,7,SHELL
CardEffect/EX5/Green/EX5_003.cs,CardEffect,7,SHELL
CardEffect/EX5/Green/EX5_004.cs,CardEffect,7,SHELL
CardEffect/EX5/Green/EX5_035.cs,CardEffect,7,SHELL
CardEffect/EX5/Green/EX5_036.cs,CardEffect,7,SHELL
CardEffect/EX5/Green/EX5_037.cs,CardEffect,7,SHELL
CardEffect/EX5/Green/EX5_038.cs,CardEffect,7,SHELL
CardEffect/EX5/Green/EX5_039.cs,CardEffect,7,SHELL
CardEffect/EX5/Green/EX5_040.cs,CardEffect,7,SHELL
CardEffect/EX5/Green/EX5_041.cs,CardEffect,7,SHELL
CardEffect/EX5/Green/EX5_042.cs,CardEffect,7,SHELL
CardEffect/EX5/Green/EX5_043.cs,CardEffect,7,SHELL
CardEffect/EX5/Purple/EX5_006.cs,CardEffect,7,SHELL
CardEffect/EX5/Purple/EX5_056.cs,CardEffect,7,SHELL
CardEffect/EX5/Purple/EX5_057.cs,CardEffect,7,SHELL
CardEffect/EX5/Purple/EX5_058.cs,CardEffect,177,IMPL
CardEffect/EX5/Purple/EX5_058_token.cs,CardEffect,7,SHELL
CardEffect/EX5/Purple/EX5_059.cs,CardEffect,7,SHELL
CardEffect/EX5/Purple/EX5_060.cs,CardEffect,7,SHELL
CardEffect/EX5/Purple/EX5_061.cs,CardEffect,7,SHELL
CardEffect/EX5/Purple/EX5_062.cs,CardEffect,7,SHELL
CardEffect/EX5/Purple/EX5_063.cs,CardEffect,7,SHELL
CardEffect/EX5/Purple/EX5_069.cs,CardEffect,7,SHELL
CardEffect/EX5/Red/EX5_001.cs,CardEffect,7,SHELL
CardEffect/EX5/Red/EX5_007.cs,CardEffect,7,SHELL
CardEffect/EX5/Red/EX5_008.cs,CardEffect,7,SHELL
CardEffect/EX5/Red/EX5_009.cs,CardEffect,7,SHELL
CardEffect/EX5/Red/EX5_010.cs,CardEffect,7,SHELL
CardEffect/EX5/Red/EX5_011.cs,CardEffect,7,SHELL
CardEffect/EX5/Red/EX5_012.cs,CardEffect,7,SHELL
CardEffect/EX5/Red/EX5_013.cs,CardEffect,7,SHELL
CardEffect/EX5/Red/EX5_014.cs,CardEffect,7,SHELL
CardEffect/EX5/Red/EX5_064.cs,CardEffect,7,SHELL
CardEffect/EX5/Red/EX5_066.cs,CardEffect,7,SHELL
CardEffect/EX5/Red/EX5_073.cs,CardEffect,7,SHELL
CardEffect/EX5/White/EX5_070.cs,CardEffect,7,SHELL
CardEffect/EX5/White/EX5_071.cs,CardEffect,7,SHELL
CardEffect/EX5/White/EX5_072.cs,CardEffect,7,SHELL
CardEffect/EX5/Yellow/EX5_027.cs,CardEffect,7,SHELL
CardEffect/EX5/Yellow/EX5_028.cs,CardEffect,7,SHELL
CardEffect/EX5/Yellow/EX5_029.cs,CardEffect,7,SHELL
CardEffect/EX5/Yellow/EX5_030.cs,CardEffect,7,SHELL
CardEffect/EX5/Yellow/EX5_031.cs,CardEffect,7,SHELL
CardEffect/EX5/Yellow/EX5_032.cs,CardEffect,7,SHELL
CardEffect/EX5/Yellow/EX5_033.cs,CardEffect,7,SHELL
CardEffect/EX5/Yellow/EX5_034.cs,CardEffect,7,SHELL
CardEffect/EX5/Yellow/EX5_068.cs,CardEffect,7,SHELL
CardEffect/EX5/Yellow/EX5_074.cs,CardEffect,7,SHELL
CardEffect/EX6/Black/EX6_005.cs,CardEffect,7,SHELL
CardEffect/EX6/Black/EX6_036.cs,CardEffect,7,SHELL
CardEffect/EX6/Black/EX6_037.cs,CardEffect,7,SHELL
CardEffect/EX6/Black/EX6_038.cs,CardEffect,7,SHELL
CardEffect/EX6/Black/EX6_039.cs,CardEffect,7,SHELL
CardEffect/EX6/Black/EX6_040.cs,CardEffect,7,SHELL
CardEffect/EX6/Black/EX6_041.cs,CardEffect,7,SHELL
CardEffect/EX6/Black/EX6_042.cs,CardEffect,7,SHELL
CardEffect/EX6/Black/EX6_043.cs,CardEffect,7,SHELL
CardEffect/EX6/Black/EX6_044.cs,CardEffect,381,IMPL
CardEffect/EX6/Blue/EX6_002.cs,CardEffect,7,SHELL
CardEffect/EX6/Blue/EX6_012.cs,CardEffect,7,SHELL
CardEffect/EX6/Blue/EX6_013.cs,CardEffect,7,SHELL
CardEffect/EX6/Blue/EX6_014.cs,CardEffect,7,SHELL
CardEffect/EX6/Blue/EX6_015.cs,CardEffect,7,SHELL
CardEffect/EX6/Blue/EX6_066.cs,CardEffect,7,SHELL
CardEffect/EX6/Green/EX6_004.cs,CardEffect,7,SHELL
CardEffect/EX6/Green/EX6_032.cs,CardEffect,7,SHELL
CardEffect/EX6/Green/EX6_033.cs,CardEffect,7,SHELL
CardEffect/EX6/Green/EX6_034.cs,CardEffect,7,SHELL
CardEffect/EX6/Green/EX6_035.cs,CardEffect,7,SHELL
CardEffect/EX6/Purple/EX6_006.cs,CardEffect,7,SHELL
CardEffect/EX6/Purple/EX6_045.cs,CardEffect,7,SHELL
CardEffect/EX6/Purple/EX6_046.cs,CardEffect,7,SHELL
CardEffect/EX6/Purple/EX6_047.cs,CardEffect,7,SHELL
CardEffect/EX6/Purple/EX6_048.cs,CardEffect,7,SHELL
CardEffect/EX6/Purple/EX6_049.cs,CardEffect,7,SHELL
CardEffect/EX6/Purple/EX6_050.cs,CardEffect,7,SHELL
CardEffect/EX6/Purple/EX6_051.cs,CardEffect,7,SHELL
CardEffect/EX6/Purple/EX6_052.cs,CardEffect,7,SHELL
CardEffect/EX6/Purple/EX6_053.cs,CardEffect,7,SHELL
CardEffect/EX6/Purple/EX6_054.cs,CardEffect,7,SHELL
CardEffect/EX6/Purple/EX6_055.cs,CardEffect,7,SHELL
CardEffect/EX6/Purple/EX6_056.cs,CardEffect,7,SHELL
CardEffect/EX6/Purple/EX6_057.cs,CardEffect,7,SHELL
CardEffect/EX6/Purple/EX6_058.cs,CardEffect,7,SHELL
CardEffect/EX6/Purple/EX6_059.cs,CardEffect,7,SHELL
CardEffect/EX6/Purple/EX6_060.cs,CardEffect,7,SHELL
CardEffect/EX6/Purple/EX6_061.cs,CardEffect,7,SHELL
CardEffect/EX6/Purple/EX6_069.cs,CardEffect,7,SHELL
CardEffect/EX6/Purple/EX6_070.cs,CardEffect,7,SHELL
CardEffect/EX6/Purple/EX6_071.cs,CardEffect,7,SHELL
CardEffect/EX6/Purple/EX6_073.cs,CardEffect,7,SHELL
CardEffect/EX6/Purple/EX6_074.cs,CardEffect,7,SHELL
CardEffect/EX6/Red/EX6_001.cs,CardEffect,72,IMPL
CardEffect/EX6/Red/EX6_007.cs,CardEffect,7,SHELL
CardEffect/EX6/Red/EX6_008.cs,CardEffect,7,SHELL
CardEffect/EX6/Red/EX6_009.cs,CardEffect,7,SHELL
CardEffect/EX6/Red/EX6_010.cs,CardEffect,7,SHELL
CardEffect/EX6/Red/EX6_011.cs,CardEffect,392,IMPL
CardEffect/EX6/Red/EX6_065.cs,CardEffect,7,SHELL
CardEffect/EX6/White/EX6_062.cs,CardEffect,7,SHELL
CardEffect/EX6/White/EX6_072.cs,CardEffect,187,IMPL
CardEffect/EX6/Yellow/EX6_003.cs,CardEffect,7,SHELL
CardEffect/EX6/Yellow/EX6_016.cs,CardEffect,7,SHELL
CardEffect/EX6/Yellow/EX6_017.cs,CardEffect,7,SHELL
CardEffect/EX6/Yellow/EX6_018.cs,CardEffect,7,SHELL
CardEffect/EX6/Yellow/EX6_019.cs,CardEffect,7,SHELL
CardEffect/EX6/Yellow/EX6_020.cs,CardEffect,7,SHELL
CardEffect/EX6/Yellow/EX6_021.cs,CardEffect,7,SHELL
CardEffect/EX6/Yellow/EX6_022.cs,CardEffect,7,SHELL
CardEffect/EX6/Yellow/EX6_023.cs,CardEffect,7,SHELL
CardEffect/EX6/Yellow/EX6_024.cs,CardEffect,7,SHELL
CardEffect/EX6/Yellow/EX6_025.cs,CardEffect,7,SHELL
CardEffect/EX6/Yellow/EX6_026.cs,CardEffect,7,SHELL
CardEffect/EX6/Yellow/EX6_027.cs,CardEffect,7,SHELL
CardEffect/EX6/Yellow/EX6_028.cs,CardEffect,7,SHELL
CardEffect/EX6/Yellow/EX6_029.cs,CardEffect,7,SHELL
CardEffect/EX6/Yellow/EX6_030.cs,CardEffect,7,SHELL
CardEffect/EX6/Yellow/EX6_031.cs,CardEffect,7,SHELL
CardEffect/EX6/Yellow/EX6_063.cs,CardEffect,7,SHELL
CardEffect/EX6/Yellow/EX6_064.cs,CardEffect,7,SHELL
CardEffect/EX6/Yellow/EX6_067.cs,CardEffect,7,SHELL
CardEffect/EX6/Yellow/EX6_068.cs,CardEffect,7,SHELL
CardEffect/EX7/Black/EX7_005.cs,CardEffect,7,SHELL
CardEffect/EX7/Black/EX7_038.cs,CardEffect,7,SHELL
CardEffect/EX7/Black/EX7_039.cs,CardEffect,7,SHELL
CardEffect/EX7/Black/EX7_040.cs,CardEffect,7,SHELL
CardEffect/EX7/Black/EX7_041.cs,CardEffect,7,SHELL
CardEffect/EX7/Black/EX7_042.cs,CardEffect,7,SHELL
CardEffect/EX7/Black/EX7_043.cs,CardEffect,7,SHELL
CardEffect/EX7/Black/EX7_044.cs,CardEffect,7,SHELL
CardEffect/EX7/Black/EX7_045.cs,CardEffect,7,SHELL
CardEffect/EX7/Black/EX7_046.cs,CardEffect,7,SHELL
CardEffect/EX7/Black/EX7_047.cs,CardEffect,7,SHELL
CardEffect/EX7/Black/EX7_048.cs,CardEffect,7,SHELL
CardEffect/EX7/Black/EX7_049.cs,CardEffect,7,SHELL
CardEffect/EX7/Black/EX7_070.cs,CardEffect,7,SHELL
CardEffect/EX7/Blue/EX7_002.cs,CardEffect,7,SHELL
CardEffect/EX7/Blue/EX7_015.cs,CardEffect,7,SHELL
CardEffect/EX7/Blue/EX7_016.cs,CardEffect,7,SHELL
CardEffect/EX7/Blue/EX7_017.cs,CardEffect,7,SHELL
CardEffect/EX7/Blue/EX7_018.cs,CardEffect,7,SHELL
CardEffect/EX7/Blue/EX7_019.cs,CardEffect,7,SHELL
CardEffect/EX7/Blue/EX7_020.cs,CardEffect,7,SHELL
CardEffect/EX7/Blue/EX7_021.cs,CardEffect,7,SHELL
CardEffect/EX7/Blue/EX7_022.cs,CardEffect,7,SHELL
CardEffect/EX7/Blue/EX7_023.cs,CardEffect,7,SHELL
CardEffect/EX7/Blue/EX7_067.cs,CardEffect,7,SHELL
CardEffect/EX7/Green/EX7_004.cs,CardEffect,7,SHELL
CardEffect/EX7/Green/EX7_031.cs,CardEffect,7,SHELL
CardEffect/EX7/Green/EX7_032.cs,CardEffect,7,SHELL
CardEffect/EX7/Green/EX7_033.cs,CardEffect,7,SHELL
CardEffect/EX7/Green/EX7_034.cs,CardEffect,7,SHELL
CardEffect/EX7/Green/EX7_035.cs,CardEffect,7,SHELL
CardEffect/EX7/Green/EX7_036.cs,CardEffect,7,SHELL
CardEffect/EX7/Green/EX7_037.cs,CardEffect,7,SHELL
CardEffect/EX7/Green/EX7_064.cs,CardEffect,7,SHELL
CardEffect/EX7/Green/EX7_069.cs,CardEffect,7,SHELL
CardEffect/EX7/Green/EX7_074.cs,CardEffect,7,SHELL
CardEffect/EX7/Purple/EX7_006.cs,CardEffect,7,SHELL
CardEffect/EX7/Purple/EX7_050.cs,CardEffect,7,SHELL
CardEffect/EX7/Purple/EX7_051.cs,CardEffect,7,SHELL
CardEffect/EX7/Purple/EX7_052.cs,CardEffect,7,SHELL
CardEffect/EX7/Purple/EX7_053.cs,CardEffect,7,SHELL
CardEffect/EX7/Purple/EX7_054.cs,CardEffect,7,SHELL
CardEffect/EX7/Purple/EX7_055.cs,CardEffect,7,SHELL
CardEffect/EX7/Purple/EX7_056.cs,CardEffect,7,SHELL
CardEffect/EX7/Purple/EX7_057.cs,CardEffect,7,SHELL
CardEffect/EX7/Purple/EX7_058.cs,CardEffect,514,IMPL
CardEffect/EX7/Purple/EX7_058_token.cs,CardEffect,7,SHELL
CardEffect/EX7/Purple/EX7_059.cs,CardEffect,7,SHELL
CardEffect/EX7/Purple/EX7_060.cs,CardEffect,7,SHELL
CardEffect/EX7/Purple/EX7_061.cs,CardEffect,7,SHELL
CardEffect/EX7/Purple/EX7_062.cs,CardEffect,7,SHELL
CardEffect/EX7/Purple/EX7_065.cs,CardEffect,7,SHELL
CardEffect/EX7/Purple/EX7_071.cs,CardEffect,7,SHELL
CardEffect/EX7/Purple/EX7_072.cs,CardEffect,339,IMPL
CardEffect/EX7/Purple/EX7_073.cs,CardEffect,7,SHELL
CardEffect/EX7/Red/EX7_001.cs,CardEffect,7,SHELL
CardEffect/EX7/Red/EX7_007.cs,CardEffect,7,SHELL
CardEffect/EX7/Red/EX7_008.cs,CardEffect,7,SHELL
CardEffect/EX7/Red/EX7_009.cs,CardEffect,7,SHELL
CardEffect/EX7/Red/EX7_010.cs,CardEffect,211,IMPL
CardEffect/EX7/Red/EX7_011.cs,CardEffect,7,SHELL
CardEffect/EX7/Red/EX7_012.cs,CardEffect,7,SHELL
CardEffect/EX7/Red/EX7_013.cs,CardEffect,7,SHELL
CardEffect/EX7/Red/EX7_014.cs,CardEffect,360,IMPL
CardEffect/EX7/Red/EX7_066.cs,CardEffect,7,SHELL
CardEffect/EX7/Yellow/EX7_003.cs,CardEffect,7,SHELL
CardEffect/EX7/Yellow/EX7_024.cs,CardEffect,7,SHELL
CardEffect/EX7/Yellow/EX7_025.cs,CardEffect,7,SHELL
CardEffect/EX7/Yellow/EX7_026.cs,CardEffect,7,SHELL
CardEffect/EX7/Yellow/EX7_027.cs,CardEffect,7,SHELL
CardEffect/EX7/Yellow/EX7_028.cs,CardEffect,7,SHELL
CardEffect/EX7/Yellow/EX7_029.cs,CardEffect,7,SHELL
CardEffect/EX7/Yellow/EX7_030.cs,CardEffect,7,SHELL
CardEffect/EX7/Yellow/EX7_030_token.cs,CardEffect,7,SHELL
CardEffect/EX7/Yellow/EX7_063.cs,CardEffect,7,SHELL
CardEffect/EX7/Yellow/EX7_068.cs,CardEffect,7,SHELL
CardEffect/EX8/Black/EX8_005.cs,CardEffect,7,SHELL
CardEffect/EX8/Black/EX8_046.cs,CardEffect,7,SHELL
CardEffect/EX8/Black/EX8_047.cs,CardEffect,7,SHELL
CardEffect/EX8/Black/EX8_048.cs,CardEffect,7,SHELL
CardEffect/EX8/Black/EX8_049.cs,CardEffect,7,SHELL
CardEffect/EX8/Black/EX8_050.cs,CardEffect,7,SHELL
CardEffect/EX8/Black/EX8_051.cs,CardEffect,129,IMPL
CardEffect/EX8/Black/EX8_052.cs,CardEffect,7,SHELL
CardEffect/EX8/Black/EX8_053.cs,CardEffect,7,SHELL
CardEffect/EX8/Black/EX8_054.cs,CardEffect,7,SHELL
CardEffect/EX8/Black/EX8_055.cs,CardEffect,7,SHELL
CardEffect/EX8/Black/EX8_067.cs,CardEffect,7,SHELL
CardEffect/EX8/Black/EX8_070.cs,CardEffect,7,SHELL
CardEffect/EX8/Blue/EX8_002.cs,CardEffect,7,SHELL
CardEffect/EX8/Blue/EX8_017.cs,CardEffect,7,SHELL
CardEffect/EX8/Blue/EX8_018.cs,CardEffect,7,SHELL
CardEffect/EX8/Blue/EX8_019.cs,CardEffect,7,SHELL
CardEffect/EX8/Blue/EX8_020.cs,CardEffect,7,SHELL
CardEffect/EX8/Blue/EX8_021.cs,CardEffect,7,SHELL
CardEffect/EX8/Blue/EX8_022.cs,CardEffect,7,SHELL
CardEffect/EX8/Blue/EX8_023.cs,CardEffect,7,SHELL
CardEffect/EX8/Blue/EX8_024.cs,CardEffect,7,SHELL
CardEffect/EX8/Blue/EX8_025.cs,CardEffect,7,SHELL
CardEffect/EX8/Blue/EX8_026.cs,CardEffect,272,IMPL
CardEffect/EX8/Blue/EX8_027.cs,CardEffect,7,SHELL
CardEffect/EX8/Blue/EX8_028.cs,CardEffect,380,IMPL
CardEffect/EX8/Blue/EX8_029.cs,CardEffect,7,SHELL
CardEffect/EX8/Blue/EX8_066.cs,CardEffect,7,SHELL
CardEffect/EX8/Blue/EX8_068.cs,CardEffect,192,IMPL
CardEffect/EX8/Green/EX8_004.cs,CardEffect,7,SHELL
CardEffect/EX8/Green/EX8_038.cs,CardEffect,7,SHELL
CardEffect/EX8/Green/EX8_039.cs,CardEffect,7,SHELL
CardEffect/EX8/Green/EX8_040.cs,CardEffect,7,SHELL
CardEffect/EX8/Green/EX8_041.cs,CardEffect,7,SHELL
CardEffect/EX8/Green/EX8_042.cs,CardEffect,7,SHELL
CardEffect/EX8/Green/EX8_043.cs,CardEffect,7,SHELL
CardEffect/EX8/Green/EX8_044.cs,CardEffect,7,SHELL
CardEffect/EX8/Green/EX8_045.cs,CardEffect,7,SHELL
CardEffect/EX8/Green/EX8_069.cs,CardEffect,7,SHELL
CardEffect/EX8/Green/EX8_074.cs,CardEffect,502,IMPL
CardEffect/EX8/Purple/EX8_006.cs,CardEffect,7,SHELL
CardEffect/EX8/Purple/EX8_056.cs,CardEffect,7,SHELL
CardEffect/EX8/Purple/EX8_057.cs,CardEffect,7,SHELL
CardEffect/EX8/Purple/EX8_058.cs,CardEffect,7,SHELL
CardEffect/EX8/Purple/EX8_059.cs,CardEffect,483,IMPL
CardEffect/EX8/Purple/EX8_060.cs,CardEffect,7,SHELL
CardEffect/EX8/Purple/EX8_061.cs,CardEffect,246,IMPL
CardEffect/EX8/Purple/EX8_062.cs,CardEffect,7,SHELL
CardEffect/EX8/Purple/EX8_063.cs,CardEffect,7,SHELL
CardEffect/EX8/Purple/EX8_064.cs,CardEffect,7,SHELL
CardEffect/EX8/Purple/EX8_071.cs,CardEffect,7,SHELL
CardEffect/EX8/Purple/EX8_072.cs,CardEffect,212,IMPL
CardEffect/EX8/Red/EX8_001.cs,CardEffect,7,SHELL
CardEffect/EX8/Red/EX8_007.cs,CardEffect,7,SHELL
CardEffect/EX8/Red/EX8_008.cs,CardEffect,7,SHELL
CardEffect/EX8/Red/EX8_009.cs,CardEffect,7,SHELL
CardEffect/EX8/Red/EX8_010.cs,CardEffect,7,SHELL
CardEffect/EX8/Red/EX8_011.cs,CardEffect,7,SHELL
CardEffect/EX8/Red/EX8_012.cs,CardEffect,7,SHELL
CardEffect/EX8/Red/EX8_013.cs,CardEffect,7,SHELL
CardEffect/EX8/Red/EX8_014.cs,CardEffect,7,SHELL
CardEffect/EX8/Red/EX8_015.cs,CardEffect,7,SHELL
CardEffect/EX8/Red/EX8_016.cs,CardEffect,7,SHELL
CardEffect/EX8/Red/EX8_065.cs,CardEffect,7,SHELL
CardEffect/EX8/Red/EX8_073.cs,CardEffect,7,SHELL
CardEffect/EX8/Yellow/EX8_003.cs,CardEffect,7,SHELL
CardEffect/EX8/Yellow/EX8_030.cs,CardEffect,98,IMPL
CardEffect/EX8/Yellow/EX8_031.cs,CardEffect,7,SHELL
CardEffect/EX8/Yellow/EX8_032.cs,CardEffect,7,SHELL
CardEffect/EX8/Yellow/EX8_033.cs,CardEffect,7,SHELL
CardEffect/EX8/Yellow/EX8_034.cs,CardEffect,7,SHELL
CardEffect/EX8/Yellow/EX8_035.cs,CardEffect,7,SHELL
CardEffect/EX8/Yellow/EX8_036.cs,CardEffect,7,SHELL
CardEffect/EX8/Yellow/EX8_037.cs,CardEffect,277,IMPL
CardEffect/EX8/Yellow/EX8_037_token.cs,CardEffect,7,SHELL
CardEffect/EX9/Black/EX9_005.cs,CardEffect,7,SHELL
CardEffect/EX9/Black/EX9_046.cs,CardEffect,7,SHELL
CardEffect/EX9/Black/EX9_047.cs,CardEffect,7,SHELL
CardEffect/EX9/Black/EX9_048.cs,CardEffect,7,SHELL
CardEffect/EX9/Black/EX9_049.cs,CardEffect,7,SHELL
CardEffect/EX9/Black/EX9_050.cs,CardEffect,7,SHELL
CardEffect/EX9/Black/EX9_051.cs,CardEffect,7,SHELL
CardEffect/EX9/Black/EX9_052.cs,CardEffect,7,SHELL
CardEffect/EX9/Black/EX9_053.cs,CardEffect,7,SHELL
CardEffect/EX9/Black/EX9_054.cs,CardEffect,7,SHELL
CardEffect/EX9/Black/EX9_055.cs,CardEffect,7,SHELL
CardEffect/EX9/Black/EX9_056.cs,CardEffect,7,SHELL
CardEffect/EX9/Black/EX9_057.cs,CardEffect,7,SHELL
CardEffect/EX9/Black/EX9_068.cs,CardEffect,7,SHELL
CardEffect/EX9/Black/EX9_073.cs,CardEffect,7,SHELL
CardEffect/EX9/Blue/EX9_002.cs,CardEffect,7,SHELL
CardEffect/EX9/Blue/EX9_014.cs,CardEffect,7,SHELL
CardEffect/EX9/Blue/EX9_015.cs,CardEffect,7,SHELL
CardEffect/EX9/Blue/EX9_016.cs,CardEffect,7,SHELL
CardEffect/EX9/Blue/EX9_017.cs,CardEffect,7,SHELL
CardEffect/EX9/Blue/EX9_018.cs,CardEffect,7,SHELL
CardEffect/EX9/Blue/EX9_019.cs,CardEffect,7,SHELL
CardEffect/EX9/Blue/EX9_020.cs,CardEffect,7,SHELL
CardEffect/EX9/Blue/EX9_021.cs,CardEffect,7,SHELL
CardEffect/EX9/Blue/EX9_071.cs,CardEffect,7,SHELL
CardEffect/EX9/Green/EX9_004.cs,CardEffect,7,SHELL
CardEffect/EX9/Green/EX9_034.cs,CardEffect,7,SHELL
CardEffect/EX9/Green/EX9_035.cs,CardEffect,7,SHELL
CardEffect/EX9/Green/EX9_036.cs,CardEffect,7,SHELL
CardEffect/EX9/Green/EX9_037.cs,CardEffect,7,SHELL
CardEffect/EX9/Green/EX9_038.cs,CardEffect,7,SHELL
CardEffect/EX9/Green/EX9_039.cs,CardEffect,7,SHELL
CardEffect/EX9/Green/EX9_040.cs,CardEffect,7,SHELL
CardEffect/EX9/Green/EX9_041.cs,CardEffect,7,SHELL
CardEffect/EX9/Green/EX9_042.cs,CardEffect,7,SHELL
CardEffect/EX9/Green/EX9_043.cs,CardEffect,7,SHELL
CardEffect/EX9/Green/EX9_044.cs,CardEffect,7,SHELL
CardEffect/EX9/Green/EX9_045.cs,CardEffect,7,SHELL
CardEffect/EX9/Purple/EX9_006.cs,CardEffect,7,SHELL
CardEffect/EX9/Purple/EX9_058.cs,CardEffect,7,SHELL
CardEffect/EX9/Purple/EX9_059.cs,CardEffect,7,SHELL
CardEffect/EX9/Purple/EX9_060.cs,CardEffect,7,SHELL
CardEffect/EX9/Purple/EX9_061.cs,CardEffect,7,SHELL
CardEffect/EX9/Purple/EX9_062.cs,CardEffect,311,IMPL
CardEffect/EX9/Purple/EX9_063.cs,CardEffect,7,SHELL
CardEffect/EX9/Purple/EX9_064.cs,CardEffect,7,SHELL
CardEffect/EX9/Purple/EX9_065.cs,CardEffect,7,SHELL
CardEffect/EX9/Red/EX9_001.cs,CardEffect,7,SHELL
CardEffect/EX9/Red/EX9_007.cs,CardEffect,7,SHELL
CardEffect/EX9/Red/EX9_008.cs,CardEffect,70,IMPL
CardEffect/EX9/Red/EX9_009.cs,CardEffect,7,SHELL
CardEffect/EX9/Red/EX9_010.cs,CardEffect,7,SHELL
CardEffect/EX9/Red/EX9_011.cs,CardEffect,7,SHELL
CardEffect/EX9/Red/EX9_012.cs,CardEffect,7,SHELL
CardEffect/EX9/Red/EX9_013.cs,CardEffect,7,SHELL
CardEffect/EX9/Red/EX9_066.cs,CardEffect,7,SHELL
CardEffect/EX9/Red/EX9_070.cs,CardEffect,7,SHELL
CardEffect/EX9/White/EX9_069.cs,CardEffect,7,SHELL
CardEffect/EX9/White/EX9_072.cs,CardEffect,7,SHELL
CardEffect/EX9/White/EX9_074.cs,CardEffect,562,IMPL
CardEffect/EX9/Yellow/EX9_003.cs,CardEffect,7,SHELL
CardEffect/EX9/Yellow/EX9_022.cs,CardEffect,7,SHELL
CardEffect/EX9/Yellow/EX9_023.cs,CardEffect,7,SHELL
CardEffect/EX9/Yellow/EX9_024.cs,CardEffect,7,SHELL
CardEffect/EX9/Yellow/EX9_025.cs,CardEffect,7,SHELL
CardEffect/EX9/Yellow/EX9_026.cs,CardEffect,7,SHELL
CardEffect/EX9/Yellow/EX9_027.cs,CardEffect,7,SHELL
CardEffect/EX9/Yellow/EX9_028.cs,CardEffect,7,SHELL
CardEffect/EX9/Yellow/EX9_029.cs,CardEffect,7,SHELL
CardEffect/EX9/Yellow/EX9_030.cs,CardEffect,7,SHELL
CardEffect/EX9/Yellow/EX9_031.cs,CardEffect,7,SHELL
CardEffect/EX9/Yellow/EX9_032.cs,CardEffect,7,SHELL
CardEffect/EX9/Yellow/EX9_033.cs,CardEffect,7,SHELL
CardEffect/EX9/Yellow/EX9_067.cs,CardEffect,7,SHELL
CardEffect/LM/Black/LM_014.cs,CardEffect,7,SHELL
CardEffect/LM/Black/LM_015.cs,CardEffect,7,SHELL
CardEffect/LM/Black/LM_025.cs,CardEffect,7,SHELL
CardEffect/LM/Black/LM_031.cs,CardEffect,7,SHELL
CardEffect/LM/Black/LM_037.cs,CardEffect,7,SHELL
CardEffect/LM/Black/LM_043.cs,CardEffect,7,SHELL
CardEffect/LM/Black/LM_049.cs,CardEffect,7,SHELL
CardEffect/LM/Black/LM_053.cs,CardEffect,7,SHELL
CardEffect/LM/Black/LM_061.cs,CardEffect,7,SHELL
CardEffect/LM/Blue/LM_002.cs,CardEffect,7,SHELL
CardEffect/LM/Blue/LM_003.cs,CardEffect,7,SHELL
CardEffect/LM/Blue/LM_004.cs,CardEffect,7,SHELL
CardEffect/LM/Blue/LM_005.cs,CardEffect,7,SHELL
CardEffect/LM/Blue/LM_006.cs,CardEffect,7,SHELL
CardEffect/LM/Blue/LM_022.cs,CardEffect,7,SHELL
CardEffect/LM/Blue/LM_028.cs,CardEffect,7,SHELL
CardEffect/LM/Blue/LM_034.cs,CardEffect,7,SHELL
CardEffect/LM/Blue/LM_040.cs,CardEffect,7,SHELL
CardEffect/LM/Blue/LM_041.cs,CardEffect,7,SHELL
CardEffect/LM/Blue/LM_046.cs,CardEffect,154,IMPL
CardEffect/LM/Blue/LM_052.cs,CardEffect,7,SHELL
CardEffect/LM/Blue/LM_058.cs,CardEffect,7,SHELL
CardEffect/LM/Green/LM_008.cs,CardEffect,7,SHELL
CardEffect/LM/Green/LM_009.cs,CardEffect,7,SHELL
CardEffect/LM/Green/LM_010.cs,CardEffect,7,SHELL
CardEffect/LM/Green/LM_011.cs,CardEffect,7,SHELL
CardEffect/LM/Green/LM_012.cs,CardEffect,7,SHELL
CardEffect/LM/Green/LM_013.cs,CardEffect,7,SHELL
CardEffect/LM/Green/LM_024.cs,CardEffect,7,SHELL
CardEffect/LM/Green/LM_030.cs,CardEffect,7,SHELL
CardEffect/LM/Green/LM_036.cs,CardEffect,7,SHELL
CardEffect/LM/Green/LM_042.cs,CardEffect,7,SHELL
CardEffect/LM/Green/LM_048.cs,CardEffect,7,SHELL
CardEffect/LM/Green/LM_055.cs,CardEffect,7,SHELL
CardEffect/LM/Green/LM_060.cs,CardEffect,7,SHELL
CardEffect/LM/Purple/LM_016.cs,CardEffect,7,SHELL
CardEffect/LM/Purple/LM_017.cs,CardEffect,7,SHELL
CardEffect/LM/Purple/LM_018.cs,CardEffect,128,IMPL
CardEffect/LM/Purple/LM_026.cs,CardEffect,7,SHELL
CardEffect/LM/Purple/LM_032.cs,CardEffect,7,SHELL
CardEffect/LM/Purple/LM_038.cs,CardEffect,7,SHELL
CardEffect/LM/Purple/LM_044.cs,CardEffect,7,SHELL
CardEffect/LM/Purple/LM_050.cs,CardEffect,7,SHELL
CardEffect/LM/Purple/LM_056.cs,CardEffect,7,SHELL
CardEffect/LM/Purple/LM_062.cs,CardEffect,7,SHELL
CardEffect/LM/Red/LM_001.cs,CardEffect,7,SHELL
CardEffect/LM/Red/LM_021.cs,CardEffect,7,SHELL
CardEffect/LM/Red/LM_027.cs,CardEffect,7,SHELL
CardEffect/LM/Red/LM_033.cs,CardEffect,7,SHELL
CardEffect/LM/Red/LM_039.cs,CardEffect,7,SHELL
CardEffect/LM/Red/LM_045.cs,CardEffect,7,SHELL
CardEffect/LM/Red/LM_051.cs,CardEffect,7,SHELL
CardEffect/LM/Red/LM_057.cs,CardEffect,7,SHELL
CardEffect/LM/White/LM_019.cs,CardEffect,7,SHELL
CardEffect/LM/Yellow/LM_007.cs,CardEffect,7,SHELL
CardEffect/LM/Yellow/LM_020.cs,CardEffect,7,SHELL
CardEffect/LM/Yellow/LM_023.cs,CardEffect,7,SHELL
CardEffect/LM/Yellow/LM_029.cs,CardEffect,7,SHELL
CardEffect/LM/Yellow/LM_035.cs,CardEffect,7,SHELL
CardEffect/LM/Yellow/LM_047.cs,CardEffect,157,IMPL
CardEffect/LM/Yellow/LM_054.cs,CardEffect,254,IMPL
CardEffect/LM/Yellow/LM_059.cs,CardEffect,7,SHELL
CardEffect/P/Black/P_015.cs,CardEffect,7,SHELL
CardEffect/P/Black/P_016.cs,CardEffect,7,SHELL
CardEffect/P/Black/P_026.cs,CardEffect,7,SHELL
CardEffect/P/Black/P_033.cs,CardEffect,7,SHELL
CardEffect/P/Black/P_039.cs,CardEffect,7,SHELL
CardEffect/P/Black/P_045.cs,CardEffect,7,SHELL
CardEffect/P/Black/P_070.cs,CardEffect,7,SHELL
CardEffect/P/Black/P_076.cs,CardEffect,7,SHELL
CardEffect/P/Black/P_078.cs,CardEffect,7,SHELL
CardEffect/P/Black/P_094.cs,CardEffect,7,SHELL
CardEffect/P/Black/P_101.cs,CardEffect,7,SHELL
CardEffect/P/Black/P_107.cs,CardEffect,7,SHELL
CardEffect/P/Black/P_114.cs,CardEffect,7,SHELL
CardEffect/P/Black/P_121.cs,CardEffect,7,SHELL
CardEffect/P/Black/P_128.cs,CardEffect,7,SHELL
CardEffect/P/Black/P_141.cs,CardEffect,7,SHELL
CardEffect/P/Black/P_144.cs,CardEffect,7,SHELL
CardEffect/P/Black/P_154.cs,CardEffect,7,SHELL
CardEffect/P/Black/P_157.cs,CardEffect,7,SHELL
CardEffect/P/Black/P_159.cs,CardEffect,7,SHELL
CardEffect/P/Black/P_162.cs,CardEffect,7,SHELL
CardEffect/P/Black/P_167.cs,CardEffect,7,SHELL
CardEffect/P/Black/P_169.cs,CardEffect,7,SHELL
CardEffect/P/Black/P_174.cs,CardEffect,7,SHELL
CardEffect/P/Black/P_176.cs,CardEffect,7,SHELL
CardEffect/P/Black/P_179.cs,CardEffect,7,SHELL
CardEffect/P/Black/P_183.cs,CardEffect,7,SHELL
CardEffect/P/Black/P_184.cs,CardEffect,7,SHELL
CardEffect/P/Black/P_203.cs,CardEffect,7,SHELL
CardEffect/P/Black/P_204.cs,CardEffect,7,SHELL
CardEffect/P/Black/P_211.cs,CardEffect,7,SHELL
CardEffect/P/Black/P_216.cs,CardEffect,7,SHELL
CardEffect/P/Black/P_224.cs,CardEffect,7,SHELL
CardEffect/P/Black/P_231.cs,CardEffect,7,SHELL
CardEffect/P/Black/P_234.cs,CardEffect,229,IMPL
CardEffect/P/Blue/P_003.cs,CardEffect,7,SHELL
CardEffect/P/Blue/P_007.cs,CardEffect,7,SHELL
CardEffect/P/Blue/P_008.cs,CardEffect,7,SHELL
CardEffect/P/Blue/P_011.cs,CardEffect,7,SHELL
CardEffect/P/Blue/P_012.cs,CardEffect,7,SHELL
CardEffect/P/Blue/P_022.cs,CardEffect,7,SHELL
CardEffect/P/Blue/P_030.cs,CardEffect,7,SHELL
CardEffect/P/Blue/P_036.cs,CardEffect,7,SHELL
CardEffect/P/Blue/P_042.cs,CardEffect,7,SHELL
CardEffect/P/Blue/P_047.cs,CardEffect,7,SHELL
CardEffect/P/Blue/P_048.cs,CardEffect,291,IMPL
CardEffect/P/Blue/P_051.cs,CardEffect,7,SHELL
CardEffect/P/Blue/P_052.cs,CardEffect,7,SHELL
CardEffect/P/Blue/P_061.cs,CardEffect,7,SHELL
CardEffect/P/Blue/P_064.cs,CardEffect,7,SHELL
CardEffect/P/Blue/P_067.cs,CardEffect,7,SHELL
CardEffect/P/Blue/P_073.cs,CardEffect,7,SHELL
CardEffect/P/Blue/P_086.cs,CardEffect,7,SHELL
CardEffect/P/Blue/P_089.cs,CardEffect,7,SHELL
CardEffect/P/Blue/P_092.cs,CardEffect,7,SHELL
CardEffect/P/Blue/P_098.cs,CardEffect,353,IMPL
CardEffect/P/Blue/P_104.cs,CardEffect,7,SHELL
CardEffect/P/Blue/P_109.cs,CardEffect,7,SHELL
CardEffect/P/Blue/P_117.cs,CardEffect,7,SHELL
CardEffect/P/Blue/P_124.cs,CardEffect,7,SHELL
CardEffect/P/Blue/P_138.cs,CardEffect,7,SHELL
CardEffect/P/Blue/P_148.cs,CardEffect,7,SHELL
CardEffect/P/Blue/P_161.cs,CardEffect,7,SHELL
CardEffect/P/Blue/P_164.cs,CardEffect,7,SHELL
CardEffect/P/Blue/P_168.cs,CardEffect,7,SHELL
CardEffect/P/Blue/P_171.cs,CardEffect,7,SHELL
CardEffect/P/Blue/P_188.cs,CardEffect,7,SHELL
CardEffect/P/Blue/P_190.cs,CardEffect,7,SHELL
CardEffect/P/Blue/P_196.cs,CardEffect,7,SHELL
CardEffect/P/Blue/P_214.cs,CardEffect,7,SHELL
CardEffect/P/Blue/P_215.cs,CardEffect,7,SHELL
CardEffect/P/Blue/P_228.cs,CardEffect,7,SHELL
CardEffect/P/Blue/P_233.cs,CardEffect,7,SHELL
CardEffect/P/Green/P_021.cs,CardEffect,7,SHELL
CardEffect/P/Green/P_025.cs,CardEffect,7,SHELL
CardEffect/P/Green/P_032.cs,CardEffect,7,SHELL
CardEffect/P/Green/P_038.cs,CardEffect,7,SHELL
CardEffect/P/Green/P_044.cs,CardEffect,7,SHELL
CardEffect/P/Green/P_055.cs,CardEffect,7,SHELL
CardEffect/P/Green/P_056.cs,CardEffect,7,SHELL
CardEffect/P/Green/P_057.cs,CardEffect,7,SHELL
CardEffect/P/Green/P_060.cs,CardEffect,7,SHELL
CardEffect/P/Green/P_063.cs,CardEffect,7,SHELL
CardEffect/P/Green/P_069.cs,CardEffect,7,SHELL
CardEffect/P/Green/P_075.cs,CardEffect,7,SHELL
CardEffect/P/Green/P_082.cs,CardEffect,7,SHELL
CardEffect/P/Green/P_083.cs,CardEffect,7,SHELL
CardEffect/P/Green/P_090.cs,CardEffect,7,SHELL
CardEffect/P/Green/P_093.cs,CardEffect,7,SHELL
CardEffect/P/Green/P_100.cs,CardEffect,7,SHELL
CardEffect/P/Green/P_106.cs,CardEffect,7,SHELL
CardEffect/P/Green/P_112.cs,CardEffect,7,SHELL
CardEffect/P/Green/P_113.cs,CardEffect,7,SHELL
CardEffect/P/Green/P_118.cs,CardEffect,7,SHELL
CardEffect/P/Green/P_125.cs,CardEffect,7,SHELL
CardEffect/P/Green/P_131.cs,CardEffect,7,SHELL
CardEffect/P/Green/P_132.cs,CardEffect,7,SHELL
CardEffect/P/Green/P_133.cs,CardEffect,7,SHELL
CardEffect/P/Green/P_140.cs,CardEffect,7,SHELL
CardEffect/P/Green/P_143.cs,CardEffect,7,SHELL
CardEffect/P/Green/P_150.cs,CardEffect,7,SHELL
CardEffect/P/Green/P_163.cs,CardEffect,7,SHELL
CardEffect/P/Green/P_166.cs,CardEffect,7,SHELL
CardEffect/P/Green/P_173.cs,CardEffect,7,SHELL
CardEffect/P/Green/P_181.cs,CardEffect,7,SHELL
CardEffect/P/Green/P_185.cs,CardEffect,7,SHELL
CardEffect/P/Green/P_200.cs,CardEffect,7,SHELL
CardEffect/P/Green/P_201.cs,CardEffect,7,SHELL
CardEffect/P/Green/P_202.cs,CardEffect,7,SHELL
CardEffect/P/Green/P_208.cs,CardEffect,7,SHELL
CardEffect/P/Green/P_222.cs,CardEffect,7,SHELL
CardEffect/P/Green/P_230.cs,CardEffect,7,SHELL
CardEffect/P/Green/P_236.cs,CardEffect,7,SHELL
CardEffect/P/Green/P_237.cs,CardEffect,7,SHELL
CardEffect/P/Purple/P_017.cs,CardEffect,7,SHELL
CardEffect/P/Purple/P_020.cs,CardEffect,7,SHELL
CardEffect/P/Purple/P_027.cs,CardEffect,7,SHELL
CardEffect/P/Purple/P_034.cs,CardEffect,7,SHELL
CardEffect/P/Purple/P_040.cs,CardEffect,7,SHELL
CardEffect/P/Purple/P_046.cs,CardEffect,7,SHELL
CardEffect/P/Purple/P_071.cs,CardEffect,7,SHELL
CardEffect/P/Purple/P_077.cs,CardEffect,7,SHELL
CardEffect/P/Purple/P_080.cs,CardEffect,7,SHELL
CardEffect/P/Purple/P_085.cs,CardEffect,7,SHELL
CardEffect/P/Purple/P_096.cs,CardEffect,7,SHELL
CardEffect/P/Purple/P_102.cs,CardEffect,7,SHELL
CardEffect/P/Purple/P_108.cs,CardEffect,7,SHELL
CardEffect/P/Purple/P_115.cs,CardEffect,7,SHELL
CardEffect/P/Purple/P_142.cs,CardEffect,7,SHELL
CardEffect/P/Purple/P_145.cs,CardEffect,7,SHELL
CardEffect/P/Purple/P_149.cs,CardEffect,7,SHELL
CardEffect/P/Purple/P_177.cs,CardEffect,7,SHELL
CardEffect/P/Purple/P_187.cs,CardEffect,7,SHELL
CardEffect/P/Purple/P_192.cs,CardEffect,7,SHELL
CardEffect/P/Purple/P_193.cs,CardEffect,7,SHELL
CardEffect/P/Purple/P_198.cs,CardEffect,160,IMPL
CardEffect/P/Purple/P_205.cs,CardEffect,7,SHELL
CardEffect/P/Purple/P_209.cs,CardEffect,7,SHELL
CardEffect/P/Purple/P_212.cs,CardEffect,7,SHELL
CardEffect/P/Purple/P_219.cs,CardEffect,7,SHELL
CardEffect/P/Purple/P_223.cs,CardEffect,501,IMPL
CardEffect/P/Purple/P_232.cs,CardEffect,7,SHELL
CardEffect/P/Purple/P_238.cs,CardEffect,7,SHELL
CardEffect/P/Red/P_001.cs,CardEffect,7,SHELL
CardEffect/P/Red/P_002.cs,CardEffect,7,SHELL
CardEffect/P/Red/P_009.cs,CardEffect,7,SHELL
CardEffect/P/Red/P_010.cs,CardEffect,7,SHELL
CardEffect/P/Red/P_024.cs,CardEffect,7,SHELL
CardEffect/P/Red/P_029.cs,CardEffect,7,SHELL
CardEffect/P/Red/P_035.cs,CardEffect,7,SHELL
CardEffect/P/Red/P_041.cs,CardEffect,7,SHELL
CardEffect/P/Red/P_049.cs,CardEffect,7,SHELL
CardEffect/P/Red/P_050.cs,CardEffect,7,SHELL
CardEffect/P/Red/P_058.cs,CardEffect,7,SHELL
CardEffect/P/Red/P_059.cs,CardEffect,7,SHELL
CardEffect/P/Red/P_062.cs,CardEffect,7,SHELL
CardEffect/P/Red/P_065.cs,CardEffect,7,SHELL
CardEffect/P/Red/P_066.cs,CardEffect,7,SHELL
CardEffect/P/Red/P_072.cs,CardEffect,7,SHELL
CardEffect/P/Red/P_079.cs,CardEffect,7,SHELL
CardEffect/P/Red/P_088.cs,CardEffect,7,SHELL
CardEffect/P/Red/P_091.cs,CardEffect,7,SHELL
CardEffect/P/Red/P_097.cs,CardEffect,7,SHELL
CardEffect/P/Red/P_103.cs,CardEffect,7,SHELL
CardEffect/P/Red/P_110.cs,CardEffect,7,SHELL
CardEffect/P/Red/P_119.cs,CardEffect,7,SHELL
CardEffect/P/Red/P_126.cs,CardEffect,7,SHELL
CardEffect/P/Red/P_137.cs,CardEffect,7,SHELL
CardEffect/P/Red/P_152.cs,CardEffect,7,SHELL
CardEffect/P/Red/P_155.cs,CardEffect,7,SHELL
CardEffect/P/Red/P_160.cs,CardEffect,7,SHELL
CardEffect/P/Red/P_170.cs,CardEffect,7,SHELL
CardEffect/P/Red/P_178.cs,CardEffect,7,SHELL
CardEffect/P/Red/P_180.cs,CardEffect,7,SHELL
CardEffect/P/Red/P_182.cs,CardEffect,7,SHELL
CardEffect/P/Red/P_186.cs,CardEffect,7,SHELL
CardEffect/P/Red/P_189.cs,CardEffect,7,SHELL
CardEffect/P/Red/P_199.cs,CardEffect,7,SHELL
CardEffect/P/Red/P_210.cs,CardEffect,7,SHELL
CardEffect/P/Red/P_213.cs,CardEffect,7,SHELL
CardEffect/P/Red/P_217.cs,CardEffect,7,SHELL
CardEffect/P/Red/P_220.cs,CardEffect,7,SHELL
CardEffect/P/Red/P_227.cs,CardEffect,7,SHELL
CardEffect/P/White/P_116.cs,CardEffect,7,SHELL
CardEffect/P/White/P_123.cs,CardEffect,7,SHELL
CardEffect/P/White/P_130.cs,CardEffect,7,SHELL
CardEffect/P/White/P_151.cs,CardEffect,7,SHELL
CardEffect/P/White/P_156.cs,CardEffect,7,SHELL
CardEffect/P/White/P_158.cs,CardEffect,7,SHELL
CardEffect/P/White/P_175.cs,CardEffect,7,SHELL
CardEffect/P/White/P_206.cs,CardEffect,7,SHELL
CardEffect/P/White/P_225.cs,CardEffect,7,SHELL
CardEffect/P/Yellow/P_005.cs,CardEffect,7,SHELL
CardEffect/P/Yellow/P_006.cs,CardEffect,7,SHELL
CardEffect/P/Yellow/P_023.cs,CardEffect,7,SHELL
CardEffect/P/Yellow/P_028.cs,CardEffect,7,SHELL
CardEffect/P/Yellow/P_031.cs,CardEffect,7,SHELL
CardEffect/P/Yellow/P_037.cs,CardEffect,7,SHELL
CardEffect/P/Yellow/P_043.cs,CardEffect,7,SHELL
CardEffect/P/Yellow/P_053.cs,CardEffect,7,SHELL
CardEffect/P/Yellow/P_054.cs,CardEffect,7,SHELL
CardEffect/P/Yellow/P_068.cs,CardEffect,7,SHELL
CardEffect/P/Yellow/P_074.cs,CardEffect,7,SHELL
CardEffect/P/Yellow/P_081.cs,CardEffect,7,SHELL
CardEffect/P/Yellow/P_084.cs,CardEffect,7,SHELL
CardEffect/P/Yellow/P_087.cs,CardEffect,7,SHELL
CardEffect/P/Yellow/P_095.cs,CardEffect,7,SHELL
CardEffect/P/Yellow/P_099.cs,CardEffect,7,SHELL
CardEffect/P/Yellow/P_105.cs,CardEffect,7,SHELL
CardEffect/P/Yellow/P_111.cs,CardEffect,7,SHELL
CardEffect/P/Yellow/P_120.cs,CardEffect,7,SHELL
CardEffect/P/Yellow/P_122.cs,CardEffect,7,SHELL
CardEffect/P/Yellow/P_127.cs,CardEffect,7,SHELL
CardEffect/P/Yellow/P_129.cs,CardEffect,7,SHELL
CardEffect/P/Yellow/P_134.cs,CardEffect,7,SHELL
CardEffect/P/Yellow/P_135.cs,CardEffect,7,SHELL
CardEffect/P/Yellow/P_136.cs,CardEffect,7,SHELL
CardEffect/P/Yellow/P_139.cs,CardEffect,7,SHELL
CardEffect/P/Yellow/P_146.cs,CardEffect,7,SHELL
CardEffect/P/Yellow/P_147.cs,CardEffect,7,SHELL
CardEffect/P/Yellow/P_153.cs,CardEffect,7,SHELL
CardEffect/P/Yellow/P_165.cs,CardEffect,137,IMPL
CardEffect/P/Yellow/P_165_token.cs,CardEffect,7,SHELL
CardEffect/P/Yellow/P_172.cs,CardEffect,7,SHELL
CardEffect/P/Yellow/P_191.cs,CardEffect,7,SHELL
CardEffect/P/Yellow/P_194.cs,CardEffect,7,SHELL
CardEffect/P/Yellow/P_195.cs,CardEffect,7,SHELL
CardEffect/P/Yellow/P_197.cs,CardEffect,7,SHELL
CardEffect/P/Yellow/P_207.cs,CardEffect,7,SHELL
CardEffect/P/Yellow/P_218.cs,CardEffect,7,SHELL
CardEffect/P/Yellow/P_221.cs,CardEffect,7,SHELL
CardEffect/P/Yellow/P_229.cs,CardEffect,7,SHELL
CardEffect/P/Yellow/P_235.cs,CardEffect,7,SHELL
CardEffect/RB1/Black/RB1_026.cs,CardEffect,7,SHELL
CardEffect/RB1/Black/RB1_027.cs,CardEffect,7,SHELL
CardEffect/RB1/Blue/RB1_002.cs,CardEffect,7,SHELL
CardEffect/RB1/Blue/RB1_011.cs,CardEffect,7,SHELL
CardEffect/RB1/Blue/RB1_012.cs,CardEffect,7,SHELL
CardEffect/RB1/Blue/RB1_013.cs,CardEffect,7,SHELL
CardEffect/RB1/Blue/RB1_014.cs,CardEffect,7,SHELL
CardEffect/RB1/Blue/RB1_015.cs,CardEffect,7,SHELL
CardEffect/RB1/Blue/RB1_016.cs,CardEffect,7,SHELL
CardEffect/RB1/Blue/RB1_033.cs,CardEffect,7,SHELL
CardEffect/RB1/Green/RB1_003.cs,CardEffect,7,SHELL
CardEffect/RB1/Green/RB1_020.cs,CardEffect,7,SHELL
CardEffect/RB1/Green/RB1_021.cs,CardEffect,7,SHELL
CardEffect/RB1/Green/RB1_022.cs,CardEffect,7,SHELL
CardEffect/RB1/Green/RB1_023.cs,CardEffect,7,SHELL
CardEffect/RB1/Green/RB1_024.cs,CardEffect,7,SHELL
CardEffect/RB1/Green/RB1_025.cs,CardEffect,7,SHELL
CardEffect/RB1/Green/RB1_034.cs,CardEffect,7,SHELL
CardEffect/RB1/Purple/RB1_028.cs,CardEffect,7,SHELL
CardEffect/RB1/Purple/RB1_029.cs,CardEffect,7,SHELL
CardEffect/RB1/Purple/RB1_030.cs,CardEffect,7,SHELL
CardEffect/RB1/Purple/RB1_031.cs,CardEffect,7,SHELL
CardEffect/RB1/Red/RB1_005.cs,CardEffect,7,SHELL
CardEffect/RB1/Red/RB1_008.cs,CardEffect,7,SHELL
CardEffect/RB1/Red/RB1_009.cs,CardEffect,7,SHELL
CardEffect/RB1/Red/RB1_010.cs,CardEffect,7,SHELL
CardEffect/RB1/Red/RB1_032.cs,CardEffect,7,SHELL
CardEffect/RB1/Red/RB1_036.cs,CardEffect,7,SHELL
CardEffect/RB1/White/RB1_035.cs,CardEffect,7,SHELL
CardEffect/RB1/Yellow/RB1_017.cs,CardEffect,7,SHELL
CardEffect/RB1/Yellow/RB1_018.cs,CardEffect,7,SHELL
CardEffect/RB1/Yellow/RB1_019.cs,CardEffect,7,SHELL
CardEffect/ST1/Red/ST1_01.cs,CardEffect,39,IMPL
CardEffect/ST1/Red/ST1_03.cs,CardEffect,39,IMPL
CardEffect/ST1/Red/ST1_06.cs,CardEffect,68,IMPL
CardEffect/ST1/Red/ST1_07.cs,CardEffect,25,IMPL
CardEffect/ST1/Red/ST1_08.cs,CardEffect,117,IMPL
CardEffect/ST1/Red/ST1_09.cs,CardEffect,85,IMPL
CardEffect/ST1/Red/ST1_11.cs,CardEffect,58,IMPL
CardEffect/ST1/Red/ST1_12.cs,CardEffect,63,IMPL
CardEffect/ST1/Red/ST1_13.cs,CardEffect,131,IMPL
CardEffect/ST1/Red/ST1_14.cs,CardEffect,85,IMPL
CardEffect/ST1/Red/ST1_15.cs,CardEffect,109,IMPL
CardEffect/ST1/Red/ST1_16.cs,CardEffect,87,IMPL
CardEffect/ST10/Purple/ST10_01.cs,CardEffect,7,SHELL
CardEffect/ST10/Purple/ST10_07.cs,CardEffect,7,SHELL
CardEffect/ST10/Purple/ST10_08.cs,CardEffect,7,SHELL
CardEffect/ST10/Purple/ST10_09.cs,CardEffect,7,SHELL
CardEffect/ST10/Purple/ST10_11.cs,CardEffect,7,SHELL
CardEffect/ST10/Purple/ST10_12.cs,CardEffect,7,SHELL
CardEffect/ST10/Purple/ST10_13.cs,CardEffect,7,SHELL
CardEffect/ST10/Purple/ST10_15.cs,CardEffect,7,SHELL
CardEffect/ST10/Yellow/ST10_04.cs,CardEffect,7,SHELL
CardEffect/ST10/Yellow/ST10_05.cs,CardEffect,7,SHELL
CardEffect/ST10/Yellow/ST10_06.cs,CardEffect,7,SHELL
CardEffect/ST10/Yellow/ST10_14.cs,CardEffect,7,SHELL
CardEffect/ST12/Black/ST12_11.cs,CardEffect,7,SHELL
CardEffect/ST12/Black/ST12_16.cs,CardEffect,7,SHELL
CardEffect/ST12/Red/ST12_01.cs,CardEffect,7,SHELL
CardEffect/ST12/Red/ST12_04.cs,CardEffect,7,SHELL
CardEffect/ST12/Red/ST12_06.cs,CardEffect,7,SHELL
CardEffect/ST12/Red/ST12_08.cs,CardEffect,7,SHELL
CardEffect/ST12/Red/ST12_09.cs,CardEffect,7,SHELL
CardEffect/ST12/Red/ST12_10.cs,CardEffect,7,SHELL
CardEffect/ST12/Red/ST12_14.cs,CardEffect,7,SHELL
CardEffect/ST12/Red/ST12_15.cs,CardEffect,7,SHELL
CardEffect/ST12/White/ST12_12.cs,CardEffect,7,SHELL
CardEffect/ST12/White/ST12_13.cs,CardEffect,7,SHELL
CardEffect/ST13/Black/ST13_01.cs,CardEffect,7,SHELL
CardEffect/ST13/Black/ST13_09.cs,CardEffect,7,SHELL
CardEffect/ST13/Black/ST13_11.cs,CardEffect,7,SHELL
CardEffect/ST13/Black/ST13_13.cs,CardEffect,7,SHELL
CardEffect/ST13/Black/ST13_14.cs,CardEffect,7,SHELL
CardEffect/ST13/Black/ST13_16.cs,CardEffect,7,SHELL
CardEffect/ST13/Red/ST13_02.cs,CardEffect,7,SHELL
CardEffect/ST13/Red/ST13_03.cs,CardEffect,7,SHELL
CardEffect/ST13/Red/ST13_04.cs,CardEffect,7,SHELL
CardEffect/ST13/Red/ST13_05.cs,CardEffect,7,SHELL
CardEffect/ST13/Red/ST13_06.cs,CardEffect,303,IMPL
CardEffect/ST13/Red/ST13_15.cs,CardEffect,7,SHELL
CardEffect/ST14/Purple/ST14_01.cs,CardEffect,7,SHELL
CardEffect/ST14/Purple/ST14_02.cs,CardEffect,7,SHELL
CardEffect/ST14/Purple/ST14_03.cs,CardEffect,7,SHELL
CardEffect/ST14/Purple/ST14_05.cs,CardEffect,7,SHELL
CardEffect/ST14/Purple/ST14_06.cs,CardEffect,7,SHELL
CardEffect/ST14/Purple/ST14_07.cs,CardEffect,7,SHELL
CardEffect/ST14/Purple/ST14_08.cs,CardEffect,7,SHELL
CardEffect/ST14/Purple/ST14_09.cs,CardEffect,7,SHELL
CardEffect/ST14/Purple/ST14_10.cs,CardEffect,7,SHELL
CardEffect/ST14/Purple/ST14_11.cs,CardEffect,7,SHELL
CardEffect/ST14/Purple/ST14_12.cs,CardEffect,7,SHELL
CardEffect/ST15/Black/ST15_01.cs,CardEffect,7,SHELL
CardEffect/ST15/Black/ST15_02.cs,CardEffect,77,IMPL
CardEffect/ST15/Black/ST15_04.cs,CardEffect,7,SHELL
CardEffect/ST15/Black/ST15_05.cs,CardEffect,7,SHELL
CardEffect/ST15/Black/ST15_08.cs,CardEffect,7,SHELL
CardEffect/ST15/Black/ST15_09.cs,CardEffect,7,SHELL
CardEffect/ST15/Black/ST15_10.cs,CardEffect,7,SHELL
CardEffect/ST15/Black/ST15_11.cs,CardEffect,7,SHELL
CardEffect/ST15/Black/ST15_12.cs,CardEffect,7,SHELL
CardEffect/ST15/Black/ST15_13.cs,CardEffect,7,SHELL
CardEffect/ST15/Black/ST15_14.cs,CardEffect,7,SHELL
CardEffect/ST15/Black/ST15_15.cs,CardEffect,7,SHELL
CardEffect/ST15/Black/ST15_16.cs,CardEffect,7,SHELL
CardEffect/ST16/Purple/ST16_01.cs,CardEffect,7,SHELL
CardEffect/ST16/Purple/ST16_02.cs,CardEffect,7,SHELL
CardEffect/ST16/Purple/ST16_03.cs,CardEffect,7,SHELL
CardEffect/ST16/Purple/ST16_05.cs,CardEffect,7,SHELL
CardEffect/ST16/Purple/ST16_07.cs,CardEffect,7,SHELL
CardEffect/ST16/Purple/ST16_08.cs,CardEffect,7,SHELL
CardEffect/ST16/Purple/ST16_09.cs,CardEffect,7,SHELL
CardEffect/ST16/Purple/ST16_10.cs,CardEffect,7,SHELL
CardEffect/ST16/Purple/ST16_11.cs,CardEffect,7,SHELL
CardEffect/ST16/Purple/ST16_12.cs,CardEffect,7,SHELL
CardEffect/ST16/Purple/ST16_13.cs,CardEffect,7,SHELL
CardEffect/ST16/Purple/ST16_14.cs,CardEffect,100,IMPL
CardEffect/ST16/Purple/ST16_15.cs,CardEffect,7,SHELL
CardEffect/ST16/Purple/ST16_16.cs,CardEffect,7,SHELL
CardEffect/ST17/Blue/ST17_13.cs,CardEffect,395,IMPL
CardEffect/ST17/Green/ST17_01.cs,CardEffect,7,SHELL
CardEffect/ST17/Green/ST17_02.cs,CardEffect,7,SHELL
CardEffect/ST17/Green/ST17_03.cs,CardEffect,7,SHELL
CardEffect/ST17/Green/ST17_04.cs,CardEffect,7,SHELL
CardEffect/ST17/Green/ST17_05.cs,CardEffect,7,SHELL
CardEffect/ST17/Green/ST17_06.cs,CardEffect,7,SHELL
CardEffect/ST17/Green/ST17_07.cs,CardEffect,7,SHELL
CardEffect/ST17/Green/ST17_08.cs,CardEffect,395,IMPL
CardEffect/ST17/Green/ST17_09.cs,CardEffect,7,SHELL
CardEffect/ST17/Green/ST17_10.cs,CardEffect,7,SHELL
CardEffect/ST17/Green/ST17_11.cs,CardEffect,7,SHELL
CardEffect/ST17/Green/ST17_12.cs,CardEffect,7,SHELL
CardEffect/ST18/Green/ST18_01.cs,CardEffect,7,SHELL
CardEffect/ST18/Green/ST18_02.cs,CardEffect,7,SHELL
CardEffect/ST18/Green/ST18_03.cs,CardEffect,7,SHELL
CardEffect/ST18/Green/ST18_04.cs,CardEffect,7,SHELL
CardEffect/ST18/Green/ST18_05.cs,CardEffect,7,SHELL
CardEffect/ST18/Green/ST18_06.cs,CardEffect,7,SHELL
CardEffect/ST18/Green/ST18_07.cs,CardEffect,7,SHELL
CardEffect/ST18/Green/ST18_08.cs,CardEffect,7,SHELL
CardEffect/ST18/Green/ST18_09.cs,CardEffect,7,SHELL
CardEffect/ST18/Green/ST18_10.cs,CardEffect,7,SHELL
CardEffect/ST18/Green/ST18_11.cs,CardEffect,7,SHELL
CardEffect/ST18/Green/ST18_12.cs,CardEffect,7,SHELL
CardEffect/ST18/Green/ST18_13.cs,CardEffect,7,SHELL
CardEffect/ST18/Green/ST18_14.cs,CardEffect,7,SHELL
CardEffect/ST18/Green/ST18_15.cs,CardEffect,7,SHELL
CardEffect/ST19/Black/ST19_05.cs,CardEffect,7,SHELL
CardEffect/ST19/Yellow/ST19_01.cs,CardEffect,7,SHELL
CardEffect/ST19/Yellow/ST19_02.cs,CardEffect,7,SHELL
CardEffect/ST19/Yellow/ST19_03.cs,CardEffect,7,SHELL
CardEffect/ST19/Yellow/ST19_04.cs,CardEffect,7,SHELL
CardEffect/ST19/Yellow/ST19_06.cs,CardEffect,7,SHELL
CardEffect/ST19/Yellow/ST19_07.cs,CardEffect,7,SHELL
CardEffect/ST19/Yellow/ST19_08.cs,CardEffect,7,SHELL
CardEffect/ST19/Yellow/ST19_09.cs,CardEffect,7,SHELL
CardEffect/ST19/Yellow/ST19_10.cs,CardEffect,7,SHELL
CardEffect/ST19/Yellow/ST19_11.cs,CardEffect,7,SHELL
CardEffect/ST19/Yellow/ST19_12.cs,CardEffect,7,SHELL
CardEffect/ST19/Yellow/ST19_13.cs,CardEffect,7,SHELL
CardEffect/ST19/Yellow/ST19_14.cs,CardEffect,7,SHELL
CardEffect/ST19/Yellow/ST19_15.cs,CardEffect,7,SHELL
CardEffect/ST2/Blue/ST2_01.cs,CardEffect,46,IMPL
CardEffect/ST2/Blue/ST2_03.cs,CardEffect,107,IMPL
CardEffect/ST2/Blue/ST2_06.cs,CardEffect,105,IMPL
CardEffect/ST2/Blue/ST2_08.cs,CardEffect,30,IMPL
CardEffect/ST2/Blue/ST2_09.cs,CardEffect,113,IMPL
CardEffect/ST2/Blue/ST2_11.cs,CardEffect,66,IMPL
CardEffect/ST2/Blue/ST2_12.cs,CardEffect,89,IMPL
CardEffect/ST2/Blue/ST2_13.cs,CardEffect,77,IMPL
CardEffect/ST2/Blue/ST2_14.cs,CardEffect,181,IMPL
CardEffect/ST2/Blue/ST2_15.cs,CardEffect,173,IMPL
CardEffect/ST2/Blue/ST2_16.cs,CardEffect,96,IMPL
CardEffect/ST20/Black/ST20_01.cs,CardEffect,7,SHELL
CardEffect/ST20/Black/ST20_10.cs,CardEffect,7,SHELL
CardEffect/ST20/Black/ST20_11.cs,CardEffect,7,SHELL
CardEffect/ST20/Black/ST20_13.cs,CardEffect,7,SHELL
CardEffect/ST20/Black/ST20_14.cs,CardEffect,7,SHELL
CardEffect/ST20/Green/ST20_07.cs,CardEffect,7,SHELL
CardEffect/ST20/Green/ST20_08.cs,CardEffect,7,SHELL
CardEffect/ST20/Green/ST20_09.cs,CardEffect,7,SHELL
CardEffect/ST20/Red/ST20_02.cs,CardEffect,7,SHELL
CardEffect/ST20/Red/ST20_03.cs,CardEffect,7,SHELL
CardEffect/ST20/Red/ST20_04.cs,CardEffect,7,SHELL
CardEffect/ST20/Red/ST20_12.cs,CardEffect,7,SHELL
CardEffect/ST20/White/ST20_15.cs,CardEffect,177,IMPL
CardEffect/ST20/Yellow/ST20_05.cs,CardEffect,7,SHELL
CardEffect/ST20/Yellow/ST20_06.cs,CardEffect,7,SHELL
CardEffect/ST21/Blue/ST21_02.cs,CardEffect,7,SHELL
CardEffect/ST21/Blue/ST21_03.cs,CardEffect,7,SHELL
CardEffect/ST21/Blue/ST21_04.cs,CardEffect,7,SHELL
CardEffect/ST21/Blue/ST21_12.cs,CardEffect,7,SHELL
CardEffect/ST21/Green/ST21_07.cs,CardEffect,7,SHELL
CardEffect/ST21/Green/ST21_08.cs,CardEffect,7,SHELL
CardEffect/ST21/Green/ST21_09.cs,CardEffect,7,SHELL
CardEffect/ST21/Purple/ST21_01.cs,CardEffect,7,SHELL
CardEffect/ST21/Purple/ST21_10.cs,CardEffect,7,SHELL
CardEffect/ST21/Purple/ST21_11.cs,CardEffect,7,SHELL
CardEffect/ST21/Purple/ST21_13.cs,CardEffect,7,SHELL
CardEffect/ST21/Purple/ST21_14.cs,CardEffect,7,SHELL
CardEffect/ST21/White/ST21_15.cs,CardEffect,7,SHELL
CardEffect/ST21/Yellow/ST21_05.cs,CardEffect,7,SHELL
CardEffect/ST21/Yellow/ST21_06.cs,CardEffect,7,SHELL
CardEffect/ST22/Black/ST22_11.cs,CardEffect,7,SHELL
CardEffect/ST22/Blue/ST22_09.cs,CardEffect,7,SHELL
CardEffect/ST22/Green/ST22_13.cs,CardEffect,7,SHELL
CardEffect/ST22/Purple/ST22_14.cs,CardEffect,7,SHELL
CardEffect/ST22/Red/ST22_08.cs,CardEffect,346,IMPL
CardEffect/ST22/Red/ST22_12.cs,CardEffect,322,IMPL
CardEffect/ST22/Yellow/ST22_01.cs,CardEffect,7,SHELL
CardEffect/ST22/Yellow/ST22_02.cs,CardEffect,7,SHELL
CardEffect/ST22/Yellow/ST22_03.cs,CardEffect,7,SHELL
CardEffect/ST22/Yellow/ST22_04.cs,CardEffect,7,SHELL
CardEffect/ST22/Yellow/ST22_05.cs,CardEffect,7,SHELL
CardEffect/ST22/Yellow/ST22_06.cs,CardEffect,7,SHELL
CardEffect/ST22/Yellow/ST22_07.cs,CardEffect,7,SHELL
CardEffect/ST22/Yellow/ST22_10.cs,CardEffect,7,SHELL
CardEffect/ST23/Black/ST23_10.cs,CardEffect,7,SHELL
CardEffect/ST23/Black/ST23_11.cs,CardEffect,7,SHELL
CardEffect/ST23/Black/ST23_14.cs,CardEffect,7,SHELL
CardEffect/ST23/Green/ST23_01.cs,CardEffect,7,SHELL
CardEffect/ST23/Green/ST23_06.cs,CardEffect,7,SHELL
CardEffect/ST23/Green/ST23_07.cs,CardEffect,7,SHELL
CardEffect/ST23/Green/ST23_08.cs,CardEffect,7,SHELL
CardEffect/ST23/Green/ST23_09.cs,CardEffect,7,SHELL
CardEffect/ST23/Green/ST23_13.cs,CardEffect,7,SHELL
CardEffect/ST23/Purple/ST23_12.cs,CardEffect,7,SHELL
CardEffect/ST23/White/ST23_15.cs,CardEffect,7,SHELL
CardEffect/ST23/Yellow/ST23_02.cs,CardEffect,7,SHELL
CardEffect/ST23/Yellow/ST23_03.cs,CardEffect,7,SHELL
CardEffect/ST23/Yellow/ST23_04.cs,CardEffect,7,SHELL
CardEffect/ST23/Yellow/ST23_05.cs,CardEffect,7,SHELL
CardEffect/ST24/Blue/ST24_02.cs,CardEffect,7,SHELL
CardEffect/ST24/Blue/ST24_03.cs,CardEffect,7,SHELL
CardEffect/ST24/Green/ST24_08.cs,CardEffect,7,SHELL
CardEffect/ST24/Green/ST24_09.cs,CardEffect,7,SHELL
CardEffect/ST24/Green/ST24_10.cs,CardEffect,7,SHELL
CardEffect/ST24/Green/ST24_11.cs,CardEffect,7,SHELL
CardEffect/ST24/Green/ST24_14.cs,CardEffect,7,SHELL
CardEffect/ST24/Purple/ST24_12.cs,CardEffect,7,SHELL
CardEffect/ST24/White/ST24_15.cs,CardEffect,7,SHELL
CardEffect/ST24/Yellow/ST24_01.cs,CardEffect,7,SHELL
CardEffect/ST24/Yellow/ST24_04.cs,CardEffect,7,SHELL
CardEffect/ST24/Yellow/ST24_05.cs,CardEffect,7,SHELL
CardEffect/ST24/Yellow/ST24_06.cs,CardEffect,7,SHELL
CardEffect/ST24/Yellow/ST24_07.cs,CardEffect,7,SHELL
CardEffect/ST24/Yellow/ST24_13.cs,CardEffect,7,SHELL
CardEffect/ST3/Yellow/ST3_01.cs,CardEffect,85,IMPL
CardEffect/ST3/Yellow/ST3_04.cs,CardEffect,80,IMPL
CardEffect/ST3/Yellow/ST3_05.cs,CardEffect,67,IMPL
CardEffect/ST3/Yellow/ST3_08.cs,CardEffect,108,IMPL
CardEffect/ST3/Yellow/ST3_09.cs,CardEffect,90,IMPL
CardEffect/ST3/Yellow/ST3_11.cs,CardEffect,97,IMPL
CardEffect/ST3/Yellow/ST3_12.cs,CardEffect,44,IMPL
CardEffect/ST3/Yellow/ST3_13.cs,CardEffect,138,IMPL
CardEffect/ST3/Yellow/ST3_14.cs,CardEffect,107,IMPL
CardEffect/ST3/Yellow/ST3_15.cs,CardEffect,124,IMPL
CardEffect/ST3/Yellow/ST3_16.cs,CardEffect,89,IMPL
CardEffect/ST4/Green/ST4_01.cs,CardEffect,49,IMPL
CardEffect/ST4/Green/ST4_03.cs,CardEffect,92,IMPL
CardEffect/ST4/Green/ST4_04.cs,CardEffect,78,IMPL
CardEffect/ST4/Green/ST4_10.cs,CardEffect,101,IMPL
CardEffect/ST4/Green/ST4_11.cs,CardEffect,85,IMPL
CardEffect/ST4/Green/ST4_12.cs,CardEffect,131,IMPL
CardEffect/ST4/Green/ST4_13.cs,CardEffect,101,IMPL
CardEffect/ST4/Green/ST4_14.cs,CardEffect,95,IMPL
CardEffect/ST4/Green/ST4_15.cs,CardEffect,103,IMPL
CardEffect/ST4/Green/ST4_16.cs,CardEffect,99,IMPL
CardEffect/ST5/Black/ST5_01.cs,CardEffect,7,SHELL
CardEffect/ST5/Black/ST5_04.cs,CardEffect,39,IMPL
CardEffect/ST5/Black/ST5_09.cs,CardEffect,99,IMPL
CardEffect/ST5/Black/ST5_11.cs,CardEffect,20,IMPL
CardEffect/ST5/Black/ST5_12.cs,CardEffect,7,SHELL
CardEffect/ST5/Black/ST5_13.cs,CardEffect,7,SHELL
CardEffect/ST5/Black/ST5_14.cs,CardEffect,7,SHELL
CardEffect/ST5/Black/ST5_15.cs,CardEffect,7,SHELL
CardEffect/ST5/Black/ST5_16.cs,CardEffect,7,SHELL
CardEffect/ST6/Purple/ST6_01.cs,CardEffect,7,SHELL
CardEffect/ST6/Purple/ST6_03.cs,CardEffect,7,SHELL
CardEffect/ST6/Purple/ST6_04.cs,CardEffect,7,SHELL
CardEffect/ST6/Purple/ST6_10.cs,CardEffect,7,SHELL
CardEffect/ST6/Purple/ST6_11.cs,CardEffect,7,SHELL
CardEffect/ST6/Purple/ST6_12.cs,CardEffect,25,IMPL
CardEffect/ST6/Purple/ST6_13.cs,CardEffect,7,SHELL
CardEffect/ST6/Purple/ST6_14.cs,CardEffect,7,SHELL
CardEffect/ST6/Purple/ST6_15.cs,CardEffect,7,SHELL
CardEffect/ST6/Purple/ST6_16.cs,CardEffect,7,SHELL
CardEffect/ST7/Red/ST7_01.cs,CardEffect,7,SHELL
CardEffect/ST7/Red/ST7_02.cs,CardEffect,7,SHELL
CardEffect/ST7/Red/ST7_03.cs,CardEffect,7,SHELL
CardEffect/ST7/Red/ST7_04.cs,CardEffect,7,SHELL
CardEffect/ST7/Red/ST7_05.cs,CardEffect,7,SHELL
CardEffect/ST7/Red/ST7_06.cs,CardEffect,7,SHELL
CardEffect/ST7/Red/ST7_07.cs,CardEffect,7,SHELL
CardEffect/ST7/Red/ST7_08.cs,CardEffect,7,SHELL
CardEffect/ST7/Red/ST7_09.cs,CardEffect,7,SHELL
CardEffect/ST7/Red/ST7_10.cs,CardEffect,34,IMPL
CardEffect/ST7/Red/ST7_11.cs,CardEffect,7,SHELL
CardEffect/ST7/Red/ST7_12.cs,CardEffect,7,SHELL
CardEffect/ST8/Blue/ST8_01.cs,CardEffect,7,SHELL
CardEffect/ST8/Blue/ST8_02.cs,CardEffect,7,SHELL
CardEffect/ST8/Blue/ST8_03.cs,CardEffect,7,SHELL
CardEffect/ST8/Blue/ST8_04.cs,CardEffect,7,SHELL
CardEffect/ST8/Blue/ST8_05.cs,CardEffect,7,SHELL
CardEffect/ST8/Blue/ST8_06.cs,CardEffect,7,SHELL
CardEffect/ST8/Blue/ST8_08.cs,CardEffect,7,SHELL
CardEffect/ST8/Blue/ST8_09.cs,CardEffect,7,SHELL
CardEffect/ST8/Blue/ST8_10.cs,CardEffect,7,SHELL
CardEffect/ST8/Blue/ST8_11.cs,CardEffect,7,SHELL
CardEffect/ST8/Blue/ST8_12.cs,CardEffect,7,SHELL
CardEffect/ST9/Blue/ST9_02.cs,CardEffect,7,SHELL
CardEffect/ST9/Blue/ST9_04.cs,CardEffect,7,SHELL
CardEffect/ST9/Blue/ST9_05.cs,CardEffect,7,SHELL
CardEffect/ST9/Blue/ST9_06.cs,CardEffect,7,SHELL
CardEffect/ST9/Blue/ST9_14.cs,CardEffect,7,SHELL
CardEffect/ST9/Green/ST9_01.cs,CardEffect,7,SHELL
CardEffect/ST9/Green/ST9_07.cs,CardEffect,7,SHELL
CardEffect/ST9/Green/ST9_09.cs,CardEffect,7,SHELL
CardEffect/ST9/Green/ST9_10.cs,CardEffect,7,SHELL
CardEffect/ST9/Green/ST9_11.cs,CardEffect,7,SHELL
CardEffect/ST9/Green/ST9_13.cs,CardEffect,7,SHELL
CardEffect/ST9/Green/ST9_15.cs,CardEffect,7,SHELL
CardEffect/TestFixtures/TfxAllianceOnly.cs,CardEffect,22,IMPL
CardEffect/TestFixtures/TfxArmorPurge.cs,CardEffect,26,IMPL
CardEffect/TestFixtures/TfxArmorPurgeWouldBeDeleted.cs,CardEffect,69,IMPL
CardEffect/TestFixtures/TfxAscension.cs,CardEffect,25,IMPL
CardEffect/TestFixtures/TfxBeforePayCost.cs,CardEffect,233,IMPL
CardEffect/TestFixtures/TfxBeforePayCostReduction.cs,CardEffect,77,IMPL
CardEffect/TestFixtures/TfxBurstDigivolve.cs,CardEffect,22,IMPL
CardEffect/TestFixtures/TfxCanNotBeAffected.cs,CardEffect,28,IMPL
CardEffect/TestFixtures/TfxCanNotBeAffectedToggle.cs,CardEffect,31,IMPL
CardEffect/TestFixtures/TfxCanNotMove.cs,CardEffect,25,IMPL
CardEffect/TestFixtures/TfxCanNotSelectBySkill.cs,CardEffect,26,IMPL
CardEffect/TestFixtures/TfxCannotAddMemory.cs,CardEffect,30,IMPL
CardEffect/TestFixtures/TfxCannotAddSecurity.cs,CardEffect,30,IMPL
CardEffect/TestFixtures/TfxCannotIgnoreDigivolution.cs,CardEffect,21,IMPL
CardEffect/TestFixtures/TfxCannotReduceCost.cs,CardEffect,40,IMPL
CardEffect/TestFixtures/TfxCappedMemoryThenSelectTrash.cs,CardEffect,98,IMPL
CardEffect/TestFixtures/TfxChangeEndTurnMinMemory.cs,CardEffect,23,IMPL
CardEffect/TestFixtures/TfxDeadTimingDraw.cs,CardEffect,41,IMPL
CardEffect/TestFixtures/TfxDecoy.cs,CardEffect,52,IMPL
CardEffect/TestFixtures/TfxDestroy.cs,CardEffect,74,IMPL
CardEffect/TestFixtures/TfxDigiBurst.cs,CardEffect,39,IMPL
CardEffect/TestFixtures/TfxDigiBurstKeyword.cs,CardEffect,50,IMPL
CardEffect/TestFixtures/TfxDigiTrashDraw.cs,CardEffect,50,IMPL
CardEffect/TestFixtures/TfxDigiXros.cs,CardEffect,25,IMPL
CardEffect/TestFixtures/TfxDigivolveCostGate.cs,CardEffect,59,IMPL
CardEffect/TestFixtures/TfxDiscardCounter.cs,CardEffect,74,IMPL
CardEffect/TestFixtures/TfxDnaFromHand.cs,CardEffect,72,IMPL
CardEffect/TestFixtures/TfxDoubleKeyWhenDigivolving.cs,CardEffect,51,IMPL
CardEffect/TestFixtures/TfxDraw.cs,CardEffect,36,IMPL
CardEffect/TestFixtures/TfxEndTurnDraw.cs,CardEffect,34,IMPL
CardEffect/TestFixtures/TfxEndTurnLose3Memory.cs,CardEffect,23,IMPL
CardEffect/TestFixtures/TfxExecute.cs,CardEffect,27,IMPL
CardEffect/TestFixtures/TfxFortitude.cs,CardEffect,24,IMPL
CardEffect/TestFixtures/TfxHatch.cs,CardEffect,58,IMPL
CardEffect/TestFixtures/TfxIgnoreBattle.cs,CardEffect,21,IMPL
CardEffect/TestFixtures/TfxImmuneDeDigivolve.cs,CardEffect,24,IMPL
CardEffect/TestFixtures/TfxImmuneStackTrashing.cs,CardEffect,29,IMPL
CardEffect/TestFixtures/TfxKeywords.cs,CardEffect,35,IMPL
CardEffect/TestFixtures/TfxMainDeclareDraw.cs,CardEffect,44,IMPL
CardEffect/TestFixtures/TfxMainDigiBurstDraw.cs,CardEffect,42,IMPL
CardEffect/TestFixtures/TfxMainDisc.cs,CardEffect,43,IMPL
CardEffect/TestFixtures/TfxMainOptionalDraw.cs,CardEffect,43,IMPL
CardEffect/TestFixtures/TfxMainTraining.cs,CardEffect,26,IMPL
CardEffect/TestFixtures/TfxMaterialSave.cs,CardEffect,80,IMPL
CardEffect/TestFixtures/TfxMaxTrashXros.cs,CardEffect,21,IMPL
CardEffect/TestFixtures/TfxMaxUnderTamerXros.cs,CardEffect,21,IMPL
CardEffect/TestFixtures/TfxMultiSelect.cs,CardEffect,84,IMPL
CardEffect/TestFixtures/TfxOnAddCounter.cs,CardEffect,64,IMPL
CardEffect/TestFixtures/TfxOnAddCounterOpp.cs,CardEffect,62,IMPL
CardEffect/TestFixtures/TfxOnAllyAttackCounter.cs,CardEffect,49,IMPL
CardEffect/TestFixtures/TfxOnAttackTargetChangedCounter.cs,CardEffect,49,IMPL
CardEffect/TestFixtures/TfxOnDeleteGainMemory.cs,CardEffect,47,IMPL
CardEffect/TestFixtures/TfxOnEndAttackCounter.cs,CardEffect,53,IMPL
CardEffect/TestFixtures/TfxOnEndAttackCounterNoGate.cs,CardEffect,51,IMPL
CardEffect/TestFixtures/TfxOnKnockOutDeleteOpponent.cs,CardEffect,53,IMPL
CardEffect/TestFixtures/TfxOnLeaveFieldCounter.cs,CardEffect,48,IMPL
CardEffect/TestFixtures/TfxOnLoseSecurityCounter.cs,CardEffect,52,IMPL
CardEffect/TestFixtures/TfxOnMoveSelfDraw.cs,CardEffect,54,IMPL
CardEffect/TestFixtures/TfxOnPlayGainMemory.cs,CardEffect,42,IMPL
CardEffect/TestFixtures/TfxOnReturnToHandCounter.cs,CardEffect,44,IMPL
CardEffect/TestFixtures/TfxOnSecurityCheckDraw.cs,CardEffect,59,IMPL
CardEffect/TestFixtures/TfxOnSecurityCheckSelect.cs,CardEffect,74,IMPL
CardEffect/TestFixtures/TfxOnUseOptionMemory.cs,CardEffect,42,IMPL
CardEffect/TestFixtures/TfxOncePerTurnInteractiveTrash.cs,CardEffect,71,IMPL
CardEffect/TestFixtures/TfxOncePerTurnOptionalTrash.cs,CardEffect,83,IMPL
CardEffect/TestFixtures/TfxOncePerTurnOptionalTrashNoRefund.cs,CardEffect,67,IMPL
CardEffect/TestFixtures/TfxOppSuspendMemory.cs,CardEffect,47,IMPL
CardEffect/TestFixtures/TfxOptionDraw.cs,CardEffect,33,IMPL
CardEffect/TestFixtures/TfxOptionForbidsSelf.cs,CardEffect,30,IMPL
CardEffect/TestFixtures/TfxOptionIgnoreColor.cs,CardEffect,34,IMPL
CardEffect/TestFixtures/TfxOptionalMemory.cs,CardEffect,49,IMPL
CardEffect/TestFixtures/TfxOverclock.cs,CardEffect,26,IMPL
CardEffect/TestFixtures/TfxPierceWouldBeDeletedInteractive.cs,CardEffect,73,IMPL
CardEffect/TestFixtures/TfxPlayCard.cs,CardEffect,72,IMPL
CardEffect/TestFixtures/TfxPlayOption.cs,CardEffect,69,IMPL
CardEffect/TestFixtures/TfxQueryMappingSmoke.cs,CardEffect,26,IMPL
CardEffect/TestFixtures/TfxRaidOnly.cs,CardEffect,22,IMPL
CardEffect/TestFixtures/TfxSave.cs,CardEffect,24,IMPL
CardEffect/TestFixtures/TfxSecurityDpBuff.cs,CardEffect,31,IMPL
CardEffect/TestFixtures/TfxSecuritySelect.cs,CardEffect,78,IMPL
CardEffect/TestFixtures/TfxSelectDigivolve.cs,CardEffect,121,IMPL
CardEffect/TestFixtures/TfxSelectFollowUp.cs,CardEffect,173,IMPL
CardEffect/TestFixtures/TfxSelectMode.cs,CardEffect,97,IMPL
CardEffect/TestFixtures/TfxUnsuspendDraw.cs,CardEffect,34,IMPL
CardEffect/TestFixtures/TfxVortex.cs,CardEffect,25,IMPL
CardEffect/TestFixtures/TfxWhenAttackDraw.cs,CardEffect,34,IMPL
CardEffect/TestFixtures/TfxWhenDeclareDraw.cs,CardEffect,33,IMPL
CardEffect/TestFixtures/TfxWhenDigivolveDelete.cs,CardEffect,124,IMPL
CardEffect/TestFixtures/TfxWhenLinkedCounter.cs,CardEffect,55,IMPL
CardEffect/TestFixtures/TfxWinBattleDraw.cs,CardEffect,46,IMPL
CardEffect/TestFixtures/TfxWouldBeDeleted.cs,CardEffect,68,IMPL
CardEffect/TestFixtures/TfxWouldBeDeletedB.cs,CardEffect,55,IMPL
CardEffect/TestFixtures/TfxWouldBeDeletedByBattle.cs,CardEffect,67,IMPL
CardEffect/TestFixtures/TfxWouldBeDeletedInteractive.cs,CardEffect,66,IMPL
CardEffect/TestFixtures/TfxZeroTrashXros.cs,CardEffect,13,IMPL
Script/AttackProcess.cs,Script,1025,n/a
Script/AutoProcessing.cs,Script,1618,n/a
Script/AutomaticOrder/StartTurnTamerMemory.cs,Script,7,n/a
Script/CEntity_Base.cs,Script,25,n/a
Script/CEntity_Effect.cs,Script,7,n/a
Script/CEntity_EffectController.cs,Script,690,n/a
Script/CardController.cs,Script,5172,n/a
Script/CardDistributionTab.cs,Script,7,n/a
Script/CardEffectCommons.cs,Script,4398,n/a
Script/CardEffectCommons/ActivatedEffectResolver.cs,Script,733,n/a
Script/CardEffectCommons/ActivatedHashtableBridge.cs,Script,381,n/a
Script/CardEffectCommons/CanUseEffectHelpers.cs,Script,473,n/a
Script/CardEffectCommons/CanUseEffects/CanSuspend.cs,Script,42,n/a
Script/CardEffectCommons/CanUseEffects/CanUnsuspend.cs,Script,16,n/a
Script/CardEffectCommons/CanUseEffects/IgnoreBattle.cs,Script,17,n/a
Script/CardEffectCommons/CanUseEffects/OnAddDigivolutionCards.cs,Script,49,n/a
Script/CardEffectCommons/CanUseEffects/OnAttack.cs,Script,49,n/a
Script/CardEffectCommons/CanUseEffects/OnAttackTargetSwitch.cs,Script,24,n/a
Script/CardEffectCommons/CanUseEffects/OnCardsAddedToHand.cs,Script,35,n/a
Script/CardEffectCommons/CanUseEffects/OnCardsReturnToHandFromTrash.cs,Script,40,n/a
Script/CardEffectCommons/CanUseEffects/OnCardsReturnToLibraryFromTrash.cs,Script,40,n/a
Script/CardEffectCommons/CanUseEffects/OnDeletion.cs,Script,433,n/a
Script/CardEffectCommons/CanUseEffects/OnEndAttack.cs,Script,17,n/a
Script/CardEffectCommons/CanUseEffects/OnFaceUpSecurityIncrease.cs,Script,33,n/a
Script/CardEffectCommons/CanUseEffects/OnMove.cs,Script,37,n/a
Script/CardEffectCommons/CanUseEffects/OnReturnLibraryBottomDigivolutionCards.cs,Script,41,n/a
Script/CardEffectCommons/CanUseEffects/OnSuspend.cs,Script,43,n/a
Script/CardEffectCommons/CanUseEffects/OnTrashBySelfDigiBurst.cs,Script,43,n/a
Script/CardEffectCommons/CanUseEffects/OnTrashDigivolutionCard.cs,Script,71,n/a
Script/CardEffectCommons/CanUseEffects/OnTrashHand.cs,Script,42,n/a
Script/CardEffectCommons/CanUseEffects/OnTrashLinkCard.cs,Script,71,n/a
Script/CardEffectCommons/CanUseEffects/OnTrashLinkedCard.cs,Script,71,n/a
Script/CardEffectCommons/CanUseEffects/OnUnsuspend.cs,Script,24,n/a
Script/CardEffectCommons/CanUseEffects/OptionEffect.cs,Script,40,n/a
Script/CardEffectCommons/CanUseEffects/PermanentEnterField/OnPlay.cs,Script,29,n/a
Script/CardEffectCommons/CanUseEffects/PermanentEnterField/PermanentEnterField.cs,Script,61,n/a
Script/CardEffectCommons/CanUseEffects/PermanentEnterField/WhenDigivolving.cs,Script,30,n/a
Script/CardEffectCommons/CanUseEffects/SecurityEffect.cs,Script,17,n/a
Script/CardEffectCommons/CanUseEffects/WhenAddHand.cs,Script,32,n/a
Script/CardEffectCommons/CanUseEffects/WhenDeleteOpponentDigimon.cs,Script,130,n/a
Script/CardEffectCommons/CanUseEffects/WhenDeleteOpponentDigimonByBattle.cs,Script,109,n/a
Script/CardEffectCommons/CanUseEffects/WhenDiscardLibrary.cs,Script,37,n/a
Script/CardEffectCommons/CanUseEffects/WhenDiscardSecurity.cs,Script,24,n/a
Script/CardEffectCommons/CanUseEffects/WhenLinked.cs,Script,81,n/a
Script/CardEffectCommons/CanUseEffects/WhenLoseSecurity.cs,Script,27,n/a
Script/CardEffectCommons/CanUseEffects/WhenPermanentWouldDigivolve.cs,Script,56,n/a
Script/CardEffectCommons/CanUseEffects/WhenPermanentWouldPlay.cs,Script,33,n/a
Script/CardEffectCommons/CanUseEffects/WhenRemoveField.cs,Script,54,n/a
Script/CardEffectCommons/CanUseEffects/WhenUseDigiBurst.cs,Script,39,n/a
Script/CardEffectCommons/CanUseEffects/WhenUseOption.cs,Script,49,n/a
Script/CardEffectCommons/CanUseEffects/WhenWinBattle.cs,Script,97,n/a
Script/CardEffectCommons/CanUseEffects/WhenWouldLink.cs,Script,44,n/a
Script/CardEffectCommons/CanUseEffects/WhendAddSecurity.cs,Script,17,n/a
Script/CardEffectCommons/CardEffectDispatch.cs,Script,84,n/a
Script/CardEffectCommons/CardEffectRegistrar.cs,Script,180,n/a
Script/CardEffectCommons/CardRequirementHelpers.cs,Script,573,n/a
Script/CardEffectCommons/Conditions.cs,Script,16,n/a
Script/CardEffectCommons/ContinuousAndRestrictionEffects.cs,Script,362,n/a
Script/CardEffectCommons/ContinuousEffectEvaluator.cs,Script,196,n/a
Script/CardEffectCommons/CustomMessage.cs,Script,95,n/a
Script/CardEffectCommons/DNADigivolveEffects.cs,Script,567,n/a
Script/CardEffectCommons/DigiXrosEffects.cs,Script,42,n/a
Script/CardEffectCommons/DigivolveAndTrashBridge.cs,Script,360,n/a
Script/CardEffectCommons/EffectChoiceHelpers.cs,Script,388,n/a
Script/CardEffectCommons/EffectTiming.cs,Script,190,n/a
Script/CardEffectCommons/GameContextDeterminarion.cs,Script,23,n/a
Script/CardEffectCommons/GetFromHashtable.cs,Script,868,n/a
Script/CardEffectCommons/GiveEffect/GiveEffectToPermanent/CanNoReturnToDeck.cs,Script,92,n/a
Script/CardEffectCommons/GiveEffect/GiveEffectToPermanent/CanNotAttack.cs,Script,105,n/a
Script/CardEffectCommons/GiveEffect/GiveEffectToPermanent/CanNotBeAttacked.cs,Script,102,n/a
Script/CardEffectCommons/GiveEffect/GiveEffectToPermanent/CanNotBeBlocked.cs,Script,100,n/a
Script/CardEffectCommons/GiveEffect/GiveEffectToPermanent/CanNotBeDeletedByBattle.cs,Script,94,n/a
Script/CardEffectCommons/GiveEffect/GiveEffectToPermanent/CanNotBeDeletedByEffect.cs,Script,100,n/a
Script/CardEffectCommons/GiveEffect/GiveEffectToPermanent/CanNotBlock.cs,Script,103,n/a
Script/CardEffectCommons/GiveEffect/GiveEffectToPermanent/CanNotReturnToHand.cs,Script,92,n/a
Script/CardEffectCommons/GiveEffect/GiveEffectToPermanent/CanNotSuspend.cs,Script,113,n/a
Script/CardEffectCommons/GiveEffect/GiveEffectToPermanent/CanNotUnsuspend.cs,Script,164,n/a
Script/CardEffectCommons/GiveEffect/GiveEffectToPermanent/ChangeDP.cs,Script,17,n/a
Script/CardEffectCommons/GiveEffect/GiveEffectToPermanent/ChangeLinkMax.cs,Script,109,n/a
Script/CardEffectCommons/GiveEffect/GiveEffectToPermanent/ChangeOriginDP.cs,Script,17,n/a
Script/CardEffectCommons/GiveEffect/GiveEffectToPermanent/ChangeSAttack.cs,Script,25,n/a
Script/CardEffectCommons/GiveEffect/GiveEffectToPermanent/DeleteSelf.cs,Script,32,n/a
Script/CardEffectCommons/GiveEffect/GiveEffectToPermanent/ImmuneFromDPMinus.cs,Script,91,n/a
Script/CardEffectCommons/GiveEffect/GiveEffectToPermanent/StartOfMainAttack.cs,Script,106,n/a
Script/CardEffectCommons/GiveEffect/GiveEffectToPermanent/TamerBecomesDigimonThatCanNotDigivolve.cs,Script,83,n/a
Script/CardEffectCommons/GiveEffect/GiveEffectToPermanentOrPlayer.cs,Script,135,n/a
Script/CardEffectCommons/GiveEffect/GiveEffectToPlayer/CanNoReturnToDeck.cs,Script,86,n/a
Script/CardEffectCommons/GiveEffect/GiveEffectToPlayer/CanNotAttack.cs,Script,97,n/a
Script/CardEffectCommons/GiveEffect/GiveEffectToPlayer/CanNotBeDeletedByBattle.cs,Script,90,n/a
Script/CardEffectCommons/GiveEffect/GiveEffectToPlayer/CanNotBlock.cs,Script,93,n/a
Script/CardEffectCommons/GiveEffect/GiveEffectToPlayer/CanNotReturnToHand.cs,Script,86,n/a
Script/CardEffectCommons/GiveEffect/GiveEffectToPlayer/CanNotSuspend.cs,Script,109,n/a
Script/CardEffectCommons/GiveEffect/GiveEffectToPlayer/CanNotUnsuspend.cs,Script,114,n/a
Script/CardEffectCommons/GiveEffect/GiveEffectToPlayer/ChangeCardDP.cs,Script,74,n/a
Script/CardEffectCommons/GiveEffect/GiveEffectToPlayer/ChangeDP.cs,Script,18,n/a
Script/CardEffectCommons/GiveEffect/GiveEffectToPlayer/ChangeDigivolutionCost.cs,Script,51,n/a
Script/CardEffectCommons/GiveEffect/GiveEffectToPlayer/ChangePlayCost.cs,Script,18,n/a
Script/CardEffectCommons/GiveEffect/GiveEffectToPlayer/ChangeSAttack.cs,Script,20,n/a
Script/CardEffectCommons/GiveEffect/GiveEffectToPlayer/IgnoreDigivolutionRequirement.cs,Script,49,n/a
Script/CardEffectCommons/GiveEffect/GiveEffectToPlayer/ImmuneFromDPMinus.cs,Script,86,n/a
Script/CardEffectCommons/HashtableSetting.cs,Script,444,n/a
Script/CardEffectCommons/IsDigivolvedByTheEffect.cs,Script,24,n/a
Script/CardEffectCommons/KeyWordEffects/Alliance.cs,Script,232,n/a
Script/CardEffectCommons/KeyWordEffects/ArmorPurge.cs,Script,83,n/a
Script/CardEffectCommons/KeyWordEffects/Ascension.cs,Script,60,n/a
Script/CardEffectCommons/KeyWordEffects/Barrier.cs,Script,90,n/a
Script/CardEffectCommons/KeyWordEffects/Blitz.cs,Script,181,n/a
Script/CardEffectCommons/KeyWordEffects/Blocker.cs,Script,115,n/a
Script/CardEffectCommons/KeyWordEffects/Collision.cs,Script,35,n/a
Script/CardEffectCommons/KeyWordEffects/Decode.cs,Script,150,n/a
Script/CardEffectCommons/KeyWordEffects/Decoy.cs,Script,73,n/a
Script/CardEffectCommons/KeyWordEffects/Evade.cs,Script,87,n/a
Script/CardEffectCommons/KeyWordEffects/Execute.cs,Script,175,n/a
Script/CardEffectCommons/KeyWordEffects/Fortitude.cs,Script,107,n/a
Script/CardEffectCommons/KeyWordEffects/Fragment.cs,Script,89,n/a
Script/CardEffectCommons/KeyWordEffects/Iceclad.cs,Script,89,n/a
Script/CardEffectCommons/KeyWordEffects/Jamming.cs,Script,87,n/a
Script/CardEffectCommons/KeyWordEffects/KeywordBaseBatch1.cs,Script,356,n/a
Script/CardEffectCommons/KeyWordEffects/KeywordBaseBatch2.cs,Script,422,n/a
Script/CardEffectCommons/KeyWordEffects/MaterialSave.cs,Script,95,n/a
Script/CardEffectCommons/KeyWordEffects/MindLink.cs,Script,131,n/a
Script/CardEffectCommons/KeyWordEffects/Overclock.cs,Script,170,n/a
Script/CardEffectCommons/KeyWordEffects/Partition.cs,Script,208,n/a
Script/CardEffectCommons/KeyWordEffects/Pierce.cs,Script,155,n/a
Script/CardEffectCommons/KeyWordEffects/Progress.cs,Script,113,n/a
Script/CardEffectCommons/KeyWordEffects/Raid.cs,Script,124,n/a
Script/CardEffectCommons/KeyWordEffects/Reboot.cs,Script,73,n/a
Script/CardEffectCommons/KeyWordEffects/Retaliation.cs,Script,216,n/a
Script/CardEffectCommons/KeyWordEffects/Rush.cs,Script,110,n/a
Script/CardEffectCommons/KeyWordEffects/Save.cs,Script,66,n/a
Script/CardEffectCommons/KeyWordEffects/Scapegoat.cs,Script,57,n/a
Script/CardEffectCommons/KeyWordEffects/Training.cs,Script,59,n/a
Script/CardEffectCommons/KeyWordEffects/Vortex.cs,Script,179,n/a
Script/CardEffectCommons/MinMaxRequirementHelpers.cs,Script,546,n/a
Script/CardEffectCommons/MinMax_DP_Cost_Level/Cost/IsMaxCost.cs,Script,60,n/a
Script/CardEffectCommons/MinMax_DP_Cost_Level/Cost/IsMinCost.cs,Script,40,n/a
Script/CardEffectCommons/MinMax_DP_Cost_Level/DP/IsMaxDP.cs,Script,38,n/a
Script/CardEffectCommons/MinMax_DP_Cost_Level/DP/IsMinDP.cs,Script,37,n/a
Script/CardEffectCommons/MinMax_DP_Cost_Level/DigivolutionCards/IsMinDigivolutionCards.cs,Script,37,n/a
Script/CardEffectCommons/MinMax_DP_Cost_Level/Level/IsMaxLevel.cs,Script,34,n/a
Script/CardEffectCommons/MinMax_DP_Cost_Level/Level/IsMinLevel.cs,Script,66,n/a
Script/CardEffectCommons/ModifierHelpers.cs,Script,835,n/a
Script/CardEffectCommons/NewModelContinuousScan.cs,Script,1861,n/a
Script/CardEffectCommons/OptionMainEffect.cs,Script,19,n/a
Script/CardEffectCommons/PermanentBookkeepingStore.cs,Script,144,n/a
Script/CardEffectCommons/PlayCardsBridge.cs,Script,454,n/a
Script/CardEffectCommons/ProcessAccordingToResultBridge.cs,Script,190,n/a
Script/CardEffectCommons/ReplacementHelpers.cs,Script,731,n/a
Script/CardEffectCommons/RestrictionHelpers.cs,Script,730,n/a
Script/CardEffectCommons/RevealLibrary.cs,Script,741,n/a
Script/CardEffectCommons/ShowReducedCost.cs,Script,21,n/a
Script/CardEffectCommons/SpecialConditionHelpers.cs,Script,47,n/a
Script/CardEffectCommons/TargetFilterHelpers.cs,Script,588,n/a
Script/CardEffectCommons/TimingPriorityHelpers.cs,Script,366,n/a
Script/CardEffectCommons/TrashDigivolutionCards.cs,Script,41,n/a
Script/CardEffectCommons/TrashLinkedCards.cs,Script,78,n/a
Script/CardEffectCommons/TriggerConditionHelpers.cs,Script,338,n/a
Script/CardEffectCommons/TriggeredEffects.cs,Script,49,n/a
Script/CardEffectCommons/TurnOwnershipHelpers.cs,Script,38,n/a
Script/CardEffectCommons/ZoneQueryHelpers.cs,Script,363,n/a
Script/CardEffectFactory.cs,Script,2418,n/a
Script/CardEffectFactory/AddAppfusionMethod.cs,Script,109,n/a
Script/CardEffectFactory/AddDigivolutionRequirement.cs,Script,129,n/a
Script/CardEffectFactory/AddLinkRequirement.cs,Script,102,n/a
Script/CardEffectFactory/CanNoReturnToDeck.cs,Script,68,n/a
Script/CardEffectFactory/CanNotAttack.cs,Script,108,n/a
Script/CardEffectFactory/CanNotBeAttacked.cs,Script,59,n/a
Script/CardEffectFactory/CanNotBeBlocked.cs,Script,59,n/a
Script/CardEffectFactory/CanNotBeDeleted.cs,Script,52,n/a
Script/CardEffectFactory/CanNotBeDeletedByBattle.cs,Script,57,n/a
Script/CardEffectFactory/CanNotBeDeletedByEffect.cs,Script,75,n/a
Script/CardEffectFactory/CanNotBeRemoved.cs,Script,52,n/a
Script/CardEffectFactory/CanNotBeTrashedByEffect.cs,Script,62,n/a
Script/CardEffectFactory/CanNotBlock.cs,Script,121,n/a
Script/CardEffectFactory/CanNotDigivolve.cs,Script,116,n/a
Script/CardEffectFactory/CanNotReturnToHand.cs,Script,62,n/a
Script/CardEffectFactory/CanNotSuspend.cs,Script,54,n/a
Script/CardEffectFactory/CanNotUnsuspend.cs,Script,53,n/a
Script/CardEffectFactory/ChangeCardDP.cs,Script,86,n/a
Script/CardEffectFactory/ChangeDP.cs,Script,163,n/a
Script/CardEffectFactory/ChangeDigivolutionCost.cs,Script,144,n/a
Script/CardEffectFactory/ChangeLinkMax.cs,Script,153,n/a
Script/CardEffectFactory/ChangeOriginDP.cs,Script,99,n/a
Script/CardEffectFactory/ChangePlayCost.cs,Script,187,n/a
Script/CardEffectFactory/ChangeSAttack.cs,Script,282,n/a
Script/CardEffectFactory/ImmuneFromDPMinus.cs,Script,62,n/a
Script/CardEffectFactory/KeyWordEffects/Alliance.cs,Script,140,n/a
Script/CardEffectFactory/KeyWordEffects/ArmorPurge.cs,Script,52,n/a
Script/CardEffectFactory/KeyWordEffects/ArtsDigivolve.cs,Script,84,n/a
Script/CardEffectFactory/KeyWordEffects/Ascension.cs,Script,48,n/a
Script/CardEffectFactory/KeyWordEffects/Barrier.cs,Script,97,n/a
Script/CardEffectFactory/KeyWordEffects/BlastDNADigivolution.cs,Script,305,n/a
Script/CardEffectFactory/KeyWordEffects/BlastDigivolution.cs,Script,157,n/a
Script/CardEffectFactory/KeyWordEffects/Blitz.cs,Script,129,n/a
Script/CardEffectFactory/KeyWordEffects/Blocker.cs,Script,84,n/a
Script/CardEffectFactory/KeyWordEffects/Collision.cs,Script,73,n/a
Script/CardEffectFactory/KeyWordEffects/Decode.cs,Script,99,n/a
Script/CardEffectFactory/KeyWordEffects/Decoy.cs,Script,105,n/a
Script/CardEffectFactory/KeyWordEffects/Evade.cs,Script,95,n/a
Script/CardEffectFactory/KeyWordEffects/Execute.cs,Script,77,n/a
Script/CardEffectFactory/KeyWordEffects/Fortitude.cs,Script,88,n/a
Script/CardEffectFactory/KeyWordEffects/Fragment.cs,Script,96,n/a
Script/CardEffectFactory/KeyWordEffects/Iceclad.cs,Script,75,n/a
Script/CardEffectFactory/KeyWordEffects/Jamming.cs,Script,91,n/a
Script/CardEffectFactory/KeyWordEffects/Link.cs,Script,173,n/a
Script/CardEffectFactory/KeyWordEffects/MaterialSave.cs,Script,80,n/a
Script/CardEffectFactory/KeyWordEffects/Overclock.cs,Script,78,n/a
Script/CardEffectFactory/KeyWordEffects/Partition.cs,Script,204,n/a
Script/CardEffectFactory/KeyWordEffects/Pierce.cs,Script,96,n/a
Script/CardEffectFactory/KeyWordEffects/Progress.cs,Script,92,n/a
Script/CardEffectFactory/KeyWordEffects/Raid.cs,Script,92,n/a
Script/CardEffectFactory/KeyWordEffects/Reboot.cs,Script,78,n/a
Script/CardEffectFactory/KeyWordEffects/Retaliation.cs,Script,84,n/a
Script/CardEffectFactory/KeyWordEffects/Rush.cs,Script,75,n/a
Script/CardEffectFactory/KeyWordEffects/Save.cs,Script,58,n/a
Script/CardEffectFactory/KeyWordEffects/Scapegoat.cs,Script,151,n/a
Script/CardEffectFactory/KeyWordEffects/Training.cs,Script,56,n/a
Script/CardEffectFactory/KeyWordEffects/Vortex.cs,Script,77,n/a
Script/CardEffectFactory/TreatAsDigimon.cs,Script,50,n/a
Script/CardEffectFactory/VortexCanAttackPlayers.cs,Script,102,n/a
Script/CardEffectInterfaces.cs,Script,700,n/a
Script/CardEffects/ActivateClass.cs,Script,53,n/a
Script/CardEffects/AddAppFusionConditionClass.cs,Script,33,n/a
Script/CardEffects/AddAssemblyConditionClass.cs,Script,33,n/a
Script/CardEffects/AddBurstDigivolutionConditionClass.cs,Script,33,n/a
Script/CardEffects/AddDetailClass.cs,Script,40,n/a
Script/CardEffects/AddDigiXrosConditionClass.cs,Script,33,n/a
Script/CardEffects/AddEvolutionConditionClass.cs,Script,34,n/a
Script/CardEffects/AddJogressConditionClass.cs,Script,49,n/a
Script/CardEffects/AddJogressLevelsClass.cs,Script,37,n/a
Script/CardEffects/AddLinkConditionClass.cs,Script,33,n/a
Script/CardEffects/AddMaxTrashCountDigiXrosClass.cs,Script,30,n/a
Script/CardEffects/AddMaxUnderTamerCountDigiXrosClass.cs,Script,30,n/a
Script/CardEffects/AddSkillClass.cs,Script,41,n/a
Script/CardEffects/BlockerClass.cs,Script,39,n/a
Script/CardEffects/CanAttackTargetDefendingPermanentClass.cs,Script,41,n/a
Script/CardEffects/CanNotAffectedClass.cs,Script,36,n/a
Script/CardEffects/CanNotAttackTargetDefendingPermanentClass.cs,Script,36,n/a
Script/CardEffects/CanNotBeDestroyedByBattleClass.cs,Script,56,n/a
Script/CardEffects/CanNotBeDestroyedBySkillClass.cs,Script,41,n/a
Script/CardEffects/CanNotBeDestroyedClass.cs,Script,37,n/a
Script/CardEffects/CanNotBeRemovedClass.cs,Script,37,n/a
Script/CardEffects/CanNotEvolveClass.cs,Script,39,n/a
Script/CardEffects/CanNotMoveClass.cs,Script,36,n/a
Script/CardEffects/CanNotPlayClass.cs,Script,34,n/a
Script/CardEffects/CanNotPutFieldClass.cs,Script,36,n/a
Script/CardEffects/CanNotSelectBySkillClass.cs,Script,36,n/a
Script/CardEffects/CanNotSuspendClass.cs,Script,37,n/a
Script/CardEffects/CanNotSwitchAttackTargetClass.cs,Script,37,n/a
Script/CardEffects/CanNotTrashFromDigivolutionCardsClass.cs,Script,40,n/a
Script/CardEffects/CanNotUnsuspendClass.cs,Script,37,n/a
Script/CardEffects/CanSelectAssemblyClass.cs,Script,42,n/a
Script/CardEffects/CanSelectDigiXrosClass.cs,Script,42,n/a
Script/CardEffects/CanSuspendByDigisorptionClass.cs,Script,61,n/a
Script/CardEffects/CannotAddMemoryClass.cs,Script,43,n/a
Script/CardEffects/CannotAddSecurityClass.cs,Script,43,n/a
Script/CardEffects/CannotBlockClass.cs,Script,37,n/a
Script/CardEffects/CannotIgnoreDigivolutionConditionClass.cs,Script,38,n/a
Script/CardEffects/CannotReduceCostClass.cs,Script,55,n/a
Script/CardEffects/CannotReturnToHandClass.cs,Script,46,n/a
Script/CardEffects/CannotReturnToLibraryClass.cs,Script,46,n/a
Script/CardEffects/ChangeBaseCardColorClass.cs,Script,31,n/a
Script/CardEffects/ChangeBaseCardNameClass.cs,Script,29,n/a
Script/CardEffects/ChangeBaseDPClass.cs,Script,72,n/a
Script/CardEffects/ChangeCardColorClass.cs,Script,31,n/a
Script/CardEffects/ChangeCardDPClass.cs,Script,69,n/a
Script/CardEffects/ChangeCardLevelClass .cs,Script,32,n/a
Script/CardEffects/ChangeCardLevelForAssemblyClass.cs,Script,29,n/a
Script/CardEffects/ChangeCardNamesClass.cs,Script,29,n/a
Script/CardEffects/ChangeCardNamesForDigiXrosClass.cs,Script,29,n/a
Script/CardEffects/ChangeCostClass.cs,Script,104,n/a
Script/CardEffects/ChangeDPClass.cs,Script,72,n/a
Script/CardEffects/ChangeDPDeleteEffectMaxDPClass.cs,Script,31,n/a
Script/CardEffects/ChangeEndTurnMinMemoryClass.cs,Script,28,n/a
Script/CardEffects/ChangeLinkCostClass.cs,Script,59,n/a
Script/CardEffects/ChangeLinkMaxClass.cs,Script,76,n/a
Script/CardEffects/ChangePermanentLevelClass.cs,Script,35,n/a
Script/CardEffects/ChangeSAttackClass.cs,Script,76,n/a
Script/CardEffects/ChangeTraitsClass.cs,Script,30,n/a
Script/CardEffects/CollisionClass.cs,Script,36,n/a
Script/CardEffects/DisableEffectClass.cs,Script,28,n/a
Script/CardEffects/DontBattleSecurityDigimonClass.cs,Script,35,n/a
Script/CardEffects/DontHaveDPClass.cs,Script,37,n/a
Script/CardEffects/IcecladClass.cs,Script,39,n/a
Script/CardEffects/IgnoreColorConditionClass.cs,Script,34,n/a
Script/CardEffects/ImmuneFromDPMinusClass.cs,Script,46,n/a
Script/CardEffects/ImmuneFromDeDigivolveClass.cs,Script,38,n/a
Script/CardEffects/ImmuneFromStackTrashingClass.cs,Script,50,n/a
Script/CardEffects/InvertSAttackClass.cs,Script,50,n/a
Script/CardEffects/RebootClass.cs,Script,39,n/a
Script/CardEffects/RushClass.cs,Script,39,n/a
Script/CardEffects/ScapegoatClass.cs,Script,39,n/a
Script/CardEffects/TreatAsDigimonClass.cs,Script,34,n/a
Script/CardEffects/VortexCanAttackPlayersClass.cs,Script,24,n/a
Script/CardInfo.cs,Script,7,n/a
Script/CardObjectController.cs,Script,449,n/a
Script/CardPrefab_CreateDeck.cs,Script,7,n/a
Script/CardSource.cs,Script,2839,n/a
Script/CheckCardPanel.cs,Script,7,n/a
Script/CheckEffectDisabledClass.cs,Script,228,n/a
Script/Combinations.cs,Script,7,n/a
Script/ContinuousController.cs,Script,7,n/a
Script/ConvertBinaryNumber.cs,Script,7,n/a
Script/CreateNewDeckButton.cs,Script,7,n/a
Script/CutInProcess.cs,Script,32,n/a
Script/DataBase.cs,Script,195,n/a
Script/DataTools/FilterCardList.cs,Script,7,n/a
Script/DataTools/GameplayOption.cs,Script,7,n/a
Script/DeckBuildingRule.cs,Script,7,n/a
Script/DeckCodeUtility.cs,Script,7,n/a
Script/DeckData.cs,Script,7,n/a
Script/DeckInfoPanel.cs,Script,7,n/a
Script/DeckListPanel.cs,Script,7,n/a
Script/DetailCard_DeckEditor.cs,Script,7,n/a
Script/DigiXrosEffectObject.cs,Script,7,n/a
Script/EditDeck.cs,Script,7,n/a
Script/Effect Examples/Link_Examples.cs,Script,7,n/a
Script/Effects.cs,Script,7,n/a
Script/FieldPermanentCard.cs,Script,7,n/a
Script/GManager.cs,Script,208,n/a
Script/GSSReader.cs,Script,7,n/a
Script/GameContext.cs,Script,153,n/a
Script/GameRandom.cs,Script,7,n/a
Script/HandCard.cs,Script,7,n/a
Script/ICardEffect.cs,Script,1252,n/a
Script/IEnumerableExtension.cs,Script,106,n/a
Script/JogressEffectObject.cs,Script,7,n/a
Script/JsonSerializedClass.cs,Script,7,n/a
Script/LoadCSV_CardEntity.cs,Script,7,n/a
Script/LoadJSON_CardEntity.cs,Script,7,n/a
Script/MainPhaseAction/ActivateCardAction.cs,Script,21,n/a
Script/MainPhaseAction/ActivatePermanentAction.cs,Script,21,n/a
Script/MainPhaseAction/AttackPermanentAction.cs,Script,22,n/a
Script/MainPhaseAction/CheatAction.cs,Script,7,n/a
Script/MainPhaseAction/MainPhaseAction.cs,Script,14,n/a
Script/MainPhaseAction/PassAction.cs,Script,17,n/a
Script/MainPhaseAction/PlayCardAction.cs,Script,27,n/a
Script/MultipleSkills.cs,Script,543,n/a
Script/Networking/GamePacketFactory.cs,Script,7,n/a
Script/Networking/GamePacketRegistration.cs,Script,7,n/a
Script/Networking/IGamePacket.cs,Script,7,n/a
Script/NextPhaseButton.cs,Script,7,n/a
Script/OfficialCardListUtility.cs,Script,7,n/a
Script/OnEnterFieldHashtableParams.cs,Script,69,n/a
Script/OptionResolutionClass.cs,Script,55,n/a
Script/OptionalSkill.cs,Script,91,n/a
Script/Permanent.cs,Script,4640,n/a
Script/PermanentDetail.cs,Script,7,n/a
Script/PermanentEffectFactory.cs,Script,224,n/a
Script/Player.cs,Script,1006,n/a
Script/PlayerSelection/CardSelection.cs,Script,7,n/a
Script/PlayerSelection/IPlayerSelection.cs,Script,7,n/a
Script/PlayerSelection/PermanentSelection.cs,Script,7,n/a
Script/PlayerSelection/ValueSelection.cs,Script,7,n/a
Script/SelectAppFusionEffect.cs,Script,281,n/a
Script/SelectAssemblyClass.cs,Script,541,n/a
Script/SelectAttackEffect.cs,Script,414,n/a
Script/SelectBurstDigivolutionEffect.cs,Script,443,n/a
Script/SelectCardEffect.cs,Script,936,n/a
Script/SelectCardPanel.cs,Script,11,n/a
Script/SelectCountEffect.cs,Script,237,n/a
Script/SelectDNACondition.cs,Script,106,n/a
Script/SelectDeck.cs,Script,10,n/a
Script/SelectDigiXrosClass.cs,Script,1070,n/a
Script/SelectHandEffect.cs,Script,550,n/a
Script/SelectJogressEffect.cs,Script,15,n/a
Script/SelectPermanentEffect.cs,Script,820,n/a
Script/ShowPhaseNotificationObject.cs,Script,7,n/a
Script/ShowPhaseObject.cs,Script,7,n/a
Script/ShuffleDeckCode.cs,Script,7,n/a
Script/SkillInfo.cs,Script,35,n/a
Script/SpellRestoration.cs,Script,7,n/a
Script/StarterDeck.cs,Script,7,n/a
Script/StreamingAssetsUtility.cs,Script,7,n/a
Script/TurnStateMachine.cs,Script,825,n/a
Script/UserSelectionManager.cs,Script,201,n/a
Script/Utils.cs,Script,12,n/a
Headless/Bridge/AmbientMatchContext.cs,Headless,57,n/a
Headless/Bridge/ContinuousContext.cs,Headless,252,n/a
Headless/Bridge/EngineContext.cs,Headless,464,n/a
Headless/Bridge/GManagerBridge.cs,Headless,76,n/a
Headless/Bridge/PayCostRoot.cs,Headless,12,n/a
Headless/Bridge/UnityNullObjectPolicy.cs,Headless,211,n/a
Headless/Choices/ChoiceCandidate.cs,Headless,42,n/a
Headless/Choices/ChoiceCompletability.cs,Headless,148,n/a
Headless/Choices/ChoiceOption.cs,Headless,40,n/a
Headless/Choices/ChoiceRequest.cs,Headless,96,n/a
Headless/Choices/ChoiceResult.cs,Headless,185,n/a
Headless/Choices/ChoiceType.cs,Headless,45,n/a
Headless/Choices/ChoiceZone.cs,Headless,19,n/a
Headless/Choices/IChoiceProvider.cs,Headless,6,n/a
Headless/Choices/PolicyChoiceProvider.cs,Headless,52,n/a
Headless/Choices/ScriptedChoiceProvider.cs,Headless,101,n/a
Headless/Coroutines/CoroutineAdapter.cs,Headless,100,n/a
Headless/Coroutines/EngineTaskRunner.cs,Headless,73,n/a
Headless/Coroutines/EngineWaitCondition.cs,Headless,90,n/a
Headless/Coroutines/IEngineTask.cs,Headless,62,n/a
Headless/DataLoading/BanlistLoader.cs,Headless,189,n/a
Headless/DataLoading/CardAssetJsonLoader.cs,Headless,298,n/a
Headless/DataLoading/CardBaseEntityLoader.cs,Headless,133,n/a
Headless/DataLoading/CardDatabase.cs,Headless,50,n/a
Headless/DataLoading/DeckListLoader.cs,Headless,223,n/a
Headless/DataLoading/DeckValidationSmoke.cs,Headless,62,n/a
Headless/DataLoading/DeckValidator.cs,Headless,153,n/a
Headless/DataLoading/StarterDecks.cs,Headless,62,n/a
Headless/Diagnostics/EngineTrace.cs,Headless,65,n/a
Headless/Diagnostics/ITraceSink.cs,Headless,6,n/a
Headless/Diagnostics/MatchEventLog.cs,Headless,129,n/a
Headless/Diagnostics/MatchLogLevel.cs,Headless,15,n/a
Headless/Diagnostics/NullTraceSink.cs,Headless,8,n/a
Headless/Diagnostics/TraceEvent.cs,Headless,146,n/a
Headless/Diagnostics/TraceOptions.cs,Headless,5,n/a
Headless/Effects/AutoProcessingTriggerCollector.cs,Headless,54,n/a
Headless/Effects/CardEffectSchedulerResolver.cs,Headless,55,n/a
Headless/Effects/DigivolutionCostHelpers.cs,Headless,870,n/a
Headless/Effects/EffectContext.cs,Headless,143,n/a
Headless/Effects/EffectContextAdapter.cs,Headless,362,n/a
Headless/Effects/EffectDuration.cs,Headless,35,n/a
Headless/Effects/EffectDurationExpiry.cs,Headless,28,n/a
Headless/Effects/EffectRequest.cs,Headless,39,n/a
Headless/Effects/EffectResolutionMode.cs,Headless,11,n/a
Headless/Effects/EffectResolutionQueue.cs,Headless,50,n/a
Headless/Effects/EffectResult.cs,Headless,119,n/a
Headless/Effects/EffectScheduler.cs,Headless,181,n/a
Headless/Effects/EventCollectionMetadata.cs,Headless,70,n/a
Headless/Effects/HeadlessCardEffectContract.cs,Headless,255,n/a
Headless/Effects/MandatoryEffectOrdering.cs,Headless,159,n/a
Headless/Effects/MatchStateMutationSink.cs,Headless,2393,n/a
Headless/Effects/OptionalPromptQueue.cs,Headless,313,n/a
Headless/Effects/PendingEffect.cs,Headless,23,n/a
Headless/Effects/PlayCostHelpers.cs,Headless,595,n/a
Headless/Effects/PlayerScopeContinuousHelpers.cs,Headless,128,n/a
Headless/Effects/SkillInfo.cs,Headless,119,n/a
Headless/Effects/SkillWindowContinuation.cs,Headless,284,n/a
Headless/Effects/SkillWindowSupply.cs,Headless,875,n/a
Headless/Effects/TriggerEventEmitter.cs,Headless,60,n/a
Headless/Effects/TriggerTimingMap.cs,Headless,222,n/a
Headless/Effects/TriggerTimings.cs,Headless,180,n/a
Headless/Effects/WindowChoicePendingException.cs,Headless,23,n/a
Headless/Effects/WindowResolutionController.cs,Headless,23,n/a
Headless/Rules/TimingWindowTrigger.cs,Headless,63,n/a
Headless/Runtime/AceOverflowGate.cs,Headless,101,n/a
Headless/Runtime/ActionMask.cs,Headless,58,n/a
Headless/Runtime/ActionProcessResult.cs,Headless,99,n/a
Headless/Runtime/AttackDeclarationCommons.cs,Headless,88,n/a
Headless/Runtime/AttackPermanentAction.cs,Headless,630,n/a
Headless/Runtime/AttackPhase.cs,Headless,36,n/a
Headless/Runtime/AttackPipeline.cs,Headless,96,n/a
Headless/Runtime/AttackTargetSwitchGate.cs,Headless,63,n/a
Headless/Runtime/BattleDeletionGate.cs,Headless,123,n/a
Headless/Runtime/BattleResolver.cs,Headless,958,n/a
Headless/Runtime/BlockTiming.cs,Headless,440,n/a
Headless/Runtime/CanNotPlayOptionScan.cs,Headless,109,n/a
Headless/Runtime/CardLeavePlayCleanup.cs,Headless,270,n/a
Headless/Runtime/CardMovementPort.cs,Headless,213,n/a
Headless/Runtime/CardObservation.cs,Headless,133,n/a
Headless/Runtime/CardStateMutationPort.cs,Headless,205,n/a
Headless/Runtime/CheatActionGuard.cs,Headless,54,n/a
Headless/Runtime/ContinuousFieldMembership.cs,Headless,96,n/a
Headless/Runtime/ContinuousKeywordGate.cs,Headless,144,n/a
Headless/Runtime/ContinuousModifierGate.cs,Headless,80,n/a
Headless/Runtime/ContinuousRestrictionGate.cs,Headless,109,n/a
Headless/Runtime/ContinuousScopeEvaluation.cs,Headless,97,n/a
Headless/Runtime/DcgoMatch.cs,Headless,714,n/a
Headless/Runtime/DeDigivolveHelpers.cs,Headless,264,n/a
Headless/Runtime/DeferredActivationController.cs,Headless,39,n/a
Headless/Runtime/DeferredChoiceProvider.cs,Headless,284,n/a
Headless/Runtime/DeletionOutcomeWatcher.cs,Headless,134,n/a
Headless/Runtime/DeletionReplacementCandidateConditions.cs,Headless,59,n/a
Headless/Runtime/DeletionReplacementGate.cs,Headless,243,n/a
Headless/Runtime/DeletionReplacementTiming.cs,Headless,355,n/a
Headless/Runtime/DeletionSourceTrash.cs,Headless,151,n/a
Headless/Runtime/DigivolutionSourceStackPort.cs,Headless,325,n/a
Headless/Runtime/DigivolutionStackHelpers.cs,Headless,760,n/a
Headless/Runtime/DigivolveAction.cs,Headless,1274,n/a
Headless/Runtime/DigivolveCommons.cs,Headless,35,n/a
Headless/Runtime/DpBoostHelpers.cs,Headless,88,n/a
Headless/Runtime/DpZeroDeletionHelpers.cs,Headless,99,n/a
Headless/Runtime/EffectDrivenAttack.cs,Headless,406,n/a
Headless/Runtime/FreeDigivolveHelpers.cs,Headless,67,n/a
Headless/Runtime/FusionDigivolveHelpers.cs,Headless,267,n/a
Headless/Runtime/GameEvent.cs,Headless,66,n/a
Headless/Runtime/GameEventQueue.cs,Headless,90,n/a
Headless/Runtime/GameEventType.cs,Headless,23,n/a
Headless/Runtime/GameFlowProcessor.cs,Headless,1239,n/a
Headless/Runtime/HeadlessAction.cs,Headless,52,n/a
Headless/Runtime/HeadlessActionFactory.cs,Headless,515,n/a
Headless/Runtime/HeadlessActionParameterKeys.cs,Headless,97,n/a
Headless/Runtime/HeadlessActionPayloads.cs,Headless,529,n/a
Headless/Runtime/HeadlessActionQueue.cs,Headless,278,n/a
Headless/Runtime/HeadlessActionTypes.cs,Headless,84,n/a
Headless/Runtime/HeadlessAttackState.cs,Headless,32,n/a
Headless/Runtime/HeadlessChoiceState.cs,Headless,52,n/a
Headless/Runtime/HeadlessEffectState.cs,Headless,19,n/a
Headless/Runtime/HeadlessEndTurnCleanupFlow.cs,Headless,247,n/a
Headless/Runtime/HeadlessGameLoop.cs,Headless,400,n/a
Headless/Runtime/HeadlessLegalActionDispatcher.cs,Headless,264,n/a
Headless/Runtime/HeadlessMemoryState.cs,Headless,13,n/a
Headless/Runtime/HeadlessPhase.cs,Headless,18,n/a
Headless/Runtime/HeadlessPhaseMapping.cs,Headless,206,n/a
Headless/Runtime/HeadlessTurnState.cs,Headless,46,n/a
Headless/Runtime/IActionLegality.cs,Headless,29,n/a
Headless/Runtime/IActionProcessor.cs,Headless,13,n/a
Headless/Runtime/IHeadlessAttackController.cs,Headless,43,n/a
Headless/Runtime/IHeadlessChoiceController.cs,Headless,28,n/a
Headless/Runtime/IHeadlessMemoryController.cs,Headless,19,n/a
Headless/Runtime/IHeadlessPlayerStatusController.cs,Headless,20,n/a
Headless/Runtime/IHeadlessTurnController.cs,Headless,18,n/a
Headless/Runtime/InMemoryHeadlessAttackController.cs,Headless,170,n/a
Headless/Runtime/InMemoryHeadlessChoiceController.cs,Headless,131,n/a
Headless/Runtime/InMemoryHeadlessMemoryController.cs,Headless,63,n/a
Headless/Runtime/InMemoryHeadlessPlayerStatusController.cs,Headless,49,n/a
Headless/Runtime/InMemoryHeadlessTurnController.cs,Headless,131,n/a
Headless/Runtime/LegalActionSetValidator.cs,Headless,163,n/a
Headless/Runtime/LinkHelpers.cs,Headless,332,n/a
Headless/Runtime/MainSkillActivateAction.cs,Headless,296,n/a
Headless/Runtime/MatchConfig.cs,Headless,124,n/a
Headless/Runtime/MatchResult.cs,Headless,63,n/a
Headless/Runtime/MatchSetupFlow.cs,Headless,397,n/a
Headless/Runtime/MetadataActionProcessor.cs,Headless,1299,n/a
Headless/Runtime/MulliganCoordinator.cs,Headless,173,n/a
Headless/Runtime/NoOpActionProcessor.cs,Headless,27,n/a
Headless/Runtime/ObservationSnapshot.cs,Headless,266,n/a
Headless/Runtime/OptionActivateAction.cs,Headless,490,n/a
Headless/Runtime/OptionColorRequirement.cs,Headless,103,n/a
Headless/Runtime/OverclockEffect.cs,Headless,215,n/a
Headless/Runtime/PlayCardAction.cs,Headless,641,n/a
Headless/Runtime/PlayerTurnCounterController.cs,Headless,40,n/a
Headless/Runtime/ProgressImmunity.cs,Headless,159,n/a
Headless/Runtime/RevealAndSelect.cs,Headless,602,n/a
Headless/Runtime/SecurityFaceState.cs,Headless,89,n/a
Headless/Runtime/SecurityResolver.cs,Headless,1097,n/a
Headless/Runtime/SessionContext.cs,Headless,215,n/a
Headless/Runtime/SpecialPlayAction.cs,Headless,547,n/a
Headless/Runtime/StepResult.cs,Headless,56,n/a
Headless/Runtime/TerminalEvaluator.cs,Headless,81,n/a
Headless/Runtime/TurnFlowDriver.cs,Headless,321,n/a
Headless/Runtime/TurnFlowPump.cs,Headless,366,n/a
Headless/Runtime/TurnStepCursor.cs,Headless,32,n/a
Headless/Services/CardInstanceRecord.cs,Headless,58,n/a
Headless/Services/CardQuery.cs,Headless,32,n/a
Headless/Services/CardRecord.cs,Headless,139,n/a
Headless/Services/GameRandomSource.cs,Headless,99,n/a
Headless/Services/HeadlessEntityId.cs,Headless,64,n/a
Headless/Services/HeadlessEntityRegistry.cs,Headless,132,n/a
Headless/Services/HeadlessPlayerId.cs,Headless,76,n/a
Headless/Services/ICardInstanceRepository.cs,Headless,10,n/a
Headless/Services/ICardRepository.cs,Headless,12,n/a
Headless/Services/IEffectQueryService.cs,Headless,75,n/a
Headless/Services/IHeadlessLegalActionController.cs,Headless,11,n/a
Headless/Services/IHeadlessLegalActionSeeder.cs,Headless,7,n/a
Headless/Services/IHeadlessMatchStateResettable.cs,Headless,7,n/a
Headless/Services/ILogSink.cs,Headless,10,n/a
Headless/Services/IRandomSeedController.cs,Headless,11,n/a
Headless/Services/IRandomSource.cs,Headless,10,n/a
Headless/Services/IRuleQueryService.cs,Headless,11,n/a
Headless/Services/IStateFingerprintService.cs,Headless,14,n/a
Headless/Services/ITerminalOutcomeSink.cs,Headless,18,n/a
Headless/Services/ITerminalStateController.cs,Headless,7,n/a
Headless/Services/IZoneMover.cs,Headless,99,n/a
Headless/Services/IZoneStateReader.cs,Headless,11,n/a
Headless/Services/IllegalAction.cs,Headless,72,n/a
Headless/Services/InMemoryCardInstanceRepository.cs,Headless,32,n/a
Headless/Services/InMemoryCardRepository.cs,Headless,52,n/a
Headless/Services/InMemoryLogSink.cs,Headless,88,n/a
Headless/Services/InMemoryRuleQueryService.cs,Headless,93,n/a
Headless/Services/InMemoryZoneMover.cs,Headless,713,n/a
Headless/Services/LegalAction.cs,Headless,52,n/a
Headless/Services/NullLogSink.cs,Headless,16,n/a
Headless/Services/StateFingerprintService.cs,Headless,128,n/a
Headless/Services/ZoneMoveRequest.cs,Headless,67,n/a
Headless/Services/ZoneMoveResult.cs,Headless,9,n/a
Headless/State/CardIdentityAdapter.cs,Headless,195,n/a
Headless/State/CardInstanceState.cs,Headless,262,n/a
Headless/State/DigivolutionStack.cs,Headless,143,n/a
Headless/State/DigivolutionStackReader.cs,Headless,216,n/a
Headless/State/DpCalculator.cs,Headless,42,n/a
Headless/State/DpModifier.cs,Headless,40,n/a
Headless/State/GameContextStateAccessor.cs,Headless,236,n/a
Headless/State/MatchState.cs,Headless,240,n/a
Headless/State/PlayerRuleAdapter.cs,Headless,262,n/a
Headless/State/PlayerState.cs,Headless,225,n/a
Headless/State/PlayerZoneAdapter.cs,Headless,243,n/a
Headless/State/VisibilityView.cs,Headless,175,n/a
Headless/State/ZoneState.cs,Headless,225,n/a
