relpath,verdict,deviations,notes
Script/CardController.cs,DEVIATION,"GAP@AS-IS:1056-1099(HatchDigiEggClass): class not physically mirrored in TO-BE CardController.cs; equivalent hatch logic is documented as re-housed to TurnStateMachine.cs's `ZoneMover.HatchDigitamaAsync` call (TurnStateMachine.cs:365-374, comment ""AS-IS :804 HatchDigiEggClass.Hatch() -> ZoneMover.HatchDigitamaAsync"", labelled ""P2a mapping""), not a literal class mirror.; GAP@AS-IS:2271-2436(DeckBottomBounceClass): class absent from TO-BE file; logic folded into SelectPermanentEffect.cs Mode.PutLibraryBottom sink route, which the file itself documents as having ""no mirror classes -- the sink routes ARE their established mirrors"" (SelectPermanentEffect.cs:542-546).; GAP@AS-IS:2437-2602(DeckTopBounceClass): same pattern, folded into SelectPermanentEffect.cs Mode.PutLibraryTop sink route (same doc comment as above).; GAP@AS-IS:2603-2837(HandBounceClaass): same pattern, folded into SelectPermanentEffect.cs Mode.Bounce sink route (same doc comment as above).; GAP@AS-IS:3503-3647(IPutSecurityPermanent): class absent from TO-BE file; per-permanent logic folded into SelectPermanentEffect.cs Mode.PutSecurityBottom/PutSecurityTop sink routes (SelectPermanentEffect.cs:580-594, comment ""Per-permanent IPutSecurityPermanent (AS-IS sequential)"").; GAP@AS-IS:3880-4234(ISecurityCheck): class absent from TO-BE CardController.cs; security-check game logic re-housed to Headless/Runtime/SecurityResolver.cs (858 lines, 16 tests) — an accepted 'temporary residence' decision recorded in project memory mig-goal3-cardcontroller (2026-07-13, user-approved, deferred to a later goal), i.e. game-rule logic sits in the Headless/ substrate tree rather than the Assets/Scripts mirror tree.; NOTE@PlayCardClass AS-IS:520-532/TO-BE:3336-3342: the `!card.Owner.isYou && GManager.instance.IsAI` and `card.Owner.isYou && ContinuousController.instance.autoMinDigivolutionCost` branches (which could reset costSelected/MoveToExecuteCardEffect) are stripped as 'Unity-client presentation steering, ChoiceProvider is the decider' (self-declared file adaptation (4)) — not listed in the canonical §9/9.1 substrate-translation table.; NOTE@PlayCardClass AS-IS:367-381/TO-BE:3188-3204: jogress evolution-root frame resolution changed from AS-IS fixed-slot `card.Owner.fieldCardFrames[JogressFrameID].GetFramePermanent()` to an index into the mirror's compacted field-permanent list (documented RD-P6C1-1 RESOLVED design item) — a structural adaptation not in the canonical §9 table, though internally justified.; NOTE@IMassDegeneration AS-IS:4970-4971/TO-BE:1063: null-guard changed from checking the live `_cardEffect`/`_cardEffect.EffectSourceCard` object to checking the threaded `_causeEffectSourceId` id field instead — a substitution not itemized in the canonical id-handle vocabulary table (§9.1); both fields are threaded in parallel through the ctor so behavior depends on callers keeping them in lockstep (not exhaustively re-verified across all call sites in this pass).; NOTE(file-wide) 'EMISSION-OWNERSHIP SEAM': per the file header (CardController.cs:21-27), AS-IS explicit `StackSkillInfos(<zone timing>)` calls for zone-crossing windows (OnDiscardHand/OnDiscardSecurity/OnDiscardLibrary/OnLoseSecurity/OnAddSecurity) are replaced by batch-id-stamped zone-derived emission (the substrate derives the window from the CardMoved events themselves) instead of a second manual emit, applied consistently across ~10 classes in this file (IDiscardHands, IReduceSecurity, IDestroySecurity, IAddSecurity, IDegeneration, IMassDegeneration, etc.) — a project-wide architectural translation, not itemized in the canonical §9 table but documented once at file scope.","MATCH-TRANSLATED in substance for the ~29/35 AS-IS classes it does carry (IDiscardHands/IDiscardHand, OnEnterFieldHashtableParams, DrawClass, IAddTrashCardsFromLibraryTop, IAddSecurityFromLibrary, IRecovery, IDigiBurst, IDestroySecurity, IDegeneration, IMassDegeneration, ITrashDigivolutionCards, ITrashLinkCards, ReturnToLibraryBottomDigivolutionCardsClass, IReduceSecurity, IAddSecurity, IFlipSecurity, SuspendPermanentsClass, IUnsuspendPermanents, ITrashDeckCards, AceOverflowClass, IPlacePermanentToDigivolutionCards, IPlacePermanentToLinkCards, ILinkCard, ITrashStack, PlayCardClass, PlayPermanentClass, UseOptionClass, IBattle, DestroyPermanentsClass) — verified via full/partial reads: canonical §9 substrate translations applied correctly throughout (IEnumerator->Task, StartCoroutine->await, Player wrapper, PermanentOfThisCard->Resolve*, UI/UnityEngine/PlayLog stripped with inline AS-IS line-anchor comments), AS-IS quirks preserved verbatim where required (e.g. the duplicate `Cost = card.GetPayingCostWithBaseCost(...)` call at AS-IS:814-815 / TO-BE:3598-3599; ITrashStack correctly has NO level-3 floor unlike IDegeneration/IMassDegeneration), and every non-canonical adaptation carries an inline AS-IS line anchor + design-item reference (RD-P6C1-*, MIG3-*, C1/C1b/C1c, R2-C, R3-A/W3c, RD-EXT3-02, RD9-87). Method-signature diffing (all 29 present classes) found only UI-local-function removals (showEffect/ShowEffect/log-only StopCondition duplicates) and documented substrate-helper additions (SetDpWhenSuspended/RD9-87, ImmuneFromDeDigivolve, NextPromotedSourceId, HasAwaitingActivateEffects, SetWillBeRemoveSources/ReadWillBeRemoveSources) that match known/reviewed design items already recorded in project memory (mig-goal3-cardcontroller.md), not silent inventions. Verdict is DEVIATION rather than MATCH-TRANSLATED strictly because of the 6 physically-absent classes (real structural gap in THIS file, even though each has a documented equivalent-behavior carrier elsewhere) plus the handful of non-canonical-but-documented adaptations listed above. AS-IS file = 35 top-level command classes + 1 data class (5,988 lines); TO-BE mirror = 29 of those 35 command classes + the 1 data class (5,228 lines), plus 2 file-local helper types (SecurityRuleGateSeam, CardSourceAsIsPlayAccessors) that are substrate helpers, not AS-IS inventions. DestroyPermanentsClass carries its own caveat (TO-BE:5010-5018, design item RD-R3-01): it is a faithful 1:1 mirror but its own doc comment states the LIVE runtime delete path still routes through MatchStateMutationSink.ApplyDelete, not through this class yet — noted for completeness, not counted as an additional deviation since it does not affect fidelity of the ported class itself. PlayCardClass/CardSourceAsIsPlayAccessors/IBattle live in a second `...CardEffectCommons` block-scoped namespace within the same file (documented R2-C decision to avoid rewiring ~30 consumers) — a directory/namespace-partial rehousing with identical content, not flagged as a deviation per audit instructions."
Script/Permanent.cs,DEVIATION,"GAP: AS-IS Permanent.HandBounceEffect (:3678, ICardEffect field, sibling of PlayingEffect/DigivolvingEffect/PlaceOtherPermanentEffect which ARE ported via PermanentBookkeepingStore) has NO TO-BE accessor anywhere — 4 real AS-IS card consumers (BT11_072/P_024 read-back pattern bouncePermanent.HandBounceEffect==activateClass) all currently unported stubs, but the Permanent-class surface itself is missing the member; GAP: AS-IS Permanent.LibraryBounceEffect (:3682, same bookkeeping cluster, same sibling asymmetry) also has zero TO-BE accessor — 9 AS-IS consumers (BT22_007/EX10_052/EX10_055/BT11_072/P_214/P_024/EX11_031/BT23_043/ST22_10 + CardController.cs DeckBounce writers) all unported stubs but member itself absent from Permanent.cs; GAP: AS-IS Permanent.DPWhenSuspended (:1958, public int field, default 114514, read by BT9_018.cs) is WRITE-ONLY in TO-BE — SuspendPermanentsClass (CardController.cs:1867-1871) defines DpWhenSuspendedKey and writes it, but Permanent.cs itself has no DPWhenSuspended getter and the key is never read anywhere in the tree (BT9_018.cs consumer is an unported stub); GAP: AS-IS Permanent.DigivolutionOrLinkCards (:892, cardSources.Filter(c=>c!=TopCard)) is completely absent from TO-BE — zero occurrences anywhere in src tree; sole AS-IS consumer BT25_085.cs is an unported stub","Exceptionally high-fidelity 1:1 substrate mirror overall — spot-verified line-by-line against AS-IS for GetDP(AS-IS:327-497→TO-BE:198-373 exact match incl. NotIsUpDown OrderBy(ActivatedTime) quirk), DP(:499-668→336-519 exact, quirk of omitting the OrderBy preserved), BaseDP(:193-326→2235-2358 exact), Level(:48-105→565-594; AS-IS's own redundant '!TopCard.HasLevel⇒1145140' branch is provably dead since TopCard.Level/TreatedLevel already applies the same sentinel internally — TO-BE's -1 sentinel via CardSource.PrintedLevel/HasLevel correctly supersedes it, not a deviation), HasBlocker(:2397-2482→780-871 exact incl. fake-Collision short-circuit), CanMove/CanAttack/CanBlock/CanAttackTargetDigimon/CanBeDestroyed(ByBattle/BySkill)/CanBeRemoved/CanSubstituteForDigiXrosCondition/CanSubstituteForAssemblyCondition/CanSwitchAttackTarget/CanUnsuspend/CanDeclareSkill(List)/ImmuneFromDeDigivolve/ImmuneFromStackTrashing/CanSelectBySkill/InvertSecutiryValue/SecurityAttackChanges/HasSecurityAttackChanges/Strike_AllowMinus/Strike/AddDigivolutionCardsTop(incl. dedicated ReRoot re-parenting arm for the App-Fusion self-fold edge)/AddDigivolutionCardsBottom/AddLinkCard/AddCardSource/RemoveCardSource/RemoveLinkedCard/DiscardEvoRoots(both putToTrash branches)/StackCards/LinkedCards/LinkedMax/HasNoLinkCards/IsPlaceToTrashDueToNotHavingDP/IsPlayedOptionPermanent/EnterFieldTurnCount — all MATCH-TRANSLATED with explicit AS-IS line-number citations and documented ADAPTATIONs (GManager.instance.turnStateMachine.gameContext→new GameContext(_context); TopCard nullable→non-null view; frame-slot-capacity model absent RD-P6C1-1/2). Legit rehousing confirmed (NOT gaps): CannotReturnToLibrary→CardEffectCommons/NewModelContinuousScan.cs:1591 HasCannotReturnToLibrary (explicit AS-IS Permanent.cs:785-822 citation); Permanent.battle field→hashtable 'battle' key + CardEffectCommons.CurrentBattleOpponent (documented design item RD-EXT2B-01-BATTLEFIELD, IBattle.Battle() doc-comment, verified live in ST2_01.cs port); Levels_ForJogress→CardSource.cs:1190; AddBoost/RemoveBoost→Headless/Runtime/DpBoostHelpers.cs (documented in EX10_010.cs port comment). AS-IS dead code correctly omitted (NOT gaps, zero AS-IS callers verified): Names_ForDNA, IsAddedAsSourceByAppFusion; SetCardSources omitted as pure architecture artifact (view-reconstruction model, no external caller even in AS-IS); OldIsSuspended omitted (only AS-IS consumer is FieldPermanentCard.cs Unity view-redraw detection, out of headless scope). 10 Show*/Hide*Effect method pairs + ShowingPermanentCard field correctly omitted as pure Unity GameObject.SetActive visual toggles (verified AS-IS bodies contain zero game-logic, established convention '미러 확립 관례상 스트립' cited across multiple card ports e.g. BT25_039/BT25_101/BT5_086). Line 4549 NotSupportedException (DetachEmbeddedSourceOrLinkAsync residual direct-path guard, design item MIG4-DETACH-LIVE-TOP) is a legitimate STOP seat per task instructions, not a gap. New substrate-only types PermanentView/OldIsTappedPlayCardStore/DestroyingEffectStore/PermanentEffectLists/PermanentEffectListStore are documented view-reconstruction infrastructure (each carries explicit AS-IS field/line citations), not inventions. TO-BE is 4640 lines vs AS-IS 4187 (larger due to extensive design-rationale XML-doc comments, not due to added logic)."
Script/CardSource.cs,DEVIATION,"Systematic unregistered substrate pattern (not in canonical §9/§9.1 table): AS-IS ~90 derived boolean convenience getters (Has*Traits e.g. HasBirdTraits/HasBeastTraits/HasAngelTraits/HasDragonTraits/HasAppmonTraits/HasCSTraits/HasWGTraits/... AS-IS L1713-4180 region block; Has*Name e.g. HasGreymonName/HasGarurumonName/HasImpmonName/HasDramonName/HasXAntiBodyName AS-IS L1595-1673; keyword flags HasBlocker/HasDigiBurst/HasBlitz/HasFortitude/HasRetaliation AS-IS L2533-2683; effect-presence flags HasOnPlayEffect/HasOnDeletionEffect/HasWhenDigivolvingEffect/HasInheritedEffect AS-IS L2608-2703) have NO member on TO-BE CardSource (confirmed 0 hits repo-wide for the bulk; a handful HasBlocker/HasFortitude/HasBlitz/HasRetaliation/HasOnDeletionEffect are rehoused onto Permanent.cs, not CardSource) -- every ported card that needs the AS-IS-equivalent instead INLINES EqualsTraits('X')/ContainsTraits('X') at the call site with a comment (e.g. BT22_035.cs:82 'AS-IS HasAppmonTraits', BT23_081.cs:62-64 'derived getter not present in mirror CardSource'), so behavior at each observed call site is correct but the AS-IS-named member surface itself is absent -- DEVIATION per registration protocol (unregistered translation), not GAP, since it is a deliberate structural choice not an unported feature; PhotonView/CardSprite/GetCardSprite/ShowingHandCard/SetShowingHandCard/SetBaseData/SetUpCardIndex+CardIndex/CardID/SetID/CardEntityIndex/CardKinds/AllCardColors/DigimonCardColors/OptionCardColors/BaseCardColorsFromEntity/BaseDualCardColorsFromEntity/BaseJPNCardNameFromEntity/PreferredFrame/HasUseCost/InheritedEffectDiscription_ENG+JPN/ContainsCardNameDigiXros/EqualsCardNameDigiXros also 0 hits repo-wide (legit Unity/Photon/frame-slot-model omissions, several with inline call-site substitution comments same pattern, e.g. EX8_037.cs:26 OptionCardColors, BT15_102.cs:24/BT21_030.cs:51 CardID to InstanceId.Value); ChangedLocationTime/SetChangedLocationTime is a tracked design-item gap (design item MIG3-LOCATIONTIME, 'no headless analog', cited at CardController.cs:884,974,1122,2779,2849) -- AS-IS is live-used (BT25_104.cs, KeyWordEffects/ArmorPurge.cs) but BT25_104.cs mirror explicitly notes the timestamp compare is unported; TO-BE GetCostItself (L1346) is SELF-DOCUMENTED to diverge from AS-IS GetCostItself (CardSource.cs:769, cost-fold-applied) -- TO-BE reads unfolded BasePlayCostFromEntity instead, with an admitted 'documented reduction' for any future caller needing the AS-IS folded semantics (no such caller today, so currently behavior-neutral but the named member is not equivalent); IsBeingRevealed (design item RD-P6C3-A2) and PermanentJustBeforeRemoveField (design item RD-P6C3-A3) writers are explicitly unported (getters default false/null until their producing slice lands, self-documented at CardSource.cs:2267-2268,2290-2292)","Very high-fidelity, heavily self-documented substrate mirror (MonoBehaviour to pure view class, sealed CardSource with EngineContext/InstanceId identity + value-equality override for AS-IS reference-identity reliance) -- every functional path spot-checked (BaseCardColors/CardColors/DualCardColors two-stage fold, MatchColorRequirement, CanNotPlayThisOption, CanEnterField, CanPlayCardTargetFrame, CanPlayJogress/CanJogressFromTargetPermanent(s), CanPlayBurst/CanBurstDigivolutionFromTargetPermanent, PayingCost/GetPayingCostWithBaseCost incl. DigiXros/Assembly discount regions incl. explicitly-justified AI-branch collapse, CardTraits/CardNames/CardNames_DigiXros/BaseCardNames, Level/Level_Assembly/JogressLevelsAgainst, BaseCardDP/BaseDP/CardDP, AddedDigivolutionCosts/EvoCosts, the 4 auxiliary data classes JogressCondition/DigiXrosConditionElement/DigiXrosCondition/BurstDigivolutionCondition) matches AS-IS branch-for-branch with only substrate translations (Owner to new Player(Context,Owner); PermanentOfThisCard() to PermanentView; raw fields jogressCondition/linkCondition/appFusionCondition/assemblyCondition/burstDigivolutionCondition to JogressConditionOf()/LinkConditionOf()/AppFusionConditionOf()/AssemblyConditionOf()/BurstDigivolutionConditionOf() accessors in companion file CardSourceAsIsPlayAccessors; IsPermanent to CardController.cs:4652 extension; IsACE/OverflowMemory to CardController.cs AceOverflowGate per completed C-2 goal; SetFace/SetReverse to CardObjectController.cs SecurityFaceState + SelectCardEffect.SetFaceMirror; SetDP to BaseDP property setter; CardKinds to CardRecord.IsCardType per C7). No invented logic, no hardcoded/nulled predicates found in the checked surface. All identified deviations are either (a) individually design-item-tracked with AS-IS line anchors, or (b) the systematic Has*Traits/Has*Name convenience-getter omission, itself consistently documented at every ported-card call site (dozens of cards) but never registered as a canonical substrate translation -- flagging per audit protocol despite being a mature, deliberate, low-risk project convention rather than an oversight. No forbidden Func<HeadlessEntityId,bool>/PermanentOf-shim/...ById adapter symbols present. Line counts: AS-IS 4357 (MonoBehaviour + UI/Photon + ~90 convenience getters), TO-BE 2839 (pure logic, no UI)."
Script/CardEffectCommons.cs,DEVIATION,"L717 AS-IS OptionSecurityEffect(card) getter has NO counterpart in TO-BE commons (GAP) — only OptionMainEffect folded (TO-BE L4407); sole consumer BT18_098.cs reimplements as private local OptionSecurityEffectOf w/ 'no mirror bridge' note; not rehoused anywhere; L723 AS-IS AddActivateMainOptionSecurityEffect drops effectDiscription param in TO-BE commons sig L4135 (factory L914 still defaults it; all live callers omit — behavior-neutral, sig not 1:1); L795-821 AS-IS DigivolveIntoHandOrTrashCard candidate filter uses cardSource.CanPlayCardTargetFrame(PayCost) folding cost-payability into candidacy vs TO-BE DigivolveIntoZoneCoreAsync.CanSelect L1921 checking only digivolution requirement (defers cost to MemoryController.CanPay L1997) — unaffordable-but-legal card offered in TO-BE, filtered in AS-IS; same for Execution variant L2705","Legit C0-C5 fold-back monolith (CanUseEffects/GetFromHashtable/GameContextDeterminarion/GiveEffect/KeyWordEffects/ContinuousController token table + AS-IS-sig bridges folded, all confirmed real originals not invention); 24/25 AS-IS symbols located 1:1-translated (typos Peremanent/Excecuting/Selef preserved); documented AS-IS-limit reductions (PlayToken 16-frame const, RD-W3-4 CanEnterField, DNA-trash STOP, cost-pipeline inline) are ledger items not deviations; no forbidden Func<HeadlessEntityId,bool>/PermanentOf/...ById in AS-IS-symbol surface"
Script/TurnStateMachine.cs,MATCH-TRANSLATED,"None break rule-layer fidelity; all substrate/documented: EndGame L3302-3360 marks WINNER vs TO-BE marks LOSER=winner.Enemy (terminal-model adaptation); MainPhaseAsync burst guard drops upper bound <=fieldCardFrames.Count-1 (RD-P6C1 frame-model); CardEffectCommons.CardPermanenceMap reset L1348/L3173 no mirror analog (dropped both sites, documented); attack-pump adds await WaitPendingChoiceUnderPump before ProcessNextState (S3b suspension→pump gate, outcome-neutral); isSecurityCehck field AS-IS L30 absent (pure UI-gating flag, readers UI-only); per-player TurnPlayer.TurnCount++ L552 rehoused to substrate (no card reads per-player TurnCount, grep 0); SwitchTurnPlayer relocated L312→TurnController.EndTurn; pump adds 2 extra Ended() end-guards (outcome-neutral); memory-gauge re-sign at flip TurnFlowPump L323 (turn-relative substrate, review3 P2-1)","Full phase-body logic present (StartGame/Active/Draw/Breeding/Main/End + setters + PassTurn + EndGame); size gap = stripped Unity/Photon/UI + driver chain relocated; rehousing verified by reading destinations: GameStateMachine→TurnFlowPump.RunAsync, StartGame mulligan→MulliganCoordinator, EndPhase buckets→HeadlessEndTurnCleanupFlow, main-action producer→TurnFlowDriver, breeding/attack→ZoneMover/AttackDeclarationCommons; quirks/typos preserved (feild, nonTurnPlayerFeid, SetAttackingPermaent, hatch-wins quirk, 5-pred CanSelect); GAP 0, invention 0; no forbidden id-predicate/PermanentOf/...ById"
Script/CardEffectFactory.cs,MATCH-TRANSLATED,"INVENTION(additive,test-only): SpecialPlayRecipeRegistry-based helpers DigiXrosEffect@1588/DigiXrosWithExtraMaterialsEffect@1599/BurstDigivolveEffect@1623/JogressEffect@1668/JogressEffectFromNames@1640/AddJogressLevelsEffect@1650/MaterialByName@1611/NameMaterials@1614 — parallel special-play repr on Register(...)+inert BareCauseEffect marker, no AS-IS counterpart, consumed only by Tfx* fixtures (faithful AS-IS forms DigiXrosEffectFromNames@1563/GetJogressConditionClass@1676 coexist and are what real cards use); INVENTION(internal helpers,no AS-IS): LinkedGate@104/ScopePred@111/OwnerControlsMatchingDigimon@692; ADAPT PlaySelfTamerSecurityEffect(AS-IS:167/TO-BE:1340) card.Owner.ExecutingCards.Contains(card)->CardEffectCommons.IsExistOnExecutingArea(card) — unregistered substrate re-expression, behaviorally equal; ADAPT PlaySelfDigimonAfterBattleSecurityEffect(AS-IS:353/TO-BE:1088) play root SelectCardEffect.Root.Security->ChoiceZone.Execution (cost-root vs from-zone, unregistered but documented); ADAPT Gain1MemoryTamerOwnerDigimonConditionalEffect(AS-IS:115/TO-BE:653) nullable params+null-guards + hardcoded default EffectDiscription when empty; ADAPT Gain1MemoryTamerOpponentDigimonEffect(AS-IS:91/TO-BE:156) .Enemy!->.Enemy?...Count??0","All 41 AS-IS methods present + faithfully mirrored (async Task / new Player / ResolvePermanentOfThisCard / CanAddSecurity(InstanceId) all registered per §9/9.1). No mirrored-method logic altered/simplified. ~888-line growth = relocation stubs+ledgers+XML docs, rehoused monolith-split kind-class factories (~16), async boilerplate, and the additive special-play registry. Inventions are documented (not silent), test-only; no §11 banned symbols."
Script/AutoProcessing.cs,MATCH-TRANSLATED,"DELEGATION DigimonLackDPProcess(AS-IS:469-484/TO-BE:580-584) stage delegates to GameFlowProcessor.StateBasedDeletionSweepAsync instead of in-file DestroyPermanentsClass({DPZero,true}) batch — tracked design item R2-P2-4, carrier exists; ADDED-GUARD(inert) IsNotDigimonInBreeding(TO-BE:142-145 !HasDefinition->false), IsNotHavingDP(TO-BE:171-174), IsDigimonLackDP(TO-BE:211-214 !IsDpDefined->false), IsDigimonLackLinkCondition(TO-BE:265-266/630-631 adds LinkConditionOf() is not null narrowing) — no AS-IS counterpart, suppress abstract fixtures only; GAP(dead) SkipSameEffect(AS-IS:16 [SerializeField] never read) dropped; GAP(UI) ShrinkSecurityDigimonDisplay(AS-IS:731-746 coroutine)+its call-sites stripped","Both halves (trigger-stack + 8-stage RuleProcess) near-verbatim: 5-zone scan order, is ActivateICardEffect->!IsBackgroundProcess->CanTrigger cascade, reverse-index executingMultipleSkills traversal, DoRuleProcess sequence, AS-IS quirks (commented IsAttackerNotADigimon return true; link allowBreeding true/false asymmetry) all preserved. ~500-line growth = header+anchor comments, GManager singleton translation, inlined accessor helpers, coroutine->park/resume async machinery. No silent simplification/invention; no §11 symbols."
Script/Player.cs,MATCH-TRANSLATED,"GAP(minor) Player.LostCards accessor absent — AS-IS Player.cs:514 public List<CardSource> LostCards is live game-logic (read at AS-IS SelectCardEffect.cs:259, OptionalSkill.cs:41, SelectPermanentEffect.cs:268/798, CardObjectController.cs:431-433); mirror exposes all sibling zones (Hand/Trash/Security/Library/DigitamaLibrary/Executing) and substrate zone exists (ChoiceZone.Recollection, read directly in SelectCardEffect.cs) but the per-player LostCards view is not mirrored and not relocated — confirmed grep 0 in mirror Player.cs","~669-line shrink legitimate: MonoBehaviour lifecycle(Start/Update/SetPlayerUI), all UI rendering(Text/Image/SpriteRenderer, align/shuffle/frame geometry), Photon selection-queue->ChoiceProvider substrate, counters relocated (TurnCount->TurnStateMachine, DigivolveCount_ThisTurn->CardEffectCommons, both with junction comments), dead members dropped (KeyCard/WinCount 0 real consumers, ExpectedMemory UI-only). Ported bodies match branch-for-branch (MaxMemoryCost, EffectList 8-bucket+triple GetCardEffect quirk, CanTapWhenAbsorbEvolution both splits). Documented-not-flagged: CanMove capacity half(RD-P6C1-2), IsSecurityLooking guard(MIG3 seam), FieldCardFrame no-slot(RD-P6C2-10), TurnStartTime junction(TurnStateMachine.cs:177). PlayerIdAsIsExtensions/PlayerEffectListStore=registered bridges. No §11 symbols."
Script/ICardEffect.cs,MATCH-TRANSLATED,,"광범위 AS-IS 라인앵커 주석(전체 936줄) — SetUp/CanTrigger/CanActivate/CanUse/IsSameEffect 등 전체 1:1; PermanentOfThisCard()→ResolvePermanentOfThisCard(§9 등재 표 그대로), UnityAction→Action, Debug.Log/PlayLog 스트립 모두 등재 번역. EffectTiming enum: AS-IS 61종 전량 보존+1종(WhenDigivolving) 추가 — 카드 파일 20+장에서 '[When Digivolving]→미러 방언 EffectTiming.WhenDigivolving' 정형 주석으로 광범위 사용 확인된 기등재 관례(신규 발명 아님). EffectDuration/CalculateOrder는 C2/C3 재하우징 폴드백(참조만, 재정의 아님) 확인."
Script/Effects.cs,BLOCKED,,"AS-IS 2306줄 순수 Unity 프레젠테이션/VFX MonoBehaviour(DOTween/TMPro/Cinemachine/UI Transform, '~エフェクト' 코루틴 전량) — 룰 로직 0. TO-BE는 빈 스켈레톤 스텁('Skeleton only. Port or implement deterministic .NET logic later.') 그대로. 룰층 아님 — StreamingAssetsUtility.cs BLOCKED 선례와 동형 판정."
Script/SelectDigiXrosClass.cs,MATCH-TRANSLATED,,"1048줄 전역 AS-IS 라인앵커 — STATE 필드·CanSelectDigiXros·Select()영역루프·SelectHandCard/SelectBattleAreaPermanent/SelectTamerDigivolutionCard/SelectTrashCard·AddDigivolutiuonCards(ByEffect) 전량 1:1. RPC+WaitUntil 선택패널→ChoiceType.ModeChoice 단일요청 치환(SelectAppFusionEffect 선례, §9 ChoiceProvider 등재행); AI/opponent 분기가 동일 provider 요청으로 수렴(문서화됨). cause-id(HeadlessEntityId?) 번역=§9.1 등재 어휘. RD-EXT3-05 필드-퍼머넌트 재부모화 랜딩 확인."
Script/SelectCardEffect.cs,DEVIATION,"INVENT@TOBE:52-200 BuildRequest/BuildMutations/Apply/BuildMutation/Mutation/PlayMutation/RootZone — AS-IS 무대응 신규 API 블록. 레포 전역 grep 결과 외부/내부 호출 0건(완전 dead) — 'bridge W4' SetUp/Activate(202-936, 실카드 수백장이 GManager.GetComponent<SelectCardEffect>() 경유로 호출)가 이미 실경로이며 EffectMutation도 그 안에서 인라인으로 직접 생성(537/599/753행), 이 블록을 거치지 않음. 구 F-2.2/F-2.4 id-flip 아키텍처 잔존으로 추정.","라이브 경로(SetUp/Activate/RootCardList/CanSelectCardAsIs/active/RunAsIsSelectionAsync)는 AS-IS 1011줄 전량에 라인앵커 달린 충실한 MATCH-TRANSLATED — Discard 모드의 AS-IS 버그성 quirk(하나라도 손패 카드가 있으면 트래시 IDiscardHands가 target 전체를 훑는 동작)까지 보존 확인. 별건: SetReducedCostTuple/SetFixedCostTuple 문서주석(343-345,349)이 'RD-W4-1: PlayForCost STOP'을 주장하나 실제 Activate() 646-729는 reduce/fixed-cost ChangeCostClass 등록을 완전 구현함 — 문서-코드 불일치(기능 결함은 아님, 문서만 stale)."
Script/SelectPermanentEffect.cs,DEVIATION,"INVENT@TOBE:117-123 IsValidSelection·129-160 BuildRequest(IZoneStateReader,players) — AS-IS 무대응, 레포 전역 호출 0건(완전 dead). SelectCardEffect.cs와 동형인 구 CV-A2/F-2 id-flip 아키텍처 잔존.","라이브 경로(SetUp/Activate/CanTargetAsIs/active/ApplyAsIsModeBatchAsync/RunAsIsSelectionAsync, 1056줄 AS-IS 전량 라인앵커)는 충실한 MATCH-TRANSLATED — 강제선택 지름길(:366-399)·PutSecurity가 이펙트소스 오너 CanAddSecurity로 게이트(:974-994)·Degenerate/Attack 순차처리·_canAttackPlayer/_defenderCondition/_faceUp이 SetUp에서 리셋되지 않는 AS-IS quirk까지 보존 확인. 동일 파일의 BuildMutations/Apply/BuildMutation/Mutation/SecurityMutation(184-292)은 ApplyAsIsModeBatchAsync가 실제로 호출하는 라이브 코드(dead 아님) — IsValidSelection/BuildRequest만 dead."
Script/ContinuousController.cs,MATCH-TRANSLATED,"No line-level deviations found in the game-relevant surface. AS-IS file (1843 lines) is a Unity MonoBehaviour singleton app-shell: scene load, Photon networking/lobby callbacks, PlayerPrefs deck/settings save-load, BGM/SE, OnGUI debug overlay, token-CEntity_Base refs — none of this is card-game rule logic. The only rule-relevant surface is the embedded top-level `RandomUtility` static class (GetSecureRandom / IsSucceedProbability / ShuffledDeckCards(List<CEntity_Base>) / ShuffledDeckCards(List<CardSource>), AS-IS :1479-1589), which is globally rehoused, not silently dropped: ShuffledDeckCards' Fisher-Yates -> src/.../Headless/Services/GameRandomSource.Shuffle<T> (seeded Xoshiro256**, verified byte-identical algorithm) + IZoneMover.ShuffleAsync/ShuffleSecurityAsync/ShuffleHandAsync (confirmed call sites in ported cards BT13_033/BT1_087/BT10_086 and MetadataActionProcessor.ShuffleDeckAsync); GetSecureRandom -> GameRandomSource.ResetSeed (deterministic seed control replaces crypto RNG, required for headless reproducibility). IsSucceedProbability's 3 AS-IS call sites (OptionalSkill.cs, TurnStateMachine.cs, SelectAttackEffect.cs) are ALL inside `GManager.instance.IsAI` gated blocks — client-side bot decision logic, not core rules; the headless architecture replaces interactive/AI decisions with ChoiceProvider/PolicyChoiceProvider (canonical §9 table), so no engine-side mirror is expected. TO-BE file is an intentional 7-line PORT skeleton stub (Decision: PORT / Category: UnityMixedLogic) — correct given the above.",Verified via grep cross-reference of RandomUtility/GetSecureRandom/ShuffledDeckCards/IsSucceedProbability call sites in both trees; no invented substitute logic found; Photon/Unity/UI-persistence portion correctly left unported per AS-IS-mirror-migration-decision (Headless/=substrate only).
Script/CardEffectCommons/GetFromHashtable.cs,MATCH-1:1,None.,"Byte-for-byte identical method bodies for all 26 accessors (GetCardEffectFromHashtable through GetDigiXrosCount) — same key strings, same type-check/cast/return structure, same control flow, same variable names. Only differences: added namespace declaration + header source-comment block, `public partial class` -> `public static partial class` (consistent with the class being pure static helpers; static is a whole-class modifier that must agree across all partial declarations of CardEffectCommons in the assembly), and the `using UnityEngine;` import dropped (unused in this file; canonical §9 UnityEngine-strip). No logic, ordering, or key-string differences."
Script/AttackProcess.cs,MATCH-TRANSLATED,"Documented, tracked relocations (not silent): (1) MIG1-BEFOREONATTACK — the AS-IS beforeOnAttackCoroutine param exists 1:1 but neither live call site (AttackDeclarationCommons.Declare / EffectDrivenAttack.Initiate) threads a non-null value yet; sole AS-IS consumer ST13_06 is an unported skeleton, so currently inert (latent, not a fidelity loss on any live card). (2) MIG1-KEYWORD-RELOCATE — Raid/Alliance counter-head switches were historically invented gates (RaidAttackSwitch/AllianceAttackBoost); AS-IS actually implements them as KEYWORD ActivateClass effects firing in the OnAllyAttack window, so the counter-head gate call was retired as a double-fire risk; the comment records this as a C-Atk-RETIRED tracked item. (3) MIG1-EXECUTE-RELOCATE — Execute's end-of-attack self-delete kept at the tail of the End stage (a freeform-pipeline position carried forward) rather than re-derived as an UntilEndAttack DeleteSelfEffect grant; tracked, not silently absorbed.",Extremely thoroughly self-documented substrate mirror (~40-line header + AS-IS line-anchored inline comments throughout) mapping every AS-IS coroutine suspension point to an explicit AttackPhase park (Declared/Blocking/Combat/DeletionReplacement/PiercingSecurity/Resolved/Completed) via AttackAdvanceResult. Spot-checked boundary guards (IsEndAttack + TopCard==null/!IsDigimon at AS-IS :106/221/258/277/301/325/386/410) all present at claimed positions; SwitchDefender (AS-IS :514-626) restored as the full guard->retarget->block-suspend->OnBlockAnyone->death-check->OnAttackTargetChanged sequence with F1-ATC-EMIT-CENTRALIZE noted as resolved. No unlisted invented control flow found.
Script/CardObjectController.cs,MATCH-TRANSLATED,"File is an explicitly-declared INCREMENTAL partial port (header: `Migration: Port core engine source — INCREMENTAL`); of the AS-IS methods, RemoveFromAllArea/CreateNewPermanent/RemoveField/AddTrashCard/AddExecutingCard/AddSecurityCard/AddHandCards/AddHandCard are ported 1:1-substrate-translated (verified line-anchored against AS-IS :370-1007). AS-IS methods not yet centralized here: AddTrashCards(plural)/AddLibraryTopCards/AddLibraryBottomCards/Shuffle/MovePermanent — verified NOT silently dropped: each is reproduced inline at its card-effect call sites via the IZoneMover substrate (e.g. src/.../CardController.cs:1551-1612 explicitly comments 'AS-IS CardObjectController.AddLibraryBottomCards' at the zone-mover call it replaces; MetadataActionProcessor.ShuffleDeckAsync -> context.ZoneMover.ShuffleAsync). CreatePlayerDecks (Photon master-client / AI random-deck bring-up) and AlignHand (GridLayoutGroup spacing) are Unity/Photon UI-and-matchmaking-only, correctly out of engine scope (same class as ContinuousController's stripped surface).",File header itself documents the SUBSTRATE SEAM rationale (list-mutation -> IZoneMover writes) and explicitly enumerates which AS-IS line ranges are covered so far; cross-checked against grep for the 5 unported method names across src/HeadlessDCGO.Engine to confirm inline rehousing rather than a silent gap.
Script/CardEffectCommons/RevealLibrary.cs,MATCH-TRANSLATED,"Design item RD-W3-1 (tracked, documented in-file): the incremental one-pick-at-a-time selection loop used when canTargetCondition_ByPreSelecetedList is present cannot reproduce un-picking an already-picked card to satisfy canEndSelectCondition at maxCount; recorded as unreachable for the AS-IS caller shapes (prefix-monotone conditions) rather than silently ignored.",Bridge-W3 mutation-helper mirror (docs/audit/mutation_helper_bridge_map.md referenced). Verified AS-IS statement-order claims against the read AS-IS source: RevealDeckTopCardsAndProcessForAll's revealedCardsCoroutine-before-remaining-routing (AS-IS :97-105) vs RevealDeckTopCardsAndSelect's remaining-routing-before-revealedCardsCoroutine (AS-IS :427-461) — both orderings preserved exactly as AS-IS in the two TO-BE methods (explicitly called out in the file's own comments as an intentional order flip between the two sibling methods). mutualConditions relaxation (AS-IS :302-308) reproduced verbatim. RemainingCardsPlace routing switch (DeckBottom/DeckTop/Trash/AddHand/DeckTopOrBottom) matches AS-IS case set 1:1.
Script/SelectHandEffect.cs,MATCH-TRANSLATED,"Minor: the file's own comment (TO-BE :460) claims '_noSelect = the returned card list is empty (AS-IS :604)', but AS-IS :604 is actually `_noSelect = cardSeletion.CardIDList == null` (a null-vs-empty-array distinction, not an empty-list check) — AS-IS can reach EndSelect_RPC with a non-null EMPTY CardIDs list when canEndNotMax permits ending with 0 selected, which AS-IS treats as _noSelect=false (falls through into the post-selection block on an empty _targetCards), whereas TO-BE's `selected.Count == 0` collapses that case into _noSelect=true (skips the block). Functionally inert in both engines because every downstream operation in that block (per-card foreach, discardHands.Count>0 gate, sink.FlushAsync with 0 staged mutations, PlayPermanentCards over an empty list) is a no-op on an empty card list, so no observable behavior difference was found; flagged for completeness, not a fidelity-breaking DEVIATION. Design item RD-W4-2 (tracked, analogous to RD-W3-1): the incremental byPreSelectedList selection loop cannot un-pick an already-picked card to satisfy canEndSelectCondition at maxCount, same documented limitation as RevealLibrary.cs.","Bridge-W4 mirror of the hand-scoped sibling of SelectCardEffect/SelectPermanentEffect. Verified Mode enum matches AS-IS 1:1 (Discard/PutLibraryTop/PutLibraryBottom/PutSecurityBottom/PlayForFree/PlayForCost/Custom); PlayForCost's reduce/fixed-cost ChangeCostClass registration+release sequence (AS-IS :783-892) reproduced with identical local predicate bodies (PermanentsCondition/SharedCardCondition/ChangeCost closures); per-card select-coroutine-before-mode-switch ordering (AS-IS :716-730, outside the switch) preserved; default per-Mode prompt strings (AS-IS :204-244) copied verbatim."
Script/EditDeck.cs,BLOCKED,,"스텁 vs 순수 Unity UI(MonoBehaviour 덱-에디터 화면; 룰층 0 — 카드추가 판정은 DeckBuildingRule.CanAddCard 별도 파일이 담당, 본 파일은 UI 배선만)"
Script/OfficialCardListUtility.cs,BLOCKED,,"스텁 vs 공식 카드리스트 HTML 스크래핑/파싱 유틸(DataLoader) — AS-IS 내 타 파일에서 호출부 0(자기 자신 외 참조 없음); 런타임 룰로직 아님, 빌드-시 데이터 임포트 도구"
Script/CardEffectInterfaces.cs,MATCH-TRANSLATED,,"74개 마커 인터페이스 전량 1:1(시그니처·주석 보존)+AS-IS CEntity_Effect.cs 병합 이식(파일 충돌 회피, 헤더에 사유 명시); MonoBehaviourPunCallbacks 제거(§9 등재); PermanentOfThisCard()!=null → !PermanentView.IsEmpty(등재 adaptation(2) 변형); CardColor(enum)·JogressCondition·DigiXrosCondition·BurstDigivolutionCondition는 헤더가 '당시 MISSING'이라 명시했으나 이후 CEntity_Base.cs/CardSource.cs에 추가되어 현재 실재(설계항목 COLOR-MODEL-DUALITY로 추적됨) — 갭 아님"
Script/CardEffectCommons/DNADigivolveEffects.cs,MATCH-TRANSLATED,,"AS-IS 256개 라인대(:20-452) 사설 co-eval 헬퍼+CanJogressWithHandOrTrash+DNADigivolveWithHandOrTrashCardIntoHandOrTrash 1:1 포팅(witness: tests/DNATEMP-Witness); PlayTempPermanent(finalCard:false) 임시 슬롯쓰기·널백 → 읽기전용 SnapshotZone Permanent VIEW(RD-S3-BT17_095 Option-2, no-op 대체)로 등재 번역; DNADigivolvePermanentsIntoHandOrTrashCard는 AS-IS 시그니처 오버로드가 실 구현(CardEffectCommons.cs:2178)에 위임하는 브릿지(docs/audit/mutation_helper_bridge_map.md 등재) — 교차파일 재하우징, 갭 아님; SetJogressEvoRootsController(PunRPC) 사설클래스는 실구현이 이관된 CardEffectCommons.cs 쪽 소관"
Script/DataBase.cs,MATCH-TRANSLATED,,"의도적 부분 미러(문서화: 'grown member-by-member, not ported wholesale') — 포팅된 멤버 전량 검증: ReplaceToASCII·IsXAntibodyString·17개 *EffectDiscription 텍스트 상수·CardColorNameDictionary·DictionaryUtility.GetCardColor 모두 AS-IS와 바이트 단위 verbatim(매개변수명 1건 무해 개명 PokemonTypeStringDictionary→cardColorNameDictionary 제외); 미포팅 잔여 멤버(CardKindJPNameDictionary 등 900+ 줄)는 partial 재하우징으로 오판 제외"
Script/HandCard.cs,BLOCKED,,스텁 vs 순수 Unity UI(MonoBehaviour 핸드카드 표시/드래그·클릭 컴포넌트; 룰층 0 — cardSource.IsLevel 등은 아이콘 표시용 읽기 전용 참조)
Script/SelectAttackEffect.cs,MATCH-TRANSLATED,,"CanTarget/CanAttackDigimon/CanAttackPlayer/active/CanEndSelect 판정로직 1:1; AS-IS Photon RPC+WaitUntil 선택 UI → ChoiceProvider 좌석(§9 등재 '인터랙티브 선택 응답' 패턴); 공격개시는 AttackDeclarationCommons.Declare/DeclareAsync 공유 체크포인트로 위임(문서화된 ADAPTATION, MIG1-BEFOREONATTACK은 추적된 설계항목·latent)"
Script/MultipleSkills.cs,MATCH-TRANSLATED,,ActivateMultipleSkills/ActivateMultipleSkills_OnePlayer의 수집→턴/비턴 분할→while(true) 재평가→순서선택→선택적확인→해소→RuleProcess→TriggeredSkillProcess 컷인 재귀 결정로직 1:1(design §1.4/§4 승인 및 R3-C2 flip으로 live); 구조적으로는 재진입-가능 continuation으로 리팩터(RunPhasesAsync/PassLoopAsync/RunPickBodyAsync 분리)했으나 이는 서스펜드/리쥼 지원을 위한 문서화된 아키텍처 작업이며 판정로직 자체는 손대지 않음; UI/Photon 전송(photonView.RPC SetTargetSkill 등)은 ISkillWindowChoicePort로 치환(등재 ADAPTATION A2)
Script/CEntity_EffectController.cs,MATCH-TRANSLATED,,"GetCardEffects_ExceptAddedEffects/GetCardEffects/InitUseCountThisTurn/GetUseCountThisTurn/isOverMaxCountPerTurn/RegisterUseEffectThisTurn/RemoveUseEffectThisTurn/EmptyEffectClass 전량 verbatim; AddCardEffect(reflection Component 부착)만 스트립 — 구조적 동등물 CardEffectDispatch.TryCreateForCard가 이미 동일 역할 수행함을 헤더에 명시(FOUNDATION brief); PermanentOfThisCard() → ICardEffect.ResolvePermanentOfThisCard(등재 adaptation(2)); CanNotBeAffected 시그니처 차이는 MIG5(선행 골)에서 이미 확정된 adaptation; CEntity_EffectControllerStore/CEntityUseCycle/CardEffectDispatch는 'not AS-IS' 추가 인프라로 명시 라벨링(정본 대비 발명 아님, per-instance 저장소+서스펜드 재생 트랜잭션 필요성 문서화)"
Script/CardEffectCommons/GameContextDeterminarion.cs,DEVIATION,"GAP: AS-IS OwnerHas1OrLessTamers (:858-864, static bool, checks card.Owner's battle-area Tamer count <=1) has ZERO TO-BE definition anywhere in src tree, yet has 4 LIVE AS-IS callers (BT22_030.cs:75, EX10_017.cs:107, BT23_016.cs:98, BT23_042.cs:96) — all 4 caller cards are themselves unported (no TO-BE file exists for any of the 4), so the gap is currently latent but the primitive itself was dropped, unlike its sibling HasNoElement/MatchConditionPermanentCount which were pre-emptively rehoused; MINOR: TO-BE TurnOwnershipHelpers.IsOwner(HeadlessPlayerId,HeadlessPlayerId)/IsOpponent(...) (2 extra methods beside the AS-IS-anchored IsOwnerTurn/IsOpponentTurn) have no identifiable AS-IS symbol counterpart (no bare 'IsOwner'/'IsOpponent' method exists anywhere in AS-IS) and zero TO-BE callers anywhere — appears pre-existing from an earlier fold (present already in the prior TOBE_ONLY commit per git history) rather than freshly invented in this audit window.","(P6 cluster3) Sibling-partial file: TO-BE is a 55-line fragment porting only IsExistOnBattleAreaDigimonTrigger/Activate + TurnOwnershipHelpers, with the bulk of GameContextDeterminarion.cs's ~65 AS-IS symbols correctly rehoused elsewhere: IsExistOnBattleAreaTrigger/Activate confirmed ported verbatim in the sibling main CardEffectCommons.cs:1302-1309 (cross-referenced, collapsed-cache-check documented); HasNoElement<T> confirmed ported CardEffectCommons.cs:3795 (generic method — my first grep pass missed it due to <T>); MatchConditionPermanentCount confirmed rehoused with clear ADAPTATION doc-comment in CardEffectCommons/KeyWordEffects/Save.cs:24 (scoped card-overload, documented as 'the sole mirror overload of this name'). Confirmed legitimately UNPORTED as AS-IS DEAD CODE (zero external AS-IS callers verified via grep, only self-referencing definition file): IsExistOnFieldTrigger/Activate, IsExistOnBreedingAreaTrigger/Activate, IsExistDigivolutionCardsTrigger/Activate, IsExistLinkedTrigger/Activate, IsPermanentExistsOnOpponentBreedingArea, UniversalRootCanNoSelectCondition — these 10 symbols are correctly absent, not gaps."
Script/FieldPermanentCard.cs,BLOCKED,,"TO-BE is a bare 8-line skeleton stub ('TODO: Skeleton only. Port or implement deterministic .NET logic later.'), no reclassification annotation. AS-IS (894 lines) is a pure Unity MonoBehaviour view component for the on-field card visual (Image/Text/Animator/CommandPanel/DOTween fields, SetActive/instantiate methods) — no rule-mutating logic identified in a header scan. Consistent with the 'AS-IS FieldPermanentCard instantiation = UI (stripped)' comments already present in CardObjectController.cs:99 and elsewhere in the ported tree, but this specific file lacks the formal SKEL-Exhaust/reclassification note that sibling UI files (e.g. SelectCardPanel.cs in this same batch) carry — flagged BLOCKED per stub-without-reason protocol rather than silently accepted."
Script/SelectAssemblyClass.cs,MATCH-TRANSLATED,,"Rich, heavily AS-IS-line-annotated 1:1 mirror of all AS-IS instance-surface methods (ResetSelectAssemblyClass/AddDigivolutionCardInfos/SetExcludedCards/isTrashCard/CanSelectAssembly/CanFulfillConditions/CanFulfillEachElementCondition/Select/SelectTrashCard/EndSelectAssembly/AddDigivolutiuonCards/AddDigivolutiuonCardsByEffect), each keyed to AS-IS line ranges. Substrate-only translations: IEnumerator->Task, card.PermanentOfThisCard()->ICardEffect.ResolvePermanentOfThisCard, card.Owner.TrashCards->new Player(ctx,owner).TrashCards. Adds a documented STATIC feasibility half (TryMatchMaterials/CanFulfillConditions(EngineContext,...)/ValidateMaterials) explicitly labeled as the twin surface the parameterized PlayCardAction path needs (RD-EXT3-02) — same backtracking algorithm as CanFulfillEachElementCondition, reused as a static entry point; not new game logic."
Script/GManager.cs,MATCH-TRANSLATED,,"Documented substrate translation of the AS-IS GManager MonoBehaviourPun singleton (EFFECT-MODEL REBUILD) into a match-scoped accessor over EngineContext/AmbientMatchContext. UI/Photon/audio members (dozens of AudioClip/Canvas/Camera/SE fields, Awake/OnDestroy/ChangeBackground/Init/ReturnToTitle) correctly stripped as non-rule state. Game-logic handles preserved: turnStateMachine, autoProcessing/autoProcessing_CutIn, attackProcess, userSelectionManager, GetComponent<T>() switch covering SelectPermanentEffect/SelectCardEffect/SelectHandEffect/OptionalSkill/SelectCountEffect/SelectDigiXrosClass/SelectAssemblyClass/SelectDNACondition/SelectAttackEffect/SelectAppFusionEffect/SelectBurstDigivolutionEffect (unsupported T throws STOP per design item RD-W4-3, not silent). AS-IS selectJogressEffect field correctly absent — cross-checked against SelectJogressEffect.cs's own SKEL-Exhaust reclassification note (superseded by the ChoiceProvider-based DNA-digivolve substrate path), consistent, not an independent gap. StackSkillInfos absence is a pre-existing tracked design item (P2-STACKSKILLINFOS), not new."
Script/DeckData.cs,BLOCKED,,"TO-BE is a bare 8-line skeleton stub, no reclassification note. AS-IS (868 lines) is a plain (non-MonoBehaviour) C# class implementing deck-code string encode/decode (base-256 packing of card ID lists) plus deck metadata (DeckName/DeckID/counts) for the deck-builder/save-load UI feature. Cross-checked: the TO-BE Headless substrate has its own independent deck-loading mechanism (Headless/DataLoading/StarterDecks.cs, DeckListLoader.cs, DeckValidator.cs) that the engine's match setup actually uses — the one live TO-BE reference to 'DeckData' (SelectCardEffect.cs:490) is a comment noting the AS-IS DeckData sort/matching-first ordering is UI-panel display logic (stripped), not engine state. Plausibly legitimately out-of-scope (UI/save-format feature superseded by the substrate loader) but the manifest-generated stub header still marks it Category=CoreRule/Priority=HIGH and carries no explicit reclassification decision — flagged BLOCKED per stub-without-reason protocol."
Script/CardEffectCommons/CanUseEffects/OnDeletion.cs,MATCH-TRANSLATED,,"Byte-for-byte verbatim port of all 12 AS-IS functions (CanTriggerOnDeletion/CanTriggerOnPermanentDeleted/CanTriggerOnPermanentLeave/IsByBattle/IsByEffect/CanActivateOnDeletion/IsTopCardInTrashOnDeletion/IsTopCardSamePermanent/CanActivateSelfOnDeletionWithContainingCardName+OnDeletionWithContainingCardName/…WithContainingTrait/…WithCardColors/…WithSaveText), with one documented ADAPTATION: IsByBattle/IsByEffect gain an OR-fallback read of derived ByBattleCauseKey/ByEffectCauseKey markers (cross-referenced with HashtableSetting.cs's matching overloads in this same batch) for sink/battle/deferred-deletion transport paths that have no live IBattle/ICardEffect object yet (RD-C1-CARDEFFECT-IDTHREAD, pre-existing tracked non-scope item) — same truth table preserved for the faithful live-object path."
Script/SelectBurstDigivolutionEffect.cs,MATCH-TRANSLATED,,"All 4 AS-IS methods (SelectWheterToBurst/SelectTamer/BounceTamer/AddTrashTopCardAtTurnEnd) FULLY LANDED per the file's own 2026-07-20/07-18 completion notes — cross-verified: SelectTamer restored via CardSource.CanPlayBurst; BounceTamer restored via MatchStateMutationSink ReturnToHand carrier (HandBounceClaass's established mirror) with an explicit AS-IS-quirk-kept callout (the pick-branch guards on _endSelectCoroutine_Burst!=null but invokes _endSelectCoroutine_SelectTamer, kept 1:1 both sides); AddTrashTopCardAtTurnEnd ports the OnEndTurn ActivateClass registration + AceOverflowClass + CardObjectController zone statics 1:1, DOTween/display calls (CreateDebuffEffect/ShowPermanentData/RemoveDigivolveRootEffect) correctly stripped as pure UI. SelectWheterToBurst's two-option panel maps to a documented ChoiceType.ModeChoice ADAPTATION (same pattern as SelectAppFusionEffect in this batch)."
Script/CardEffectCommons/HashtableSetting.cs,MATCH-TRANSLATED,,"All 16 AS-IS hashtable-builder functions present and verbatim, each substrate ADAPTATION individually commented: Permanent(cardSources)->Permanent(context,instanceId,ownerId) transient-view ctor; .Clone()->.ToList() on IReadOnlyList mirror surfaces; CardColor list round-trip via CardSource.ToCardColorList; PermanentOfThisCard()->ICardEffect.ResolvePermanentOfThisCard bridge. Adds 2 documented ADAPTATION overloads (WhenPermanentWouldRemoveFieldCheckHashtable(permanents,byBattleCause,...) and OnDeletionHashtable(permanents,byEffectCause,byBattleCause,isDPZero)) that delegate to the faithful builder and stamp the ByBattleCauseKey/ByEffectCauseKey markers consumed by OnDeletion.cs's IsByBattle/IsByEffect fallback (cross-verified consistent with that file in this same batch) — same C2/RD-C1-CARDEFFECT-IDTHREAD transport-path rationale, not independent inventions. Also adds a shared BuildBattleResultPayload helper factoring out the AS-IS CardController.Battle :4694-4700 hashtable-population idiom, reused by PierceCheckHashtableOfPermanent's synthetic probe and documented as sharing technique with the real battle finalizer."
Script/SelectCardPanel.cs,BLOCKED,,"TO-BE is an 11-line stub explicitly reclassified (not a bare TODO): 'RECLASSIFIED: NOT a card-effect primitive. The AS-IS body is a pure Unity UI panel (MonoBehaviour : TextMeshProUGUI/ScrollRect/Button/DG.Tweening, GameObject.SetActive, Instantiate). Card selection in headless is driven by the ChoiceProvider substrate...out of scope for the engine freeze contract.' Verified AS-IS (688 lines) header confirms heavy TMPro/UI.ScrollRect/DG.Tweening/EventSystems imports consistent with this classification. Legitimate documented exclusion, not an oversight — flagged BLOCKED (stub) per protocol but with sufficient stated reason, distinguishing it from the 4 bare-TODO stubs in this same batch (FieldPermanentCard/DeckData/CardPrefab_CreateDeck/DetailCard_DeckEditor)."
Script/CardPrefab_CreateDeck.cs,BLOCKED,,"TO-BE is a bare 8-line skeleton stub, no reclassification note. AS-IS (636 lines) is a pure Unity MonoBehaviour deck-builder card-prefab view (Image/ScrollRect/Cover/Outline/Animator/CostIcons/TextMeshProUGUI/Coffee.UIEffects fields) — deck-construction UI display, not engine rule state. Zero TO-BE callers found anywhere in src tree. Plausibly legitimately out of engine scope (same class as SelectCardPanel.cs) but lacks the formal reclassification annotation — flagged BLOCKED per stub-without-reason protocol."
Script/CardEffectFactory/KeyWordEffects/BlastDNADigivolution.cs,MATCH-TRANSLATED,,"Fully ported 1:1 mirror including the top-level BlastDNACondition holder class (verbatim Name/Permanents/CardSources + ctor) and the complete BlastDNADigivolveEffect factory body (FilterDNAPermanents/FilterDNAHandSources/HasValidDNATargets/CanSelectPermanent/CanSelectHandSource/CanUseCondition/CanActivateCondition/ActivateCoroutine incl. nested SelectPermanentCoroutine/SelectCardCoroutine). All 4 originally-blocking design items (RD-P6C1-7 SelectHandEffect, RD-P6C1-2 CanPlayJogress, field-frame WRITE via frameless CreateNewPermanent zone-append, jogress COLLAPSE detach leaf) are closed per the header's 2026-07-23 completion note; FRAME ADAPTATION (PreferredFrame/frameID slot-capacity dance -> frameless zone-append) is documented and consistent with the established BT17_095 idiom used elsewhere. File is honest about being 'latent (no live card caller)' — exercised only by a construction smoke test, and flags that a pre-P4 monolith test's anchor (G9-048) moved as a known, already-logged finding, not a new gap."
Script/CardEffectFactory/ChangeSAttack.cs,MATCH-TRANSLATED,"MINOR (undocumented but verified-equivalent rename): TO-BE InvertSAttackStaticEffect uses card.CardNumber for the hash-string key ($""InvertSecA_{card.CardNumber}"") where AS-IS uses card.CardID ($""InvertSecA_{card.CardID}""); the file's own ADAPTATION header lists only 2 items (PermanentOfThisCard bridge, CanNotBeAffected signature) and omits this 3rd substitution. Verified: TO-BE CardSource has no CardID member at all (only CardNumber, backed by Definition.CardNumber); AS-IS CardID resolves to CEntity_Base.CardID (the printed-card-number string field on the ScriptableObject definition) — semantically the same identifier under a renamed accessor, not a behavior change (both produce the same per-card-definition identity string used only as an internal hash key).","Otherwise byte-identical port of all 6 AS-IS functions (ChangeSelfSAttackStaticEffect/ChangeTargetSAttackStaticEffect/ChangeSAttackStaticEffect/InvertSelfSAttackStaticEffect/InvertTargetSAttackStaticEffect/InvertSAttackStaticEffect), generic-T int/Func<int> dispatch logic, CalculateOrder.UpDownValue, and CanNotBeAffected gating all verbatim."
Script/DetailCard_DeckEditor.cs,BLOCKED,,"TO-BE is a bare 8-line skeleton stub, no reclassification note. AS-IS (528 lines) is a pure Unity MonoBehaviour deck-editor detail-card display panel (Image/TextMeshProUGUI/EvoCostColorTab fields for card name/cost/DP/evolution-cost display) — UI display, not engine rule state. Zero TO-BE callers found anywhere in src tree. Same class as CardPrefab_CreateDeck.cs/DeckData.cs — flagged BLOCKED per stub-without-reason protocol."
Script/SelectAppFusionEffect.cs,MATCH-TRANSLATED,,"Full 1:1 mirror of all 3 AS-IS methods (SelectWheterToAppFusion/SelectLink/AddToSources) plus SetUp_SelectWheterToAppFusion/SetUp_SelectLink and all state fields, each AS-IS line range cited. SelectWheterToAppFusion's two-option 'Normal Digivolution'/'App Fusion' panel maps to the same documented ChoiceType.ModeChoice ADAPTATION as SelectBurstDigivolutionEffect (synthetic 'appFusion#{index}' ids). SelectLink explicitly KEEPS the AS-IS quirk verbatim (guard tests _endSelectCoroutine_AppFusion!=null but invokes _endSelectCoroutine_SelectLink) with an explicit no-simplification-rule callout. AddToSources' link.PermanentOfThisCard() bridges via ICardEffect.ResolvePermanentOfThisCard; UnityEngine.Debug.Log correctly stripped as UI/log."
Script/CardEffectCommons/KeyWordEffects/Alliance.cs,MATCH-TRANSLATED,,"All 4 AS-IS functions ported (CanActivateAlliance/AllianceProcess/GainAlliance/GainAlliancePlayerEffect), with GainAlliance/GainAlliancePlayerEffect rehoused as an ICardEffect-signature Task overload delegating to a CardSource-only substrate sibling (documented per effect_model_rebuild_design §11.3 convention). AllianceProcess carries a self-documented fidelity RESTORATION note: the AS-IS Alliance.cs:95 guard 'suspend only if !selected.TopCard.CanNotBeAffected(activateClass)' was found dropped during an earlier P6-cluster2 rewrite and has been re-added here, evidencing active fidelity upkeep rather than a live gap. HasMatchConditionPermanent(card,cond) verified as the correct 'both-players battle-area view scan' overload (CardEffectCommons.cs:3724, EnumerateFieldPermanentViews(card,...).Any(cond)) matching AS-IS's global-scan-filtered-by-owner-condition semantics — not a scoping narrowing. SuspendPermanentsClass(list,activateClass,isBlock:false) and ChangeDigimonDP/ChangeDigimonSAttack(...,sourceCard,...) both ride established codebase-wide mirror-overload signatures (verified present at CardEffectCommons.cs:1627/1667), not local inventions."
Script/PermanentDetail.cs,BLOCKED,,스텁(TODO Skeleton) vs 순수 Unity UI 패널(CardImage/ScrollRect/DOTween/TMP) — §3 UI-panel UNPORTED류
Script/SelectJogressEffect.cs,BLOCKED,,스텁이나 사유 명기: UI-flow orchestrator 재분류 — 실결정은 ChoiceProvider 기반 DNA-digivolve 파이프라인(DNADigivolvePermanentsIntoHandOrTrashCard)으로 대체
Script/SelectCountEffect.cs,MATCH-TRANSLATED,,MIG7 count-picker + P6C1 AS-IS 시그니처 전면 포팅(SetUp/SetCandidates/SetPreferMin/SetIsDigivolutionCost/Activate) 1:1; UI(outline/commandText) stripped
Script/CheckCardPanel.cs,BLOCKED,,스텁(TODO Skeleton) vs 순수 Unity UI 패널(ScrollRect/EventTrigger/Photon) — §3류
Script/CheckEffectDisabledClass.cs,MATCH-1:1,,disable-tree 평가기 순수 LINQ 로직 verbatim 포팅(메서드 순서까지 동일)
Script/CEntity_Base.cs,MATCH-TRANSLATED,,EFFECT-MODEL REBUILD 부분 미러 — CardColor enum만 우선 이식(성장형)
Script/UserSelectionManager.cs,MATCH-TRANSLATED,,bridge W5 1:1 — Photon/panel 전송을 ChoiceProvider ModeChoice 1건으로 치환(문서화); WaitForEndSelect 무한폴링 불가경로는 throw(RD-W5-3
Script/PermanentEffectFactory.cs,MATCH-TRANSLATED,,DeleteSelfEffect/DigimonEffectImmunity/OptionEffectImmunity/CanNotSwitchAttackTargetEffect/CollisionEffect/AddDetailClass 전원 1:1; 발명 string-key 오버로드는 0-consumer 확인 후 물리삭제(G-clean
Script/CardEffectCommons/KeyWordEffects/Partition.cs,MATCH-TRANSLATED,,CanTriggerPartition/CanActivatePartition/PartitionProcess/PartitionClass 1:1; CreateDebuffEffect·Play Log = UI stripped
Script/CardEffectCommons/KeyWordEffects/Retaliation.cs,MATCH-TRANSLATED,,CanActivateRetaliation/RetaliationProcess/GainRetaliation 1:1; 종단 delete는 검증된 DeletePeremanentAndProcessAccordingToResult 경유(동일 파이프라인)
Script/CardEffectFactory/KeyWordEffects/Partition.cs,MATCH-TRANSLATED,,PartitionCondition(string 색상)+PartitionSelfEffect/PartitionEffect 1:1; SetHashString의 card.CardID→card.CardNumber는 전역 CardID→CardNumber 개명 컨벤션(전 파일 일관)
Script/CardEffectFactory/ChangePlayCost.cs,MATCH-1:1,,ChangePlayCostStaticEffect/MandatorySelfPlayCostReduction 바이트 수준 동일(최근 W3c-final AS-IS화 커밋 반영 확인)
Script/DeckInfoPanel.cs,BLOCKED,,스텁(TODO Skeleton) vs 순수 Unity 덱정보 UI 패널(InputField/Animator/Clipboard)
Script/GameContext.cs,MATCH-TRANSLATED,,MIG6 stateless VIEW 1:1(Players/Players_ForTurnPlayer/TurnPlayer/TurnPhase/Memory/PermanentsForTurnPlayer/ActiveCardList); FirstPlayer·SwitchTurnPlayer/DoSwitchTurnPlayer는 GameContextStateAccessor로
Script/SelectDeck.cs,BLOCKED,,스텁이나 사유 명기: 순수 Unity 덱선택 화면(OffAnimation/Animator/ScrollRect) — §3 UI-panel류와 동급 재분류
Script/CardEffectFactory/KeyWordEffects/Link.cs,MATCH-TRANSLATED,,LinkEffect+ChangeLinkCostClass 계열 1:1; PermanentOfThisCard→ResolvePermanentOfThisCard 등 확립된 substrate 치환만
Script/CardEffectCommons/KeyWordEffects/Execute.cs,MATCH-TRANSLATED,,CanActivateExecute/ExecuteProcess/GainExecute 1:1; OnEndTurn 창 경유로 재배선(문서화
Script/CardEffectCommons/KeyWordEffects/Overclock.cs,MATCH-TRANSLATED,,CanActivateOverclock/OverclockProcess/GainOverclock 1:1; SelectAttackEffect 오퍼는 확립된 EffectDrivenAttack substrate
Script/CardEffectFactory/ChangeDP.cs,MATCH-TRANSLATED,,ChangeSelfDPStaticEffect/ChangeTargetDPStaticEffect/ChangeDPStaticEffect 1:1; PermanentView 브릿지·CanNotBeAffected 시그니처만 substrate 치환
Script/Effect Examples/Link_Examples.cs,BLOCKED,,스텁(TODO Skeleton)이나 AS-IS 자체가 DCGO.CardEffects.Examples 네임스페이스의 문서화 TEMPLATE — 실제 카드번호 아님·카드DB 미등재·인스턴스화 안 됨(TrashLinkedCards.cs RD-SKEL-01 주석에서 교차 확인)
Script/DeckBuildingRule.cs,BLOCKED,,"스텁(TODO Skeleton)이나 census(design_item_census_2026-07-23.md:259)에서 ""스테일 플레이스홀더·정리 후보""로 명시 확인 — 덱합법성 로직은 헤드리스 룰 파이프라인 전역에 재하우징(카드당 4장/디지타마 5장 등은 rl_env_design 문서가 별도 확인)"
Script/CardEffectCommons/KeyWordEffects/Vortex.cs,MATCH-TRANSLATED,,CanActivateVortex/PermanentHasVortexCanAttackPlayers/VortexProcess/GainVortex 1:1; GameContext 인스턴스화로 컨텍스트 획득만 substrate 치환
Script/CardEffectFactory/ChangeLinkMax.cs,MATCH-TRANSLATED,,ChangeSelfLinkMaxStaticEffect/ChangeTargetLinkMaxStaticEffect/ChangeLinkMaxStaticEffect 1:1
Script/CardEffectFactory/KeyWordEffects/Scapegoat.cs,MATCH-TRANSLATED,,ScapegoatSelfEffect/ScapegoatEffect/ScapegoatStaticEffect 1:1; card.CardID→CardNumber 개명 컨벤션
Script/CardEffectFactory/ChangeDigivolutionCost.cs,MATCH-1:1,,ChangeDigivolutionCostStaticEffect 바이트 수준 동일
Script/CardEffectFactory/KeyWordEffects/BlastDigivolution.cs,MATCH-TRANSLATED,,BlastDigivolveEffect 1:1 — RD-P6C2-11 필드-프레임 슬롯 read-side 착륙 확인 후 정식 포팅(과거 STOP 해소 문서화)
Script/CardEffectCommons/KeyWordEffects/Blitz.cs,MATCH-TRANSLATED,,CanActivateBlitz/BlitzProcess(훅 유/무 양경로)/GainBlitz 1:1; RD-W3-7 문서화된 잔여 설계항목(무훅 경로의 causing-effect 미threading
Script/CardEffectCommons/GiveEffect/GiveEffectToPermanent/CanNotUnsuspend.cs,MATCH-TRANSLATED,,GainCanNotUnsuspend/GainCantUnsuspendUntilOpponentTurnEnd/GainCantUnsuspendNextActivePhase 1:1(공유 Impl로 리팩터되었으나 판정 로직 동일)
Script/CardEffectFactory/KeyWordEffects/Alliance.cs,MATCH-TRANSLATED,,AllianceSelfEffect/AllianceEffect/AllianceStaticEffect 1:1
Script/CardEffectCommons/KeyWordEffects/Decode.cs,MATCH-TRANSLATED,,CanActivateDecode/DecodeProcess/GainDecode 1:1; PlayPermanentCards는 sourceCard 오버로드(별도 확인된 기존 오버로드) 사용
Script/CardEffectCommons/TrashLinkedCards.cs,BLOCKED,,SelectTrashLinkedCards — RD-SKEL-01: AS-IS 자체가 LinkedCards/DigivolutionCards 예산 불일치로 인한 잠재 무한루프 구조(재검증 완료
Script/CardEffectCommons/CanUseEffects/WhenDeleteOpponentDigimon.cs,MATCH-1:1,,CanTriggerWhenDeleteOpponentDigimon 바이트 수준 동일
Script/CardEffectCommons/GiveEffect/GiveEffectToPermanent/ChangeSAttack.cs,DEVIATION,GAP@AS-IS:124 InverteDigimonSAttack·:176 InvertDigimonSAttack — TO-BE 전역 무대응(grep 확인),ChangeDigimonSAttack 2오버로드는 충실 브릿지
Script/StreamingAssetsUtility.cs,BLOCKED,,스텁 vs Unity 이미지/IO 인프라(룰층 아님)
Script/CardEffectCommons/KeyWordEffects/Raid.cs,MATCH-TRANSLATED,,substrate only
Script/CardEffectFactory/KeyWordEffects/Blitz.cs,MATCH-TRANSLATED,,substrate only
Script/CardEffectFactory/AddDigivolutionRequirement.cs,MATCH-TRANSLATED,,경계값 전 보존
Script/CardEffectCommons/KeyWordEffects/Pierce.cs,MATCH-TRANSLATED,,substrate only
Script/OptionalSkill.cs,MATCH-TRANSLATED,,ChoiceProvider seam
Script/CardEffectCommons/TrashDigivolutionCards.cs,MATCH-TRANSLATED,,재하우징 확인(CardEffectCommons.cs:2126)
Script/CardEffectFactory/CanNotBlock.cs,MATCH-TRANSLATED,,substrate only
Script/CardEffectCommons/GiveEffect/GiveEffectToPermanent/ChangeLinkMax.cs,MATCH-TRANSLATED,,substrate only
Script/CardEffectCommons/GiveEffect/GiveEffectToPermanentOrPlayer.cs,MATCH-TRANSLATED,,+무해 null-가드(강화)
Script/CardEffectCommons/KeyWordEffects/Progress.cs,MATCH-TRANSLATED,,substrate only
Script/CardEffectFactory/CanNotDigivolve.cs,MATCH-TRANSLATED,,substrate only
Script/CardEffectCommons/KeyWordEffects/MaterialSave.cs,MATCH-TRANSLATED,,가드-역전=행동등가
Script/CardEffectCommons/CanUseEffects/WhenDeleteOpponentDigimonByBattle.cs,MATCH-TRANSLATED,,body byte-identical
Script/CardEffectCommons/KeyWordEffects/MindLink.cs,MATCH-TRANSLATED,IsFlipped narrowing 드롭(flip 미모델)·self-tuck 가드 추가(무해),headless choice-model
Script/NextPhaseButton.cs,BLOCKED,,스텁 — pass/hatch 디스패치는 TurnStateMachine/TurnFlowDriver/PassAction 재하우징 확인(갭 아님)
Script/CardEffectFactory/CanNotAttack.cs,MATCH-TRANSLATED,,substrate only
Script/CardEffectCommons/KeyWordEffects/Fortitude.cs,MATCH-TRANSLATED,,AS-IS Evade-quirk verbatim 보존
Script/IEnumerableExtension.cs,MATCH-TRANSLATED,,verbatim helpers
Script/CardEffectFactory/AddAppfusionMethod.cs,MATCH-TRANSLATED,,Unity-truthy→!=null
Script/CardEffectCommons/KeyWordEffects/Blocker.cs,MATCH-TRANSLATED,,substrate only
Script/CardEffectFactory/KeyWordEffects/Decoy.cs,MATCH-TRANSLATED,,substrate only
Script/CardEffects/ChangeCostClass.cs,MATCH-TRANSLATED,,substrate only
Script/CardEffectFactory/AddLinkRequirement.cs,MATCH-1:1,,byte-identical
Script/CardEffectCommons/KeyWordEffects/Barrier.cs,MATCH-TRANSLATED,,substrate only
Script/CardEffectCommons/KeyWordEffects/Rush.cs,MATCH-TRANSLATED,,+CanResolveRush scaffolding
Script/SelectDNACondition.cs,MATCH-TRANSLATED,,dead branch preserved
Script/CardEffectFactory/VortexCanAttackPlayers.cs,MATCH-TRANSLATED,,verbatim
Script/CardEffectCommons/CanUseEffects/WhenWinBattle.cs,MATCH-1:1,,byte-identical
Script/Combinations.cs,BLOCKED,GAP@whole: TO-BE 스텁 vs AS-IS 실로직(GetUniqueName/ColorCardCount·GetCombinations) 미포팅·미재하우징,로직-축 GAP — 소비자 지도 후속
Script/CardEffectFactory/ChangeOriginDP.cs,MATCH-1:1,,byte-identical
Script/CardEffectCommons/CustomMessage.cs,MATCH-1:1,,verbatim
Script/CardEffectCommons/GiveEffect/GiveEffectToPermanent/CanNotSuspend.cs,MATCH-TRANSLATED,,Impl 공유 추출·전 분기 보존
Script/CardEffectCommons/GiveEffect/GiveEffectToPermanent/StartOfMainAttack.cs,MATCH-TRANSLATED,,RD-3A-01 STOP→풀 포트
Script/CardEffectFactory/KeyWordEffects/Barrier.cs,MATCH-TRANSLATED,,CardID→CardNumber=동일값 rename
Script/CardEffectCommons/KeyWordEffects/ArmorPurge.cs,MATCH-TRANSLATED,,+CanResolveArmorPurge 문서화 additive
Script/CardEffectCommons/GiveEffect/GiveEffectToPlayer/CanNotUnsuspend.cs,MATCH-TRANSLATED,,substrate only
Script/DeckListPanel.cs,BLOCKED,,스텁 vs 순수 Unity UI(룰층 0)
Script/CardEffectFactory/KeyWordEffects/Fragment.cs,MATCH-TRANSLATED,,substrate only
Script/CardEffectFactory/KeyWordEffects/Pierce.cs,MATCH-TRANSLATED,,구 발명 Pierce.Create 대체 확인
Script/CardEffectFactory/KeyWordEffects/Evade.cs,MATCH-TRANSLATED,,substrate only
Script/CardEffectCommons/GiveEffect/GiveEffectToPlayer/CanNotSuspend.cs,MATCH-TRANSLATED,,substrate only
Script/CardEffectCommons/KeyWordEffects/Iceclad.cs,MATCH-TRANSLATED,,substrate only
Script/ShuffleDeckCode.cs,BLOCKED,,"스텁 vs 덱코드 난독화 client util(GetConvertDeckCode/GetDeckCode 셔플-암호화, ConvertBinaryNumber 기반) — 규칙층 아님"
Script/CardEffectCommons/GiveEffect/GiveEffectToPermanent/CanNotAttack.cs,MATCH-TRANSLATED,,"IEnumerator->Task·grant-time 면역가드 제거(RD-J-01, AS-IS 무조건부여 복원)·CreateDebuffEffect UI 드롭; ICardEffect+CardSource 오버로드 공유 Impl"
Script/CardEffectFactory/KeyWordEffects/Raid.cs,MATCH-TRANSLATED,,PermanentOfThisCard->ICardEffect.ResolvePermanentOfThisCard·IEnumerator->Task; CanActivateRaid/RaidProcess에 card 인자 추가=commons측과 정합(전역 시그니처 번역)
Script/CreateNewDeckButton.cs,BLOCKED,,스텁 vs 순수 Unity UI MonoBehaviour(덱생성 버튼) — 규칙층 0
Script/DeckCodeUtility.cs,BLOCKED,,스텁 vs 덱코드 import/export UI 유틸(ContinuousController.instance 등 Unity 싱글톤 의존) — 규칙층 아님
Script/CardEffectFactory/KeyWordEffects/Progress.cs,MATCH-TRANSLATED,,"PermanentOfThisCard->ResolvePermanentOfThisCard·IsOpponentEffect(ICardEffect,card)->IsOpponentEffect(cardEffect.EffectSourceCard,card)=엔진전역 시그니처 번역(CardEffectCommons.cs:3807)"
Script/CardEffectCommons/GiveEffect/GiveEffectToPermanent/CanNotBeAttacked.cs,MATCH-TRANSLATED,,CanNotAttack.cs 자매 패턴과 동일: IEnumerator->Task·grant-time 가드 제거(RD-J-01)·UI 드롭
Script/CardEffectCommons/KeyWordEffects/Evade.cs,MATCH-TRANSLATED,,"4개 헬퍼(GainEvade/CanTriggerEvade/CanActivateEvade/EvadeProcess) 전량 포팅 완료; SuspendPermanentsClass ctor 형태만 substrate 번역, willBeRemoveField=false 복원"
Script/CardEffectCommons/KeyWordEffects/Fragment.cs,MATCH-TRANSLATED,,maxCount:3 하드코드 quirk verbatim 보존; TrashDigivolutionCards->DigivolutionStackHelpers.TrashSpecificSourcesAsync 치환(동일 행동모델 명시)
Script/CardEffectFactory/KeyWordEffects/Decode.cs,MATCH-TRANSLATED,,본문 verbatim; DecodeSourceConditionKey 상수 홀더=외부 소비자(DeletionReplacementTiming/CardLeavePlayCleanup) 존재로 보존
Script/CardEffectFactory/KeyWordEffects/Jamming.cs,MATCH-TRANSLATED,,PermanentOfThisCard->Resolve...·DefendingCard==SecurityDigimon(CardSource)->DefendingCard.InstanceId==SecurityDigimon(HeadlessEntityId?)=엔진전역 필드타입 번역(AttackProcess.cs:128)
Script/CardEffectCommons/GiveEffect/GiveEffectToPermanent/CanNotBeBlocked.cs,MATCH-TRANSLATED,,IEnumerator->async Task; CreateBuffEffect UI dropped; invented grant-time immunity guard removed (RD-J-01) restoring AS-IS unconditional grant; guards/conditions/factory call 1:1
Script/CardInfo.cs,BLOCKED,"7-line skeleton stub (TODO: Skeleton only), full AS-IS 162-line body absent","AS-IS is pure Unity UI MonoBehaviour (Image/TextMeshPro/sprite/color, SetUpCardInfo/OnClick) with no game-rule logic; stub benign but unimplemented"
Script/CardEffectCommons/GiveEffect/GiveEffectToPlayer/CanNotAttack.cs,MATCH-TRANSLATED,,IEnumerator->async Task; per-permanent CreateDebuffEffect UI loop dropped; AttackerCondition/DefenderCondition/Condition + CanNotAttackStaticEffect + AddEffectToPlayer 1:1
Script/CardEffectFactory/KeyWordEffects/Fortitude.cs,MATCH-TRANSLATED,,PermanentOfThisCard()->ResolvePermanentOfThisCard; new Permanent ctor substrate; IEnumerator->Task; hashstring card.CardID->card.CardNumber (equivalent catalog id); body 1:1
Script/CardEffectCommons/GiveEffect/GiveEffectToPlayer/CanNotBlock.cs,MATCH-TRANSLATED,,"IEnumerator->async Task; CreateDebuffEffect UI loop dropped; AttackerCondition folds area+CanNotBeAffected+caller filter, DefenderCondition wrap, CanUseCondition=true 1:1"
Script/CardEffectFactory/ChangeCardDP.cs,MATCH-TRANSLATED,,generic int/Func<int> dispatch + ChangeDP/CardCondition/isUpDown 1:1; substrate: SecurityDigimon==cardSource -> ==cardSource.InstanceId; UnityEngine stripped
Script/CardEffectCommons/CanUseEffects/WhenLinked.cs,MATCH-TRANSLATED,,body character-for-character identical (CanTriggerWhenLinking + CanTriggerWhenLinked); only namespace added and using UnityEngine dropped
Script/CardEffectCommons/GiveEffect/GiveEffectToPermanent/TamerBecomesDigimonThatCanNotDigivolve.cs,MATCH-TRANSLATED,,"three timed grants (TreatAsDigimon/ChangeBaseDP/CanNotDigivolve)+guards 1:1; IEnumerator->async Task; CreateBuffEffect dropped; SetActivatedTime(DateTime.Now) dropped (Unity presentation-ordering, no headless substrate)"
Script/CardEffectFactory/KeyWordEffects/Blocker.cs,MATCH-TRANSLATED,,BlockerSelfStaticEffect/BlockerStaticEffect 1:1; PermanentOfThisCard()->ResolvePermanentOfThisCard; sync (no coroutine); UnityEngine stripped
Script/CardEffectFactory/KeyWordEffects/Retaliation.cs,MATCH-TRANSLATED,,RetaliationSelfEffect/RetaliationEffect 1:1 incl CanTriggerOnPermanentDeleted lambda + SetIsLinkedEffect; PermanentOfThisCard bridge; IEnumerator delegation->non-async Task; UnityEngine/Pool stripped
Script/CardEffectCommons/GiveEffect/GiveEffectToPermanent/CanNotBlock.cs,MATCH-TRANSLATED,,AttackerCondition(caller wrap)/DefenderCondition(defender==target)/CanUseCondition 1:1; IEnumerator->async Task; CreateDebuffEffect dropped; RD-J-01 invented guard removed
Script/CardEffectCommons/GiveEffect/GiveEffectToPermanent/CanNotBeDeletedByEffect.cs,MATCH-TRANSLATED,,"CanNotBeDestroyedBySkillStaticEffect with real Func<ICardEffect,bool> cardEffectCondition threaded verbatim (RD-W2-1 down-adapter deleted); PermanentCondition/CanUseCondition 1:1; async Task; CreateBuffEffect dropped"
Script/CardEffectCommons/GiveEffect/GiveEffectToPlayer/ChangeSAttack.cs,DEVIATION,InvertDigimonSAttackPlayerEffect (AS-IS :73-131) region NOT ported — engine-wide grep confirms no commons wrapper exists (only factory InvertSAttackStaticEffect); TO-BE self-admits 'left for a later batch',"Only ChangeDigimonSAttackPlayerEffect ported (AS-IS-signature bridge overload -> CardEffectCommons.cs:3058, 1:1); second AS-IS region is a genuine GAP"
Script/ConvertBinaryNumber.cs,BLOCKED,"7-line skeleton stub (TODO: Skeleton only), full AS-IS 145-line body absent",Deterministic non-UI base-conversion logic NStringToNKString/NKStringToNString/IntToNString/NStringToInt + 260-glyph digit table NOT ported; real logic gap
Script/CardEffectCommons/GiveEffect/GiveEffectToPermanent/CanNotBeDeletedByBattle.cs,MATCH-TRANSLATED,,rehoused from monolith; 4-arg battle predicate + PermanentCondition + CanUseCondition + CanNotBeDestroyedByBattleStaticEffect 1:1; area guard via IZoneStateReader; sync (UI coroutine dropped); RD-J-01 misread grant-guard removed
Script/CardEffectFactory/KeyWordEffects/MaterialSave.cs,MATCH-TRANSLATED,,substrate only (IEnumerator->Task pure-delegation; card.CardID->card.CardNumber rename); factory partial 심볼/분기/조건 전부 동일
Script/CardEffectCommons/GiveEffect/GiveEffectToPlayer/CanNoReturnToDeck.cs,MATCH-TRANSLATED,,substrate only (IEnumerator->async Task; PermanentCondition/CanUseCondition/AddEffectToPlayer 1:1; CreateBuffEffect UI loop dropped); AS-IS-signature overload + Impl split = rehousing (logic identical)
Script/CardEffects/ChangeLinkMaxClass.cs,MATCH-TRANSLATED,,substrate only (Mathf.Abs->Math.Abs); GetLinkMax invert 분기·isUpDown·PermanentCondition 완전 동일
Script/CardEffects/ChangeSAttackClass.cs,MATCH-TRANSLATED,,substrate only (Mathf.Abs->Math.Abs); GetSAttack invert 분기·isUpDown·PermanentCondition 완전 동일
Script/CardEffectCommons/GiveEffect/GiveEffectToPermanent/CanNoReturnToDeck.cs,MATCH-TRANSLATED,,substrate only (IEnumerator->Task; CreateBuffEffect UI dropped); PermanentCondition=target·CanUseCondition·AddEffectToPermanent 1:1; RD-J-01 removed invented grant-time guard = AS-IS restore
Script/CardEffectCommons/GiveEffect/GiveEffectToPermanent/CanNotReturnToHand.cs,MATCH-TRANSLATED,,substrate only (IEnumerator->Task; CreateBuffEffect UI dropped); CannotReturnToHandStaticEffect 배선·가드 1:1
Script/CardEffectCommons/GiveEffect/GiveEffectToPlayer/CanNotBeDeletedByBattle.cs,MATCH-TRANSLATED,,substrate only (IEnumerator->Task; PermanentsForTurnPlayer CreateBuffEffect loop dropped); 4-arg canNotBeDestroyedByBattleCondition 전달·PermanentCondition fold 1:1
Script/CardEffectCommons/GiveEffect/GiveEffectToPermanent/ImmuneFromDPMinus.cs,MATCH-TRANSLATED,,substrate only (IEnumerator->Task; CreateBuffEffect UI dropped); ImmuneFromDPMinusStaticEffect 배선·가드 1:1
Script/CardEffectFactory/KeyWordEffects/ArtsDigivolve.cs,MATCH-TRANSLATED,,substrate only (IEnumerator->async Task; StartCoroutine->await; HasMatchConditionPermanent card-context overload = scope-neutral); SelectPermanentEffect/PlayCardClass 인자 1:1
Script/CardEffectFactory/KeyWordEffects/Overclock.cs,MATCH-TRANSLATED,,substrate only (PermanentOfThisCard()->ResolvePermanentOfThisCard; IEnumerator->Task); SelfEffect+Effect 두 리전·rootCardEffect 분기·CanActivate 1:1
Script/CardEffectFactory/KeyWordEffects/Reboot.cs,MATCH-TRANSLATED,,substrate only (PermanentOfThisCard()->ResolvePermanentOfThisCard); RebootSelfStaticEffect/RebootStaticEffect·isInherited/isLinked 분기·PermanentCondition 1:1
Script/CardEffectCommons/KeyWordEffects/Decoy.cs,MATCH-TRANSLATED,,"substrate only (IEnumerator->async Task; HasMatchConditionPermanent/MatchConditionPermanentCount card-context overload; HideDeleteEffect UI dropped; willBeRemoveField=false restored); CanActivateDecoy·DeletePeremanentAndProcess·maxCount=Min(1,..) 1:1"
Script/CardEffectFactory/KeyWordEffects/Execute.cs,MATCH-TRANSLATED,,substrate only (PermanentOfThisCard()->ResolvePermanentOfThisCard; IEnumerator->Task); CanActivateExecute/ExecuteProcess 배선 1:1
Script/CardEffectFactory/KeyWordEffects/Vortex.cs,MATCH-TRANSLATED,,substrate only (PermanentOfThisCard()->ResolvePermanentOfThisCard; IEnumerator->Task); CanActivateVortex/VortexProcess 배선 1:1
Script/CardEffectCommons/GiveEffect/GiveEffectToPlayer/CanNotReturnToHand.cs,MATCH-TRANSLATED,,substrate only (IEnumerator->Task; PermanentsForTurnPlayer CreateBuffEffect loop dropped); CannotReturnToHandStaticEffect·PermanentCondition fold 1:1
Script/CardEffectCommons/GiveEffect/GiveEffectToPlayer/ImmuneFromDPMinus.cs,MATCH-TRANSLATED,,"IEnumerator->async Task; logic 1:1 (guards, PermanentCondition battle-area+!CanNotBeAffected+predicate, CanUseCondition=true, ImmuneFromDPMinusStaticEffect, AddEffectToPlayer None); shared Impl + CardSource-only overload; CreateBuffEffect UI dropped"
Script/CardEffectFactory/CanNotBeDeletedByEffect.cs,MATCH-1:1,,"body byte-identical (CanNotBeDestroyedBySkillStaticEffect: same nested conditions, same CanNotBeAffected(canNotBeDestroyedBySkillClass), same IsPermanentExistsOnField); namespace/using only. Header comment claims InstanceId adaptation NOT present (stale)"
Script/CutInProcess.cs,BLOCKED,"CutInProcessCoroutine — STOP seat (design item RD-R3-02); TO-BE comment-only stub, no code","Deliberate STOP: AS-IS CutInProcessCoroutine dead (zero callers), blocked on DestroyPermanentsClass mirror (R2-P2-4); re-open condition documented in stub"
Script/CardEffectFactory/KeyWordEffects/Iceclad.cs,MATCH-TRANSLATED,,Logic verbatim; only substrate bridge card.PermanentOfThisCard()->ResolvePermanentOfThisCard(card)
Script/CardEffectFactory/KeyWordEffects/Rush.cs,MATCH-TRANSLATED,,Logic verbatim; only PermanentOfThisCard()->ResolvePermanentOfThisCard(card) substrate bridge
Script/CardEffectCommons/CanUseEffects/OnTrashDigivolutionCard.cs,MATCH-1:1,,"both methods (CanTriggerOnTrashSelfDigivolutionCard, CanTriggerOnTrashDigivolutionCard) byte-identical; namespace/using only"
Script/CardEffectCommons/CanUseEffects/OnTrashLinkCard.cs,MATCH-1:1,,identical logic (LinkedCards.Contains guard + hashtable permanent/effect/discarded-cards chain); namespace/using only
Script/CardEffectCommons/CanUseEffects/OnTrashLinkedCard.cs,MATCH-1:1,,identical logic (LinkedCards variant); namespace/using only
Script/CardEffects/ChangeBaseDPClass.cs,MATCH-1:1,,"kind-class identical (SetUpChangeBaseDPClass, GetDP guard chain, PermanentCondition/IsUpDown/IsMinusDP); namespace/using only"
Script/CardEffects/ChangeDPClass.cs,MATCH-1:1,,kind-class identical; namespace/using only
Script/CardEffectFactory/KeyWordEffects/Collision.cs,MATCH-TRANSLATED,,Logic verbatim incl. isLinkedEffect passthrough; only PermanentOfThisCard()->ResolvePermanentOfThisCard(card) substrate bridge
Script/CardEffectCommons/KeyWordEffects/Save.cs,MATCH-TRANSLATED,,"IEnumerator->async Task; CanActivateSave/SaveProcess logic preserved. Substrate: added CardSource scan-scope param on CanActivateSave/MatchConditionPermanentCount; SelectPermanentEffect callback records selection, AddDigivolutionCardsBottom run after Activate(); activateClass->EffectSourceCard.InstanceId; TrashHandCard UI hide dropped"
Script/CardEffects/ChangeCardDPClass.cs,MATCH-1:1,,kind-class identical (CardSource-keyed GetDP/CardCondition); namespace/using only
Script/GameRandom.cs,MATCH-TRANSLATED,,Script-layer TO-BE intentionally-empty skeleton; AS-IS Xoshiro256** PRNG re-housed to Headless/Services/GameRandomSource.cs (static->injected IRandomSource). Algorithm core preserved. Caveat: substrate draws NextUInt64 (AS-IS NextUInt32 top-32) + NextDouble 53-bit (AS-IS float 24-bit) so raw sequences not byte-identical (acceptable substrate); Script seat is bare TODO skeleton w/o retirement guard
Script/CardEffectCommons/KeyWordEffects/Jamming.cs,MATCH-TRANSLATED,,"IEnumerator->async Task; GainJamming logic 1:1 (null/battle-area/EffectSourceCard guards, PermanentCondition==target, CanUseCondition !CanNotBeAffected, JammingStaticEffect, AddEffectToPermanent None); terminal CreateBuffEffect VFX dropped"
Script/CardEffectCommons/KeyWordEffects/Scapegoat.cs,MATCH-TRANSLATED,,"IEnumerator->Task; single-arg HasMatchConditionPermanent(pred) mapped to scoped (TopCard,pred) overload; per-selected DeletePeremanent coroutine restructured 1:1 with SuccessProcess willBeRemoveField=false restored; HideDeleteEffect() VFX stripped"
Script/CardEffectFactory/CanNoReturnToDeck.cs,MATCH-1:1,,"body byte-identical; only namespace/using added (CanNotBeAffected adaptation lives in underlying method, call-site text identical)"
Script/MainPhaseAction/PlayCardAction.cs,MATCH-TRANSLATED,,Photon Serialize/Deserialize/byte[] ctor transport stripped (substrate); void Execute->Task Execute; ctor+fields+Execute delegation identical
Script/CardEffectCommons/CanUseEffects/PermanentEnterField/PermanentEnterField.cs,MATCH-1:1,,body byte-identical; namespace/using only
Script/CardEffectCommons/KeyWordEffects/Reboot.cs,MATCH-TRANSLATED,,IEnumerator->Task; factory build + AddEffectToPermanent(None) identical; terminal CreateBuffEffect VFX dropped (documented adaptation)
Script/CardEffectFactory/CanNotBeTrashedByEffect.cs,MATCH-1:1,,body byte-identical (IsPermanentExistsOnField guard preserved); namespace/using only
Script/CardEffectFactory/CanNotReturnToHand.cs,MATCH-1:1,,body byte-identical; namespace/using only
Script/CardEffectFactory/ImmuneFromDPMinus.cs,MATCH-1:1,,body byte-identical; namespace/using only
Script/CardEffects/CanSuspendByDigisorptionClass.cs,MATCH-1:1,,body byte-identical; namespace/using only
Script/CardEffectCommons/GiveEffect/GiveEffectToPlayer/ChangeCardDP.cs,MATCH-TRANSLATED,,"IEnumerator->Task; split into Task overload + private Impl; guard order (activateClass/EffectSourceCard null, changeValue==0) preserved; factory call + AddEffectToPlayer(None) identical"
Script/CardEffectCommons/MinMax_DP_Cost_Level/Cost/IsMaxCost.cs,MATCH-TRANSLATED,,"Player->HeadlessPlayerId; GetBattleAreaDigimons/Permanents->IZoneStateReader.GetCards(BattleArea) projection; IsPermanentExistsOnOwnerBattleArea folded into OwnerId!=owner+IsPermanentExistsOnBattleArea; GetNonMaxCostPermanents gains CardSource param, drops explicit TopCard!=null filter (equivalent), max/threshold logic identical"
Script/CardEffectCommons/KeyWordEffects/Ascension.cs,MATCH-TRANSLATED,,"IEnumerator->Task; CanTrigger/CanActivate delegate verbatim; card.Owner.CanAddSecurity->new Player(Context,Owner).CanAddSecurity(InstanceId); SetBoolSelection/WaitForEndSelect/AddSecurityCard flow 1:1; RD-P6C2-1 gap resolved"
Script/CardEffectFactory/CanNotBeAttacked.cs,MATCH-TRANSLATED,,card.PermanentOfThisCard()->ResolvePermanentOfThisCard(card); CanUseCondition/DefenderCondition/delegation to CanNotAttackStaticEffect identical
Script/CardEffectFactory/CanNotBeBlocked.cs,MATCH-TRANSLATED,,card.PermanentOfThisCard()->ResolvePermanentOfThisCard(card); AttackerCondition/CanUseCondition/delegation to CanNotBlockStaticEffect identical
Script/CardEffects/ChangeLinkCostClass.cs,MATCH-1:1,,body byte-identical (GetCost/CardCondition/PermanentCondition/IsUpDown); namespace/using only
Script/CardEffectCommons/CanUseEffects/WhenPermanentWouldDigivolve.cs,MATCH-TRANSLATED,,logic identical; substrate: card.PermanentOfThisCard()->ResolvePermanentOfThisCard(card); static partial + namespace
Script/ShowPhaseObject.cs,BLOCKED,"skeleton header only (lines 1-8, no body)","TO-BE unported stub; AS-IS is Unity UI MonoBehaviour (phase-bar sprites/Update loop) — pure presentation, no engine logic"
Script/CardEffectFactory/KeyWordEffects/Save.cs,MATCH-TRANSLATED,,"logic identical; substrate: IEnumerator ActivateCoroutine->Task; delegated CanActivateSave gains extra card arg (hashtable,card,cond) vs AS-IS (hashtable,cond) — signature adaptation in ported helper, not a branch change here"
Script/CardEffectFactory/CanNotBeDeletedByBattle.cs,MATCH-TRANSLATED,,body byte-identical; only namespace/using added (header comment mentions CanNotBeAffected adaptation but body still calls CanNotBeAffected(canNotBeDestroyedByBattleClass) unchanged)
Script/CardEffects/CanNotBeDestroyedByBattleClass.cs,MATCH-TRANSLATED,,body byte-identical; namespace + using restructure only
Script/CardEffectCommons/CanUseEffects/WhenRemoveField.cs,MATCH-TRANSLATED,,body byte-identical (all 3 regions); namespace/using only
Script/CardEffectCommons/MinMax_DP_Cost_Level/Level/IsMinLevel.cs,MATCH-TRANSLATED,,"logic equivalent; substrate: Player owner->HeadlessPlayerId, GetBattleAreaDigimons->IZoneStateReader.GetCards+IsDigimon filter, gameContext.Players->TurnController.Current.PlayerOrder; owner-check via OwnerId then generic IsPermanentExistsOnBattleAreaDigimon (equivalent to AS-IS owner-scoped check)"
Script/CardEffectCommons/GiveEffect/GiveEffectToPlayer/ChangeDigivolutionCost.cs,MATCH-TRANSLATED,,logic identical; substrate: nullable annotations + ChangeDigivolutionCostStaticEffect<int>(...) generic form vs non-generic AS-IS; latent (0 callers)
Script/CardEffects/CannotReduceCostClass.cs,MATCH-TRANSLATED,,body byte-identical; namespace/using only
Script/SpellRestoration.cs,BLOCKED,"skeleton header only (lines 1-8, no body)","TO-BE unported stub; AS-IS = base64 spell-code convert (JsonUtility/Convert), DataLoader LOW"
Script/MainPhaseAction/CheatAction.cs,BLOCKED,"skeleton header only (lines 1-8, no body)",TO-BE unported stub; AS-IS = cheat MainPhaseAction w/ Photon Serialize/Deserialize + Execute switch
Script/CardEffectFactory/CanNotSuspend.cs,MATCH-TRANSLATED,,body byte-identical; namespace/using only (header notes CanNotBeAffected adaptation but body unchanged)
Script/CardEffectFactory/CanNotUnsuspend.cs,MATCH-TRANSLATED,,body byte-identical; namespace/using only
Script/CardEffectFactory/KeyWordEffects/Training.cs,MATCH-TRANSLATED,,"logic equivalent; substrate: IEnumerator->async Task, yield return StartCoroutine(X)->await X, PermanentOfThisCard->ResolvePermanentOfThisCard, AddDigivolutionCardsBottom(activateClass)->(EffectSourceCard?.InstanceId), LibraryCards snapshot restaged post-Tap; NOTE SuspendPermanentsClass ctor reshaped (list,activateClass,isBlock:false) vs AS-IS (list,CardEffectHashtable(activateClass)) — cross-file: isBlock:false preserves AS-IS default"
Script/JsonSerializedClass.cs,BLOCKED,"skeleton header only (lines 1-8, no body)",TO-BE unported stub; AS-IS = [Serializable] DTOs (RootObject/CardData/AlternateArt/DigivolveCondition/CardName/Restriction) for card JSON
Script/CardEffectFactory/CanNotBeDeleted.cs,MATCH-TRANSLATED,,"namespace+drop UnityEngine only; body byte-identical. Header claims CanNotBeAffected(InstanceId) ADAPTATION but code still calls CanNotBeAffected(canNotBeDestroyedClass) same as AS-IS — stale comment, no logic change"
Script/CardEffectFactory/CanNotBeRemoved.cs,MATCH-TRANSLATED,,namespace+drop UnityEngine only; body byte-identical. Same stale ADAPTATION comment as CanNotBeDeleted; code identical to AS-IS
Script/CardEffectCommons/CanUseEffects/OnAddDigivolutionCards.cs,MATCH-TRANSLATED,,namespace + static partial only; body byte-identical
Script/CardEffectCommons/CanUseEffects/OnAttack.cs,MATCH-TRANSLATED,,namespace + static partial only; body byte-identical
Script/CardEffectCommons/CanUseEffects/WhenUseOption.cs,MATCH-TRANSLATED,,namespace + static partial only; both regions byte-identical
Script/CardEffects/ImmuneFromStackTrashingClass.cs,MATCH-TRANSLATED,,namespace + drop Photon/UnityEngine usings only; body byte-identical
Script/CardEffects/InvertSAttackClass.cs,MATCH-TRANSLATED,,namespace + drop UnityEngine/Unity.Mathematics only; body byte-identical
Script/CardEffectFactory/KeyWordEffects/ArmorPurge.cs,MATCH-TRANSLATED,,"substrate: IEnumerator ActivateCoroutine->Task (pure delegation, return-type swap); card.CardID->card.CardNumber in SetHashString interpolation (equivalent stable per-card key). All branches identical"
Script/CardEffectFactory/TreatAsDigimon.cs,MATCH-TRANSLATED,,namespace + drop UnityEngine only; body byte-identical
Script/CardEffects/AddJogressConditionClass.cs,MATCH-TRANSLATED,,namespace + drop UnityEngine only; body byte-identical incl. .Map lambda + EvoRootCondition closure
Script/CardEffectCommons/KeyWordEffects/Training.cs,DEVIATION,Training(): AS-IS indexes card.Owner.LibraryCards[0] directly with NO guard (throws IndexOutOfRange on empty library); TO-BE (lines 53-57) wraps in if (libraryCards.Count > 0) and no-ops when empty — added defensive guard changes empty-library behavior from throw to silent skip,"Rest legit substrate (IEnumerator->async Task, StartCoroutine->await, SuspendPermanentsClass isBlock:false, ResolvePermanentOfThisCard, InstanceId, Player snapshot). File is latent/0-caller in BOTH (live path=factory Training.cs); header discloses guard. Low-severity given dead wrapper"
Script/CardEffectCommons/GiveEffect/GiveEffectToPlayer/ChangeDP.cs,MATCH-TRANSLATED,,bridge: AS-IS-signature Task overload delegating to verified substrate ChangeDigimonDPPlayerEffect in CardEffectCommons.cs
Script/CardEffectCommons/GiveEffect/GiveEffectToPlayer/IgnoreDigivolutionRequirement.cs,MATCH-1:1,,"1:1 factory-wiring port, null-checks -> is null, substrate only"
Script/OptionResolutionClass.cs,MATCH-TRANSLATED,,"IEnumerator->Task, StartCoroutine->await; Unity/Photon usings stripped; logic verbatim"
Script/CardEffects/ImmuneFromDPMinusClass.cs,MATCH-1:1,,"byte-identical body, namespace only"
Script/CardEffects/CannotReturnToLibraryClass.cs,MATCH-1:1,,"byte-identical body, namespace only"
Script/CardEffectFactory/KeyWordEffects/Ascension.cs,MATCH-TRANSLATED,,"IEnumerator ActivateCoroutine -> Task ActivateCoroutine (substrate adaptation), logic verbatim"
Script/CardEffects/CannotReturnToHandClass.cs,MATCH-1:1,,"byte-identical body, namespace only"
Script/CardEffectCommons/CanUseEffects/WhenWouldLink.cs,MATCH-1:1,,byte-identical body
Script/CardEffectCommons/CanUseEffects/OnSuspend.cs,MATCH-1:1,,byte-identical body
Script/CardEffectCommons/CanUseEffects/OnTrashBySelfDigiBurst.cs,MATCH-TRANSLATED,,"PermanentOfThisCard() -> ICardEffect.ResolvePermanentOfThisCard() established adaptation, logic verbatim"
Script/CardEffectCommons/CanUseEffects/CanSuspend.cs,MATCH-TRANSLATED,,"AS-IS CanActivateSuspendCostEffect(CardSource,bool) omitted (CS0111 dup vs CardEffectCommons.cs substrate reimpl, documented+body quoted); CanActivatePermanentSuspendCostEffect ported verbatim"
Script/CardEffects/ActivateClass.cs,MATCH-TRANSLATED,,"IEnumerator->Task, StartCoroutine->await; BOM stripped; logic verbatim (core kind-class)"
Script/CardEffectCommons/CanUseEffects/OnTrashHand.cs,MATCH-1:1,,byte-identical body
Script/CardEffects/CannotAddSecurityClass.cs,MATCH-1:1,,byte-identical body
Script/CardEffects/CannotAddMemoryClass.cs,MATCH-1:1,,byte-identical body
Script/CardEffectCommons/CanUseEffects/OnReturnLibraryBottomDigivolutionCards.cs,MATCH-TRANSLATED,,"PermanentOfThisCard() -> ICardEffect.ResolvePermanentOfThisCard() established adaptation, logic verbatim"
Script/CardEffectCommons/CanUseEffects/OptionEffect.cs,MATCH-TRANSLATED,,"CanDeclareOptionDelayEffect(CardSource) omitted (CS0111 dup vs CardEffectCommons.cs substrate reimpl, documented+body quoted); CanTriggerOptionMainEffect ported verbatim"
Script/CardEffectCommons/GiveEffect/GiveEffectToPlayer/ChangePlayCost.cs,MATCH-TRANSLATED,,bridge: AS-IS-signature Task overload delegating to verified substrate ChangePlayCostPlayerEffect in CardEffectCommons.cs
Script/CardEffects/CanSelectAssemblyClass.cs,MATCH-1:1,,byte-identical body
Script/CardEffects/CanSelectDigiXrosClass.cs,MATCH-1:1,,byte-identical body
Script/CardEffectCommons/CanUseEffects/OnCardsReturnToHandFromTrash.cs,MATCH-1:1,,byte-identical body
Script/CardEffectCommons/CanUseEffects/OnCardsReturnToLibraryFromTrash.cs,MATCH-1:1,,byte-identical body
Script/CardEffectCommons/GiveEffect/GiveEffectToPermanent/DeleteSelf.cs,MATCH-TRANSLATED,,bridge: DeleteTiming enum re-declared 1:1; Task overload delegates to substrate AddSelfDeleteEffect(string timing) via own/opponent/each mapping
Script/CardEffects/AddSkillClass.cs,MATCH-1:1,,byte-identical body
Script/CardEffects/CanAttackTargetDefendingPermanentClass.cs,MATCH-1:1,,byte-identical body
Script/CardEffects/CanNotBeDestroyedBySkillClass.cs,MATCH-1:1,,byte-identical body
Script/CardEffectCommons/CanUseEffects/WhenUseDigiBurst.cs,MATCH-1:1,,byte-identical body
Script/CardEffects/CanNotTrashFromDigivolutionCardsClass.cs,MATCH-1:1,,byte-identical body
Script/CardEffectCommons/DigiXrosEffects.cs,MATCH-1:1,,"byte-identical body, rehoused from monolith"
Script/CardEffectCommons/GiveEffect/GiveEffectToPermanent/ChangeDP.cs,MATCH-TRANSLATED,,bridge: AS-IS-signature Task overload delegating to verified substrate ChangeDigimonDP in CardEffectCommons.cs
Script/CardEffectCommons/MinMax_DP_Cost_Level/Cost/IsMinCost.cs,MATCH-TRANSLATED,,"Player owner -> HeadlessPlayerId owner; GetBattleAreaDigimons/Permanents -> IZoneStateReader.GetCards scan; condition gates subject only per AS-IS, verbatim logic"
Script/CardEffects/AddDetailClass.cs,MATCH-1:1,,byte-identical body
Script/CardEffects/BlockerClass.cs,MATCH-1:1,,byte-identical body
Script/CardEffects/IcecladClass.cs,MATCH-1:1,,byte-identical body
Script/CardEffects/RebootClass.cs,MATCH-1:1,,byte-identical body
Script/CardEffects/RushClass.cs,MATCH-1:1,,byte-identical body
Script/CardEffects/ScapegoatClass.cs,MATCH-1:1,,byte-identical body
Script/CardEffectCommons/GiveEffect/GiveEffectToPermanent/ChangeOriginDP.cs,MATCH-TRANSLATED,,bridge: AS-IS-signature Task overload delegating to verified substrate ChangeBaseDigimonDP in CardEffectCommons.cs
Script/CardEffects/CanNotEvolveClass.cs,MATCH-1:1,,byte-identical body (class name CanNotDigivolveClass preserved)
Script/CardEffectCommons/CanUseEffects/OnMove.cs,MATCH-1:1,,byte-identical body
Script/CardEffectCommons/CanUseEffects/WhenDiscardLibrary.cs,MATCH-1:1,,byte-identical body
Script/CardEffects/ImmuneFromDeDigivolveClass.cs,MATCH-1:1,,byte-identical body
Script/CardEffects/CanNotSuspendClass.cs,MATCH-1:1,,byte-identical body
Script/CardEffects/CannotIgnoreDigivolutionConditionClass.cs,MATCH-1:1,,byte-identical body
Script/CardEffects/AddJogressLevelsClass.cs,MATCH-1:1,,byte-identical body
Script/CardEffects/CanNotBeDestroyedClass.cs,MATCH-1:1,,byte-identical body
Script/CardEffects/CanNotBeRemovedClass.cs,MATCH-1:1,,byte-identical body
Script/CardEffects/CanNotUnsuspendClass.cs,MATCH-1:1,,byte-identical body
Script/CardEffects/CannotBlockClass.cs,MATCH-1:1,,byte-identical body
Script/CardEffects/DontHaveDPClass.cs,MATCH-1:1,,byte-identical body
Script/CardEffectCommons/CanUseEffects/OnCardsAddedToHand.cs,MATCH-1:1,,byte-identical body
Script/CardEffects/CanNotSwitchAttackTargetClass.cs,MATCH-1:1,,byte-identical body
Script/MainPhaseAction/AttackPermanentAction.cs,MATCH-TRANSLATED,,"Photon byte[] Serialize/Deserialize ctor stripped (documented transport decision, MainPhaseAction.cs); void Execute -> Task Execute; typo SetAttackingPermaent preserved verbatim"
Script/CardEffectCommons/KeyWordEffects/Collision.cs,MATCH-TRANSLATED,,IEnumerator->Task; terminal CreateBuffEffect VFX dropped (documented ADAPTATION); core AddEffectToPermanent wiring verbatim
Script/CardEffects/CanNotAffectedClass.cs,MATCH-1:1,,byte-identical body
Script/CardEffects/CanNotAttackTargetDefendingPermanentClass.cs,MATCH-1:1,,byte-identical body
Script/CardEffects/CanNotMoveClass.cs,MATCH-1:1,,byte-identical body
Script/CardEffects/CanNotPutFieldClass.cs,MATCH-1:1,,byte-identical body
Script/CardEffects/CanNotSelectBySkillClass.cs,MATCH-1:1,,byte-identical body
Script/MainPhaseAction/ActivateCardAction.cs,MATCH-TRANSLATED,,Photon byte[] Serialize/Deserialize ctor stripped (documented transport decision); void Execute -> Task Execute; logic verbatim
Script/CardEffects/ChangePermanentLevelClass.cs,MATCH-1:1,,byte-identical body
Script/CardEffects/CollisionClass.cs,MATCH-1:1,,byte-identical body
Script/MainPhaseAction/ActivatePermanentAction.cs,MATCH-TRANSLATED,,Photon byte[] Serialize/Deserialize ctor stripped (documented transport decision); void Execute -> Task Execute; logic verbatim
Script/CardEffects/DontBattleSecurityDigimonClass.cs,MATCH-1:1,,byte-identical body
Script/CardEffectCommons/CanUseEffects/OnFaceUpSecurityIncrease.cs,MATCH-1:1,,byte-identical body
Script/CardEffectCommons/CanUseEffects/WhenPermanentWouldPlay.cs,MATCH-1:1,,byte-identical body
Script/StarterDeck.cs,BLOCKED,,"TO-BE is skeleton stub (7-line TODO); MonoBehaviour+PlayerPrefs UI-save logic. Verified: deck-list data rehoused into Headless/DataLoading/StarterDecks.cs (StarterDeck record); the PlayerPrefs idempotency-flag wrapper has no headless equivalent (not needed, no save-state)"
Script/CardEffectCommons/MinMax_DP_Cost_Level/DP/IsMaxDP.cs,MATCH-TRANSLATED,,"Player owner -> HeadlessPlayerId; GetBattleAreaDigimons -> IZoneStateReader.GetCards scan; condition gates subject+scan per AS-IS, verbatim logic"
Script/CardEffectCommons/MinMax_DP_Cost_Level/DP/IsMinDP.cs,MATCH-TRANSLATED,,Player owner -> HeadlessPlayerId; GetBattleAreaDigimons -> IZoneStateReader.GetCards scan; verbatim logic
Script/CardEffects/CanNotPlayClass.cs,MATCH-1:1,,byte-identical body
Script/CardEffects/IgnoreColorConditionClass.cs,MATCH-1:1,,byte-identical body
Script/CardEffects/TreatAsDigimonClass.cs,MATCH-1:1,,byte-identical body
Script/ShowPhaseNotificationObject.cs,BLOCKED,,"TO-BE is skeleton stub; AS-IS is pure Unity UI (Text/Animator/Coroutine phase-banner), no game-rule logic — correctly out of headless scope"
Script/CardEffectCommons/CanUseEffects/WhenAddHand.cs,MATCH-1:1,,byte-identical body
Script/CardEffects/AddEvolutionConditionClass.cs,MATCH-1:1,,byte-identical body (class name AddDigivolutionRequirementClass preserved)
Script/DigiXrosEffectObject.cs,BLOCKED,,"TO-BE is skeleton stub; AS-IS is pure Unity VFX (DOTween shake/SE), no game-rule logic — correctly out of headless scope"
Script/CardEffectCommons/MinMax_DP_Cost_Level/DigivolutionCards/IsMinDigivolutionCards.cs,MATCH-TRANSLATED,,Player owner -> HeadlessPlayerId; GetBattleAreaDigimons -> IZoneStateReader.GetCards scan; verbatim logic
Script/CardEffects/AddAssemblyConditionClass.cs,MATCH-1:1,,byte-identical body
Script/CardEffects/AddDigiXrosConditionClass.cs,MATCH-1:1,,byte-identical body
Script/CardEffects/AddAppFusionConditionClass.cs,MATCH-1:1,,byte-identical body
Script/CardEffects/AddBurstDigivolutionConditionClass.cs,MATCH-1:1,,byte-identical body
Script/CardEffects/AddLinkConditionClass.cs,MATCH-1:1,,byte-identical body
Script/CardEffects/ChangeCardLevelClass .cs,MATCH-1:1,,"byte-identical body (AS-IS filename has trailing space before .cs, preserved)"
Script/GSSReader.cs,BLOCKED,,"TO-BE is skeleton stub; AS-IS is Unity UnityWebRequest Google-Sheets import tool (editor/data-import utility), no game-rule logic — correctly out of headless scope"
Script/CardEffectCommons/MinMax_DP_Cost_Level/Level/IsMaxLevel.cs,MATCH-TRANSLATED,,Player owner -> HeadlessPlayerId; GetBattleAreaDigimons -> IZoneStateReader.GetCards scan; verbatim logic
Script/CardEffects/ChangeBaseCardColorClass.cs,MATCH-1:1,,byte-identical body
Script/CardEffectCommons/CanUseEffects/PermanentEnterField/WhenDigivolving.cs,MATCH-1:1,,byte-identical body
Script/CardEffects/ChangeCardColorClass.cs,MATCH-1:1,,byte-identical body
Script/CardEffects/ChangeDPDeleteEffectMaxDPClass.cs,MATCH-1:1,,byte-identical body
Script/CardEffectCommons/CanUseEffects/PermanentEnterField/OnPlay.cs,MATCH-1:1,,byte-identical body
Script/CardEffects/AddMaxTrashCountDigiXrosClass.cs,MATCH-1:1,,byte-identical body
Script/CardEffects/AddMaxUnderTamerCountDigiXrosClass.cs,MATCH-1:1,,byte-identical body
Script/CardEffects/ChangeTraitsClass.cs,MATCH-1:1,,byte-identical body
Script/CardEffectCommons/ShowReducedCost.cs,MATCH-TRANSLATED,,"documented UI-ONLY no-op mirror (mutation_helper_bridge_map.md): AS-IS body is pure cost-preview overlay + WaitForSeconds, no state mutation; verified genuinely no-op in AS-IS"
Script/CardEffects/ChangeBaseCardNameClass.cs,MATCH-1:1,,byte-identical body
Script/CardEffects/ChangeCardLevelForAssemblyClass.cs,MATCH-1:1,,byte-identical body
Script/CardEffects/ChangeCardNamesClass.cs,MATCH-1:1,,byte-identical body
Script/CardEffects/ChangeCardNamesForDigiXrosClass.cs,MATCH-1:1,,byte-identical body
Script/CardEffects/DisableEffectClass.cs,MATCH-1:1,,byte-identical body
Script/CardEffectCommons/CanUseEffects/WhenLoseSecurity.cs,MATCH-1:1,,byte-identical body
Script/Networking/GamePacketFactory.cs,BLOCKED,,"TO-BE is skeleton stub; AS-IS is Photon-era byte-id packet-factory registry. Verified: documented substrate decision (MainPhaseAction.cs comment) — IGamePacket network-transport half is stripped, headless transport is LegalAction/TurnFlowDriver; no callers reference GamePacketFactory in mirror"
Script/CardEffects/ChangeEndTurnMinMemoryClass.cs,MATCH-1:1,,byte-identical body
Script/SkillInfo.cs,MATCH-1:1,,"1:1 port, previously a bare stub, now real; global namespace -> CardEffectCommons namespace only"
Script/CardEffectCommons/IsDigivolvedByTheEffect.cs,MATCH-TRANSLATED,,"permanent.TopCard==cardSource -> InstanceId equality (established CardSource view-comparison adaptation), verbatim logic"
Script/AutomaticOrder/StartTurnTamerMemory.cs,BLOCKED,,TO-BE is skeleton stub. Verified: documented no-mirror decision (MultipleSkills.cs comment) — AutomaticOrder.GetSkillIndexAutomaticOrder is a client-side UI auto-order preference with no mirror; order pick always routes through the port instead. Not a silent gap
Script/CardEffectCommons/CanUseEffects/OnAttackTargetSwitch.cs,MATCH-1:1,,byte-identical body
Script/CardEffectCommons/CanUseEffects/OnUnsuspend.cs,MATCH-1:1,,byte-identical body
Script/CardEffectCommons/CanUseEffects/WhenDiscardSecurity.cs,MATCH-1:1,,byte-identical body
Script/MainPhaseAction/PassAction.cs,MATCH-TRANSLATED,,"Photon byte[] Serialize/Deserialize + ctor stripped (documented transport decision); void Execute -> async Task Execute awaiting PassTurn; StartCoroutine fire-and-forget -> inline await, same interleaving"
Script/CardDistributionTab.cs,BLOCKED,,"TO-BE is skeleton stub; AS-IS is pure Unity deck-builder UI (TextMeshPro/Image bar), no game-rule logic — correctly out of headless scope"
Script/CardEffects/VortexCanAttackPlayersClass.cs,MATCH-1:1,,byte-identical body
Script/JogressEffectObject.cs,BLOCKED,,"TO-BE is skeleton stub; AS-IS is pure Unity VFX (sprite/cutin animation), no game-rule logic — correctly out of headless scope"
Script/CEntity_Effect.cs,BLOCKED,,"TO-BE is skeleton stub. Verified: MonoBehaviourPunCallbacks base is Unity/Photon-only; GetCardEffects/CardEffects contract rehoused into CardEffectInterfaces.cs (mirror, GetCardEffects present); isExistOnField rehoused as inherited static helper used unqualified across ported cards (BT9_009/BT2_025/BT2_090/BT2_087 comments confirm 'mirror has identical helper'). Not a silent gap"
Script/CardEffectCommons/CanUseEffects/IgnoreBattle.cs,MATCH-1:1,,byte-identical body
Script/CardEffectCommons/CanUseEffects/OnEndAttack.cs,MATCH-1:1,,byte-identical body
Script/CardEffectCommons/CanUseEffects/SecurityEffect.cs,MATCH-1:1,,byte-identical body
Script/CardEffectCommons/CanUseEffects/WhendAddSecurity.cs,MATCH-1:1,,byte-identical body
Script/PlayerSelection/ValueSelection.cs,BLOCKED,,"TO-BE is skeleton stub. Verified: functionality rehoused into UserSelectionManager.cs (documented: 'Set*ForPlayer -> player.QueuePlayerSelection(new ValueSelection(value))' replaced by int/bool channel design, _selectedIntValue). No ValueSelection class exists anywhere in mirror; rehoused, not gap"
Script/CardEffectCommons/CanUseEffects/CanUnsuspend.cs,MATCH-TRANSLATED,,"CanUnsuspend(Permanent) omitted (CS0111 dup vs CardEffectCommons.cs substrate reimpl, documented+body quoted verbatim)"
Script/Networking/GamePacketRegistration.cs,BLOCKED,,"TO-BE is skeleton stub. Verified: documented substrate decision — Photon RuntimeInitializeOnLoadMethod packet registration has no headless equivalent (network transport stripped, see MainPhaseAction.cs); not a silent gap"
Script/LoadJSON_CardEntity.cs,BLOCKED,,"TO-BE is skeleton stub; AS-IS is a Unity ScriptableObject asset (CreateAssetMenu, editor-only index fields), no game-rule logic — correctly out of headless scope"
Script/Utils.cs,MATCH-1:1,,"1:1 port, UnityEngine using stripped (unused)"
Script/MainPhaseAction/MainPhaseAction.cs,MATCH-TRANSLATED,,"documented: IGamePacket half (Photon Serialize/Deserialize) stripped, headless transport is LegalAction/TurnFlowDriver; void Execute -> abstract Task Execute; CheatAction intentionally not mirrored (rejected at headless boundary)"
Script/PlayerSelection/PermanentSelection.cs,BLOCKED,,"TO-BE is skeleton stub. Verified: rehoused into UserSelectionManager.cs's channel-based selection design (same as ValueSelection.cs); no PermanentSelection class in mirror, not a silent gap"
Script/PlayerSelection/CardSelection.cs,BLOCKED,,"TO-BE is skeleton stub. Verified: rehoused into UserSelectionManager.cs's channel-based selection design (same as ValueSelection.cs); no CardSelection class in mirror, not a silent gap"
Script/LoadCSV_CardEntity.cs,BLOCKED,,"TO-BE is skeleton stub; AS-IS is a Unity ScriptableObject asset (CreateAssetMenu, TextAsset field), no game-rule logic — correctly out of headless scope"
Script/PlayerSelection/IPlayerSelection.cs,BLOCKED,,"TO-BE is skeleton stub. Verified: marker interface for the PlayerSelection family, all of which rehoused into UserSelectionManager.cs's channel design; no IPlayerSelection in mirror, not a silent gap"
Script/Networking/IGamePacket.cs,BLOCKED,,TO-BE is skeleton stub. Verified: documented substrate decision — network-transport marker interface stripped (MainPhaseAction.cs comment: 'IGamePacket half...stripped'); not a silent gap
